ISO-10303-21;
HEADER;
FILE_DESCRIPTION(('Open CASCADE Model'),'2;1');
FILE_NAME('Open CASCADE Shape Model','2026-08-21T10:21:53',('Author'),(
    'Open CASCADE'),'Open CASCADE STEP processor 7.9','Open CASCADE 7.9'
  ,'Unknown');
FILE_SCHEMA(('AUTOMOTIVE_DESIGN { 1 0 10303 214 1 1 1 1 }'));
ENDSEC;
DATA;
#1 = APPLICATION_PROTOCOL_DEFINITION('international standard',
  'automotive_design',2000,#2);
#2 = APPLICATION_CONTEXT(
  'core data for automotive mechanical design processes');
#3 = SHAPE_DEFINITION_REPRESENTATION(#4,#10);
#4 = PRODUCT_DEFINITION_SHAPE('','',#5);
#5 = PRODUCT_DEFINITION('design','',#6,#9);
#6 = PRODUCT_DEFINITION_FORMATION('','',#7);
#7 = PRODUCT('Open CASCADE STEP translator 7.9 2',
  'Open CASCADE STEP translator 7.9 2','',(#8));
#8 = PRODUCT_CONTEXT('',#2,'mechanical');
#9 = PRODUCT_DEFINITION_CONTEXT('part definition',#2,'design');
#10 = ADVANCED_BREP_SHAPE_REPRESENTATION('',(#11,#15),#3708);
#11 = AXIS2_PLACEMENT_3D('',#12,#13,#14);
#12 = CARTESIAN_POINT('',(0.,0.,0.));
#13 = DIRECTION('',(0.,0.,1.));
#14 = DIRECTION('',(1.,0.,-0.));
#15 = MANIFOLD_SOLID_BREP('',#16);
#16 = CLOSED_SHELL('',(#17,#137,#239,#294,#483,#774,#897,#948,#1379,
    #1502,#1679,#1782,#2208,#2214,#2309,#2358,#2386,#2464,#2519,#2891,
    #2946,#3001,#3036,#3044,#3051,#3102,#3175,#3181,#3366,#3396,#3402,
    #3406,#3411,#3441,#3471,#3501,#3506,#3510,#3514,#3541,#3568,#3595,
    #3622,#3649,#3704));
#17 = ADVANCED_FACE('',(#18),#32,.F.);
#18 = FACE_BOUND('',#19,.F.);
#19 = EDGE_LOOP('',(#20,#55,#83,#111));
#20 = ORIENTED_EDGE('',*,*,#21,.F.);
#21 = EDGE_CURVE('',#22,#24,#26,.T.);
#22 = VERTEX_POINT('',#23);
#23 = CARTESIAN_POINT('',(-42.,-22.,-28.));
#24 = VERTEX_POINT('',#25);
#25 = CARTESIAN_POINT('',(-42.,-22.,-10.));
#26 = SURFACE_CURVE('',#27,(#31,#43),.PCURVE_S1.);
#27 = LINE('',#28,#29);
#28 = CARTESIAN_POINT('',(-42.,-22.,-28.));
#29 = VECTOR('',#30,1.);
#30 = DIRECTION('',(0.,0.,1.));
#31 = PCURVE('',#32,#37);
#32 = PLANE('',#33);
#33 = AXIS2_PLACEMENT_3D('',#34,#35,#36);
#34 = CARTESIAN_POINT('',(-42.,-22.,-28.));
#35 = DIRECTION('',(1.,0.,-0.));
#36 = DIRECTION('',(0.,0.,1.));
#37 = DEFINITIONAL_REPRESENTATION('',(#38),#42);
#38 = LINE('',#39,#40);
#39 = CARTESIAN_POINT('',(0.,0.));
#40 = VECTOR('',#41,1.);
#41 = DIRECTION('',(1.,0.));
#42 = ( GEOMETRIC_REPRESENTATION_CONTEXT(2) 
PARAMETRIC_REPRESENTATION_CONTEXT() REPRESENTATION_CONTEXT('2D SPACE',''
  ) );
#43 = PCURVE('',#44,#49);
#44 = PLANE('',#45);
#45 = AXIS2_PLACEMENT_3D('',#46,#47,#48);
#46 = CARTESIAN_POINT('',(-42.,-22.,-28.));
#47 = DIRECTION('',(-0.,1.,0.));
#48 = DIRECTION('',(0.,0.,1.));
#49 = DEFINITIONAL_REPRESENTATION('',(#50),#54);
#50 = LINE('',#51,#52);
#51 = CARTESIAN_POINT('',(0.,0.));
#52 = VECTOR('',#53,1.);
#53 = DIRECTION('',(1.,0.));
#54 = ( GEOMETRIC_REPRESENTATION_CONTEXT(2) 
PARAMETRIC_REPRESENTATION_CONTEXT() REPRESENTATION_CONTEXT('2D SPACE',''
  ) );
#55 = ORIENTED_EDGE('',*,*,#56,.T.);
#56 = EDGE_CURVE('',#22,#57,#59,.T.);
#57 = VERTEX_POINT('',#58);
#58 = CARTESIAN_POINT('',(-42.,22.,-28.));
#59 = SURFACE_CURVE('',#60,(#64,#71),.PCURVE_S1.);
#60 = LINE('',#61,#62);
#61 = CARTESIAN_POINT('',(-42.,-22.,-28.));
#62 = VECTOR('',#63,1.);
#63 = DIRECTION('',(-0.,1.,0.));
#64 = PCURVE('',#32,#65);
#65 = DEFINITIONAL_REPRESENTATION('',(#66),#70);
#66 = LINE('',#67,#68);
#67 = CARTESIAN_POINT('',(0.,0.));
#68 = VECTOR('',#69,1.);
#69 = DIRECTION('',(0.,-1.));
#70 = ( GEOMETRIC_REPRESENTATION_CONTEXT(2) 
PARAMETRIC_REPRESENTATION_CONTEXT() REPRESENTATION_CONTEXT('2D SPACE',''
  ) );
#71 = PCURVE('',#72,#77);
#72 = PLANE('',#73);
#73 = AXIS2_PLACEMENT_3D('',#74,#75,#76);
#74 = CARTESIAN_POINT('',(-42.,-22.,-28.));
#75 = DIRECTION('',(0.,0.,1.));
#76 = DIRECTION('',(1.,0.,-0.));
#77 = DEFINITIONAL_REPRESENTATION('',(#78),#82);
#78 = LINE('',#79,#80);
#79 = CARTESIAN_POINT('',(0.,0.));
#80 = VECTOR('',#81,1.);
#81 = DIRECTION('',(0.,1.));
#82 = ( GEOMETRIC_REPRESENTATION_CONTEXT(2) 
PARAMETRIC_REPRESENTATION_CONTEXT() REPRESENTATION_CONTEXT('2D SPACE',''
  ) );
#83 = ORIENTED_EDGE('',*,*,#84,.T.);
#84 = EDGE_CURVE('',#57,#85,#87,.T.);
#85 = VERTEX_POINT('',#86);
#86 = CARTESIAN_POINT('',(-42.,22.,-10.));
#87 = SURFACE_CURVE('',#88,(#92,#99),.PCURVE_S1.);
#88 = LINE('',#89,#90);
#89 = CARTESIAN_POINT('',(-42.,22.,-28.));
#90 = VECTOR('',#91,1.);
#91 = DIRECTION('',(0.,0.,1.));
#92 = PCURVE('',#32,#93);
#93 = DEFINITIONAL_REPRESENTATION('',(#94),#98);
#94 = LINE('',#95,#96);
#95 = CARTESIAN_POINT('',(0.,-44.));
#96 = VECTOR('',#97,1.);
#97 = DIRECTION('',(1.,0.));
#98 = ( GEOMETRIC_REPRESENTATION_CONTEXT(2) 
PARAMETRIC_REPRESENTATION_CONTEXT() REPRESENTATION_CONTEXT('2D SPACE',''
  ) );
#99 = PCURVE('',#100,#105);
#100 = PLANE('',#101);
#101 = AXIS2_PLACEMENT_3D('',#102,#103,#104);
#102 = CARTESIAN_POINT('',(-42.,22.,-28.));
#103 = DIRECTION('',(-0.,1.,0.));
#104 = DIRECTION('',(0.,0.,1.));
#105 = DEFINITIONAL_REPRESENTATION('',(#106),#110);
#106 = LINE('',#107,#108);
#107 = CARTESIAN_POINT('',(0.,0.));
#108 = VECTOR('',#109,1.);
#109 = DIRECTION('',(1.,0.));
#110 = ( GEOMETRIC_REPRESENTATION_CONTEXT(2) 
PARAMETRIC_REPRESENTATION_CONTEXT() REPRESENTATION_CONTEXT('2D SPACE',''
  ) );
#111 = ORIENTED_EDGE('',*,*,#112,.F.);
#112 = EDGE_CURVE('',#24,#85,#113,.T.);
#113 = SURFACE_CURVE('',#114,(#118,#125),.PCURVE_S1.);
#114 = LINE('',#115,#116);
#115 = CARTESIAN_POINT('',(-42.,-22.,-10.));
#116 = VECTOR('',#117,1.);
#117 = DIRECTION('',(-0.,1.,0.));
#118 = PCURVE('',#32,#119);
#119 = DEFINITIONAL_REPRESENTATION('',(#120),#124);
#120 = LINE('',#121,#122);
#121 = CARTESIAN_POINT('',(18.,0.));
#122 = VECTOR('',#123,1.);
#123 = DIRECTION('',(0.,-1.));
#124 = ( GEOMETRIC_REPRESENTATION_CONTEXT(2) 
PARAMETRIC_REPRESENTATION_CONTEXT() REPRESENTATION_CONTEXT('2D SPACE',''
  ) );
#125 = PCURVE('',#126,#131);
#126 = PLANE('',#127);
#127 = AXIS2_PLACEMENT_3D('',#128,#129,#130);
#128 = CARTESIAN_POINT('',(-42.,-22.,-10.));
#129 = DIRECTION('',(0.,0.,1.));
#130 = DIRECTION('',(1.,0.,-0.));
#131 = DEFINITIONAL_REPRESENTATION('',(#132),#136);
#132 = LINE('',#133,#134);
#133 = CARTESIAN_POINT('',(0.,0.));
#134 = VECTOR('',#135,1.);
#135 = DIRECTION('',(0.,1.));
#136 = ( GEOMETRIC_REPRESENTATION_CONTEXT(2) 
PARAMETRIC_REPRESENTATION_CONTEXT() REPRESENTATION_CONTEXT('2D SPACE',''
  ) );
#137 = ADVANCED_FACE('',(#138),#44,.F.);
#138 = FACE_BOUND('',#139,.F.);
#139 = EDGE_LOOP('',(#140,#163,#164,#187,#215));
#140 = ORIENTED_EDGE('',*,*,#141,.F.);
#141 = EDGE_CURVE('',#22,#142,#144,.T.);
#142 = VERTEX_POINT('',#143);
#143 = CARTESIAN_POINT('',(-1.374772708487,-22.,-28.));
#144 = SURFACE_CURVE('',#145,(#149,#156),.PCURVE_S1.);
#145 = LINE('',#146,#147);
#146 = CARTESIAN_POINT('',(-42.,-22.,-28.));
#147 = VECTOR('',#148,1.);
#148 = DIRECTION('',(1.,0.,-0.));
#149 = PCURVE('',#44,#150);
#150 = DEFINITIONAL_REPRESENTATION('',(#151),#155);
#151 = LINE('',#152,#153);
#152 = CARTESIAN_POINT('',(0.,0.));
#153 = VECTOR('',#154,1.);
#154 = DIRECTION('',(0.,1.));
#155 = ( GEOMETRIC_REPRESENTATION_CONTEXT(2) 
PARAMETRIC_REPRESENTATION_CONTEXT() REPRESENTATION_CONTEXT('2D SPACE',''
  ) );
#156 = PCURVE('',#72,#157);
#157 = DEFINITIONAL_REPRESENTATION('',(#158),#162);
#158 = LINE('',#159,#160);
#159 = CARTESIAN_POINT('',(0.,0.));
#160 = VECTOR('',#161,1.);
#161 = DIRECTION('',(1.,0.));
#162 = ( GEOMETRIC_REPRESENTATION_CONTEXT(2) 
PARAMETRIC_REPRESENTATION_CONTEXT() REPRESENTATION_CONTEXT('2D SPACE',''
  ) );
#163 = ORIENTED_EDGE('',*,*,#21,.T.);
#164 = ORIENTED_EDGE('',*,*,#165,.T.);
#165 = EDGE_CURVE('',#24,#166,#168,.T.);
#166 = VERTEX_POINT('',#167);
#167 = CARTESIAN_POINT('',(-30.98386676965,-22.,-10.));
#168 = SURFACE_CURVE('',#169,(#173,#180),.PCURVE_S1.);
#169 = LINE('',#170,#171);
#170 = CARTESIAN_POINT('',(-42.,-22.,-10.));
#171 = VECTOR('',#172,1.);
#172 = DIRECTION('',(1.,0.,-0.));
#173 = PCURVE('',#44,#174);
#174 = DEFINITIONAL_REPRESENTATION('',(#175),#179);
#175 = LINE('',#176,#177);
#176 = CARTESIAN_POINT('',(18.,0.));
#177 = VECTOR('',#178,1.);
#178 = DIRECTION('',(0.,1.));
#179 = ( GEOMETRIC_REPRESENTATION_CONTEXT(2) 
PARAMETRIC_REPRESENTATION_CONTEXT() REPRESENTATION_CONTEXT('2D SPACE',''
  ) );
#180 = PCURVE('',#126,#181);
#181 = DEFINITIONAL_REPRESENTATION('',(#182),#186);
#182 = LINE('',#183,#184);
#183 = CARTESIAN_POINT('',(0.,0.));
#184 = VECTOR('',#185,1.);
#185 = DIRECTION('',(1.,0.));
#186 = ( GEOMETRIC_REPRESENTATION_CONTEXT(2) 
PARAMETRIC_REPRESENTATION_CONTEXT() REPRESENTATION_CONTEXT('2D SPACE',''
  ) );
#187 = ORIENTED_EDGE('',*,*,#188,.T.);
#188 = EDGE_CURVE('',#166,#189,#191,.T.);
#189 = VERTEX_POINT('',#190);
#190 = CARTESIAN_POINT('',(-1.374772708487,-22.,-10.));
#191 = SURFACE_CURVE('',#192,(#196,#203),.PCURVE_S1.);
#192 = LINE('',#193,#194);
#193 = CARTESIAN_POINT('',(-42.,-22.,-10.));
#194 = VECTOR('',#195,1.);
#195 = DIRECTION('',(1.,0.,-0.));
#196 = PCURVE('',#44,#197);
#197 = DEFINITIONAL_REPRESENTATION('',(#198),#202);
#198 = LINE('',#199,#200);
#199 = CARTESIAN_POINT('',(18.,0.));
#200 = VECTOR('',#201,1.);
#201 = DIRECTION('',(0.,1.));
#202 = ( GEOMETRIC_REPRESENTATION_CONTEXT(2) 
PARAMETRIC_REPRESENTATION_CONTEXT() REPRESENTATION_CONTEXT('2D SPACE',''
  ) );
#203 = PCURVE('',#204,#209);
#204 = PLANE('',#205);
#205 = AXIS2_PLACEMENT_3D('',#206,#207,#208);
#206 = CARTESIAN_POINT('',(0.,0.,-10.));
#207 = DIRECTION('',(0.,0.,1.));
#208 = DIRECTION('',(1.,0.,-0.));
#209 = DEFINITIONAL_REPRESENTATION('',(#210),#214);
#210 = LINE('',#211,#212);
#211 = CARTESIAN_POINT('',(-42.,-22.));
#212 = VECTOR('',#213,1.);
#213 = DIRECTION('',(1.,0.));
#214 = ( GEOMETRIC_REPRESENTATION_CONTEXT(2) 
PARAMETRIC_REPRESENTATION_CONTEXT() REPRESENTATION_CONTEXT('2D SPACE',''
  ) );
#215 = ORIENTED_EDGE('',*,*,#216,.F.);
#216 = EDGE_CURVE('',#142,#189,#217,.T.);
#217 = SURFACE_CURVE('',#218,(#222,#228),.PCURVE_S1.);
#218 = LINE('',#219,#220);
#219 = CARTESIAN_POINT('',(-1.374772708487,-22.,-30.));
#220 = VECTOR('',#221,1.);
#221 = DIRECTION('',(0.,0.,1.));
#222 = PCURVE('',#44,#223);
#223 = DEFINITIONAL_REPRESENTATION('',(#224),#227);
#224 = B_SPLINE_CURVE_WITH_KNOTS('',1,(#225,#226),.UNSPECIFIED.,.F.,.F.,
  (2,2),(0.2,21.8),.PIECEWISE_BEZIER_KNOTS.);
#225 = CARTESIAN_POINT('',(-1.8,40.625227291513));
#226 = CARTESIAN_POINT('',(19.8,40.625227291513));
#227 = ( GEOMETRIC_REPRESENTATION_CONTEXT(2) 
PARAMETRIC_REPRESENTATION_CONTEXT() REPRESENTATION_CONTEXT('2D SPACE',''
  ) );
#228 = PCURVE('',#229,#234);
#229 = CYLINDRICAL_SURFACE('',#230,3.3);
#230 = AXIS2_PLACEMENT_3D('',#231,#232,#233);
#231 = CARTESIAN_POINT('',(-4.592425496803E-15,-25.,-30.));
#232 = DIRECTION('',(0.,0.,1.));
#233 = DIRECTION('',(1.,0.,-0.));
#234 = DEFINITIONAL_REPRESENTATION('',(#235),#238);
#235 = B_SPLINE_CURVE_WITH_KNOTS('',1,(#236,#237),.UNSPECIFIED.,.F.,.F.,
  (2,2),(0.2,21.8),.PIECEWISE_BEZIER_KNOTS.);
#236 = CARTESIAN_POINT('',(2.000495992946,0.2));
#237 = CARTESIAN_POINT('',(2.000495992946,21.8));
#238 = ( GEOMETRIC_REPRESENTATION_CONTEXT(2) 
PARAMETRIC_REPRESENTATION_CONTEXT() REPRESENTATION_CONTEXT('2D SPACE',''
  ) );
#239 = ADVANCED_FACE('',(#240),#126,.T.);
#240 = FACE_BOUND('',#241,.T.);
#241 = EDGE_LOOP('',(#242,#265,#266,#267));
#242 = ORIENTED_EDGE('',*,*,#243,.F.);
#243 = EDGE_CURVE('',#85,#244,#246,.T.);
#244 = VERTEX_POINT('',#245);
#245 = CARTESIAN_POINT('',(-30.98386676965,22.000000000001,-10.));
#246 = SURFACE_CURVE('',#247,(#251,#258),.PCURVE_S1.);
#247 = LINE('',#248,#249);
#248 = CARTESIAN_POINT('',(-42.,22.,-10.));
#249 = VECTOR('',#250,1.);
#250 = DIRECTION('',(1.,0.,-0.));
#251 = PCURVE('',#126,#252);
#252 = DEFINITIONAL_REPRESENTATION('',(#253),#257);
#253 = LINE('',#254,#255);
#254 = CARTESIAN_POINT('',(0.,44.));
#255 = VECTOR('',#256,1.);
#256 = DIRECTION('',(1.,0.));
#257 = ( GEOMETRIC_REPRESENTATION_CONTEXT(2) 
PARAMETRIC_REPRESENTATION_CONTEXT() REPRESENTATION_CONTEXT('2D SPACE',''
  ) );
#258 = PCURVE('',#100,#259);
#259 = DEFINITIONAL_REPRESENTATION('',(#260),#264);
#260 = LINE('',#261,#262);
#261 = CARTESIAN_POINT('',(18.,0.));
#262 = VECTOR('',#263,1.);
#263 = DIRECTION('',(0.,1.));
#264 = ( GEOMETRIC_REPRESENTATION_CONTEXT(2) 
PARAMETRIC_REPRESENTATION_CONTEXT() REPRESENTATION_CONTEXT('2D SPACE',''
  ) );
#265 = ORIENTED_EDGE('',*,*,#112,.F.);
#266 = ORIENTED_EDGE('',*,*,#165,.T.);
#267 = ORIENTED_EDGE('',*,*,#268,.F.);
#268 = EDGE_CURVE('',#244,#166,#269,.T.);
#269 = SURFACE_CURVE('',#270,(#275,#282),.PCURVE_S1.);
#270 = CIRCLE('',#271,38.);
#271 = AXIS2_PLACEMENT_3D('',#272,#273,#274);
#272 = CARTESIAN_POINT('',(0.,0.,-10.));
#273 = DIRECTION('',(0.,0.,1.));
#274 = DIRECTION('',(1.,0.,-0.));
#275 = PCURVE('',#126,#276);
#276 = DEFINITIONAL_REPRESENTATION('',(#277),#281);
#277 = CIRCLE('',#278,38.);
#278 = AXIS2_PLACEMENT_2D('',#279,#280);
#279 = CARTESIAN_POINT('',(42.,22.));
#280 = DIRECTION('',(1.,0.));
#281 = ( GEOMETRIC_REPRESENTATION_CONTEXT(2) 
PARAMETRIC_REPRESENTATION_CONTEXT() REPRESENTATION_CONTEXT('2D SPACE',''
  ) );
#282 = PCURVE('',#283,#288);
#283 = CYLINDRICAL_SURFACE('',#284,38.);
#284 = AXIS2_PLACEMENT_3D('',#285,#286,#287);
#285 = CARTESIAN_POINT('',(0.,0.,-10.));
#286 = DIRECTION('',(0.,0.,1.));
#287 = DIRECTION('',(1.,0.,-0.));
#288 = DEFINITIONAL_REPRESENTATION('',(#289),#293);
#289 = LINE('',#290,#291);
#290 = CARTESIAN_POINT('',(0.,0.));
#291 = VECTOR('',#292,1.);
#292 = DIRECTION('',(1.,0.));
#293 = ( GEOMETRIC_REPRESENTATION_CONTEXT(2) 
PARAMETRIC_REPRESENTATION_CONTEXT() REPRESENTATION_CONTEXT('2D SPACE',''
  ) );
#294 = ADVANCED_FACE('',(#295),#100,.T.);
#295 = FACE_BOUND('',#296,.T.);
#296 = EDGE_LOOP('',(#297,#320,#321,#322,#350,#379,#407,#436,#459));
#297 = ORIENTED_EDGE('',*,*,#298,.F.);
#298 = EDGE_CURVE('',#57,#299,#301,.T.);
#299 = VERTEX_POINT('',#300);
#300 = CARTESIAN_POINT('',(-1.374772708487,22.,-28.));
#301 = SURFACE_CURVE('',#302,(#306,#313),.PCURVE_S1.);
#302 = LINE('',#303,#304);
#303 = CARTESIAN_POINT('',(-42.,22.,-28.));
#304 = VECTOR('',#305,1.);
#305 = DIRECTION('',(1.,0.,-0.));
#306 = PCURVE('',#100,#307);
#307 = DEFINITIONAL_REPRESENTATION('',(#308),#312);
#308 = LINE('',#309,#310);
#309 = CARTESIAN_POINT('',(0.,0.));
#310 = VECTOR('',#311,1.);
#311 = DIRECTION('',(0.,1.));
#312 = ( GEOMETRIC_REPRESENTATION_CONTEXT(2) 
PARAMETRIC_REPRESENTATION_CONTEXT() REPRESENTATION_CONTEXT('2D SPACE',''
  ) );
#313 = PCURVE('',#72,#314);
#314 = DEFINITIONAL_REPRESENTATION('',(#315),#319);
#315 = LINE('',#316,#317);
#316 = CARTESIAN_POINT('',(0.,44.));
#317 = VECTOR('',#318,1.);
#318 = DIRECTION('',(1.,0.));
#319 = ( GEOMETRIC_REPRESENTATION_CONTEXT(2) 
PARAMETRIC_REPRESENTATION_CONTEXT() REPRESENTATION_CONTEXT('2D SPACE',''
  ) );
#320 = ORIENTED_EDGE('',*,*,#84,.T.);
#321 = ORIENTED_EDGE('',*,*,#243,.T.);
#322 = ORIENTED_EDGE('',*,*,#323,.T.);
#323 = EDGE_CURVE('',#244,#324,#326,.T.);
#324 = VERTEX_POINT('',#325);
#325 = CARTESIAN_POINT('',(-28.5,22.,-10.));
#326 = SURFACE_CURVE('',#327,(#331,#338),.PCURVE_S1.);
#327 = LINE('',#328,#329);
#328 = CARTESIAN_POINT('',(-42.,22.,-10.));
#329 = VECTOR('',#330,1.);
#330 = DIRECTION('',(1.,0.,-0.));
#331 = PCURVE('',#100,#332);
#332 = DEFINITIONAL_REPRESENTATION('',(#333),#337);
#333 = LINE('',#334,#335);
#334 = CARTESIAN_POINT('',(18.,0.));
#335 = VECTOR('',#336,1.);
#336 = DIRECTION('',(0.,1.));
#337 = ( GEOMETRIC_REPRESENTATION_CONTEXT(2) 
PARAMETRIC_REPRESENTATION_CONTEXT() REPRESENTATION_CONTEXT('2D SPACE',''
  ) );
#338 = PCURVE('',#339,#344);
#339 = PLANE('',#340);
#340 = AXIS2_PLACEMENT_3D('',#341,#342,#343);
#341 = CARTESIAN_POINT('',(0.,0.,-10.));
#342 = DIRECTION('',(0.,0.,1.));
#343 = DIRECTION('',(1.,0.,-0.));
#344 = DEFINITIONAL_REPRESENTATION('',(#345),#349);
#345 = LINE('',#346,#347);
#346 = CARTESIAN_POINT('',(-42.,22.));
#347 = VECTOR('',#348,1.);
#348 = DIRECTION('',(1.,0.));
#349 = ( GEOMETRIC_REPRESENTATION_CONTEXT(2) 
PARAMETRIC_REPRESENTATION_CONTEXT() REPRESENTATION_CONTEXT('2D SPACE',''
  ) );
#350 = ORIENTED_EDGE('',*,*,#351,.F.);
#351 = EDGE_CURVE('',#352,#324,#354,.T.);
#352 = VERTEX_POINT('',#353);
#353 = CARTESIAN_POINT('',(-23.5,22.,-10.));
#354 = SURFACE_CURVE('',#355,(#360,#367),.PCURVE_S1.);
#355 = CIRCLE('',#356,2.5);
#356 = AXIS2_PLACEMENT_3D('',#357,#358,#359);
#357 = CARTESIAN_POINT('',(-26.,22.,-10.));
#358 = DIRECTION('',(0.,1.,0.));
#359 = DIRECTION('',(0.,-0.,1.));
#360 = PCURVE('',#100,#361);
#361 = DEFINITIONAL_REPRESENTATION('',(#362),#366);
#362 = CIRCLE('',#363,2.5);
#363 = AXIS2_PLACEMENT_2D('',#364,#365);
#364 = CARTESIAN_POINT('',(18.,16.));
#365 = DIRECTION('',(1.,0.));
#366 = ( GEOMETRIC_REPRESENTATION_CONTEXT(2) 
PARAMETRIC_REPRESENTATION_CONTEXT() REPRESENTATION_CONTEXT('2D SPACE',''
  ) );
#367 = PCURVE('',#368,#373);
#368 = CYLINDRICAL_SURFACE('',#369,2.5);
#369 = AXIS2_PLACEMENT_3D('',#370,#371,#372);
#370 = CARTESIAN_POINT('',(-26.,2.5,-10.));
#371 = DIRECTION('',(0.,1.,0.));
#372 = DIRECTION('',(0.,-0.,1.));
#373 = DEFINITIONAL_REPRESENTATION('',(#374),#378);
#374 = LINE('',#375,#376);
#375 = CARTESIAN_POINT('',(0.,19.5));
#376 = VECTOR('',#377,1.);
#377 = DIRECTION('',(1.,0.));
#378 = ( GEOMETRIC_REPRESENTATION_CONTEXT(2) 
PARAMETRIC_REPRESENTATION_CONTEXT() REPRESENTATION_CONTEXT('2D SPACE',''
  ) );
#379 = ORIENTED_EDGE('',*,*,#380,.T.);
#380 = EDGE_CURVE('',#352,#381,#383,.T.);
#381 = VERTEX_POINT('',#382);
#382 = CARTESIAN_POINT('',(-22.5,22.,-10.));
#383 = SURFACE_CURVE('',#384,(#388,#395),.PCURVE_S1.);
#384 = LINE('',#385,#386);
#385 = CARTESIAN_POINT('',(-42.,22.,-10.));
#386 = VECTOR('',#387,1.);
#387 = DIRECTION('',(1.,0.,-0.));
#388 = PCURVE('',#100,#389);
#389 = DEFINITIONAL_REPRESENTATION('',(#390),#394);
#390 = LINE('',#391,#392);
#391 = CARTESIAN_POINT('',(18.,0.));
#392 = VECTOR('',#393,1.);
#393 = DIRECTION('',(0.,1.));
#394 = ( GEOMETRIC_REPRESENTATION_CONTEXT(2) 
PARAMETRIC_REPRESENTATION_CONTEXT() REPRESENTATION_CONTEXT('2D SPACE',''
  ) );
#395 = PCURVE('',#396,#401);
#396 = PLANE('',#397);
#397 = AXIS2_PLACEMENT_3D('',#398,#399,#400);
#398 = CARTESIAN_POINT('',(0.,0.,-10.));
#399 = DIRECTION('',(0.,0.,1.));
#400 = DIRECTION('',(1.,0.,-0.));
#401 = DEFINITIONAL_REPRESENTATION('',(#402),#406);
#402 = LINE('',#403,#404);
#403 = CARTESIAN_POINT('',(-42.,22.));
#404 = VECTOR('',#405,1.);
#405 = DIRECTION('',(1.,0.));
#406 = ( GEOMETRIC_REPRESENTATION_CONTEXT(2) 
PARAMETRIC_REPRESENTATION_CONTEXT() REPRESENTATION_CONTEXT('2D SPACE',''
  ) );
#407 = ORIENTED_EDGE('',*,*,#408,.F.);
#408 = EDGE_CURVE('',#409,#381,#411,.T.);
#409 = VERTEX_POINT('',#410);
#410 = CARTESIAN_POINT('',(-17.5,22.,-10.));
#411 = SURFACE_CURVE('',#412,(#417,#424),.PCURVE_S1.);
#412 = CIRCLE('',#413,2.5);
#413 = AXIS2_PLACEMENT_3D('',#414,#415,#416);
#414 = CARTESIAN_POINT('',(-20.,22.,-10.));
#415 = DIRECTION('',(0.,1.,0.));
#416 = DIRECTION('',(0.,-0.,1.));
#417 = PCURVE('',#100,#418);
#418 = DEFINITIONAL_REPRESENTATION('',(#419),#423);
#419 = CIRCLE('',#420,2.5);
#420 = AXIS2_PLACEMENT_2D('',#421,#422);
#421 = CARTESIAN_POINT('',(18.,22.));
#422 = DIRECTION('',(1.,0.));
#423 = ( GEOMETRIC_REPRESENTATION_CONTEXT(2) 
PARAMETRIC_REPRESENTATION_CONTEXT() REPRESENTATION_CONTEXT('2D SPACE',''
  ) );
#424 = PCURVE('',#425,#430);
#425 = CYLINDRICAL_SURFACE('',#426,2.5);
#426 = AXIS2_PLACEMENT_3D('',#427,#428,#429);
#427 = CARTESIAN_POINT('',(-20.,2.5,-10.));
#428 = DIRECTION('',(0.,1.,0.));
#429 = DIRECTION('',(0.,-0.,1.));
#430 = DEFINITIONAL_REPRESENTATION('',(#431),#435);
#431 = LINE('',#432,#433);
#432 = CARTESIAN_POINT('',(0.,19.5));
#433 = VECTOR('',#434,1.);
#434 = DIRECTION('',(1.,0.));
#435 = ( GEOMETRIC_REPRESENTATION_CONTEXT(2) 
PARAMETRIC_REPRESENTATION_CONTEXT() REPRESENTATION_CONTEXT('2D SPACE',''
  ) );
#436 = ORIENTED_EDGE('',*,*,#437,.T.);
#437 = EDGE_CURVE('',#409,#438,#440,.T.);
#438 = VERTEX_POINT('',#439);
#439 = CARTESIAN_POINT('',(-1.374772708487,22.,-10.));
#440 = SURFACE_CURVE('',#441,(#445,#452),.PCURVE_S1.);
#441 = LINE('',#442,#443);
#442 = CARTESIAN_POINT('',(-42.,22.,-10.));
#443 = VECTOR('',#444,1.);
#444 = DIRECTION('',(1.,0.,-0.));
#445 = PCURVE('',#100,#446);
#446 = DEFINITIONAL_REPRESENTATION('',(#447),#451);
#447 = LINE('',#448,#449);
#448 = CARTESIAN_POINT('',(18.,0.));
#449 = VECTOR('',#450,1.);
#450 = DIRECTION('',(0.,1.));
#451 = ( GEOMETRIC_REPRESENTATION_CONTEXT(2) 
PARAMETRIC_REPRESENTATION_CONTEXT() REPRESENTATION_CONTEXT('2D SPACE',''
  ) );
#452 = PCURVE('',#396,#453);
#453 = DEFINITIONAL_REPRESENTATION('',(#454),#458);
#454 = LINE('',#455,#456);
#455 = CARTESIAN_POINT('',(-42.,22.));
#456 = VECTOR('',#457,1.);
#457 = DIRECTION('',(1.,0.));
#458 = ( GEOMETRIC_REPRESENTATION_CONTEXT(2) 
PARAMETRIC_REPRESENTATION_CONTEXT() REPRESENTATION_CONTEXT('2D SPACE',''
  ) );
#459 = ORIENTED_EDGE('',*,*,#460,.F.);
#460 = EDGE_CURVE('',#299,#438,#461,.T.);
#461 = SURFACE_CURVE('',#462,(#466,#472),.PCURVE_S1.);
#462 = LINE('',#463,#464);
#463 = CARTESIAN_POINT('',(-1.374772708487,22.,-30.));
#464 = VECTOR('',#465,1.);
#465 = DIRECTION('',(0.,0.,1.));
#466 = PCURVE('',#100,#467);
#467 = DEFINITIONAL_REPRESENTATION('',(#468),#471);
#468 = B_SPLINE_CURVE_WITH_KNOTS('',1,(#469,#470),.UNSPECIFIED.,.F.,.F.,
  (2,2),(0.2,21.8),.PIECEWISE_BEZIER_KNOTS.);
#469 = CARTESIAN_POINT('',(-1.8,40.625227291513));
#470 = CARTESIAN_POINT('',(19.8,40.625227291513));
#471 = ( GEOMETRIC_REPRESENTATION_CONTEXT(2) 
PARAMETRIC_REPRESENTATION_CONTEXT() REPRESENTATION_CONTEXT('2D SPACE',''
  ) );
#472 = PCURVE('',#473,#478);
#473 = CYLINDRICAL_SURFACE('',#474,3.3);
#474 = AXIS2_PLACEMENT_3D('',#475,#476,#477);
#475 = CARTESIAN_POINT('',(1.530808498934E-15,25.,-30.));
#476 = DIRECTION('',(0.,0.,1.));
#477 = DIRECTION('',(1.,0.,-0.));
#478 = DEFINITIONAL_REPRESENTATION('',(#479),#482);
#479 = B_SPLINE_CURVE_WITH_KNOTS('',1,(#480,#481),.UNSPECIFIED.,.F.,.F.,
  (2,2),(0.2,21.8),.PIECEWISE_BEZIER_KNOTS.);
#480 = CARTESIAN_POINT('',(4.282689314233,0.2));
#481 = CARTESIAN_POINT('',(4.282689314233,21.8));
#482 = ( GEOMETRIC_REPRESENTATION_CONTEXT(2) 
PARAMETRIC_REPRESENTATION_CONTEXT() REPRESENTATION_CONTEXT('2D SPACE',''
  ) );
#483 = ADVANCED_FACE('',(#484,#619,#650,#681,#712,#743),#72,.F.);
#484 = FACE_BOUND('',#485,.F.);
#485 = EDGE_LOOP('',(#486,#487,#488,#489,#513,#541,#569,#597));
#486 = ORIENTED_EDGE('',*,*,#298,.F.);
#487 = ORIENTED_EDGE('',*,*,#56,.F.);
#488 = ORIENTED_EDGE('',*,*,#141,.T.);
#489 = ORIENTED_EDGE('',*,*,#490,.F.);
#490 = EDGE_CURVE('',#491,#142,#493,.T.);
#491 = VERTEX_POINT('',#492);
#492 = CARTESIAN_POINT('',(1.374772708487,-22.,-28.));
#493 = SURFACE_CURVE('',#494,(#499,#506),.PCURVE_S1.);
#494 = CIRCLE('',#495,3.3);
#495 = AXIS2_PLACEMENT_3D('',#496,#497,#498);
#496 = CARTESIAN_POINT('',(-4.592425496803E-15,-25.,-28.));
#497 = DIRECTION('',(0.,0.,1.));
#498 = DIRECTION('',(1.,0.,-0.));
#499 = PCURVE('',#72,#500);
#500 = DEFINITIONAL_REPRESENTATION('',(#501),#505);
#501 = CIRCLE('',#502,3.3);
#502 = AXIS2_PLACEMENT_2D('',#503,#504);
#503 = CARTESIAN_POINT('',(42.,-3.));
#504 = DIRECTION('',(1.,0.));
#505 = ( GEOMETRIC_REPRESENTATION_CONTEXT(2) 
PARAMETRIC_REPRESENTATION_CONTEXT() REPRESENTATION_CONTEXT('2D SPACE',''
  ) );
#506 = PCURVE('',#229,#507);
#507 = DEFINITIONAL_REPRESENTATION('',(#508),#512);
#508 = LINE('',#509,#510);
#509 = CARTESIAN_POINT('',(0.,2.));
#510 = VECTOR('',#511,1.);
#511 = DIRECTION('',(1.,0.));
#512 = ( GEOMETRIC_REPRESENTATION_CONTEXT(2) 
PARAMETRIC_REPRESENTATION_CONTEXT() REPRESENTATION_CONTEXT('2D SPACE',''
  ) );
#513 = ORIENTED_EDGE('',*,*,#514,.T.);
#514 = EDGE_CURVE('',#491,#515,#517,.T.);
#515 = VERTEX_POINT('',#516);
#516 = CARTESIAN_POINT('',(42.,-22.,-28.));
#517 = SURFACE_CURVE('',#518,(#522,#529),.PCURVE_S1.);
#518 = LINE('',#519,#520);
#519 = CARTESIAN_POINT('',(-42.,-22.,-28.));
#520 = VECTOR('',#521,1.);
#521 = DIRECTION('',(1.,0.,-0.));
#522 = PCURVE('',#72,#523);
#523 = DEFINITIONAL_REPRESENTATION('',(#524),#528);
#524 = LINE('',#525,#526);
#525 = CARTESIAN_POINT('',(0.,0.));
#526 = VECTOR('',#527,1.);
#527 = DIRECTION('',(1.,0.));
#528 = ( GEOMETRIC_REPRESENTATION_CONTEXT(2) 
PARAMETRIC_REPRESENTATION_CONTEXT() REPRESENTATION_CONTEXT('2D SPACE',''
  ) );
#529 = PCURVE('',#530,#535);
#530 = PLANE('',#531);
#531 = AXIS2_PLACEMENT_3D('',#532,#533,#534);
#532 = CARTESIAN_POINT('',(-42.,-22.,-28.));
#533 = DIRECTION('',(-0.,1.,0.));
#534 = DIRECTION('',(0.,0.,1.));
#535 = DEFINITIONAL_REPRESENTATION('',(#536),#540);
#536 = LINE('',#537,#538);
#537 = CARTESIAN_POINT('',(0.,0.));
#538 = VECTOR('',#539,1.);
#539 = DIRECTION('',(0.,1.));
#540 = ( GEOMETRIC_REPRESENTATION_CONTEXT(2) 
PARAMETRIC_REPRESENTATION_CONTEXT() REPRESENTATION_CONTEXT('2D SPACE',''
  ) );
#541 = ORIENTED_EDGE('',*,*,#542,.T.);
#542 = EDGE_CURVE('',#515,#543,#545,.T.);
#543 = VERTEX_POINT('',#544);
#544 = CARTESIAN_POINT('',(42.,22.,-28.));
#545 = SURFACE_CURVE('',#546,(#550,#557),.PCURVE_S1.);
#546 = LINE('',#547,#548);
#547 = CARTESIAN_POINT('',(42.,-22.,-28.));
#548 = VECTOR('',#549,1.);
#549 = DIRECTION('',(-0.,1.,0.));
#550 = PCURVE('',#72,#551);
#551 = DEFINITIONAL_REPRESENTATION('',(#552),#556);
#552 = LINE('',#553,#554);
#553 = CARTESIAN_POINT('',(84.,0.));
#554 = VECTOR('',#555,1.);
#555 = DIRECTION('',(0.,1.));
#556 = ( GEOMETRIC_REPRESENTATION_CONTEXT(2) 
PARAMETRIC_REPRESENTATION_CONTEXT() REPRESENTATION_CONTEXT('2D SPACE',''
  ) );
#557 = PCURVE('',#558,#563);
#558 = PLANE('',#559);
#559 = AXIS2_PLACEMENT_3D('',#560,#561,#562);
#560 = CARTESIAN_POINT('',(42.,-22.,-28.));
#561 = DIRECTION('',(1.,0.,-0.));
#562 = DIRECTION('',(0.,0.,1.));
#563 = DEFINITIONAL_REPRESENTATION('',(#564),#568);
#564 = LINE('',#565,#566);
#565 = CARTESIAN_POINT('',(0.,0.));
#566 = VECTOR('',#567,1.);
#567 = DIRECTION('',(0.,-1.));
#568 = ( GEOMETRIC_REPRESENTATION_CONTEXT(2) 
PARAMETRIC_REPRESENTATION_CONTEXT() REPRESENTATION_CONTEXT('2D SPACE',''
  ) );
#569 = ORIENTED_EDGE('',*,*,#570,.F.);
#570 = EDGE_CURVE('',#571,#543,#573,.T.);
#571 = VERTEX_POINT('',#572);
#572 = CARTESIAN_POINT('',(1.374772708487,22.,-28.));
#573 = SURFACE_CURVE('',#574,(#578,#585),.PCURVE_S1.);
#574 = LINE('',#575,#576);
#575 = CARTESIAN_POINT('',(-42.,22.,-28.));
#576 = VECTOR('',#577,1.);
#577 = DIRECTION('',(1.,0.,-0.));
#578 = PCURVE('',#72,#579);
#579 = DEFINITIONAL_REPRESENTATION('',(#580),#584);
#580 = LINE('',#581,#582);
#581 = CARTESIAN_POINT('',(0.,44.));
#582 = VECTOR('',#583,1.);
#583 = DIRECTION('',(1.,0.));
#584 = ( GEOMETRIC_REPRESENTATION_CONTEXT(2) 
PARAMETRIC_REPRESENTATION_CONTEXT() REPRESENTATION_CONTEXT('2D SPACE',''
  ) );
#585 = PCURVE('',#586,#591);
#586 = PLANE('',#587);
#587 = AXIS2_PLACEMENT_3D('',#588,#589,#590);
#588 = CARTESIAN_POINT('',(-42.,22.,-28.));
#589 = DIRECTION('',(-0.,1.,0.));
#590 = DIRECTION('',(0.,0.,1.));
#591 = DEFINITIONAL_REPRESENTATION('',(#592),#596);
#592 = LINE('',#593,#594);
#593 = CARTESIAN_POINT('',(0.,0.));
#594 = VECTOR('',#595,1.);
#595 = DIRECTION('',(0.,1.));
#596 = ( GEOMETRIC_REPRESENTATION_CONTEXT(2) 
PARAMETRIC_REPRESENTATION_CONTEXT() REPRESENTATION_CONTEXT('2D SPACE',''
  ) );
#597 = ORIENTED_EDGE('',*,*,#598,.F.);
#598 = EDGE_CURVE('',#299,#571,#599,.T.);
#599 = SURFACE_CURVE('',#600,(#605,#612),.PCURVE_S1.);
#600 = CIRCLE('',#601,3.3);
#601 = AXIS2_PLACEMENT_3D('',#602,#603,#604);
#602 = CARTESIAN_POINT('',(1.530808498934E-15,25.,-28.));
#603 = DIRECTION('',(0.,0.,1.));
#604 = DIRECTION('',(1.,0.,-0.));
#605 = PCURVE('',#72,#606);
#606 = DEFINITIONAL_REPRESENTATION('',(#607),#611);
#607 = CIRCLE('',#608,3.3);
#608 = AXIS2_PLACEMENT_2D('',#609,#610);
#609 = CARTESIAN_POINT('',(42.,47.));
#610 = DIRECTION('',(1.,0.));
#611 = ( GEOMETRIC_REPRESENTATION_CONTEXT(2) 
PARAMETRIC_REPRESENTATION_CONTEXT() REPRESENTATION_CONTEXT('2D SPACE',''
  ) );
#612 = PCURVE('',#473,#613);
#613 = DEFINITIONAL_REPRESENTATION('',(#614),#618);
#614 = LINE('',#615,#616);
#615 = CARTESIAN_POINT('',(0.,2.));
#616 = VECTOR('',#617,1.);
#617 = DIRECTION('',(1.,0.));
#618 = ( GEOMETRIC_REPRESENTATION_CONTEXT(2) 
PARAMETRIC_REPRESENTATION_CONTEXT() REPRESENTATION_CONTEXT('2D SPACE',''
  ) );
#619 = FACE_BOUND('',#620,.F.);
#620 = EDGE_LOOP('',(#621));
#621 = ORIENTED_EDGE('',*,*,#622,.F.);
#622 = EDGE_CURVE('',#623,#623,#625,.T.);
#623 = VERTEX_POINT('',#624);
#624 = CARTESIAN_POINT('',(-21.7,2.253350110431E-15,-28.));
#625 = SURFACE_CURVE('',#626,(#631,#638),.PCURVE_S1.);
#626 = CIRCLE('',#627,3.3);
#627 = AXIS2_PLACEMENT_3D('',#628,#629,#630);
#628 = CARTESIAN_POINT('',(-25.,3.061616997868E-15,-28.));
#629 = DIRECTION('',(0.,0.,1.));
#630 = DIRECTION('',(1.,0.,-0.));
#631 = PCURVE('',#72,#632);
#632 = DEFINITIONAL_REPRESENTATION('',(#633),#637);
#633 = CIRCLE('',#634,3.3);
#634 = AXIS2_PLACEMENT_2D('',#635,#636);
#635 = CARTESIAN_POINT('',(17.,22.));
#636 = DIRECTION('',(1.,0.));
#637 = ( GEOMETRIC_REPRESENTATION_CONTEXT(2) 
PARAMETRIC_REPRESENTATION_CONTEXT() REPRESENTATION_CONTEXT('2D SPACE',''
  ) );
#638 = PCURVE('',#639,#644);
#639 = CYLINDRICAL_SURFACE('',#640,3.3);
#640 = AXIS2_PLACEMENT_3D('',#641,#642,#643);
#641 = CARTESIAN_POINT('',(-25.,3.061616997868E-15,-30.));
#642 = DIRECTION('',(0.,0.,1.));
#643 = DIRECTION('',(1.,0.,-0.));
#644 = DEFINITIONAL_REPRESENTATION('',(#645),#649);
#645 = LINE('',#646,#647);
#646 = CARTESIAN_POINT('',(0.,2.));
#647 = VECTOR('',#648,1.);
#648 = DIRECTION('',(1.,0.));
#649 = ( GEOMETRIC_REPRESENTATION_CONTEXT(2) 
PARAMETRIC_REPRESENTATION_CONTEXT() REPRESENTATION_CONTEXT('2D SPACE',''
  ) );
#650 = FACE_BOUND('',#651,.F.);
#651 = EDGE_LOOP('',(#652));
#652 = ORIENTED_EDGE('',*,*,#653,.F.);
#653 = EDGE_CURVE('',#654,#654,#656,.T.);
#654 = VERTEX_POINT('',#655);
#655 = CARTESIAN_POINT('',(8.,-1.959434878636E-15,-28.));
#656 = SURFACE_CURVE('',#657,(#662,#669),.PCURVE_S1.);
#657 = CIRCLE('',#658,8.);
#658 = AXIS2_PLACEMENT_3D('',#659,#660,#661);
#659 = CARTESIAN_POINT('',(0.,0.,-28.));
#660 = DIRECTION('',(0.,0.,1.));
#661 = DIRECTION('',(1.,0.,-0.));
#662 = PCURVE('',#72,#663);
#663 = DEFINITIONAL_REPRESENTATION('',(#664),#668);
#664 = CIRCLE('',#665,8.);
#665 = AXIS2_PLACEMENT_2D('',#666,#667);
#666 = CARTESIAN_POINT('',(42.,22.));
#667 = DIRECTION('',(1.,0.));
#668 = ( GEOMETRIC_REPRESENTATION_CONTEXT(2) 
PARAMETRIC_REPRESENTATION_CONTEXT() REPRESENTATION_CONTEXT('2D SPACE',''
  ) );
#669 = PCURVE('',#670,#675);
#670 = CYLINDRICAL_SURFACE('',#671,8.);
#671 = AXIS2_PLACEMENT_3D('',#672,#673,#674);
#672 = CARTESIAN_POINT('',(0.,0.,-30.));
#673 = DIRECTION('',(0.,0.,1.));
#674 = DIRECTION('',(1.,0.,-0.));
#675 = DEFINITIONAL_REPRESENTATION('',(#676),#680);
#676 = LINE('',#677,#678);
#677 = CARTESIAN_POINT('',(0.,2.));
#678 = VECTOR('',#679,1.);
#679 = DIRECTION('',(1.,0.));
#680 = ( GEOMETRIC_REPRESENTATION_CONTEXT(2) 
PARAMETRIC_REPRESENTATION_CONTEXT() REPRESENTATION_CONTEXT('2D SPACE',''
  ) );
#681 = FACE_BOUND('',#682,.F.);
#682 = EDGE_LOOP('',(#683));
#683 = ORIENTED_EDGE('',*,*,#684,.F.);
#684 = EDGE_CURVE('',#685,#685,#687,.T.);
#685 = VERTEX_POINT('',#686);
#686 = CARTESIAN_POINT('',(28.3,-8.082668874373E-16,-28.));
#687 = SURFACE_CURVE('',#688,(#693,#700),.PCURVE_S1.);
#688 = CIRCLE('',#689,3.3);
#689 = AXIS2_PLACEMENT_3D('',#690,#691,#692);
#690 = CARTESIAN_POINT('',(25.,0.,-28.));
#691 = DIRECTION('',(0.,0.,1.));
#692 = DIRECTION('',(1.,0.,-0.));
#693 = PCURVE('',#72,#694);
#694 = DEFINITIONAL_REPRESENTATION('',(#695),#699);
#695 = CIRCLE('',#696,3.3);
#696 = AXIS2_PLACEMENT_2D('',#697,#698);
#697 = CARTESIAN_POINT('',(67.,22.));
#698 = DIRECTION('',(1.,0.));
#699 = ( GEOMETRIC_REPRESENTATION_CONTEXT(2) 
PARAMETRIC_REPRESENTATION_CONTEXT() REPRESENTATION_CONTEXT('2D SPACE',''
  ) );
#700 = PCURVE('',#701,#706);
#701 = CYLINDRICAL_SURFACE('',#702,3.3);
#702 = AXIS2_PLACEMENT_3D('',#703,#704,#705);
#703 = CARTESIAN_POINT('',(25.,0.,-30.));
#704 = DIRECTION('',(0.,0.,1.));
#705 = DIRECTION('',(1.,0.,-0.));
#706 = DEFINITIONAL_REPRESENTATION('',(#707),#711);
#707 = LINE('',#708,#709);
#708 = CARTESIAN_POINT('',(0.,2.));
#709 = VECTOR('',#710,1.);
#710 = DIRECTION('',(1.,0.));
#711 = ( GEOMETRIC_REPRESENTATION_CONTEXT(2) 
PARAMETRIC_REPRESENTATION_CONTEXT() REPRESENTATION_CONTEXT('2D SPACE',''
  ) );
#712 = FACE_BOUND('',#713,.F.);
#713 = EDGE_LOOP('',(#714));
#714 = ORIENTED_EDGE('',*,*,#715,.F.);
#715 = EDGE_CURVE('',#716,#716,#718,.T.);
#716 = VERTEX_POINT('',#717);
#717 = CARTESIAN_POINT('',(-29.9,8.,-28.));
#718 = SURFACE_CURVE('',#719,(#724,#731),.PCURVE_S1.);
#719 = CIRCLE('',#720,2.1);
#720 = AXIS2_PLACEMENT_3D('',#721,#722,#723);
#721 = CARTESIAN_POINT('',(-32.,8.,-28.));
#722 = DIRECTION('',(0.,0.,1.));
#723 = DIRECTION('',(1.,0.,-0.));
#724 = PCURVE('',#72,#725);
#725 = DEFINITIONAL_REPRESENTATION('',(#726),#730);
#726 = CIRCLE('',#727,2.1);
#727 = AXIS2_PLACEMENT_2D('',#728,#729);
#728 = CARTESIAN_POINT('',(10.,30.));
#729 = DIRECTION('',(1.,0.));
#730 = ( GEOMETRIC_REPRESENTATION_CONTEXT(2) 
PARAMETRIC_REPRESENTATION_CONTEXT() REPRESENTATION_CONTEXT('2D SPACE',''
  ) );
#731 = PCURVE('',#732,#737);
#732 = CYLINDRICAL_SURFACE('',#733,2.1);
#733 = AXIS2_PLACEMENT_3D('',#734,#735,#736);
#734 = CARTESIAN_POINT('',(-32.,8.,-30.));
#735 = DIRECTION('',(0.,0.,1.));
#736 = DIRECTION('',(1.,0.,-0.));
#737 = DEFINITIONAL_REPRESENTATION('',(#738),#742);
#738 = LINE('',#739,#740);
#739 = CARTESIAN_POINT('',(0.,2.));
#740 = VECTOR('',#741,1.);
#741 = DIRECTION('',(1.,0.));
#742 = ( GEOMETRIC_REPRESENTATION_CONTEXT(2) 
PARAMETRIC_REPRESENTATION_CONTEXT() REPRESENTATION_CONTEXT('2D SPACE',''
  ) );
#743 = FACE_BOUND('',#744,.F.);
#744 = EDGE_LOOP('',(#745));
#745 = ORIENTED_EDGE('',*,*,#746,.F.);
#746 = EDGE_CURVE('',#747,#747,#749,.T.);
#747 = VERTEX_POINT('',#748);
#748 = CARTESIAN_POINT('',(-17.9,8.,-28.));
#749 = SURFACE_CURVE('',#750,(#755,#762),.PCURVE_S1.);
#750 = CIRCLE('',#751,2.1);
#751 = AXIS2_PLACEMENT_3D('',#752,#753,#754);
#752 = CARTESIAN_POINT('',(-20.,8.,-28.));
#753 = DIRECTION('',(0.,0.,1.));
#754 = DIRECTION('',(1.,0.,-0.));
#755 = PCURVE('',#72,#756);
#756 = DEFINITIONAL_REPRESENTATION('',(#757),#761);
#757 = CIRCLE('',#758,2.1);
#758 = AXIS2_PLACEMENT_2D('',#759,#760);
#759 = CARTESIAN_POINT('',(22.,30.));
#760 = DIRECTION('',(1.,0.));
#761 = ( GEOMETRIC_REPRESENTATION_CONTEXT(2) 
PARAMETRIC_REPRESENTATION_CONTEXT() REPRESENTATION_CONTEXT('2D SPACE',''
  ) );
#762 = PCURVE('',#763,#768);
#763 = CYLINDRICAL_SURFACE('',#764,2.1);
#764 = AXIS2_PLACEMENT_3D('',#765,#766,#767);
#765 = CARTESIAN_POINT('',(-20.,8.,-30.));
#766 = DIRECTION('',(0.,0.,1.));
#767 = DIRECTION('',(1.,0.,-0.));
#768 = DEFINITIONAL_REPRESENTATION('',(#769),#773);
#769 = LINE('',#770,#771);
#770 = CARTESIAN_POINT('',(0.,2.));
#771 = VECTOR('',#772,1.);
#772 = DIRECTION('',(1.,0.));
#773 = ( GEOMETRIC_REPRESENTATION_CONTEXT(2) 
PARAMETRIC_REPRESENTATION_CONTEXT() REPRESENTATION_CONTEXT('2D SPACE',''
  ) );
#774 = ADVANCED_FACE('',(#775),#229,.F.);
#775 = FACE_BOUND('',#776,.F.);
#776 = EDGE_LOOP('',(#777,#806,#829,#853,#872,#873,#874,#896));
#777 = ORIENTED_EDGE('',*,*,#778,.F.);
#778 = EDGE_CURVE('',#779,#779,#781,.T.);
#779 = VERTEX_POINT('',#780);
#780 = CARTESIAN_POINT('',(3.3,-25.,-4.));
#781 = SURFACE_CURVE('',#782,(#787,#794),.PCURVE_S1.);
#782 = CIRCLE('',#783,3.3);
#783 = AXIS2_PLACEMENT_3D('',#784,#785,#786);
#784 = CARTESIAN_POINT('',(-4.592425496803E-15,-25.,-4.));
#785 = DIRECTION('',(0.,0.,1.));
#786 = DIRECTION('',(1.,0.,-0.));
#787 = PCURVE('',#229,#788);
#788 = DEFINITIONAL_REPRESENTATION('',(#789),#793);
#789 = LINE('',#790,#791);
#790 = CARTESIAN_POINT('',(0.,26.));
#791 = VECTOR('',#792,1.);
#792 = DIRECTION('',(1.,0.));
#793 = ( GEOMETRIC_REPRESENTATION_CONTEXT(2) 
PARAMETRIC_REPRESENTATION_CONTEXT() REPRESENTATION_CONTEXT('2D SPACE',''
  ) );
#794 = PCURVE('',#795,#800);
#795 = PLANE('',#796);
#796 = AXIS2_PLACEMENT_3D('',#797,#798,#799);
#797 = CARTESIAN_POINT('',(-4.592425496803E-15,-25.,-4.));
#798 = DIRECTION('',(0.,0.,1.));
#799 = DIRECTION('',(1.,0.,-0.));
#800 = DEFINITIONAL_REPRESENTATION('',(#801),#805);
#801 = CIRCLE('',#802,3.3);
#802 = AXIS2_PLACEMENT_2D('',#803,#804);
#803 = CARTESIAN_POINT('',(0.,0.));
#804 = DIRECTION('',(1.,0.));
#805 = ( GEOMETRIC_REPRESENTATION_CONTEXT(2) 
PARAMETRIC_REPRESENTATION_CONTEXT() REPRESENTATION_CONTEXT('2D SPACE',''
  ) );
#806 = ORIENTED_EDGE('',*,*,#807,.F.);
#807 = EDGE_CURVE('',#808,#779,#810,.T.);
#808 = VERTEX_POINT('',#809);
#809 = CARTESIAN_POINT('',(3.3,-25.,-10.));
#810 = SEAM_CURVE('',#811,(#815,#822),.PCURVE_S1.);
#811 = LINE('',#812,#813);
#812 = CARTESIAN_POINT('',(3.3,-25.,-30.));
#813 = VECTOR('',#814,1.);
#814 = DIRECTION('',(0.,0.,1.));
#815 = PCURVE('',#229,#816);
#816 = DEFINITIONAL_REPRESENTATION('',(#817),#821);
#817 = LINE('',#818,#819);
#818 = CARTESIAN_POINT('',(6.28318530718,-0.));
#819 = VECTOR('',#820,1.);
#820 = DIRECTION('',(0.,1.));
#821 = ( GEOMETRIC_REPRESENTATION_CONTEXT(2) 
PARAMETRIC_REPRESENTATION_CONTEXT() REPRESENTATION_CONTEXT('2D SPACE',''
  ) );
#822 = PCURVE('',#229,#823);
#823 = DEFINITIONAL_REPRESENTATION('',(#824),#828);
#824 = LINE('',#825,#826);
#825 = CARTESIAN_POINT('',(0.,-0.));
#826 = VECTOR('',#827,1.);
#827 = DIRECTION('',(0.,1.));
#828 = ( GEOMETRIC_REPRESENTATION_CONTEXT(2) 
PARAMETRIC_REPRESENTATION_CONTEXT() REPRESENTATION_CONTEXT('2D SPACE',''
  ) );
#829 = ORIENTED_EDGE('',*,*,#830,.T.);
#830 = EDGE_CURVE('',#808,#831,#833,.T.);
#831 = VERTEX_POINT('',#832);
#832 = CARTESIAN_POINT('',(1.374772708487,-22.,-10.));
#833 = SURFACE_CURVE('',#834,(#839,#846),.PCURVE_S1.);
#834 = CIRCLE('',#835,3.3);
#835 = AXIS2_PLACEMENT_3D('',#836,#837,#838);
#836 = CARTESIAN_POINT('',(-4.592425496803E-15,-25.,-10.));
#837 = DIRECTION('',(0.,0.,1.));
#838 = DIRECTION('',(1.,0.,-0.));
#839 = PCURVE('',#229,#840);
#840 = DEFINITIONAL_REPRESENTATION('',(#841),#845);
#841 = LINE('',#842,#843);
#842 = CARTESIAN_POINT('',(0.,20.));
#843 = VECTOR('',#844,1.);
#844 = DIRECTION('',(1.,0.));
#845 = ( GEOMETRIC_REPRESENTATION_CONTEXT(2) 
PARAMETRIC_REPRESENTATION_CONTEXT() REPRESENTATION_CONTEXT('2D SPACE',''
  ) );
#846 = PCURVE('',#204,#847);
#847 = DEFINITIONAL_REPRESENTATION('',(#848),#852);
#848 = CIRCLE('',#849,3.3);
#849 = AXIS2_PLACEMENT_2D('',#850,#851);
#850 = CARTESIAN_POINT('',(-4.592425496803E-15,-25.));
#851 = DIRECTION('',(1.,0.));
#852 = ( GEOMETRIC_REPRESENTATION_CONTEXT(2) 
PARAMETRIC_REPRESENTATION_CONTEXT() REPRESENTATION_CONTEXT('2D SPACE',''
  ) );
#853 = ORIENTED_EDGE('',*,*,#854,.F.);
#854 = EDGE_CURVE('',#491,#831,#855,.T.);
#855 = SURFACE_CURVE('',#856,(#860,#866),.PCURVE_S1.);
#856 = LINE('',#857,#858);
#857 = CARTESIAN_POINT('',(1.374772708487,-22.,-30.));
#858 = VECTOR('',#859,1.);
#859 = DIRECTION('',(0.,0.,1.));
#860 = PCURVE('',#229,#861);
#861 = DEFINITIONAL_REPRESENTATION('',(#862),#865);
#862 = B_SPLINE_CURVE_WITH_KNOTS('',1,(#863,#864),.UNSPECIFIED.,.F.,.F.,
  (2,2),(0.2,21.8),.PIECEWISE_BEZIER_KNOTS.);
#863 = CARTESIAN_POINT('',(1.141096660643,0.2));
#864 = CARTESIAN_POINT('',(1.141096660643,21.8));
#865 = ( GEOMETRIC_REPRESENTATION_CONTEXT(2) 
PARAMETRIC_REPRESENTATION_CONTEXT() REPRESENTATION_CONTEXT('2D SPACE',''
  ) );
#866 = PCURVE('',#530,#867);
#867 = DEFINITIONAL_REPRESENTATION('',(#868),#871);
#868 = B_SPLINE_CURVE_WITH_KNOTS('',1,(#869,#870),.UNSPECIFIED.,.F.,.F.,
  (2,2),(0.2,21.8),.PIECEWISE_BEZIER_KNOTS.);
#869 = CARTESIAN_POINT('',(-1.8,43.374772708487));
#870 = CARTESIAN_POINT('',(19.8,43.374772708487));
#871 = ( GEOMETRIC_REPRESENTATION_CONTEXT(2) 
PARAMETRIC_REPRESENTATION_CONTEXT() REPRESENTATION_CONTEXT('2D SPACE',''
  ) );
#872 = ORIENTED_EDGE('',*,*,#490,.T.);
#873 = ORIENTED_EDGE('',*,*,#216,.T.);
#874 = ORIENTED_EDGE('',*,*,#875,.T.);
#875 = EDGE_CURVE('',#189,#808,#876,.T.);
#876 = SURFACE_CURVE('',#877,(#882,#889),.PCURVE_S1.);
#877 = CIRCLE('',#878,3.3);
#878 = AXIS2_PLACEMENT_3D('',#879,#880,#881);
#879 = CARTESIAN_POINT('',(-4.592425496803E-15,-25.,-10.));
#880 = DIRECTION('',(0.,0.,1.));
#881 = DIRECTION('',(1.,0.,-0.));
#882 = PCURVE('',#229,#883);
#883 = DEFINITIONAL_REPRESENTATION('',(#884),#888);
#884 = LINE('',#885,#886);
#885 = CARTESIAN_POINT('',(0.,20.));
#886 = VECTOR('',#887,1.);
#887 = DIRECTION('',(1.,0.));
#888 = ( GEOMETRIC_REPRESENTATION_CONTEXT(2) 
PARAMETRIC_REPRESENTATION_CONTEXT() REPRESENTATION_CONTEXT('2D SPACE',''
  ) );
#889 = PCURVE('',#204,#890);
#890 = DEFINITIONAL_REPRESENTATION('',(#891),#895);
#891 = CIRCLE('',#892,3.3);
#892 = AXIS2_PLACEMENT_2D('',#893,#894);
#893 = CARTESIAN_POINT('',(-4.592425496803E-15,-25.));
#894 = DIRECTION('',(1.,0.));
#895 = ( GEOMETRIC_REPRESENTATION_CONTEXT(2) 
PARAMETRIC_REPRESENTATION_CONTEXT() REPRESENTATION_CONTEXT('2D SPACE',''
  ) );
#896 = ORIENTED_EDGE('',*,*,#807,.T.);
#897 = ADVANCED_FACE('',(#898),#204,.F.);
#898 = FACE_BOUND('',#899,.F.);
#899 = EDGE_LOOP('',(#900,#901,#925,#946,#947));
#900 = ORIENTED_EDGE('',*,*,#188,.F.);
#901 = ORIENTED_EDGE('',*,*,#902,.T.);
#902 = EDGE_CURVE('',#166,#903,#905,.T.);
#903 = VERTEX_POINT('',#904);
#904 = CARTESIAN_POINT('',(30.983866769659,-22.,-10.));
#905 = SURFACE_CURVE('',#906,(#911,#918),.PCURVE_S1.);
#906 = CIRCLE('',#907,38.);
#907 = AXIS2_PLACEMENT_3D('',#908,#909,#910);
#908 = CARTESIAN_POINT('',(0.,0.,-10.));
#909 = DIRECTION('',(0.,0.,1.));
#910 = DIRECTION('',(1.,0.,-0.));
#911 = PCURVE('',#204,#912);
#912 = DEFINITIONAL_REPRESENTATION('',(#913),#917);
#913 = CIRCLE('',#914,38.);
#914 = AXIS2_PLACEMENT_2D('',#915,#916);
#915 = CARTESIAN_POINT('',(0.,0.));
#916 = DIRECTION('',(1.,0.));
#917 = ( GEOMETRIC_REPRESENTATION_CONTEXT(2) 
PARAMETRIC_REPRESENTATION_CONTEXT() REPRESENTATION_CONTEXT('2D SPACE',''
  ) );
#918 = PCURVE('',#283,#919);
#919 = DEFINITIONAL_REPRESENTATION('',(#920),#924);
#920 = LINE('',#921,#922);
#921 = CARTESIAN_POINT('',(0.,0.));
#922 = VECTOR('',#923,1.);
#923 = DIRECTION('',(1.,0.));
#924 = ( GEOMETRIC_REPRESENTATION_CONTEXT(2) 
PARAMETRIC_REPRESENTATION_CONTEXT() REPRESENTATION_CONTEXT('2D SPACE',''
  ) );
#925 = ORIENTED_EDGE('',*,*,#926,.F.);
#926 = EDGE_CURVE('',#831,#903,#927,.T.);
#927 = SURFACE_CURVE('',#928,(#932,#939),.PCURVE_S1.);
#928 = LINE('',#929,#930);
#929 = CARTESIAN_POINT('',(-42.,-22.,-10.));
#930 = VECTOR('',#931,1.);
#931 = DIRECTION('',(1.,0.,-0.));
#932 = PCURVE('',#204,#933);
#933 = DEFINITIONAL_REPRESENTATION('',(#934),#938);
#934 = LINE('',#935,#936);
#935 = CARTESIAN_POINT('',(-42.,-22.));
#936 = VECTOR('',#937,1.);
#937 = DIRECTION('',(1.,0.));
#938 = ( GEOMETRIC_REPRESENTATION_CONTEXT(2) 
PARAMETRIC_REPRESENTATION_CONTEXT() REPRESENTATION_CONTEXT('2D SPACE',''
  ) );
#939 = PCURVE('',#530,#940);
#940 = DEFINITIONAL_REPRESENTATION('',(#941),#945);
#941 = LINE('',#942,#943);
#942 = CARTESIAN_POINT('',(18.,0.));
#943 = VECTOR('',#944,1.);
#944 = DIRECTION('',(0.,1.));
#945 = ( GEOMETRIC_REPRESENTATION_CONTEXT(2) 
PARAMETRIC_REPRESENTATION_CONTEXT() REPRESENTATION_CONTEXT('2D SPACE',''
  ) );
#946 = ORIENTED_EDGE('',*,*,#830,.F.);
#947 = ORIENTED_EDGE('',*,*,#875,.F.);
#948 = ADVANCED_FACE('',(#949),#283,.T.);
#949 = FACE_BOUND('',#950,.T.);
#950 = EDGE_LOOP('',(#951,#976,#1003,#1004,#1033,#1062,#1177,#1203,#1227
    ,#1253,#1333,#1355,#1356,#1357));
#951 = ORIENTED_EDGE('',*,*,#952,.T.);
#952 = EDGE_CURVE('',#953,#955,#957,.T.);
#953 = VERTEX_POINT('',#954);
#954 = CARTESIAN_POINT('',(38.,-9.30731567352E-15,-10.));
#955 = VERTEX_POINT('',#956);
#956 = CARTESIAN_POINT('',(38.,-9.30731567352E-15,0.));
#957 = SEAM_CURVE('',#958,(#962,#969),.PCURVE_S1.);
#958 = LINE('',#959,#960);
#959 = CARTESIAN_POINT('',(38.,-9.30731567352E-15,-10.));
#960 = VECTOR('',#961,1.);
#961 = DIRECTION('',(0.,0.,1.));
#962 = PCURVE('',#283,#963);
#963 = DEFINITIONAL_REPRESENTATION('',(#964),#968);
#964 = LINE('',#965,#966);
#965 = CARTESIAN_POINT('',(6.28318530718,-0.));
#966 = VECTOR('',#967,1.);
#967 = DIRECTION('',(0.,1.));
#968 = ( GEOMETRIC_REPRESENTATION_CONTEXT(2) 
PARAMETRIC_REPRESENTATION_CONTEXT() REPRESENTATION_CONTEXT('2D SPACE',''
  ) );
#969 = PCURVE('',#283,#970);
#970 = DEFINITIONAL_REPRESENTATION('',(#971),#975);
#971 = LINE('',#972,#973);
#972 = CARTESIAN_POINT('',(0.,-0.));
#973 = VECTOR('',#974,1.);
#974 = DIRECTION('',(0.,1.));
#975 = ( GEOMETRIC_REPRESENTATION_CONTEXT(2) 
PARAMETRIC_REPRESENTATION_CONTEXT() REPRESENTATION_CONTEXT('2D SPACE',''
  ) );
#976 = ORIENTED_EDGE('',*,*,#977,.F.);
#977 = EDGE_CURVE('',#955,#955,#978,.T.);
#978 = SURFACE_CURVE('',#979,(#984,#991),.PCURVE_S1.);
#979 = CIRCLE('',#980,38.);
#980 = AXIS2_PLACEMENT_3D('',#981,#982,#983);
#981 = CARTESIAN_POINT('',(0.,0.,0.));
#982 = DIRECTION('',(0.,0.,1.));
#983 = DIRECTION('',(1.,0.,-0.));
#984 = PCURVE('',#283,#985);
#985 = DEFINITIONAL_REPRESENTATION('',(#986),#990);
#986 = LINE('',#987,#988);
#987 = CARTESIAN_POINT('',(0.,10.));
#988 = VECTOR('',#989,1.);
#989 = DIRECTION('',(1.,0.));
#990 = ( GEOMETRIC_REPRESENTATION_CONTEXT(2) 
PARAMETRIC_REPRESENTATION_CONTEXT() REPRESENTATION_CONTEXT('2D SPACE',''
  ) );
#991 = PCURVE('',#992,#997);
#992 = PLANE('',#993);
#993 = AXIS2_PLACEMENT_3D('',#994,#995,#996);
#994 = CARTESIAN_POINT('',(0.,0.,0.));
#995 = DIRECTION('',(0.,0.,1.));
#996 = DIRECTION('',(1.,0.,-0.));
#997 = DEFINITIONAL_REPRESENTATION('',(#998),#1002);
#998 = CIRCLE('',#999,38.);
#999 = AXIS2_PLACEMENT_2D('',#1000,#1001);
#1000 = CARTESIAN_POINT('',(0.,0.));
#1001 = DIRECTION('',(1.,0.));
#1002 = ( GEOMETRIC_REPRESENTATION_CONTEXT(2) 
PARAMETRIC_REPRESENTATION_CONTEXT() REPRESENTATION_CONTEXT('2D SPACE',''
  ) );
#1003 = ORIENTED_EDGE('',*,*,#952,.F.);
#1004 = ORIENTED_EDGE('',*,*,#1005,.T.);
#1005 = EDGE_CURVE('',#953,#1006,#1008,.T.);
#1006 = VERTEX_POINT('',#1007);
#1007 = CARTESIAN_POINT('',(30.983866769659,22.,-10.));
#1008 = SURFACE_CURVE('',#1009,(#1014,#1021),.PCURVE_S1.);
#1009 = CIRCLE('',#1010,38.);
#1010 = AXIS2_PLACEMENT_3D('',#1011,#1012,#1013);
#1011 = CARTESIAN_POINT('',(0.,0.,-10.));
#1012 = DIRECTION('',(0.,0.,1.));
#1013 = DIRECTION('',(1.,0.,-0.));
#1014 = PCURVE('',#283,#1015);
#1015 = DEFINITIONAL_REPRESENTATION('',(#1016),#1020);
#1016 = LINE('',#1017,#1018);
#1017 = CARTESIAN_POINT('',(0.,0.));
#1018 = VECTOR('',#1019,1.);
#1019 = DIRECTION('',(1.,0.));
#1020 = ( GEOMETRIC_REPRESENTATION_CONTEXT(2) 
PARAMETRIC_REPRESENTATION_CONTEXT() REPRESENTATION_CONTEXT('2D SPACE',''
  ) );
#1021 = PCURVE('',#1022,#1027);
#1022 = PLANE('',#1023);
#1023 = AXIS2_PLACEMENT_3D('',#1024,#1025,#1026);
#1024 = CARTESIAN_POINT('',(-42.,-22.,-10.));
#1025 = DIRECTION('',(0.,0.,1.));
#1026 = DIRECTION('',(1.,0.,-0.));
#1027 = DEFINITIONAL_REPRESENTATION('',(#1028),#1032);
#1028 = CIRCLE('',#1029,38.);
#1029 = AXIS2_PLACEMENT_2D('',#1030,#1031);
#1030 = CARTESIAN_POINT('',(42.,22.));
#1031 = DIRECTION('',(1.,0.));
#1032 = ( GEOMETRIC_REPRESENTATION_CONTEXT(2) 
PARAMETRIC_REPRESENTATION_CONTEXT() REPRESENTATION_CONTEXT('2D SPACE',''
  ) );
#1033 = ORIENTED_EDGE('',*,*,#1034,.T.);
#1034 = EDGE_CURVE('',#1006,#1035,#1037,.T.);
#1035 = VERTEX_POINT('',#1036);
#1036 = CARTESIAN_POINT('',(28.5,25.134637455114,-10.));
#1037 = SURFACE_CURVE('',#1038,(#1043,#1050),.PCURVE_S1.);
#1038 = CIRCLE('',#1039,38.);
#1039 = AXIS2_PLACEMENT_3D('',#1040,#1041,#1042);
#1040 = CARTESIAN_POINT('',(0.,0.,-10.));
#1041 = DIRECTION('',(0.,0.,1.));
#1042 = DIRECTION('',(1.,0.,-0.));
#1043 = PCURVE('',#283,#1044);
#1044 = DEFINITIONAL_REPRESENTATION('',(#1045),#1049);
#1045 = LINE('',#1046,#1047);
#1046 = CARTESIAN_POINT('',(0.,0.));
#1047 = VECTOR('',#1048,1.);
#1048 = DIRECTION('',(1.,0.));
#1049 = ( GEOMETRIC_REPRESENTATION_CONTEXT(2) 
PARAMETRIC_REPRESENTATION_CONTEXT() REPRESENTATION_CONTEXT('2D SPACE',''
  ) );
#1050 = PCURVE('',#1051,#1056);
#1051 = PLANE('',#1052);
#1052 = AXIS2_PLACEMENT_3D('',#1053,#1054,#1055);
#1053 = CARTESIAN_POINT('',(0.,0.,-10.));
#1054 = DIRECTION('',(0.,0.,1.));
#1055 = DIRECTION('',(1.,0.,-0.));
#1056 = DEFINITIONAL_REPRESENTATION('',(#1057),#1061);
#1057 = CIRCLE('',#1058,38.);
#1058 = AXIS2_PLACEMENT_2D('',#1059,#1060);
#1059 = CARTESIAN_POINT('',(0.,0.));
#1060 = DIRECTION('',(1.,0.));
#1061 = ( GEOMETRIC_REPRESENTATION_CONTEXT(2) 
PARAMETRIC_REPRESENTATION_CONTEXT() REPRESENTATION_CONTEXT('2D SPACE',''
  ) );
#1062 = ORIENTED_EDGE('',*,*,#1063,.F.);
#1063 = EDGE_CURVE('',#1064,#1035,#1066,.T.);
#1064 = VERTEX_POINT('',#1065);
#1065 = CARTESIAN_POINT('',(26.224988083887,27.5,-7.510144509794));
#1066 = SURFACE_CURVE('',#1067,(#1100,#1136),.PCURVE_S1.);
#1067 = B_SPLINE_CURVE_WITH_KNOTS('',6,(#1068,#1069,#1070,#1071,#1072,
    #1073,#1074,#1075,#1076,#1077,#1078,#1079,#1080,#1081,#1082,#1083,
    #1084,#1085,#1086,#1087,#1088,#1089,#1090,#1091,#1092,#1093,#1094,
    #1095,#1096,#1097,#1098,#1099),.UNSPECIFIED.,.F.,.F.,(7,5,5,5,5,5,7)
  ,(0.,0.169004251877,0.542688840536,0.682360546997,0.801741202988,
    0.928665284639,1.),.UNSPECIFIED.);
#1068 = CARTESIAN_POINT('',(26.224987454716,27.5000006,-7.510144452941)
  );
#1069 = CARTESIAN_POINT('',(26.323394514551,27.406156096243,
    -7.519036677209));
#1070 = CARTESIAN_POINT('',(26.420968524479,27.312299155097,
    -7.532558883742));
#1071 = CARTESIAN_POINT('',(26.517539609929,27.218604975395,
    -7.550622372123));
#1072 = CARTESIAN_POINT('',(26.612941466239,27.125254875368,
    -7.573148002733));
#1073 = CARTESIAN_POINT('',(26.707010710482,27.032436627932,
    -7.600066112363));
#1074 = CARTESIAN_POINT('',(27.004279581338,26.736720934636,
    -7.700413875024));
#1075 = CARTESIAN_POINT('',(27.201619302072,26.536698816088,
    -7.790674579205));
#1076 = CARTESIAN_POINT('',(27.390097012275,26.342154726978,
    -7.901507090785));
#1077 = CARTESIAN_POINT('',(27.568019953271,26.155326910002,
    -8.032668138803));
#1078 = CARTESIAN_POINT('',(27.733270475119,25.979112759469,
    -8.18406705363));
#1079 = CARTESIAN_POINT('',(27.939011090261,25.756910676961,
    -8.419658875648));
#1080 = CARTESIAN_POINT('',(27.992827728342,25.698472317571,
    -8.486568790735));
#1081 = CARTESIAN_POINT('',(28.044312014764,25.642280275465,
    -8.556254644765));
#1082 = CARTESIAN_POINT('',(28.093284563396,25.58857491441,
    -8.628672669533));
#1083 = CARTESIAN_POINT('',(28.139558596639,25.537608043454,
    -8.703770525586));
#1084 = CARTESIAN_POINT('',(28.220018993198,25.448646007713,
    -8.847913638737));
#1085 = CARTESIAN_POINT('',(28.254988636395,25.409837537216,
    -8.916260440383));
#1086 = CARTESIAN_POINT('',(28.28769911427,25.37341273328,
    -8.986441531873));
#1087 = CARTESIAN_POINT('',(28.318009162853,25.339558980408,
    -9.058362461195));
#1088 = CARTESIAN_POINT('',(28.345784858043,25.30845522358,
    -9.131920619392));
#1089 = CARTESIAN_POINT('',(28.397598937718,25.250306639194,
    -9.28683455638));
#1090 = CARTESIAN_POINT('',(28.421294321667,25.223637895346,
    -9.368401655671));
#1091 = CARTESIAN_POINT('',(28.441796877888,25.20050783476,
    -9.451476225617));
#1092 = CARTESIAN_POINT('',(28.458955320949,25.181115809031,
    -9.535817877993));
#1093 = CARTESIAN_POINT('',(28.472652924161,25.165616835298,
    -9.621176924463));
#1094 = CARTESIAN_POINT('',(28.488511722868,25.147659416384,
    -9.755695702926));
#1095 = CARTESIAN_POINT('',(28.493096776516,25.142464055719,
    -9.8043244026));
#1096 = CARTESIAN_POINT('',(28.496545743716,25.13855421699,
    -9.853126362225));
#1097 = CARTESIAN_POINT('',(28.498848533255,25.135943106567,
    -9.902045242947));
#1098 = CARTESIAN_POINT('',(28.50000001102,25.134637442618,
    -9.951023135959));
#1099 = CARTESIAN_POINT('',(28.5,25.134637455114,-10.0000005625));
#1100 = PCURVE('',#283,#1101);
#1101 = DEFINITIONAL_REPRESENTATION('',(#1102),#1135);
#1102 = B_SPLINE_CURVE_WITH_KNOTS('',6,(#1103,#1104,#1105,#1106,#1107,
    #1108,#1109,#1110,#1111,#1112,#1113,#1114,#1115,#1116,#1117,#1118,
    #1119,#1120,#1121,#1122,#1123,#1124,#1125,#1126,#1127,#1128,#1129,
    #1130,#1131,#1132,#1133,#1134),.UNSPECIFIED.,.F.,.F.,(7,5,5,5,5,5,7)
  ,(0.,0.169004251877,0.542688840536,0.682360546997,0.801741202988,
    0.928665284639,1.),.UNSPECIFIED.);
#1103 = CARTESIAN_POINT('',(0.809125927741,2.489855547059));
#1104 = CARTESIAN_POINT('',(0.80554748928,2.480963322791));
#1105 = CARTESIAN_POINT('',(0.801984689824,2.467441116258));
#1106 = CARTESIAN_POINT('',(0.798443863819,2.449377627877));
#1107 = CARTESIAN_POINT('',(0.794931392649,2.426851997267));
#1108 = CARTESIAN_POINT('',(0.791453727469,2.399933887637));
#1109 = CARTESIAN_POINT('',(0.780419389449,2.299586124976));
#1110 = CARTESIAN_POINT('',(0.773025406963,2.209325420795));
#1111 = CARTESIAN_POINT('',(0.765897641633,2.098492909215));
#1112 = CARTESIAN_POINT('',(0.759108629615,1.967331861197));
#1113 = CARTESIAN_POINT('',(0.752751483594,1.81593294637));
#1114 = CARTESIAN_POINT('',(0.744782405274,1.580341124352));
#1115 = CARTESIAN_POINT('',(0.742691794012,1.513431209265));
#1116 = CARTESIAN_POINT('',(0.740686240098,1.443745355235));
#1117 = CARTESIAN_POINT('',(0.738773580492,1.371327330467));
#1118 = CARTESIAN_POINT('',(0.736962012027,1.296229474414));
#1119 = CARTESIAN_POINT('',(0.733805420277,1.152086361263));
#1120 = CARTESIAN_POINT('',(0.732430696946,1.083739559617));
#1121 = CARTESIAN_POINT('',(0.731142369713,1.013558468127));
#1122 = CARTESIAN_POINT('',(0.72994658707,0.941637538805));
#1123 = CARTESIAN_POINT('',(0.728849205728,0.868079380608));
#1124 = CARTESIAN_POINT('',(0.726799620148,0.71316544362));
#1125 = CARTESIAN_POINT('',(0.725860809927,0.631598344329));
#1126 = CARTESIAN_POINT('',(0.725047420828,0.548523774383));
#1127 = CARTESIAN_POINT('',(0.724366018452,0.464182122007));
#1128 = CARTESIAN_POINT('',(0.723821693371,0.378823075537));
#1129 = CARTESIAN_POINT('',(0.72319122813,0.244304297074));
#1130 = CARTESIAN_POINT('',(0.723008879481,0.1956755974));
#1131 = CARTESIAN_POINT('',(0.722871678004,0.146873637775));
#1132 = CARTESIAN_POINT('',(0.722780059982,9.795475705294E-02));
#1133 = CARTESIAN_POINT('',(0.722734247375,4.89768640407E-02));
#1134 = CARTESIAN_POINT('',(0.722734247813,-5.625000008692E-07));
#1135 = ( GEOMETRIC_REPRESENTATION_CONTEXT(2) 
PARAMETRIC_REPRESENTATION_CONTEXT() REPRESENTATION_CONTEXT('2D SPACE',''
  ) );
#1136 = PCURVE('',#1137,#1142);
#1137 = CYLINDRICAL_SURFACE('',#1138,2.5);
#1138 = AXIS2_PLACEMENT_3D('',#1139,#1140,#1141);
#1139 = CARTESIAN_POINT('',(26.,2.5,-10.));
#1140 = DIRECTION('',(0.,1.,0.));
#1141 = DIRECTION('',(0.,-0.,1.));
#1142 = DEFINITIONAL_REPRESENTATION('',(#1143),#1176);
#1143 = B_SPLINE_CURVE_WITH_KNOTS('',6,(#1144,#1145,#1146,#1147,#1148,
    #1149,#1150,#1151,#1152,#1153,#1154,#1155,#1156,#1157,#1158,#1159,
    #1160,#1161,#1162,#1163,#1164,#1165,#1166,#1167,#1168,#1169,#1170,
    #1171,#1172,#1173,#1174,#1175),.UNSPECIFIED.,.F.,.F.,(7,5,5,5,5,5,7)
  ,(0.,0.169004251877,0.542688840536,0.682360546997,0.801741202988,
    0.928665284639,1.),.UNSPECIFIED.);
#1144 = CARTESIAN_POINT('',(9.011690645439E-02,25.0000006));
#1145 = CARTESIAN_POINT('',(0.129640106887,24.906156096243));
#1146 = CARTESIAN_POINT('',(0.168998112408,24.812299155097));
#1147 = CARTESIAN_POINT('',(0.208231166718,24.718604975395));
#1148 = CARTESIAN_POINT('',(0.247376714492,24.625254875368));
#1149 = CARTESIAN_POINT('',(0.286471689043,24.532436627932));
#1150 = CARTESIAN_POINT('',(0.411971301823,24.236720934636));
#1151 = CARTESIAN_POINT('',(0.498308650711,24.036698816088));
#1152 = CARTESIAN_POINT('',(0.585079154153,23.842154726978));
#1153 = CARTESIAN_POINT('',(0.672767694259,23.655326910002));
#1154 = CARTESIAN_POINT('',(0.761861396658,23.479112759469));
#1155 = CARTESIAN_POINT('',(0.886974278374,23.256910676961));
#1156 = CARTESIAN_POINT('',(0.921293201857,23.198472317571));
#1157 = CARTESIAN_POINT('',(0.955905383983,23.142280275465));
#1158 = CARTESIAN_POINT('',(0.990827614927,23.08857491441));
#1159 = CARTESIAN_POINT('',(1.026078981306,23.037608043454));
#1160 = CARTESIAN_POINT('',(1.092110625215,22.948646007713));
#1161 = CARTESIAN_POINT('',(1.122799886127,22.909837537216));
#1162 = CARTESIAN_POINT('',(1.153740100184,22.87341273328));
#1163 = CARTESIAN_POINT('',(1.1849257231,22.839558980408));
#1164 = CARTESIAN_POINT('',(1.216353713837,22.80845522358));
#1165 = CARTESIAN_POINT('',(1.281693474137,22.750306639194));
#1166 = CARTESIAN_POINT('',(1.315641887753,22.723637895346));
#1167 = CARTESIAN_POINT('',(1.349825783036,22.70050783476));
#1168 = CARTESIAN_POINT('',(1.38420908205,22.681115809031));
#1169 = CARTESIAN_POINT('',(1.41875937563,22.665616835298));
#1170 = CARTESIAN_POINT('',(1.472939524402,22.647659416384));
#1171 = CARTESIAN_POINT('',(1.492471902142,22.642464055719));
#1172 = CARTESIAN_POINT('',(1.512033336203,22.63855421699));
#1173 = CARTESIAN_POINT('',(1.531614472982,22.635943106567));
#1174 = CARTESIAN_POINT('',(1.551205581179,22.634637442618));
#1175 = CARTESIAN_POINT('',(1.570796551795,22.634637455114));
#1176 = ( GEOMETRIC_REPRESENTATION_CONTEXT(2) 
PARAMETRIC_REPRESENTATION_CONTEXT() REPRESENTATION_CONTEXT('2D SPACE',''
  ) );
#1177 = ORIENTED_EDGE('',*,*,#1178,.F.);
#1178 = EDGE_CURVE('',#1179,#1064,#1181,.T.);
#1179 = VERTEX_POINT('',#1180);
#1180 = CARTESIAN_POINT('',(26.224988083887,27.5,-10.));
#1181 = SURFACE_CURVE('',#1182,(#1186,#1192),.PCURVE_S1.);
#1182 = LINE('',#1183,#1184);
#1183 = CARTESIAN_POINT('',(26.224988083887,27.5,-10.));
#1184 = VECTOR('',#1185,1.);
#1185 = DIRECTION('',(0.,0.,1.));
#1186 = PCURVE('',#283,#1187);
#1187 = DEFINITIONAL_REPRESENTATION('',(#1188),#1191);
#1188 = B_SPLINE_CURVE_WITH_KNOTS('',1,(#1189,#1190),.UNSPECIFIED.,.F.,
  .F.,(2,2),(-5.999999999062E-07,3.),.PIECEWISE_BEZIER_KNOTS.);
#1189 = CARTESIAN_POINT('',(0.809125904862,-5.999999999062E-07));
#1190 = CARTESIAN_POINT('',(0.809125904862,3.));
#1191 = ( GEOMETRIC_REPRESENTATION_CONTEXT(2) 
PARAMETRIC_REPRESENTATION_CONTEXT() REPRESENTATION_CONTEXT('2D SPACE',''
  ) );
#1192 = PCURVE('',#1193,#1198);
#1193 = PLANE('',#1194);
#1194 = AXIS2_PLACEMENT_3D('',#1195,#1196,#1197);
#1195 = CARTESIAN_POINT('',(26.,27.5,-10.));
#1196 = DIRECTION('',(0.,1.,0.));
#1197 = DIRECTION('',(0.,-0.,1.));
#1198 = DEFINITIONAL_REPRESENTATION('',(#1199),#1202);
#1199 = B_SPLINE_CURVE_WITH_KNOTS('',1,(#1200,#1201),.UNSPECIFIED.,.F.,
  .F.,(2,2),(-5.999999999062E-07,3.),.PIECEWISE_BEZIER_KNOTS.);
#1200 = CARTESIAN_POINT('',(-5.999999999062E-07,0.224988083887));
#1201 = CARTESIAN_POINT('',(3.,0.224988083887));
#1202 = ( GEOMETRIC_REPRESENTATION_CONTEXT(2) 
PARAMETRIC_REPRESENTATION_CONTEXT() REPRESENTATION_CONTEXT('2D SPACE',''
  ) );
#1203 = ORIENTED_EDGE('',*,*,#1204,.T.);
#1204 = EDGE_CURVE('',#1179,#1205,#1207,.T.);
#1205 = VERTEX_POINT('',#1206);
#1206 = CARTESIAN_POINT('',(-26.22498808388,27.5,-10.));
#1207 = SURFACE_CURVE('',#1208,(#1213,#1220),.PCURVE_S1.);
#1208 = CIRCLE('',#1209,38.);
#1209 = AXIS2_PLACEMENT_3D('',#1210,#1211,#1212);
#1210 = CARTESIAN_POINT('',(0.,0.,-10.));
#1211 = DIRECTION('',(0.,0.,1.));
#1212 = DIRECTION('',(1.,0.,-0.));
#1213 = PCURVE('',#283,#1214);
#1214 = DEFINITIONAL_REPRESENTATION('',(#1215),#1219);
#1215 = LINE('',#1216,#1217);
#1216 = CARTESIAN_POINT('',(0.,0.));
#1217 = VECTOR('',#1218,1.);
#1218 = DIRECTION('',(1.,0.));
#1219 = ( GEOMETRIC_REPRESENTATION_CONTEXT(2) 
PARAMETRIC_REPRESENTATION_CONTEXT() REPRESENTATION_CONTEXT('2D SPACE',''
  ) );
#1220 = PCURVE('',#396,#1221);
#1221 = DEFINITIONAL_REPRESENTATION('',(#1222),#1226);
#1222 = CIRCLE('',#1223,38.);
#1223 = AXIS2_PLACEMENT_2D('',#1224,#1225);
#1224 = CARTESIAN_POINT('',(0.,0.));
#1225 = DIRECTION('',(1.,0.));
#1226 = ( GEOMETRIC_REPRESENTATION_CONTEXT(2) 
PARAMETRIC_REPRESENTATION_CONTEXT() REPRESENTATION_CONTEXT('2D SPACE',''
  ) );
#1227 = ORIENTED_EDGE('',*,*,#1228,.T.);
#1228 = EDGE_CURVE('',#1205,#1229,#1231,.T.);
#1229 = VERTEX_POINT('',#1230);
#1230 = CARTESIAN_POINT('',(-26.22498808388,27.5,-7.510144509794));
#1231 = SURFACE_CURVE('',#1232,(#1236,#1242),.PCURVE_S1.);
#1232 = LINE('',#1233,#1234);
#1233 = CARTESIAN_POINT('',(-26.22498808388,27.5,-10.));
#1234 = VECTOR('',#1235,1.);
#1235 = DIRECTION('',(0.,0.,1.));
#1236 = PCURVE('',#283,#1237);
#1237 = DEFINITIONAL_REPRESENTATION('',(#1238),#1241);
#1238 = B_SPLINE_CURVE_WITH_KNOTS('',1,(#1239,#1240),.UNSPECIFIED.,.F.,
  .F.,(2,2),(-5.999999999062E-07,3.),.PIECEWISE_BEZIER_KNOTS.);
#1239 = CARTESIAN_POINT('',(2.332466748727,-5.999999999062E-07));
#1240 = CARTESIAN_POINT('',(2.332466748727,3.));
#1241 = ( GEOMETRIC_REPRESENTATION_CONTEXT(2) 
PARAMETRIC_REPRESENTATION_CONTEXT() REPRESENTATION_CONTEXT('2D SPACE',''
  ) );
#1242 = PCURVE('',#1243,#1248);
#1243 = PLANE('',#1244);
#1244 = AXIS2_PLACEMENT_3D('',#1245,#1246,#1247);
#1245 = CARTESIAN_POINT('',(-26.,27.5,-10.));
#1246 = DIRECTION('',(0.,1.,0.));
#1247 = DIRECTION('',(0.,-0.,1.));
#1248 = DEFINITIONAL_REPRESENTATION('',(#1249),#1252);
#1249 = B_SPLINE_CURVE_WITH_KNOTS('',1,(#1250,#1251),.UNSPECIFIED.,.F.,
  .F.,(2,2),(-5.999999999062E-07,3.),.PIECEWISE_BEZIER_KNOTS.);
#1250 = CARTESIAN_POINT('',(-5.999999999062E-07,-0.224988083887));
#1251 = CARTESIAN_POINT('',(3.,-0.224988083887));
#1252 = ( GEOMETRIC_REPRESENTATION_CONTEXT(2) 
PARAMETRIC_REPRESENTATION_CONTEXT() REPRESENTATION_CONTEXT('2D SPACE',''
  ) );
#1253 = ORIENTED_EDGE('',*,*,#1254,.F.);
#1254 = EDGE_CURVE('',#1255,#1229,#1257,.T.);
#1255 = VERTEX_POINT('',#1256);
#1256 = CARTESIAN_POINT('',(-28.5,25.134637455114,-10.));
#1257 = SURFACE_CURVE('',#1258,(#1281,#1307),.PCURVE_S1.);
#1258 = B_SPLINE_CURVE_WITH_KNOTS('',6,(#1259,#1260,#1261,#1262,#1263,
    #1264,#1265,#1266,#1267,#1268,#1269,#1270,#1271,#1272,#1273,#1274,
    #1275,#1276,#1277,#1278,#1279,#1280),.UNSPECIFIED.,.F.,.F.,(7,5,5,5,
    7),(0.,0.314912234071,0.458149356218,0.835800260196,1.),
  .UNSPECIFIED.);
#1259 = CARTESIAN_POINT('',(-28.5,25.134637455114,-10.0000006));
#1260 = CARTESIAN_POINT('',(-28.50000005214,25.134637395991,
    -9.782743389019));
#1261 = CARTESIAN_POINT('',(-28.47734394457,25.160326539369,
    -9.566838220134));
#1262 = CARTESIAN_POINT('',(-28.43255924022,25.211109856038,
    -9.356014659313));
#1263 = CARTESIAN_POINT('',(-28.36722586537,25.284835185537,
    -9.15391188608));
#1264 = CARTESIAN_POINT('',(-28.28398095985,25.377892749091,
    -8.963814978892));
#1265 = CARTESIAN_POINT('',(-28.14252041764,25.534347321916,
    -8.708515151271));
#1266 = CARTESIAN_POINT('',(-28.09524506762,25.586428858097,
    -8.631441941979));
#1267 = CARTESIAN_POINT('',(-28.04513084295,25.641394178154,
    -8.557179417204));
#1268 = CARTESIAN_POINT('',(-27.99237834789,25.698972022261,
    -8.48578417118));
#1269 = CARTESIAN_POINT('',(-27.93718010344,25.758903669644,
    -8.417303344314));
#1270 = CARTESIAN_POINT('',(-27.72823014689,25.984513809117,
    -8.179005950457));
#1271 = CARTESIAN_POINT('',(-27.56099746242,26.162770808643,
    -8.026724980506));
#1272 = CARTESIAN_POINT('',(-27.3809096855,26.351761508695,
    -7.895074118144));
#1273 = CARTESIAN_POINT('',(-27.19013171588,26.548524375167,
    -7.784147434461));
#1274 = CARTESIAN_POINT('',(-26.9903937075,26.750774142905,
    -7.694202850364));
#1275 = CARTESIAN_POINT('',(-26.69318067089,27.046075971168,
    -7.596149894997));
#1276 = CARTESIAN_POINT('',(-26.60172355846,27.136227390713,
    -7.570523782052));
#1277 = CARTESIAN_POINT('',(-26.50902366352,27.226865153549,
    -7.549041572875));
#1278 = CARTESIAN_POINT('',(-26.4152315634,27.317816884568,
    -7.531767822554));
#1279 = CARTESIAN_POINT('',(-26.32050060446,27.408915832755,
    -7.518775178719));
#1280 = CARTESIAN_POINT('',(-26.22498745471,27.5000006,-7.510144452941)
  );
#1281 = PCURVE('',#283,#1282);
#1282 = DEFINITIONAL_REPRESENTATION('',(#1283),#1306);
#1283 = B_SPLINE_CURVE_WITH_KNOTS('',6,(#1284,#1285,#1286,#1287,#1288,
    #1289,#1290,#1291,#1292,#1293,#1294,#1295,#1296,#1297,#1298,#1299,
    #1300,#1301,#1302,#1303,#1304,#1305),.UNSPECIFIED.,.F.,.F.,(7,5,5,5,
    7),(0.,0.314912234071,0.458149356218,0.835800260196,1.),
  .UNSPECIFIED.);
#1284 = CARTESIAN_POINT('',(2.418858405776,-6.000000006016E-07));
#1285 = CARTESIAN_POINT('',(2.418858407851,0.217256610981));
#1286 = CARTESIAN_POINT('',(2.417957028426,0.433161779866));
#1287 = CARTESIAN_POINT('',(2.416175186142,0.643985340687));
#1288 = CARTESIAN_POINT('',(2.413582886351,0.84608811392));
#1289 = CARTESIAN_POINT('',(2.410297207407,1.036185021108));
#1290 = CARTESIAN_POINT('',(2.404746564313,1.291484848729));
#1291 = CARTESIAN_POINT('',(2.402895565774,1.368558058021));
#1292 = CARTESIAN_POINT('',(2.400938162903,1.442820582796));
#1293 = CARTESIAN_POINT('',(2.398883175208,1.51421582882));
#1294 = CARTESIAN_POINT('',(2.396739028153,1.582696655686));
#1295 = CARTESIAN_POINT('',(2.388646761601,1.820994049543));
#1296 = CARTESIAN_POINT('',(2.382214724453,1.973275019494));
#1297 = CARTESIAN_POINT('',(2.375345218158,2.104925881856));
#1298 = CARTESIAN_POINT('',(2.368133411666,2.215852565539));
#1299 = CARTESIAN_POINT('',(2.360653382971,2.305797149636));
#1300 = CARTESIAN_POINT('',(2.349627765642,2.403850105003));
#1301 = CARTESIAN_POINT('',(2.346248319987,2.429476217948));
#1302 = CARTESIAN_POINT('',(2.342836586305,2.450958427125));
#1303 = CARTESIAN_POINT('',(2.339398497827,2.468232177446));
#1304 = CARTESIAN_POINT('',(2.335939931218,2.481224821281));
#1305 = CARTESIAN_POINT('',(2.332466725848,2.489855547059));
#1306 = ( GEOMETRIC_REPRESENTATION_CONTEXT(2) 
PARAMETRIC_REPRESENTATION_CONTEXT() REPRESENTATION_CONTEXT('2D SPACE',''
  ) );
#1307 = PCURVE('',#368,#1308);
#1308 = DEFINITIONAL_REPRESENTATION('',(#1309),#1332);
#1309 = B_SPLINE_CURVE_WITH_KNOTS('',6,(#1310,#1311,#1312,#1313,#1314,
    #1315,#1316,#1317,#1318,#1319,#1320,#1321,#1322,#1323,#1324,#1325,
    #1326,#1327,#1328,#1329,#1330,#1331),.UNSPECIFIED.,.F.,.F.,(7,5,5,5,
    7),(0.,0.314912234071,0.458149356218,0.835800260196,1.),
  .UNSPECIFIED.);
#1310 = CARTESIAN_POINT('',(4.712388740385,22.634637455114));
#1311 = CARTESIAN_POINT('',(4.799291624777,22.634637395991));
#1312 = CARTESIAN_POINT('',(4.885653471955,22.660326539369));
#1313 = CARTESIAN_POINT('',(4.971165311671,22.711109856038));
#1314 = CARTESIAN_POINT('',(5.055473967401,22.784835185537));
#1315 = CARTESIAN_POINT('',(5.138123221555,22.877892749091));
#1316 = CARTESIAN_POINT('',(5.254871899998,23.034347321916));
#1317 = CARTESIAN_POINT('',(5.291003369142,23.086428858097));
#1318 = CARTESIAN_POINT('',(5.326789283612,23.141394178154));
#1319 = CARTESIAN_POINT('',(5.362249766678,23.198972022261));
#1320 = CARTESIAN_POINT('',(5.39740239858,23.258903669644));
#1321 = CARTESIAN_POINT('',(5.524175097383,23.484513809117));
#1322 = CARTESIAN_POINT('',(5.614076675218,23.662770808643));
#1323 = CARTESIAN_POINT('',(5.702559517968,23.851761508695));
#1324 = CARTESIAN_POINT('',(5.790124214724,24.048524375167));
#1325 = CARTESIAN_POINT('',(5.877269187307,24.250774142905));
#1326 = CARTESIAN_POINT('',(6.002457027733,24.546075971168));
#1327 = CARTESIAN_POINT('',(6.040409543194,24.636227390713));
#1328 = CARTESIAN_POINT('',(6.078413119395,24.726865153549));
#1329 = CARTESIAN_POINT('',(6.116501144382,24.817816884568));
#1330 = CARTESIAN_POINT('',(6.154707480607,24.908915832755));
#1331 = CARTESIAN_POINT('',(6.193068400725,25.0000006));
#1332 = ( GEOMETRIC_REPRESENTATION_CONTEXT(2) 
PARAMETRIC_REPRESENTATION_CONTEXT() REPRESENTATION_CONTEXT('2D SPACE',''
  ) );
#1333 = ORIENTED_EDGE('',*,*,#1334,.T.);
#1334 = EDGE_CURVE('',#1255,#244,#1335,.T.);
#1335 = SURFACE_CURVE('',#1336,(#1341,#1348),.PCURVE_S1.);
#1336 = CIRCLE('',#1337,38.);
#1337 = AXIS2_PLACEMENT_3D('',#1338,#1339,#1340);
#1338 = CARTESIAN_POINT('',(0.,0.,-10.));
#1339 = DIRECTION('',(0.,0.,1.));
#1340 = DIRECTION('',(1.,0.,-0.));
#1341 = PCURVE('',#283,#1342);
#1342 = DEFINITIONAL_REPRESENTATION('',(#1343),#1347);
#1343 = LINE('',#1344,#1345);
#1344 = CARTESIAN_POINT('',(0.,0.));
#1345 = VECTOR('',#1346,1.);
#1346 = DIRECTION('',(1.,0.));
#1347 = ( GEOMETRIC_REPRESENTATION_CONTEXT(2) 
PARAMETRIC_REPRESENTATION_CONTEXT() REPRESENTATION_CONTEXT('2D SPACE',''
  ) );
#1348 = PCURVE('',#339,#1349);
#1349 = DEFINITIONAL_REPRESENTATION('',(#1350),#1354);
#1350 = CIRCLE('',#1351,38.);
#1351 = AXIS2_PLACEMENT_2D('',#1352,#1353);
#1352 = CARTESIAN_POINT('',(0.,0.));
#1353 = DIRECTION('',(1.,0.));
#1354 = ( GEOMETRIC_REPRESENTATION_CONTEXT(2) 
PARAMETRIC_REPRESENTATION_CONTEXT() REPRESENTATION_CONTEXT('2D SPACE',''
  ) );
#1355 = ORIENTED_EDGE('',*,*,#268,.T.);
#1356 = ORIENTED_EDGE('',*,*,#902,.T.);
#1357 = ORIENTED_EDGE('',*,*,#1358,.T.);
#1358 = EDGE_CURVE('',#903,#953,#1359,.T.);
#1359 = SURFACE_CURVE('',#1360,(#1365,#1372),.PCURVE_S1.);
#1360 = CIRCLE('',#1361,38.);
#1361 = AXIS2_PLACEMENT_3D('',#1362,#1363,#1364);
#1362 = CARTESIAN_POINT('',(0.,0.,-10.));
#1363 = DIRECTION('',(0.,0.,1.));
#1364 = DIRECTION('',(1.,0.,-0.));
#1365 = PCURVE('',#283,#1366);
#1366 = DEFINITIONAL_REPRESENTATION('',(#1367),#1371);
#1367 = LINE('',#1368,#1369);
#1368 = CARTESIAN_POINT('',(0.,0.));
#1369 = VECTOR('',#1370,1.);
#1370 = DIRECTION('',(1.,0.));
#1371 = ( GEOMETRIC_REPRESENTATION_CONTEXT(2) 
PARAMETRIC_REPRESENTATION_CONTEXT() REPRESENTATION_CONTEXT('2D SPACE',''
  ) );
#1372 = PCURVE('',#1022,#1373);
#1373 = DEFINITIONAL_REPRESENTATION('',(#1374),#1378);
#1374 = CIRCLE('',#1375,38.);
#1375 = AXIS2_PLACEMENT_2D('',#1376,#1377);
#1376 = CARTESIAN_POINT('',(42.,22.));
#1377 = DIRECTION('',(1.,0.));
#1378 = ( GEOMETRIC_REPRESENTATION_CONTEXT(2) 
PARAMETRIC_REPRESENTATION_CONTEXT() REPRESENTATION_CONTEXT('2D SPACE',''
  ) );
#1379 = ADVANCED_FACE('',(#1380),#473,.F.);
#1380 = FACE_BOUND('',#1381,.F.);
#1381 = EDGE_LOOP('',(#1382,#1411,#1434,#1456,#1457,#1458,#1479,#1501));
#1382 = ORIENTED_EDGE('',*,*,#1383,.F.);
#1383 = EDGE_CURVE('',#1384,#1384,#1386,.T.);
#1384 = VERTEX_POINT('',#1385);
#1385 = CARTESIAN_POINT('',(3.3,25.,-4.));
#1386 = SURFACE_CURVE('',#1387,(#1392,#1399),.PCURVE_S1.);
#1387 = CIRCLE('',#1388,3.3);
#1388 = AXIS2_PLACEMENT_3D('',#1389,#1390,#1391);
#1389 = CARTESIAN_POINT('',(1.530808498934E-15,25.,-4.));
#1390 = DIRECTION('',(0.,0.,1.));
#1391 = DIRECTION('',(1.,0.,-0.));
#1392 = PCURVE('',#473,#1393);
#1393 = DEFINITIONAL_REPRESENTATION('',(#1394),#1398);
#1394 = LINE('',#1395,#1396);
#1395 = CARTESIAN_POINT('',(0.,26.));
#1396 = VECTOR('',#1397,1.);
#1397 = DIRECTION('',(1.,0.));
#1398 = ( GEOMETRIC_REPRESENTATION_CONTEXT(2) 
PARAMETRIC_REPRESENTATION_CONTEXT() REPRESENTATION_CONTEXT('2D SPACE',''
  ) );
#1399 = PCURVE('',#1400,#1405);
#1400 = PLANE('',#1401);
#1401 = AXIS2_PLACEMENT_3D('',#1402,#1403,#1404);
#1402 = CARTESIAN_POINT('',(1.530808498934E-15,25.,-4.));
#1403 = DIRECTION('',(0.,0.,1.));
#1404 = DIRECTION('',(1.,0.,-0.));
#1405 = DEFINITIONAL_REPRESENTATION('',(#1406),#1410);
#1406 = CIRCLE('',#1407,3.3);
#1407 = AXIS2_PLACEMENT_2D('',#1408,#1409);
#1408 = CARTESIAN_POINT('',(0.,0.));
#1409 = DIRECTION('',(1.,0.));
#1410 = ( GEOMETRIC_REPRESENTATION_CONTEXT(2) 
PARAMETRIC_REPRESENTATION_CONTEXT() REPRESENTATION_CONTEXT('2D SPACE',''
  ) );
#1411 = ORIENTED_EDGE('',*,*,#1412,.F.);
#1412 = EDGE_CURVE('',#1413,#1384,#1415,.T.);
#1413 = VERTEX_POINT('',#1414);
#1414 = CARTESIAN_POINT('',(3.3,25.,-10.));
#1415 = SEAM_CURVE('',#1416,(#1420,#1427),.PCURVE_S1.);
#1416 = LINE('',#1417,#1418);
#1417 = CARTESIAN_POINT('',(3.3,25.,-30.));
#1418 = VECTOR('',#1419,1.);
#1419 = DIRECTION('',(0.,0.,1.));
#1420 = PCURVE('',#473,#1421);
#1421 = DEFINITIONAL_REPRESENTATION('',(#1422),#1426);
#1422 = LINE('',#1423,#1424);
#1423 = CARTESIAN_POINT('',(6.28318530718,-0.));
#1424 = VECTOR('',#1425,1.);
#1425 = DIRECTION('',(0.,1.));
#1426 = ( GEOMETRIC_REPRESENTATION_CONTEXT(2) 
PARAMETRIC_REPRESENTATION_CONTEXT() REPRESENTATION_CONTEXT('2D SPACE',''
  ) );
#1427 = PCURVE('',#473,#1428);
#1428 = DEFINITIONAL_REPRESENTATION('',(#1429),#1433);
#1429 = LINE('',#1430,#1431);
#1430 = CARTESIAN_POINT('',(0.,-0.));
#1431 = VECTOR('',#1432,1.);
#1432 = DIRECTION('',(0.,1.));
#1433 = ( GEOMETRIC_REPRESENTATION_CONTEXT(2) 
PARAMETRIC_REPRESENTATION_CONTEXT() REPRESENTATION_CONTEXT('2D SPACE',''
  ) );
#1434 = ORIENTED_EDGE('',*,*,#1435,.T.);
#1435 = EDGE_CURVE('',#1413,#438,#1436,.T.);
#1436 = SURFACE_CURVE('',#1437,(#1442,#1449),.PCURVE_S1.);
#1437 = CIRCLE('',#1438,3.3);
#1438 = AXIS2_PLACEMENT_3D('',#1439,#1440,#1441);
#1439 = CARTESIAN_POINT('',(1.530808498934E-15,25.,-10.));
#1440 = DIRECTION('',(0.,0.,1.));
#1441 = DIRECTION('',(1.,0.,-0.));
#1442 = PCURVE('',#473,#1443);
#1443 = DEFINITIONAL_REPRESENTATION('',(#1444),#1448);
#1444 = LINE('',#1445,#1446);
#1445 = CARTESIAN_POINT('',(0.,20.));
#1446 = VECTOR('',#1447,1.);
#1447 = DIRECTION('',(1.,0.));
#1448 = ( GEOMETRIC_REPRESENTATION_CONTEXT(2) 
PARAMETRIC_REPRESENTATION_CONTEXT() REPRESENTATION_CONTEXT('2D SPACE',''
  ) );
#1449 = PCURVE('',#396,#1450);
#1450 = DEFINITIONAL_REPRESENTATION('',(#1451),#1455);
#1451 = CIRCLE('',#1452,3.3);
#1452 = AXIS2_PLACEMENT_2D('',#1453,#1454);
#1453 = CARTESIAN_POINT('',(1.530808498934E-15,25.));
#1454 = DIRECTION('',(1.,0.));
#1455 = ( GEOMETRIC_REPRESENTATION_CONTEXT(2) 
PARAMETRIC_REPRESENTATION_CONTEXT() REPRESENTATION_CONTEXT('2D SPACE',''
  ) );
#1456 = ORIENTED_EDGE('',*,*,#460,.F.);
#1457 = ORIENTED_EDGE('',*,*,#598,.T.);
#1458 = ORIENTED_EDGE('',*,*,#1459,.T.);
#1459 = EDGE_CURVE('',#571,#1460,#1462,.T.);
#1460 = VERTEX_POINT('',#1461);
#1461 = CARTESIAN_POINT('',(1.374772708487,22.,-10.));
#1462 = SURFACE_CURVE('',#1463,(#1467,#1473),.PCURVE_S1.);
#1463 = LINE('',#1464,#1465);
#1464 = CARTESIAN_POINT('',(1.374772708487,22.,-30.));
#1465 = VECTOR('',#1466,1.);
#1466 = DIRECTION('',(0.,0.,1.));
#1467 = PCURVE('',#473,#1468);
#1468 = DEFINITIONAL_REPRESENTATION('',(#1469),#1472);
#1469 = B_SPLINE_CURVE_WITH_KNOTS('',1,(#1470,#1471),.UNSPECIFIED.,.F.,
  .F.,(2,2),(0.2,21.8),.PIECEWISE_BEZIER_KNOTS.);
#1470 = CARTESIAN_POINT('',(5.142088646536,0.2));
#1471 = CARTESIAN_POINT('',(5.142088646536,21.8));
#1472 = ( GEOMETRIC_REPRESENTATION_CONTEXT(2) 
PARAMETRIC_REPRESENTATION_CONTEXT() REPRESENTATION_CONTEXT('2D SPACE',''
  ) );
#1473 = PCURVE('',#586,#1474);
#1474 = DEFINITIONAL_REPRESENTATION('',(#1475),#1478);
#1475 = B_SPLINE_CURVE_WITH_KNOTS('',1,(#1476,#1477),.UNSPECIFIED.,.F.,
  .F.,(2,2),(0.2,21.8),.PIECEWISE_BEZIER_KNOTS.);
#1476 = CARTESIAN_POINT('',(-1.8,43.374772708487));
#1477 = CARTESIAN_POINT('',(19.8,43.374772708487));
#1478 = ( GEOMETRIC_REPRESENTATION_CONTEXT(2) 
PARAMETRIC_REPRESENTATION_CONTEXT() REPRESENTATION_CONTEXT('2D SPACE',''
  ) );
#1479 = ORIENTED_EDGE('',*,*,#1480,.T.);
#1480 = EDGE_CURVE('',#1460,#1413,#1481,.T.);
#1481 = SURFACE_CURVE('',#1482,(#1487,#1494),.PCURVE_S1.);
#1482 = CIRCLE('',#1483,3.3);
#1483 = AXIS2_PLACEMENT_3D('',#1484,#1485,#1486);
#1484 = CARTESIAN_POINT('',(1.530808498934E-15,25.,-10.));
#1485 = DIRECTION('',(0.,0.,1.));
#1486 = DIRECTION('',(1.,0.,-0.));
#1487 = PCURVE('',#473,#1488);
#1488 = DEFINITIONAL_REPRESENTATION('',(#1489),#1493);
#1489 = LINE('',#1490,#1491);
#1490 = CARTESIAN_POINT('',(0.,20.));
#1491 = VECTOR('',#1492,1.);
#1492 = DIRECTION('',(1.,0.));
#1493 = ( GEOMETRIC_REPRESENTATION_CONTEXT(2) 
PARAMETRIC_REPRESENTATION_CONTEXT() REPRESENTATION_CONTEXT('2D SPACE',''
  ) );
#1494 = PCURVE('',#396,#1495);
#1495 = DEFINITIONAL_REPRESENTATION('',(#1496),#1500);
#1496 = CIRCLE('',#1497,3.3);
#1497 = AXIS2_PLACEMENT_2D('',#1498,#1499);
#1498 = CARTESIAN_POINT('',(1.530808498934E-15,25.));
#1499 = DIRECTION('',(1.,0.));
#1500 = ( GEOMETRIC_REPRESENTATION_CONTEXT(2) 
PARAMETRIC_REPRESENTATION_CONTEXT() REPRESENTATION_CONTEXT('2D SPACE',''
  ) );
#1501 = ORIENTED_EDGE('',*,*,#1412,.T.);
#1502 = ADVANCED_FACE('',(#1503),#396,.F.);
#1503 = FACE_BOUND('',#1504,.F.);
#1504 = EDGE_LOOP('',(#1505,#1526,#1527,#1548,#1567,#1568,#1589,#1615,
    #1634,#1635,#1636,#1637,#1660));
#1505 = ORIENTED_EDGE('',*,*,#1506,.F.);
#1506 = EDGE_CURVE('',#1179,#1507,#1509,.T.);
#1507 = VERTEX_POINT('',#1508);
#1508 = CARTESIAN_POINT('',(23.5,27.5,-10.));
#1509 = SURFACE_CURVE('',#1510,(#1514,#1520),.PCURVE_S1.);
#1510 = LINE('',#1511,#1512);
#1511 = CARTESIAN_POINT('',(13.,27.5,-10.));
#1512 = VECTOR('',#1513,1.);
#1513 = DIRECTION('',(-1.,0.,0.));
#1514 = PCURVE('',#396,#1515);
#1515 = DEFINITIONAL_REPRESENTATION('',(#1516),#1519);
#1516 = B_SPLINE_CURVE_WITH_KNOTS('',1,(#1517,#1518),.UNSPECIFIED.,.F.,
  .F.,(2,2),(-15.5,-10.5),.PIECEWISE_BEZIER_KNOTS.);
#1517 = CARTESIAN_POINT('',(28.5,27.5));
#1518 = CARTESIAN_POINT('',(23.5,27.5));
#1519 = ( GEOMETRIC_REPRESENTATION_CONTEXT(2) 
PARAMETRIC_REPRESENTATION_CONTEXT() REPRESENTATION_CONTEXT('2D SPACE',''
  ) );
#1520 = PCURVE('',#1193,#1521);
#1521 = DEFINITIONAL_REPRESENTATION('',(#1522),#1525);
#1522 = B_SPLINE_CURVE_WITH_KNOTS('',1,(#1523,#1524),.UNSPECIFIED.,.F.,
  .F.,(2,2),(-15.5,-10.5),.PIECEWISE_BEZIER_KNOTS.);
#1523 = CARTESIAN_POINT('',(0.,2.5));
#1524 = CARTESIAN_POINT('',(0.,-2.5));
#1525 = ( GEOMETRIC_REPRESENTATION_CONTEXT(2) 
PARAMETRIC_REPRESENTATION_CONTEXT() REPRESENTATION_CONTEXT('2D SPACE',''
  ) );
#1526 = ORIENTED_EDGE('',*,*,#1204,.T.);
#1527 = ORIENTED_EDGE('',*,*,#1528,.F.);
#1528 = EDGE_CURVE('',#1529,#1205,#1531,.T.);
#1529 = VERTEX_POINT('',#1530);
#1530 = CARTESIAN_POINT('',(-23.5,27.5,-10.));
#1531 = SURFACE_CURVE('',#1532,(#1536,#1542),.PCURVE_S1.);
#1532 = LINE('',#1533,#1534);
#1533 = CARTESIAN_POINT('',(-13.,27.5,-10.));
#1534 = VECTOR('',#1535,1.);
#1535 = DIRECTION('',(-1.,0.,0.));
#1536 = PCURVE('',#396,#1537);
#1537 = DEFINITIONAL_REPRESENTATION('',(#1538),#1541);
#1538 = B_SPLINE_CURVE_WITH_KNOTS('',1,(#1539,#1540),.UNSPECIFIED.,.F.,
  .F.,(2,2),(10.5,15.5),.PIECEWISE_BEZIER_KNOTS.);
#1539 = CARTESIAN_POINT('',(-23.5,27.5));
#1540 = CARTESIAN_POINT('',(-28.5,27.5));
#1541 = ( GEOMETRIC_REPRESENTATION_CONTEXT(2) 
PARAMETRIC_REPRESENTATION_CONTEXT() REPRESENTATION_CONTEXT('2D SPACE',''
  ) );
#1542 = PCURVE('',#1243,#1543);
#1543 = DEFINITIONAL_REPRESENTATION('',(#1544),#1547);
#1544 = B_SPLINE_CURVE_WITH_KNOTS('',1,(#1545,#1546),.UNSPECIFIED.,.F.,
  .F.,(2,2),(10.5,15.5),.PIECEWISE_BEZIER_KNOTS.);
#1545 = CARTESIAN_POINT('',(0.,2.5));
#1546 = CARTESIAN_POINT('',(0.,-2.5));
#1547 = ( GEOMETRIC_REPRESENTATION_CONTEXT(2) 
PARAMETRIC_REPRESENTATION_CONTEXT() REPRESENTATION_CONTEXT('2D SPACE',''
  ) );
#1548 = ORIENTED_EDGE('',*,*,#1549,.F.);
#1549 = EDGE_CURVE('',#352,#1529,#1550,.T.);
#1550 = SURFACE_CURVE('',#1551,(#1555,#1561),.PCURVE_S1.);
#1551 = LINE('',#1552,#1553);
#1552 = CARTESIAN_POINT('',(-23.5,2.5,-10.));
#1553 = VECTOR('',#1554,1.);
#1554 = DIRECTION('',(0.,1.,0.));
#1555 = PCURVE('',#396,#1556);
#1556 = DEFINITIONAL_REPRESENTATION('',(#1557),#1560);
#1557 = B_SPLINE_CURVE_WITH_KNOTS('',1,(#1558,#1559),.UNSPECIFIED.,.F.,
  .F.,(2,2),(17.9,25.0000006),.PIECEWISE_BEZIER_KNOTS.);
#1558 = CARTESIAN_POINT('',(-23.5,20.4));
#1559 = CARTESIAN_POINT('',(-23.5,27.5000006));
#1560 = ( GEOMETRIC_REPRESENTATION_CONTEXT(2) 
PARAMETRIC_REPRESENTATION_CONTEXT() REPRESENTATION_CONTEXT('2D SPACE',''
  ) );
#1561 = PCURVE('',#368,#1562);
#1562 = DEFINITIONAL_REPRESENTATION('',(#1563),#1566);
#1563 = B_SPLINE_CURVE_WITH_KNOTS('',1,(#1564,#1565),.UNSPECIFIED.,.F.,
  .F.,(2,2),(17.9,25.0000006),.PIECEWISE_BEZIER_KNOTS.);
#1564 = CARTESIAN_POINT('',(1.570796326795,17.9));
#1565 = CARTESIAN_POINT('',(1.570796326795,25.0000006));
#1566 = ( GEOMETRIC_REPRESENTATION_CONTEXT(2) 
PARAMETRIC_REPRESENTATION_CONTEXT() REPRESENTATION_CONTEXT('2D SPACE',''
  ) );
#1567 = ORIENTED_EDGE('',*,*,#380,.T.);
#1568 = ORIENTED_EDGE('',*,*,#1569,.T.);
#1569 = EDGE_CURVE('',#381,#1570,#1572,.T.);
#1570 = VERTEX_POINT('',#1571);
#1571 = CARTESIAN_POINT('',(-22.5,27.5,-10.));
#1572 = SURFACE_CURVE('',#1573,(#1577,#1583),.PCURVE_S1.);
#1573 = LINE('',#1574,#1575);
#1574 = CARTESIAN_POINT('',(-22.5,2.5,-10.));
#1575 = VECTOR('',#1576,1.);
#1576 = DIRECTION('',(0.,1.,0.));
#1577 = PCURVE('',#396,#1578);
#1578 = DEFINITIONAL_REPRESENTATION('',(#1579),#1582);
#1579 = B_SPLINE_CURVE_WITH_KNOTS('',1,(#1580,#1581),.UNSPECIFIED.,.F.,
  .F.,(2,2),(17.9,25.0000006),.PIECEWISE_BEZIER_KNOTS.);
#1580 = CARTESIAN_POINT('',(-22.5,20.4));
#1581 = CARTESIAN_POINT('',(-22.5,27.5000006));
#1582 = ( GEOMETRIC_REPRESENTATION_CONTEXT(2) 
PARAMETRIC_REPRESENTATION_CONTEXT() REPRESENTATION_CONTEXT('2D SPACE',''
  ) );
#1583 = PCURVE('',#425,#1584);
#1584 = DEFINITIONAL_REPRESENTATION('',(#1585),#1588);
#1585 = B_SPLINE_CURVE_WITH_KNOTS('',1,(#1586,#1587),.UNSPECIFIED.,.F.,
  .F.,(2,2),(17.9,25.0000006),.PIECEWISE_BEZIER_KNOTS.);
#1586 = CARTESIAN_POINT('',(4.712388980385,17.9));
#1587 = CARTESIAN_POINT('',(4.712388980385,25.0000006));
#1588 = ( GEOMETRIC_REPRESENTATION_CONTEXT(2) 
PARAMETRIC_REPRESENTATION_CONTEXT() REPRESENTATION_CONTEXT('2D SPACE',''
  ) );
#1589 = ORIENTED_EDGE('',*,*,#1590,.F.);
#1590 = EDGE_CURVE('',#1591,#1570,#1593,.T.);
#1591 = VERTEX_POINT('',#1592);
#1592 = CARTESIAN_POINT('',(-17.5,27.5,-10.));
#1593 = SURFACE_CURVE('',#1594,(#1598,#1604),.PCURVE_S1.);
#1594 = LINE('',#1595,#1596);
#1595 = CARTESIAN_POINT('',(-10.,27.5,-10.));
#1596 = VECTOR('',#1597,1.);
#1597 = DIRECTION('',(-1.,0.,0.));
#1598 = PCURVE('',#396,#1599);
#1599 = DEFINITIONAL_REPRESENTATION('',(#1600),#1603);
#1600 = B_SPLINE_CURVE_WITH_KNOTS('',1,(#1601,#1602),.UNSPECIFIED.,.F.,
  .F.,(2,2),(7.5,12.5),.PIECEWISE_BEZIER_KNOTS.);
#1601 = CARTESIAN_POINT('',(-17.5,27.5));
#1602 = CARTESIAN_POINT('',(-22.5,27.5));
#1603 = ( GEOMETRIC_REPRESENTATION_CONTEXT(2) 
PARAMETRIC_REPRESENTATION_CONTEXT() REPRESENTATION_CONTEXT('2D SPACE',''
  ) );
#1604 = PCURVE('',#1605,#1610);
#1605 = PLANE('',#1606);
#1606 = AXIS2_PLACEMENT_3D('',#1607,#1608,#1609);
#1607 = CARTESIAN_POINT('',(-20.,27.5,-10.));
#1608 = DIRECTION('',(0.,1.,0.));
#1609 = DIRECTION('',(0.,-0.,1.));
#1610 = DEFINITIONAL_REPRESENTATION('',(#1611),#1614);
#1611 = B_SPLINE_CURVE_WITH_KNOTS('',1,(#1612,#1613),.UNSPECIFIED.,.F.,
  .F.,(2,2),(7.5,12.5),.PIECEWISE_BEZIER_KNOTS.);
#1612 = CARTESIAN_POINT('',(0.,2.5));
#1613 = CARTESIAN_POINT('',(0.,-2.5));
#1614 = ( GEOMETRIC_REPRESENTATION_CONTEXT(2) 
PARAMETRIC_REPRESENTATION_CONTEXT() REPRESENTATION_CONTEXT('2D SPACE',''
  ) );
#1615 = ORIENTED_EDGE('',*,*,#1616,.F.);
#1616 = EDGE_CURVE('',#409,#1591,#1617,.T.);
#1617 = SURFACE_CURVE('',#1618,(#1622,#1628),.PCURVE_S1.);
#1618 = LINE('',#1619,#1620);
#1619 = CARTESIAN_POINT('',(-17.5,2.5,-10.));
#1620 = VECTOR('',#1621,1.);
#1621 = DIRECTION('',(0.,1.,0.));
#1622 = PCURVE('',#396,#1623);
#1623 = DEFINITIONAL_REPRESENTATION('',(#1624),#1627);
#1624 = B_SPLINE_CURVE_WITH_KNOTS('',1,(#1625,#1626),.UNSPECIFIED.,.F.,
  .F.,(2,2),(17.9,25.0000006),.PIECEWISE_BEZIER_KNOTS.);
#1625 = CARTESIAN_POINT('',(-17.5,20.4));
#1626 = CARTESIAN_POINT('',(-17.5,27.5000006));
#1627 = ( GEOMETRIC_REPRESENTATION_CONTEXT(2) 
PARAMETRIC_REPRESENTATION_CONTEXT() REPRESENTATION_CONTEXT('2D SPACE',''
  ) );
#1628 = PCURVE('',#425,#1629);
#1629 = DEFINITIONAL_REPRESENTATION('',(#1630),#1633);
#1630 = B_SPLINE_CURVE_WITH_KNOTS('',1,(#1631,#1632),.UNSPECIFIED.,.F.,
  .F.,(2,2),(17.9,25.0000006),.PIECEWISE_BEZIER_KNOTS.);
#1631 = CARTESIAN_POINT('',(1.570796326795,17.9));
#1632 = CARTESIAN_POINT('',(1.570796326795,25.0000006));
#1633 = ( GEOMETRIC_REPRESENTATION_CONTEXT(2) 
PARAMETRIC_REPRESENTATION_CONTEXT() REPRESENTATION_CONTEXT('2D SPACE',''
  ) );
#1634 = ORIENTED_EDGE('',*,*,#437,.T.);
#1635 = ORIENTED_EDGE('',*,*,#1435,.F.);
#1636 = ORIENTED_EDGE('',*,*,#1480,.F.);
#1637 = ORIENTED_EDGE('',*,*,#1638,.T.);
#1638 = EDGE_CURVE('',#1460,#1639,#1641,.T.);
#1639 = VERTEX_POINT('',#1640);
#1640 = CARTESIAN_POINT('',(23.5,22.,-10.));
#1641 = SURFACE_CURVE('',#1642,(#1646,#1653),.PCURVE_S1.);
#1642 = LINE('',#1643,#1644);
#1643 = CARTESIAN_POINT('',(-42.,22.,-10.));
#1644 = VECTOR('',#1645,1.);
#1645 = DIRECTION('',(1.,0.,-0.));
#1646 = PCURVE('',#396,#1647);
#1647 = DEFINITIONAL_REPRESENTATION('',(#1648),#1652);
#1648 = LINE('',#1649,#1650);
#1649 = CARTESIAN_POINT('',(-42.,22.));
#1650 = VECTOR('',#1651,1.);
#1651 = DIRECTION('',(1.,0.));
#1652 = ( GEOMETRIC_REPRESENTATION_CONTEXT(2) 
PARAMETRIC_REPRESENTATION_CONTEXT() REPRESENTATION_CONTEXT('2D SPACE',''
  ) );
#1653 = PCURVE('',#586,#1654);
#1654 = DEFINITIONAL_REPRESENTATION('',(#1655),#1659);
#1655 = LINE('',#1656,#1657);
#1656 = CARTESIAN_POINT('',(18.,0.));
#1657 = VECTOR('',#1658,1.);
#1658 = DIRECTION('',(0.,1.));
#1659 = ( GEOMETRIC_REPRESENTATION_CONTEXT(2) 
PARAMETRIC_REPRESENTATION_CONTEXT() REPRESENTATION_CONTEXT('2D SPACE',''
  ) );
#1660 = ORIENTED_EDGE('',*,*,#1661,.T.);
#1661 = EDGE_CURVE('',#1639,#1507,#1662,.T.);
#1662 = SURFACE_CURVE('',#1663,(#1667,#1673),.PCURVE_S1.);
#1663 = LINE('',#1664,#1665);
#1664 = CARTESIAN_POINT('',(23.5,2.5,-10.));
#1665 = VECTOR('',#1666,1.);
#1666 = DIRECTION('',(0.,1.,0.));
#1667 = PCURVE('',#396,#1668);
#1668 = DEFINITIONAL_REPRESENTATION('',(#1669),#1672);
#1669 = B_SPLINE_CURVE_WITH_KNOTS('',1,(#1670,#1671),.UNSPECIFIED.,.F.,
  .F.,(2,2),(17.9,25.0000006),.PIECEWISE_BEZIER_KNOTS.);
#1670 = CARTESIAN_POINT('',(23.5,20.4));
#1671 = CARTESIAN_POINT('',(23.5,27.5000006));
#1672 = ( GEOMETRIC_REPRESENTATION_CONTEXT(2) 
PARAMETRIC_REPRESENTATION_CONTEXT() REPRESENTATION_CONTEXT('2D SPACE',''
  ) );
#1673 = PCURVE('',#1137,#1674);
#1674 = DEFINITIONAL_REPRESENTATION('',(#1675),#1678);
#1675 = B_SPLINE_CURVE_WITH_KNOTS('',1,(#1676,#1677),.UNSPECIFIED.,.F.,
  .F.,(2,2),(17.9,25.0000006),.PIECEWISE_BEZIER_KNOTS.);
#1676 = CARTESIAN_POINT('',(4.712388980385,17.9));
#1677 = CARTESIAN_POINT('',(4.712388980385,25.0000006));
#1678 = ( GEOMETRIC_REPRESENTATION_CONTEXT(2) 
PARAMETRIC_REPRESENTATION_CONTEXT() REPRESENTATION_CONTEXT('2D SPACE',''
  ) );
#1679 = ADVANCED_FACE('',(#1680),#425,.F.);
#1680 = FACE_BOUND('',#1681,.F.);
#1681 = EDGE_LOOP('',(#1682,#1707,#1729,#1730,#1731,#1732,#1754,#1755));
#1682 = ORIENTED_EDGE('',*,*,#1683,.T.);
#1683 = EDGE_CURVE('',#1684,#1686,#1688,.T.);
#1684 = VERTEX_POINT('',#1685);
#1685 = CARTESIAN_POINT('',(-20.,2.5,-7.5));
#1686 = VERTEX_POINT('',#1687);
#1687 = CARTESIAN_POINT('',(-20.,27.5,-7.5));
#1688 = SEAM_CURVE('',#1689,(#1693,#1700),.PCURVE_S1.);
#1689 = LINE('',#1690,#1691);
#1690 = CARTESIAN_POINT('',(-20.,2.5,-7.5));
#1691 = VECTOR('',#1692,1.);
#1692 = DIRECTION('',(0.,1.,0.));
#1693 = PCURVE('',#425,#1694);
#1694 = DEFINITIONAL_REPRESENTATION('',(#1695),#1699);
#1695 = LINE('',#1696,#1697);
#1696 = CARTESIAN_POINT('',(6.28318530718,-0.));
#1697 = VECTOR('',#1698,1.);
#1698 = DIRECTION('',(0.,1.));
#1699 = ( GEOMETRIC_REPRESENTATION_CONTEXT(2) 
PARAMETRIC_REPRESENTATION_CONTEXT() REPRESENTATION_CONTEXT('2D SPACE',''
  ) );
#1700 = PCURVE('',#425,#1701);
#1701 = DEFINITIONAL_REPRESENTATION('',(#1702),#1706);
#1702 = LINE('',#1703,#1704);
#1703 = CARTESIAN_POINT('',(0.,-0.));
#1704 = VECTOR('',#1705,1.);
#1705 = DIRECTION('',(0.,1.));
#1706 = ( GEOMETRIC_REPRESENTATION_CONTEXT(2) 
PARAMETRIC_REPRESENTATION_CONTEXT() REPRESENTATION_CONTEXT('2D SPACE',''
  ) );
#1707 = ORIENTED_EDGE('',*,*,#1708,.F.);
#1708 = EDGE_CURVE('',#1570,#1686,#1709,.T.);
#1709 = SURFACE_CURVE('',#1710,(#1715,#1722),.PCURVE_S1.);
#1710 = CIRCLE('',#1711,2.5);
#1711 = AXIS2_PLACEMENT_3D('',#1712,#1713,#1714);
#1712 = CARTESIAN_POINT('',(-20.,27.5,-10.));
#1713 = DIRECTION('',(0.,1.,0.));
#1714 = DIRECTION('',(0.,-0.,1.));
#1715 = PCURVE('',#425,#1716);
#1716 = DEFINITIONAL_REPRESENTATION('',(#1717),#1721);
#1717 = LINE('',#1718,#1719);
#1718 = CARTESIAN_POINT('',(0.,25.));
#1719 = VECTOR('',#1720,1.);
#1720 = DIRECTION('',(1.,0.));
#1721 = ( GEOMETRIC_REPRESENTATION_CONTEXT(2) 
PARAMETRIC_REPRESENTATION_CONTEXT() REPRESENTATION_CONTEXT('2D SPACE',''
  ) );
#1722 = PCURVE('',#1605,#1723);
#1723 = DEFINITIONAL_REPRESENTATION('',(#1724),#1728);
#1724 = CIRCLE('',#1725,2.5);
#1725 = AXIS2_PLACEMENT_2D('',#1726,#1727);
#1726 = CARTESIAN_POINT('',(0.,0.));
#1727 = DIRECTION('',(1.,0.));
#1728 = ( GEOMETRIC_REPRESENTATION_CONTEXT(2) 
PARAMETRIC_REPRESENTATION_CONTEXT() REPRESENTATION_CONTEXT('2D SPACE',''
  ) );
#1729 = ORIENTED_EDGE('',*,*,#1569,.F.);
#1730 = ORIENTED_EDGE('',*,*,#408,.F.);
#1731 = ORIENTED_EDGE('',*,*,#1616,.T.);
#1732 = ORIENTED_EDGE('',*,*,#1733,.F.);
#1733 = EDGE_CURVE('',#1686,#1591,#1734,.T.);
#1734 = SURFACE_CURVE('',#1735,(#1740,#1747),.PCURVE_S1.);
#1735 = CIRCLE('',#1736,2.5);
#1736 = AXIS2_PLACEMENT_3D('',#1737,#1738,#1739);
#1737 = CARTESIAN_POINT('',(-20.,27.5,-10.));
#1738 = DIRECTION('',(0.,1.,0.));
#1739 = DIRECTION('',(0.,-0.,1.));
#1740 = PCURVE('',#425,#1741);
#1741 = DEFINITIONAL_REPRESENTATION('',(#1742),#1746);
#1742 = LINE('',#1743,#1744);
#1743 = CARTESIAN_POINT('',(0.,25.));
#1744 = VECTOR('',#1745,1.);
#1745 = DIRECTION('',(1.,0.));
#1746 = ( GEOMETRIC_REPRESENTATION_CONTEXT(2) 
PARAMETRIC_REPRESENTATION_CONTEXT() REPRESENTATION_CONTEXT('2D SPACE',''
  ) );
#1747 = PCURVE('',#1605,#1748);
#1748 = DEFINITIONAL_REPRESENTATION('',(#1749),#1753);
#1749 = CIRCLE('',#1750,2.5);
#1750 = AXIS2_PLACEMENT_2D('',#1751,#1752);
#1751 = CARTESIAN_POINT('',(0.,0.));
#1752 = DIRECTION('',(1.,0.));
#1753 = ( GEOMETRIC_REPRESENTATION_CONTEXT(2) 
PARAMETRIC_REPRESENTATION_CONTEXT() REPRESENTATION_CONTEXT('2D SPACE',''
  ) );
#1754 = ORIENTED_EDGE('',*,*,#1683,.F.);
#1755 = ORIENTED_EDGE('',*,*,#1756,.T.);
#1756 = EDGE_CURVE('',#1684,#1684,#1757,.T.);
#1757 = SURFACE_CURVE('',#1758,(#1763,#1770),.PCURVE_S1.);
#1758 = CIRCLE('',#1759,2.5);
#1759 = AXIS2_PLACEMENT_3D('',#1760,#1761,#1762);
#1760 = CARTESIAN_POINT('',(-20.,2.5,-10.));
#1761 = DIRECTION('',(0.,1.,0.));
#1762 = DIRECTION('',(0.,-0.,1.));
#1763 = PCURVE('',#425,#1764);
#1764 = DEFINITIONAL_REPRESENTATION('',(#1765),#1769);
#1765 = LINE('',#1766,#1767);
#1766 = CARTESIAN_POINT('',(0.,0.));
#1767 = VECTOR('',#1768,1.);
#1768 = DIRECTION('',(1.,0.));
#1769 = ( GEOMETRIC_REPRESENTATION_CONTEXT(2) 
PARAMETRIC_REPRESENTATION_CONTEXT() REPRESENTATION_CONTEXT('2D SPACE',''
  ) );
#1770 = PCURVE('',#1771,#1776);
#1771 = PLANE('',#1772);
#1772 = AXIS2_PLACEMENT_3D('',#1773,#1774,#1775);
#1773 = CARTESIAN_POINT('',(-20.,2.5,-10.));
#1774 = DIRECTION('',(0.,1.,0.));
#1775 = DIRECTION('',(0.,-0.,1.));
#1776 = DEFINITIONAL_REPRESENTATION('',(#1777),#1781);
#1777 = CIRCLE('',#1778,2.5);
#1778 = AXIS2_PLACEMENT_2D('',#1779,#1780);
#1779 = CARTESIAN_POINT('',(0.,0.));
#1780 = DIRECTION('',(1.,0.));
#1781 = ( GEOMETRIC_REPRESENTATION_CONTEXT(2) 
PARAMETRIC_REPRESENTATION_CONTEXT() REPRESENTATION_CONTEXT('2D SPACE',''
  ) );
#1782 = ADVANCED_FACE('',(#1783),#368,.F.);
#1783 = FACE_BOUND('',#1784,.F.);
#1784 = EDGE_LOOP('',(#1785,#1810,#1832,#1833,#1852,#1853,#1854,#1876,
    #1877,#2137,#2166));
#1785 = ORIENTED_EDGE('',*,*,#1786,.T.);
#1786 = EDGE_CURVE('',#1787,#1789,#1791,.T.);
#1787 = VERTEX_POINT('',#1788);
#1788 = CARTESIAN_POINT('',(-26.,3.144837038703,-7.5));
#1789 = VERTEX_POINT('',#1790);
#1790 = CARTESIAN_POINT('',(-26.,27.5,-7.5));
#1791 = SEAM_CURVE('',#1792,(#1796,#1803),.PCURVE_S1.);
#1792 = LINE('',#1793,#1794);
#1793 = CARTESIAN_POINT('',(-26.,2.5,-7.5));
#1794 = VECTOR('',#1795,1.);
#1795 = DIRECTION('',(0.,1.,0.));
#1796 = PCURVE('',#368,#1797);
#1797 = DEFINITIONAL_REPRESENTATION('',(#1798),#1802);
#1798 = LINE('',#1799,#1800);
#1799 = CARTESIAN_POINT('',(6.28318530718,-0.));
#1800 = VECTOR('',#1801,1.);
#1801 = DIRECTION('',(0.,1.));
#1802 = ( GEOMETRIC_REPRESENTATION_CONTEXT(2) 
PARAMETRIC_REPRESENTATION_CONTEXT() REPRESENTATION_CONTEXT('2D SPACE',''
  ) );
#1803 = PCURVE('',#368,#1804);
#1804 = DEFINITIONAL_REPRESENTATION('',(#1805),#1809);
#1805 = LINE('',#1806,#1807);
#1806 = CARTESIAN_POINT('',(0.,-0.));
#1807 = VECTOR('',#1808,1.);
#1808 = DIRECTION('',(0.,1.));
#1809 = ( GEOMETRIC_REPRESENTATION_CONTEXT(2) 
PARAMETRIC_REPRESENTATION_CONTEXT() REPRESENTATION_CONTEXT('2D SPACE',''
  ) );
#1810 = ORIENTED_EDGE('',*,*,#1811,.F.);
#1811 = EDGE_CURVE('',#1229,#1789,#1812,.T.);
#1812 = SURFACE_CURVE('',#1813,(#1818,#1825),.PCURVE_S1.);
#1813 = CIRCLE('',#1814,2.5);
#1814 = AXIS2_PLACEMENT_3D('',#1815,#1816,#1817);
#1815 = CARTESIAN_POINT('',(-26.,27.5,-10.));
#1816 = DIRECTION('',(0.,1.,0.));
#1817 = DIRECTION('',(0.,-0.,1.));
#1818 = PCURVE('',#368,#1819);
#1819 = DEFINITIONAL_REPRESENTATION('',(#1820),#1824);
#1820 = LINE('',#1821,#1822);
#1821 = CARTESIAN_POINT('',(0.,25.));
#1822 = VECTOR('',#1823,1.);
#1823 = DIRECTION('',(1.,0.));
#1824 = ( GEOMETRIC_REPRESENTATION_CONTEXT(2) 
PARAMETRIC_REPRESENTATION_CONTEXT() REPRESENTATION_CONTEXT('2D SPACE',''
  ) );
#1825 = PCURVE('',#1243,#1826);
#1826 = DEFINITIONAL_REPRESENTATION('',(#1827),#1831);
#1827 = CIRCLE('',#1828,2.5);
#1828 = AXIS2_PLACEMENT_2D('',#1829,#1830);
#1829 = CARTESIAN_POINT('',(0.,0.));
#1830 = DIRECTION('',(1.,0.));
#1831 = ( GEOMETRIC_REPRESENTATION_CONTEXT(2) 
PARAMETRIC_REPRESENTATION_CONTEXT() REPRESENTATION_CONTEXT('2D SPACE',''
  ) );
#1832 = ORIENTED_EDGE('',*,*,#1254,.F.);
#1833 = ORIENTED_EDGE('',*,*,#1834,.F.);
#1834 = EDGE_CURVE('',#324,#1255,#1835,.T.);
#1835 = SURFACE_CURVE('',#1836,(#1840,#1846),.PCURVE_S1.);
#1836 = LINE('',#1837,#1838);
#1837 = CARTESIAN_POINT('',(-28.5,2.5,-10.));
#1838 = VECTOR('',#1839,1.);
#1839 = DIRECTION('',(0.,1.,0.));
#1840 = PCURVE('',#368,#1841);
#1841 = DEFINITIONAL_REPRESENTATION('',(#1842),#1845);
#1842 = B_SPLINE_CURVE_WITH_KNOTS('',1,(#1843,#1844),.UNSPECIFIED.,.F.,
  .F.,(2,2),(17.9,25.0000006),.PIECEWISE_BEZIER_KNOTS.);
#1843 = CARTESIAN_POINT('',(4.712388980385,17.9));
#1844 = CARTESIAN_POINT('',(4.712388980385,25.0000006));
#1845 = ( GEOMETRIC_REPRESENTATION_CONTEXT(2) 
PARAMETRIC_REPRESENTATION_CONTEXT() REPRESENTATION_CONTEXT('2D SPACE',''
  ) );
#1846 = PCURVE('',#339,#1847);
#1847 = DEFINITIONAL_REPRESENTATION('',(#1848),#1851);
#1848 = B_SPLINE_CURVE_WITH_KNOTS('',1,(#1849,#1850),.UNSPECIFIED.,.F.,
  .F.,(2,2),(17.9,25.0000006),.PIECEWISE_BEZIER_KNOTS.);
#1849 = CARTESIAN_POINT('',(-28.5,20.4));
#1850 = CARTESIAN_POINT('',(-28.5,27.5000006));
#1851 = ( GEOMETRIC_REPRESENTATION_CONTEXT(2) 
PARAMETRIC_REPRESENTATION_CONTEXT() REPRESENTATION_CONTEXT('2D SPACE',''
  ) );
#1852 = ORIENTED_EDGE('',*,*,#351,.F.);
#1853 = ORIENTED_EDGE('',*,*,#1549,.T.);
#1854 = ORIENTED_EDGE('',*,*,#1855,.F.);
#1855 = EDGE_CURVE('',#1789,#1529,#1856,.T.);
#1856 = SURFACE_CURVE('',#1857,(#1862,#1869),.PCURVE_S1.);
#1857 = CIRCLE('',#1858,2.5);
#1858 = AXIS2_PLACEMENT_3D('',#1859,#1860,#1861);
#1859 = CARTESIAN_POINT('',(-26.,27.5,-10.));
#1860 = DIRECTION('',(0.,1.,0.));
#1861 = DIRECTION('',(0.,-0.,1.));
#1862 = PCURVE('',#368,#1863);
#1863 = DEFINITIONAL_REPRESENTATION('',(#1864),#1868);
#1864 = LINE('',#1865,#1866);
#1865 = CARTESIAN_POINT('',(0.,25.));
#1866 = VECTOR('',#1867,1.);
#1867 = DIRECTION('',(1.,0.));
#1868 = ( GEOMETRIC_REPRESENTATION_CONTEXT(2) 
PARAMETRIC_REPRESENTATION_CONTEXT() REPRESENTATION_CONTEXT('2D SPACE',''
  ) );
#1869 = PCURVE('',#1243,#1870);
#1870 = DEFINITIONAL_REPRESENTATION('',(#1871),#1875);
#1871 = CIRCLE('',#1872,2.5);
#1872 = AXIS2_PLACEMENT_2D('',#1873,#1874);
#1873 = CARTESIAN_POINT('',(0.,0.));
#1874 = DIRECTION('',(1.,0.));
#1875 = ( GEOMETRIC_REPRESENTATION_CONTEXT(2) 
PARAMETRIC_REPRESENTATION_CONTEXT() REPRESENTATION_CONTEXT('2D SPACE',''
  ) );
#1876 = ORIENTED_EDGE('',*,*,#1786,.F.);
#1877 = ORIENTED_EDGE('',*,*,#1878,.T.);
#1878 = EDGE_CURVE('',#1787,#1879,#1881,.T.);
#1879 = VERTEX_POINT('',#1880);
#1880 = CARTESIAN_POINT('',(-27.15406592285,2.5,-12.2176861468));
#1881 = SURFACE_CURVE('',#1882,(#1965,#2051),.PCURVE_S1.);
#1882 = B_SPLINE_CURVE_WITH_KNOTS('',6,(#1883,#1884,#1885,#1886,#1887,
    #1888,#1889,#1890,#1891,#1892,#1893,#1894,#1895,#1896,#1897,#1898,
    #1899,#1900,#1901,#1902,#1903,#1904,#1905,#1906,#1907,#1908,#1909,
    #1910,#1911,#1912,#1913,#1914,#1915,#1916,#1917,#1918,#1919,#1920,
    #1921,#1922,#1923,#1924,#1925,#1926,#1927,#1928,#1929,#1930,#1931,
    #1932,#1933,#1934,#1935,#1936,#1937,#1938,#1939,#1940,#1941,#1942,
    #1943,#1944,#1945,#1946,#1947,#1948,#1949,#1950,#1951,#1952,#1953,
    #1954,#1955,#1956,#1957,#1958,#1959,#1960,#1961,#1962,#1963,#1964),
  .UNSPECIFIED.,.F.,.F.,(7,5,5,5,5,5,5,5,5,5,5,5,5,5,5,5,7),(0.,
    4.072050643502E-02,0.100996834383,0.177814817687,0.209993179341,
    0.300878780854,0.36208770586,0.430166381775,0.559429253746,
    0.649285884131,0.72362893133,0.779585588366,0.821035848685,
    0.860954255371,0.879721970946,0.913136070226,1.),.UNSPECIFIED.);
#1883 = CARTESIAN_POINT('',(-26.,3.144837038703,-7.5));
#1884 = CARTESIAN_POINT('',(-25.93231257714,3.166360386978,-7.5));
#1885 = CARTESIAN_POINT('',(-25.86371253387,3.186248944508,
    -7.502199170137));
#1886 = CARTESIAN_POINT('',(-25.79445101529,3.204384746892,
    -7.506708665399));
#1887 = CARTESIAN_POINT('',(-25.72478349245,3.220689986013,
    -7.513602337417));
#1888 = CARTESIAN_POINT('',(-25.65496748649,3.235125110991,
    -7.522915186894));
#1889 = CARTESIAN_POINT('',(-25.48207656449,3.26628149824,-7.55200010074
    ));
#1890 = CARTESIAN_POINT('',(-25.37932215009,3.280737193441,
    -7.574615293812));
#1891 = CARTESIAN_POINT('',(-25.27776521153,3.291082588307,
    -7.602443067626));
#1892 = CARTESIAN_POINT('',(-25.17816742648,3.297504369664,
    -7.635267608081));
#1893 = CARTESIAN_POINT('',(-25.08126460838,3.300324478897,
    -7.672687022907));
#1894 = CARTESIAN_POINT('',(-24.86856606168,3.299534738346,
    -7.766875112858));
#1895 = CARTESIAN_POINT('',(-24.75488521285,3.293947851229,
    -7.826134460827));
#1896 = CARTESIAN_POINT('',(-24.64700962237,3.284106316582,
    -7.891125204427));
#1897 = CARTESIAN_POINT('',(-24.54517028887,3.270866459976,
    -7.96109835248));
#1898 = CARTESIAN_POINT('',(-24.44952279681,3.255038426672,
    -8.035301215893));
#1899 = CARTESIAN_POINT('',(-24.32270650425,3.229973679974,
    -8.145506331496));
#1900 = CARTESIAN_POINT('',(-24.28633350427,3.222244841041,
    -8.178679599185));
#1901 = CARTESIAN_POINT('',(-24.2510180948,3.214237251822,-8.21245241359
    ));
#1902 = CARTESIAN_POINT('',(-24.21675040684,3.205998327688,
    -8.246790052325));
#1903 = CARTESIAN_POINT('',(-24.18351935386,3.197572531188,
    -8.281661571561));
#1904 = CARTESIAN_POINT('',(-24.06034692806,3.164792714029,
    -8.416963231408));
#1905 = CARTESIAN_POINT('',(-23.97753521714,3.139420264205,
    -8.520949187752));
#1906 = CARTESIAN_POINT('',(-23.90263143917,3.113823194047,
    -8.62837043025));
#1907 = CARTESIAN_POINT('',(-23.83540893331,3.088794124133,
    -8.73875521776));
#1908 = CARTESIAN_POINT('',(-23.77568679038,3.065008586818,
    -8.85175212544));
#1909 = CARTESIAN_POINT('',(-23.68811301218,3.028269014493,
    -9.044774979579));
#1910 = CARTESIAN_POINT('',(-23.65622592205,3.014315510168,
    -9.12351116941));
#1911 = CARTESIAN_POINT('',(-23.62768107311,3.001381235695,
    -9.203176407503));
#1912 = CARTESIAN_POINT('',(-23.60246709177,2.989631114295,
    -9.283654469349));
#1913 = CARTESIAN_POINT('',(-23.58057721083,2.979205334715,
    -9.364839597477));
#1914 = CARTESIAN_POINT('',(-23.5413618385,2.960219765734,
    -9.537613144702));
#1915 = CARTESIAN_POINT('',(-23.52482532644,2.95200106003,
    -9.629342420995));
#1916 = CARTESIAN_POINT('',(-23.51241560089,2.945723756805,
    -9.721629484609));
#1917 = CARTESIAN_POINT('',(-23.504139451,2.941499955563,-9.814287128606
    ));
#1918 = CARTESIAN_POINT('',(-23.5,2.93938769134,-9.907135142878));
#1919 = CARTESIAN_POINT('',(-23.5,2.93938769134,-10.17632508234));
#1920 = CARTESIAN_POINT('',(-23.51492319415,2.947003015183,
    -10.35233267951));
#1921 = CARTESIAN_POINT('',(-23.54467054592,2.962184010138,
    -10.52703149848));
#1922 = CARTESIAN_POINT('',(-23.58924478456,2.984213132497,
    -10.69938192302));
#1923 = CARTESIAN_POINT('',(-23.64870232406,3.011723774469,
    -10.86819191624));
#1924 = CARTESIAN_POINT('',(-23.77458070304,3.06455241874,
    -11.14592549819));
#1925 = CARTESIAN_POINT('',(-23.83340613702,3.088004771219,
    -11.25753465243));
#1926 = CARTESIAN_POINT('',(-23.89954107879,3.112679978968,
    -11.36660275536));
#1927 = CARTESIAN_POINT('',(-23.97315806646,3.137929052804,
    -11.47279223568));
#1928 = CARTESIAN_POINT('',(-24.05447344272,3.162992258494,
    -11.57565213205));
#1929 = CARTESIAN_POINT('',(-24.21756371315,3.206811426025,
    -11.75643763418));
#1930 = CARTESIAN_POINT('',(-24.29689954036,3.225926407945,
    -11.83567356222));
#1931 = CARTESIAN_POINT('',(-24.38184148498,3.243792975632,
    -11.91189911339));
#1932 = CARTESIAN_POINT('',(-24.47247573199,3.259816577109,
    -11.98464766185));
#1933 = CARTESIAN_POINT('',(-24.56885695877,3.273324604609,
    -12.05338089622));
#1934 = CARTESIAN_POINT('',(-24.74788415868,3.291262350228,
    -12.16574357953));
#1935 = CARTESIAN_POINT('',(-24.82809215678,3.29711707273,
    -12.21141508393));
#1936 = CARTESIAN_POINT('',(-24.91140492929,3.300769736409,
    -12.25408763631));
#1937 = CARTESIAN_POINT('',(-24.99756988708,3.301880057825,
    -12.29340085052));
#1938 = CARTESIAN_POINT('',(-25.08630785153,3.300129973364,
    -12.32904603448));
#1939 = CARTESIAN_POINT('',(-25.24473489393,3.291604925959,
    -12.38425492712));
#1940 = CARTESIAN_POINT('',(-25.31335040163,3.286252809224,
    -12.40557531181));
#1941 = CARTESIAN_POINT('',(-25.38290736923,3.279071083651,
    -12.42457627673));
#1942 = CARTESIAN_POINT('',(-25.4531407826,3.269986558332,
    -12.44115942552));
#1943 = CARTESIAN_POINT('',(-25.52378127753,3.258961587961,
    -12.45527196742));
#1944 = CARTESIAN_POINT('',(-25.66271974553,3.233512701053,
    -12.47810683833));
#1945 = CARTESIAN_POINT('',(-25.73096094755,3.219238026125,
    -12.48700139952));
#1946 = CARTESIAN_POINT('',(-25.79904249574,3.203178859924,
    -12.49358597282));
#1947 = CARTESIAN_POINT('',(-25.86672485027,3.185373628427,
    -12.49789509943));
#1948 = CARTESIAN_POINT('',(-25.93377040956,3.165895560715,
    -12.49999855765));
#1949 = CARTESIAN_POINT('',(-26.03105789393,3.134961795806,
    -12.50000067724));
#1950 = CARTESIAN_POINT('',(-26.06198539564,3.12472125509,
    -12.49953665083));
#1951 = CARTESIAN_POINT('',(-26.09270861192,3.114142389635,
    -12.49861848422));
#1952 = CARTESIAN_POINT('',(-26.12321021324,3.103235307203,
    -12.49725756992));
#1953 = CARTESIAN_POINT('',(-26.15347496643,3.092010569321,
    -12.49546612886));
#1954 = CARTESIAN_POINT('',(-26.23692812162,3.059948689867,
    -12.48932444511));
#1955 = CARTESIAN_POINT('',(-26.28955520692,3.038453240911,
    -12.48406953852));
#1956 = CARTESIAN_POINT('',(-26.34132158488,3.016046292788,
    -12.47756492796));
#1957 = CARTESIAN_POINT('',(-26.39218097536,2.992785793704,
    -12.46988508681));
#1958 = CARTESIAN_POINT('',(-26.44209022373,2.968734191684,
    -12.4611065246));
#1959 = CARTESIAN_POINT('',(-26.61818026706,2.879550903862,
    -12.42583480167));
#1960 = CARTESIAN_POINT('',(-26.73853280658,2.810313154546,
    -12.39349331553));
#1961 = CARTESIAN_POINT('',(-26.8520990972,2.737081011517,
    -12.35554556783));
#1962 = CARTESIAN_POINT('',(-26.9590396977,2.660575787329,
    -12.31303998746));
#1963 = CARTESIAN_POINT('',(-27.05959998967,2.581394384864,
    -12.2668454916));
#1964 = CARTESIAN_POINT('',(-27.15406661921,2.4999994,-12.21768578442));
#1965 = PCURVE('',#368,#1966);
#1966 = DEFINITIONAL_REPRESENTATION('',(#1967),#2050);
#1967 = B_SPLINE_CURVE_WITH_KNOTS('',6,(#1968,#1969,#1970,#1971,#1972,
    #1973,#1974,#1975,#1976,#1977,#1978,#1979,#1980,#1981,#1982,#1983,
    #1984,#1985,#1986,#1987,#1988,#1989,#1990,#1991,#1992,#1993,#1994,
    #1995,#1996,#1997,#1998,#1999,#2000,#2001,#2002,#2003,#2004,#2005,
    #2006,#2007,#2008,#2009,#2010,#2011,#2012,#2013,#2014,#2015,#2016,
    #2017,#2018,#2019,#2020,#2021,#2022,#2023,#2024,#2025,#2026,#2027,
    #2028,#2029,#2030,#2031,#2032,#2033,#2034,#2035,#2036,#2037,#2038,
    #2039,#2040,#2041,#2042,#2043,#2044,#2045,#2046,#2047,#2048,#2049),
  .UNSPECIFIED.,.F.,.F.,(7,5,5,5,5,5,5,5,5,5,5,5,5,5,5,5,7),(0.,
    4.072050643502E-02,0.100996834383,0.177814817687,0.209993179341,
    0.300878780854,0.36208770586,0.430166381775,0.559429253746,
    0.649285884131,0.72362893133,0.779585588366,0.821035848685,
    0.860954255371,0.879721970946,0.913136070226,1.),.UNSPECIFIED.);
#1968 = CARTESIAN_POINT('',(0.,0.644837038703));
#1969 = CARTESIAN_POINT('',(2.707496914088E-02,0.666360386978));
#1970 = CARTESIAN_POINT('',(5.451499543558E-02,0.686248944508));
#1971 = CARTESIAN_POINT('',(8.225530245401E-02,0.704384746892));
#1972 = CARTESIAN_POINT('',(0.11023433119,0.720689986013));
#1973 = CARTESIAN_POINT('',(0.138391741471,0.735125110991));
#1974 = CARTESIAN_POINT('',(0.208519856375,0.76628149824));
#1975 = CARTESIAN_POINT('',(0.25055286202,0.780737193441));
#1976 = CARTESIAN_POINT('',(0.292591099009,0.791082588307));
#1977 = CARTESIAN_POINT('',(0.334458143037,0.797504369664));
#1978 = CARTESIAN_POINT('',(0.375960167058,0.800324478897));
#1979 = CARTESIAN_POINT('',(0.469008170204,0.799534738346));
#1980 = CARTESIAN_POINT('',(0.520184069775,0.793947851229));
#1981 = CARTESIAN_POINT('',(0.570419646324,0.784106316582));
#1982 = CARTESIAN_POINT('',(0.619718305122,0.770866459976));
#1983 = CARTESIAN_POINT('',(0.668065641785,0.755038426672));
#1984 = CARTESIAN_POINT('',(0.735269855418,0.729973679974));
#1985 = CARTESIAN_POINT('',(0.754955688489,0.722244841041));
#1986 = CARTESIAN_POINT('',(0.774493501017,0.714237251822));
#1987 = CARTESIAN_POINT('',(0.793890196088,0.705998327688));
#1988 = CARTESIAN_POINT('',(0.813153121494,0.697572531188));
#1989 = CARTESIAN_POINT('',(0.886341082948,0.664792714029));
#1990 = CARTESIAN_POINT('',(0.939398233548,0.639420264205));
#1991 = CARTESIAN_POINT('',(0.991625796316,0.613823194047));
#1992 = CARTESIAN_POINT('',(1.043178761765,0.588794124133));
#1993 = CARTESIAN_POINT('',(1.094209214124,0.565008586818));
#1994 = CARTESIAN_POINT('',(1.178993164349,0.528269014493));
#1995 = CARTESIAN_POINT('',(1.212943655917,0.514315510168));
#1996 = CARTESIAN_POINT('',(1.246751725917,0.501381235695));
#1997 = CARTESIAN_POINT('',(1.280444831766,0.489631114295));
#1998 = CARTESIAN_POINT('',(1.314051472873,0.479205334715));
#1999 = CARTESIAN_POINT('',(1.384918722344,0.460219765734));
#2000 = CARTESIAN_POINT('',(1.422164412477,0.45200106003));
#2001 = CARTESIAN_POINT('',(1.45935588441,0.445723756805));
#2002 = CARTESIAN_POINT('',(1.496511166327,0.441499955563));
#2003 = CARTESIAN_POINT('',(1.533650383946,0.43938769134));
#2004 = CARTESIAN_POINT('',(1.641326359734,0.43938769134));
#2005 = CARTESIAN_POINT('',(1.711729337491,0.447003015183));
#2006 = CARTESIAN_POINT('',(1.782240657716,0.462184010138));
#2007 = CARTESIAN_POINT('',(1.853063513779,0.484213132497));
#2008 = CARTESIAN_POINT('',(1.924383343311,0.511723774469));
#2009 = CARTESIAN_POINT('',(2.046354690003,0.56455241874));
#2010 = CARTESIAN_POINT('',(2.096730301809,0.588004771219));
#2011 = CARTESIAN_POINT('',(2.147612729579,0.612679978968));
#2012 = CARTESIAN_POINT('',(2.199148050744,0.637929052804));
#2013 = CARTESIAN_POINT('',(2.251485134367,0.662992258494));
#2014 = CARTESIAN_POINT('',(2.348876578828,0.706811426025));
#2015 = CARTESIAN_POINT('',(2.39366665896,0.725926407945));
#2016 = CARTESIAN_POINT('',(2.439219267266,0.743792975632));
#2017 = CARTESIAN_POINT('',(2.485597108378,0.759816577109));
#2018 = CARTESIAN_POINT('',(2.532866381788,0.773324604609));
#2019 = CARTESIAN_POINT('',(2.617413278509,0.791262350228));
#2020 = CARTESIAN_POINT('',(2.654299172183,0.79711707273));
#2021 = CARTESIAN_POINT('',(2.691685507516,0.800769736409));
#2022 = CARTESIAN_POINT('',(2.729509713758,0.801880057825));
#2023 = CARTESIAN_POINT('',(2.7677199502,0.800129973364));
#2024 = CARTESIAN_POINT('',(2.834828399253,0.791604925959));
#2025 = CARTESIAN_POINT('',(2.863552348056,0.786252809224));
#2026 = CARTESIAN_POINT('',(2.892368557661,0.779071083651));
#2027 = CARTESIAN_POINT('',(2.921208259484,0.769986558332));
#2028 = CARTESIAN_POINT('',(2.950005893591,0.758961587961));
#2029 = CARTESIAN_POINT('',(3.00632687259,0.733512701053));
#2030 = CARTESIAN_POINT('',(3.033838983778,0.719238026125));
#2031 = CARTESIAN_POINT('',(3.061176226636,0.703178859924));
#2032 = CARTESIAN_POINT('',(3.08828256763,0.685373628427));
#2033 = CARTESIAN_POINT('',(3.115100817411,0.665895560715));
#2034 = CARTESIAN_POINT('',(3.154015811166,0.634961795806));
#2035 = CARTESIAN_POINT('',(3.166386803467,0.62472125509));
#2036 = CARTESIAN_POINT('',(3.178679556521,0.614142389635));
#2037 = CARTESIAN_POINT('',(3.190890389598,0.603235307203));
#2038 = CARTESIAN_POINT('',(3.203016228284,0.592010569321));
#2039 = CARTESIAN_POINT('',(3.236487766975,0.559948689867));
#2040 = CARTESIAN_POINT('',(3.257636102464,0.538453240911));
#2041 = CARTESIAN_POINT('',(3.278495489496,0.516046292788));
#2042 = CARTESIAN_POINT('',(3.299060657101,0.492785793704));
#2043 = CARTESIAN_POINT('',(3.319325184799,0.468734191684));
#2044 = CARTESIAN_POINT('',(3.391160326949,0.379550903862));
#2045 = CARTESIAN_POINT('',(3.440904933455,0.310313154546));
#2046 = CARTESIAN_POINT('',(3.488677974068,0.237081011517));
#2047 = CARTESIAN_POINT('',(3.534612520034,0.160575787329));
#2048 = CARTESIAN_POINT('',(3.578823760488,8.139438486392E-02));
#2049 = CARTESIAN_POINT('',(3.621420701049,-6.E-07));
#2050 = ( GEOMETRIC_REPRESENTATION_CONTEXT(2) 
PARAMETRIC_REPRESENTATION_CONTEXT() REPRESENTATION_CONTEXT('2D SPACE',''
  ) );
#2051 = PCURVE('',#639,#2052);
#2052 = DEFINITIONAL_REPRESENTATION('',(#2053),#2136);
#2053 = B_SPLINE_CURVE_WITH_KNOTS('',6,(#2054,#2055,#2056,#2057,#2058,
    #2059,#2060,#2061,#2062,#2063,#2064,#2065,#2066,#2067,#2068,#2069,
    #2070,#2071,#2072,#2073,#2074,#2075,#2076,#2077,#2078,#2079,#2080,
    #2081,#2082,#2083,#2084,#2085,#2086,#2087,#2088,#2089,#2090,#2091,
    #2092,#2093,#2094,#2095,#2096,#2097,#2098,#2099,#2100,#2101,#2102,
    #2103,#2104,#2105,#2106,#2107,#2108,#2109,#2110,#2111,#2112,#2113,
    #2114,#2115,#2116,#2117,#2118,#2119,#2120,#2121,#2122,#2123,#2124,
    #2125,#2126,#2127,#2128,#2129,#2130,#2131,#2132,#2133,#2134,#2135),
  .UNSPECIFIED.,.F.,.F.,(7,5,5,5,5,5,5,5,5,5,5,5,5,5,5,5,7),(0.,
    4.072050643502E-02,0.100996834383,0.177814817687,0.209993179341,
    0.300878780854,0.36208770586,0.430166381775,0.559429253746,
    0.649285884131,0.72362893133,0.779585588366,0.821035848685,
    0.860954255371,0.879721970946,0.913136070226,1.),.UNSPECIFIED.);
#2054 = CARTESIAN_POINT('',(1.878667195193,22.5));
#2055 = CARTESIAN_POINT('',(1.857143846918,22.5));
#2056 = CARTESIAN_POINT('',(1.835507072944,22.497800829863));
#2057 = CARTESIAN_POINT('',(1.813822264591,22.493291334601));
#2058 = CARTESIAN_POINT('',(1.792151484914,22.486397662583));
#2059 = CARTESIAN_POINT('',(1.770554709289,22.477084813106));
#2060 = CARTESIAN_POINT('',(1.71731961435,22.44799989926));
#2061 = CARTESIAN_POINT('',(1.685898714204,22.425384706188));
#2062 = CARTESIAN_POINT('',(1.654997766921,22.397556932374));
#2063 = CARTESIAN_POINT('',(1.624783384908,22.364732391919));
#2064 = CARTESIAN_POINT('',(1.595422152506,22.327312977093));
#2065 = CARTESIAN_POINT('',(1.530967603162,22.233124887142));
#2066 = CARTESIAN_POINT('',(1.496512805697,22.173865539173));
#2067 = CARTESIAN_POINT('',(1.463727626651,22.108874795573));
#2068 = CARTESIAN_POINT('',(1.432637050036,22.03890164752));
#2069 = CARTESIAN_POINT('',(1.403273036057,21.964698784107));
#2070 = CARTESIAN_POINT('',(1.364100448632,21.854493668504));
#2071 = CARTESIAN_POINT('',(1.352833361664,21.821320400815));
#2072 = CARTESIAN_POINT('',(1.341861561265,21.78754758641));
#2073 = CARTESIAN_POINT('',(1.331182780915,21.753209947675));
#2074 = CARTESIAN_POINT('',(1.320794810867,21.718338428439));
#2075 = CARTESIAN_POINT('',(1.282170673893,21.583036768592));
#2076 = CARTESIAN_POINT('',(1.255942802232,21.479050812248));
#2077 = CARTESIAN_POINT('',(1.231971965818,21.37162956975));
#2078 = CARTESIAN_POINT('',(1.210243880577,21.26124478224));
#2079 = CARTESIAN_POINT('',(1.190767130224,21.14824787456));
#2080 = CARTESIAN_POINT('',(1.161988881751,20.955225020421));
#2081 = CARTESIAN_POINT('',(1.151442704444,20.87648883059));
#2082 = CARTESIAN_POINT('',(1.141947179321,20.796823592497));
#2083 = CARTESIAN_POINT('',(1.133518113693,20.716345530651));
#2084 = CARTESIAN_POINT('',(1.126171026694,20.635160402523));
#2085 = CARTESIAN_POINT('',(1.112968162072,20.462386855298));
#2086 = CARTESIAN_POINT('',(1.107372601171,20.370657579005));
#2087 = CARTESIAN_POINT('',(1.103158437221,20.278370515391));
#2088 = CARTESIAN_POINT('',(1.10034271884,20.185712871394));
#2089 = CARTESIAN_POINT('',(1.098934489515,20.092864857122));
#2090 = CARTESIAN_POINT('',(1.098934489515,19.823674917652));
#2091 = CARTESIAN_POINT('',(1.104011369211,19.647667320483));
#2092 = CARTESIAN_POINT('',(1.114132052716,19.472968501513));
#2093 = CARTESIAN_POINT('',(1.129196846492,19.300618076971));
#2094 = CARTESIAN_POINT('',(1.149036517046,19.13180808376));
#2095 = CARTESIAN_POINT('',(1.190404573141,18.854074501808));
#2096 = CARTESIAN_POINT('',(1.209591658394,18.742465347565));
#2097 = CARTESIAN_POINT('',(1.230973846677,18.633397244638));
#2098 = CARTESIAN_POINT('',(1.254542411296,18.527207764317));
#2099 = CARTESIAN_POINT('',(1.280310300579,18.42434786795));
#2100 = CARTESIAN_POINT('',(1.331484354702,18.243562365817));
#2101 = CARTESIAN_POINT('',(1.356205010978,18.164326437777));
#2102 = CARTESIAN_POINT('',(1.382490796579,18.088100886603));
#2103 = CARTESIAN_POINT('',(1.410356958629,18.015352338146));
#2104 = CARTESIAN_POINT('',(1.439826040812,17.946619103772));
#2105 = CARTESIAN_POINT('',(1.494348343158,17.834256420464));
#2106 = CARTESIAN_POINT('',(1.518709605227,17.788584916061));
#2107 = CARTESIAN_POINT('',(1.543963510311,17.745912363681));
#2108 = CARTESIAN_POINT('',(1.570056296622,17.706599149476));
#2109 = CARTESIAN_POINT('',(1.596936211652,17.67095396552));
#2110 = CARTESIAN_POINT('',(1.645013861765,17.615745072875));
#2111 = CARTESIAN_POINT('',(1.66586356005,17.594424688187));
#2112 = CARTESIAN_POINT('',(1.687043299379,17.575423723269));
#2113 = CARTESIAN_POINT('',(1.708492545309,17.558840574471));
#2114 = CARTESIAN_POINT('',(1.730150374059,17.54472803258));
#2115 = CARTESIAN_POINT('',(1.772953384235,17.521893161666));
#2116 = CARTESIAN_POINT('',(1.794073489697,17.512998600473));
#2117 = CARTESIAN_POINT('',(1.815260085184,17.506414027179));
#2118 = CARTESIAN_POINT('',(1.836457344118,17.502104900566));
#2119 = CARTESIAN_POINT('',(1.85760752659,17.500001442346));
#2120 = CARTESIAN_POINT('',(1.888542976469,17.499999322751));
#2121 = CARTESIAN_POINT('',(1.898414640715,17.500463349166));
#2122 = CARTESIAN_POINT('',(1.908260128489,17.501381515774));
#2123 = CARTESIAN_POINT('',(1.91807520187,17.502742430074));
#2124 = CARTESIAN_POINT('',(1.927856124907,17.504533871135));
#2125 = CARTESIAN_POINT('',(1.954947090306,17.51067555489));
#2126 = CARTESIAN_POINT('',(1.972169856408,17.515930461472));
#2127 = CARTESIAN_POINT('',(1.989257674327,17.522435072039));
#2128 = CARTESIAN_POINT('',(2.006199808584,17.530114913185));
#2129 = CARTESIAN_POINT('',(2.022985075822,17.538893475395));
#2130 = CARTESIAN_POINT('',(2.082799114383,17.574165198325));
#2131 = CARTESIAN_POINT('',(2.124814429859,17.606506684466));
#2132 = CARTESIAN_POINT('',(2.165687249157,17.644454432168));
#2133 = CARTESIAN_POINT('',(2.205467351195,17.686960012539));
#2134 = CARTESIAN_POINT('',(2.244215110414,17.733154508398));
#2135 = CARTESIAN_POINT('',(2.282001771299,17.782314215579));
#2136 = ( GEOMETRIC_REPRESENTATION_CONTEXT(2) 
PARAMETRIC_REPRESENTATION_CONTEXT() REPRESENTATION_CONTEXT('2D SPACE',''
  ) );
#2137 = ORIENTED_EDGE('',*,*,#2138,.T.);
#2138 = EDGE_CURVE('',#1879,#2139,#2141,.T.);
#2139 = VERTEX_POINT('',#2140);
#2140 = CARTESIAN_POINT('',(-27.15406592285,2.5,-7.7823138532));
#2141 = SURFACE_CURVE('',#2142,(#2147,#2154),.PCURVE_S1.);
#2142 = CIRCLE('',#2143,2.5);
#2143 = AXIS2_PLACEMENT_3D('',#2144,#2145,#2146);
#2144 = CARTESIAN_POINT('',(-26.,2.5,-10.));
#2145 = DIRECTION('',(0.,1.,0.));
#2146 = DIRECTION('',(0.,-0.,1.));
#2147 = PCURVE('',#368,#2148);
#2148 = DEFINITIONAL_REPRESENTATION('',(#2149),#2153);
#2149 = LINE('',#2150,#2151);
#2150 = CARTESIAN_POINT('',(0.,0.));
#2151 = VECTOR('',#2152,1.);
#2152 = DIRECTION('',(1.,0.));
#2153 = ( GEOMETRIC_REPRESENTATION_CONTEXT(2) 
PARAMETRIC_REPRESENTATION_CONTEXT() REPRESENTATION_CONTEXT('2D SPACE',''
  ) );
#2154 = PCURVE('',#2155,#2160);
#2155 = PLANE('',#2156);
#2156 = AXIS2_PLACEMENT_3D('',#2157,#2158,#2159);
#2157 = CARTESIAN_POINT('',(-26.,2.5,-10.));
#2158 = DIRECTION('',(0.,1.,0.));
#2159 = DIRECTION('',(0.,-0.,1.));
#2160 = DEFINITIONAL_REPRESENTATION('',(#2161),#2165);
#2161 = CIRCLE('',#2162,2.5);
#2162 = AXIS2_PLACEMENT_2D('',#2163,#2164);
#2163 = CARTESIAN_POINT('',(0.,0.));
#2164 = DIRECTION('',(1.,0.));
#2165 = ( GEOMETRIC_REPRESENTATION_CONTEXT(2) 
PARAMETRIC_REPRESENTATION_CONTEXT() REPRESENTATION_CONTEXT('2D SPACE',''
  ) );
#2166 = ORIENTED_EDGE('',*,*,#2167,.T.);
#2167 = EDGE_CURVE('',#2139,#1787,#2168,.T.);
#2168 = SURFACE_CURVE('',#2169,(#2180,#2194),.PCURVE_S1.);
#2169 = B_SPLINE_CURVE_WITH_KNOTS('',5,(#2170,#2171,#2172,#2173,#2174,
    #2175,#2176,#2177,#2178,#2179),.UNSPECIFIED.,.F.,.F.,(6,4,6),(0.,
    0.559546934739,1.),.UNSPECIFIED.);
#2170 = CARTESIAN_POINT('',(-27.15406661921,2.4999994,-7.782314215579));
#2171 = CARTESIAN_POINT('',(-27.05254423529,2.587473812309,
    -7.72948274811));
#2172 = CARTESIAN_POINT('',(-26.94372700099,2.672254577752,
    -7.680237139404));
#2173 = CARTESIAN_POINT('',(-26.82716585586,2.753717461371,
    -7.635589956581));
#2174 = CARTESIAN_POINT('',(-26.70252184814,2.830942848748,
    -7.596859233447));
#2175 = CARTESIAN_POINT('',(-26.46505394077,2.959350520105,
    -7.54128819879));
#2176 = CARTESIAN_POINT('',(-26.35519191488,3.012668561338,
    -7.521504068278));
#2177 = CARTESIAN_POINT('',(-26.2406091811,3.061817709609,
    -7.507437035573));
#2178 = CARTESIAN_POINT('',(-26.12196002523,3.106056006892,-7.5));
#2179 = CARTESIAN_POINT('',(-26.,3.144837038703,-7.5));
#2180 = PCURVE('',#368,#2181);
#2181 = DEFINITIONAL_REPRESENTATION('',(#2182),#2193);
#2182 = B_SPLINE_CURVE_WITH_KNOTS('',5,(#2183,#2184,#2185,#2186,#2187,
    #2188,#2189,#2190,#2191,#2192),.UNSPECIFIED.,.F.,.F.,(6,4,6),(0.,
    0.559546934739,1.),.UNSPECIFIED.);
#2183 = CARTESIAN_POINT('',(5.803357259721,-6.E-07));
#2184 = CARTESIAN_POINT('',(5.849135784625,8.74738123095E-02));
#2185 = CARTESIAN_POINT('',(5.896840266048,0.172254577752));
#2186 = CARTESIAN_POINT('',(5.946644968214,0.253717461371));
#2187 = CARTESIAN_POINT('',(5.998721372921,0.330942848748));
#2188 = CARTESIAN_POINT('',(6.09627476091,0.459350520105));
#2189 = CARTESIAN_POINT('',(6.140866743914,0.512668561338));
#2190 = CARTESIAN_POINT('',(6.186941615061,0.561817709609));
#2191 = CARTESIAN_POINT('',(6.234401297084,0.606056006892));
#2192 = CARTESIAN_POINT('',(6.28318530718,0.644837038703));
#2193 = ( GEOMETRIC_REPRESENTATION_CONTEXT(2) 
PARAMETRIC_REPRESENTATION_CONTEXT() REPRESENTATION_CONTEXT('2D SPACE',''
  ) );
#2194 = PCURVE('',#639,#2195);
#2195 = DEFINITIONAL_REPRESENTATION('',(#2196),#2207);
#2196 = B_SPLINE_CURVE_WITH_KNOTS('',5,(#2197,#2198,#2199,#2200,#2201,
    #2202,#2203,#2204,#2205,#2206),.UNSPECIFIED.,.F.,.F.,(6,4,6),(0.,
    0.559546934739,1.),.UNSPECIFIED.);
#2197 = CARTESIAN_POINT('',(2.282001771299,22.217685784421));
#2198 = CARTESIAN_POINT('',(2.241392807988,22.27051725189));
#2199 = CARTESIAN_POINT('',(2.199641969441,22.319762860596));
#2200 = CARTESIAN_POINT('',(2.156630243211,22.364410043419));
#2201 = CARTESIAN_POINT('',(2.112274670939,22.403140766553));
#2202 = CARTESIAN_POINT('',(2.030467973038,22.45871180121));
#2203 = CARTESIAN_POINT('',(1.993498510386,22.478495931722));
#2204 = CARTESIAN_POINT('',(1.955774249257,22.492562964427));
#2205 = CARTESIAN_POINT('',(1.917448227004,22.5));
#2206 = CARTESIAN_POINT('',(1.878667195193,22.5));
#2207 = ( GEOMETRIC_REPRESENTATION_CONTEXT(2) 
PARAMETRIC_REPRESENTATION_CONTEXT() REPRESENTATION_CONTEXT('2D SPACE',''
  ) );
#2208 = ADVANCED_FACE('',(#2209),#339,.F.);
#2209 = FACE_BOUND('',#2210,.F.);
#2210 = EDGE_LOOP('',(#2211,#2212,#2213));
#2211 = ORIENTED_EDGE('',*,*,#1834,.T.);
#2212 = ORIENTED_EDGE('',*,*,#1334,.T.);
#2213 = ORIENTED_EDGE('',*,*,#323,.T.);
#2214 = ADVANCED_FACE('',(#2215),#586,.T.);
#2215 = FACE_BOUND('',#2216,.T.);
#2216 = EDGE_LOOP('',(#2217,#2218,#2219,#2220,#2244,#2265,#2288));
#2217 = ORIENTED_EDGE('',*,*,#570,.F.);
#2218 = ORIENTED_EDGE('',*,*,#1459,.T.);
#2219 = ORIENTED_EDGE('',*,*,#1638,.T.);
#2220 = ORIENTED_EDGE('',*,*,#2221,.F.);
#2221 = EDGE_CURVE('',#2222,#1639,#2224,.T.);
#2222 = VERTEX_POINT('',#2223);
#2223 = CARTESIAN_POINT('',(28.5,22.,-10.));
#2224 = SURFACE_CURVE('',#2225,(#2230,#2237),.PCURVE_S1.);
#2225 = CIRCLE('',#2226,2.5);
#2226 = AXIS2_PLACEMENT_3D('',#2227,#2228,#2229);
#2227 = CARTESIAN_POINT('',(26.,22.,-10.));
#2228 = DIRECTION('',(0.,1.,0.));
#2229 = DIRECTION('',(0.,-0.,1.));
#2230 = PCURVE('',#586,#2231);
#2231 = DEFINITIONAL_REPRESENTATION('',(#2232),#2236);
#2232 = CIRCLE('',#2233,2.5);
#2233 = AXIS2_PLACEMENT_2D('',#2234,#2235);
#2234 = CARTESIAN_POINT('',(18.,68.));
#2235 = DIRECTION('',(1.,0.));
#2236 = ( GEOMETRIC_REPRESENTATION_CONTEXT(2) 
PARAMETRIC_REPRESENTATION_CONTEXT() REPRESENTATION_CONTEXT('2D SPACE',''
  ) );
#2237 = PCURVE('',#1137,#2238);
#2238 = DEFINITIONAL_REPRESENTATION('',(#2239),#2243);
#2239 = LINE('',#2240,#2241);
#2240 = CARTESIAN_POINT('',(0.,19.5));
#2241 = VECTOR('',#2242,1.);
#2242 = DIRECTION('',(1.,0.));
#2243 = ( GEOMETRIC_REPRESENTATION_CONTEXT(2) 
PARAMETRIC_REPRESENTATION_CONTEXT() REPRESENTATION_CONTEXT('2D SPACE',''
  ) );
#2244 = ORIENTED_EDGE('',*,*,#2245,.T.);
#2245 = EDGE_CURVE('',#2222,#1006,#2246,.T.);
#2246 = SURFACE_CURVE('',#2247,(#2251,#2258),.PCURVE_S1.);
#2247 = LINE('',#2248,#2249);
#2248 = CARTESIAN_POINT('',(-42.,22.,-10.));
#2249 = VECTOR('',#2250,1.);
#2250 = DIRECTION('',(1.,0.,-0.));
#2251 = PCURVE('',#586,#2252);
#2252 = DEFINITIONAL_REPRESENTATION('',(#2253),#2257);
#2253 = LINE('',#2254,#2255);
#2254 = CARTESIAN_POINT('',(18.,0.));
#2255 = VECTOR('',#2256,1.);
#2256 = DIRECTION('',(0.,1.));
#2257 = ( GEOMETRIC_REPRESENTATION_CONTEXT(2) 
PARAMETRIC_REPRESENTATION_CONTEXT() REPRESENTATION_CONTEXT('2D SPACE',''
  ) );
#2258 = PCURVE('',#1051,#2259);
#2259 = DEFINITIONAL_REPRESENTATION('',(#2260),#2264);
#2260 = LINE('',#2261,#2262);
#2261 = CARTESIAN_POINT('',(-42.,22.));
#2262 = VECTOR('',#2263,1.);
#2263 = DIRECTION('',(1.,0.));
#2264 = ( GEOMETRIC_REPRESENTATION_CONTEXT(2) 
PARAMETRIC_REPRESENTATION_CONTEXT() REPRESENTATION_CONTEXT('2D SPACE',''
  ) );
#2265 = ORIENTED_EDGE('',*,*,#2266,.T.);
#2266 = EDGE_CURVE('',#1006,#2267,#2269,.T.);
#2267 = VERTEX_POINT('',#2268);
#2268 = CARTESIAN_POINT('',(42.,22.,-10.));
#2269 = SURFACE_CURVE('',#2270,(#2274,#2281),.PCURVE_S1.);
#2270 = LINE('',#2271,#2272);
#2271 = CARTESIAN_POINT('',(-42.,22.,-10.));
#2272 = VECTOR('',#2273,1.);
#2273 = DIRECTION('',(1.,0.,-0.));
#2274 = PCURVE('',#586,#2275);
#2275 = DEFINITIONAL_REPRESENTATION('',(#2276),#2280);
#2276 = LINE('',#2277,#2278);
#2277 = CARTESIAN_POINT('',(18.,0.));
#2278 = VECTOR('',#2279,1.);
#2279 = DIRECTION('',(0.,1.));
#2280 = ( GEOMETRIC_REPRESENTATION_CONTEXT(2) 
PARAMETRIC_REPRESENTATION_CONTEXT() REPRESENTATION_CONTEXT('2D SPACE',''
  ) );
#2281 = PCURVE('',#1022,#2282);
#2282 = DEFINITIONAL_REPRESENTATION('',(#2283),#2287);
#2283 = LINE('',#2284,#2285);
#2284 = CARTESIAN_POINT('',(0.,44.));
#2285 = VECTOR('',#2286,1.);
#2286 = DIRECTION('',(1.,0.));
#2287 = ( GEOMETRIC_REPRESENTATION_CONTEXT(2) 
PARAMETRIC_REPRESENTATION_CONTEXT() REPRESENTATION_CONTEXT('2D SPACE',''
  ) );
#2288 = ORIENTED_EDGE('',*,*,#2289,.F.);
#2289 = EDGE_CURVE('',#543,#2267,#2290,.T.);
#2290 = SURFACE_CURVE('',#2291,(#2295,#2302),.PCURVE_S1.);
#2291 = LINE('',#2292,#2293);
#2292 = CARTESIAN_POINT('',(42.,22.,-28.));
#2293 = VECTOR('',#2294,1.);
#2294 = DIRECTION('',(0.,0.,1.));
#2295 = PCURVE('',#586,#2296);
#2296 = DEFINITIONAL_REPRESENTATION('',(#2297),#2301);
#2297 = LINE('',#2298,#2299);
#2298 = CARTESIAN_POINT('',(0.,84.));
#2299 = VECTOR('',#2300,1.);
#2300 = DIRECTION('',(1.,0.));
#2301 = ( GEOMETRIC_REPRESENTATION_CONTEXT(2) 
PARAMETRIC_REPRESENTATION_CONTEXT() REPRESENTATION_CONTEXT('2D SPACE',''
  ) );
#2302 = PCURVE('',#558,#2303);
#2303 = DEFINITIONAL_REPRESENTATION('',(#2304),#2308);
#2304 = LINE('',#2305,#2306);
#2305 = CARTESIAN_POINT('',(0.,-44.));
#2306 = VECTOR('',#2307,1.);
#2307 = DIRECTION('',(1.,0.));
#2308 = ( GEOMETRIC_REPRESENTATION_CONTEXT(2) 
PARAMETRIC_REPRESENTATION_CONTEXT() REPRESENTATION_CONTEXT('2D SPACE',''
  ) );
#2309 = ADVANCED_FACE('',(#2310),#558,.T.);
#2310 = FACE_BOUND('',#2311,.T.);
#2311 = EDGE_LOOP('',(#2312,#2335,#2336,#2337));
#2312 = ORIENTED_EDGE('',*,*,#2313,.F.);
#2313 = EDGE_CURVE('',#515,#2314,#2316,.T.);
#2314 = VERTEX_POINT('',#2315);
#2315 = CARTESIAN_POINT('',(42.,-22.,-10.));
#2316 = SURFACE_CURVE('',#2317,(#2321,#2328),.PCURVE_S1.);
#2317 = LINE('',#2318,#2319);
#2318 = CARTESIAN_POINT('',(42.,-22.,-28.));
#2319 = VECTOR('',#2320,1.);
#2320 = DIRECTION('',(0.,0.,1.));
#2321 = PCURVE('',#558,#2322);
#2322 = DEFINITIONAL_REPRESENTATION('',(#2323),#2327);
#2323 = LINE('',#2324,#2325);
#2324 = CARTESIAN_POINT('',(0.,0.));
#2325 = VECTOR('',#2326,1.);
#2326 = DIRECTION('',(1.,0.));
#2327 = ( GEOMETRIC_REPRESENTATION_CONTEXT(2) 
PARAMETRIC_REPRESENTATION_CONTEXT() REPRESENTATION_CONTEXT('2D SPACE',''
  ) );
#2328 = PCURVE('',#530,#2329);
#2329 = DEFINITIONAL_REPRESENTATION('',(#2330),#2334);
#2330 = LINE('',#2331,#2332);
#2331 = CARTESIAN_POINT('',(0.,84.));
#2332 = VECTOR('',#2333,1.);
#2333 = DIRECTION('',(1.,0.));
#2334 = ( GEOMETRIC_REPRESENTATION_CONTEXT(2) 
PARAMETRIC_REPRESENTATION_CONTEXT() REPRESENTATION_CONTEXT('2D SPACE',''
  ) );
#2335 = ORIENTED_EDGE('',*,*,#542,.T.);
#2336 = ORIENTED_EDGE('',*,*,#2289,.T.);
#2337 = ORIENTED_EDGE('',*,*,#2338,.F.);
#2338 = EDGE_CURVE('',#2314,#2267,#2339,.T.);
#2339 = SURFACE_CURVE('',#2340,(#2344,#2351),.PCURVE_S1.);
#2340 = LINE('',#2341,#2342);
#2341 = CARTESIAN_POINT('',(42.,-22.,-10.));
#2342 = VECTOR('',#2343,1.);
#2343 = DIRECTION('',(-0.,1.,0.));
#2344 = PCURVE('',#558,#2345);
#2345 = DEFINITIONAL_REPRESENTATION('',(#2346),#2350);
#2346 = LINE('',#2347,#2348);
#2347 = CARTESIAN_POINT('',(18.,0.));
#2348 = VECTOR('',#2349,1.);
#2349 = DIRECTION('',(0.,-1.));
#2350 = ( GEOMETRIC_REPRESENTATION_CONTEXT(2) 
PARAMETRIC_REPRESENTATION_CONTEXT() REPRESENTATION_CONTEXT('2D SPACE',''
  ) );
#2351 = PCURVE('',#1022,#2352);
#2352 = DEFINITIONAL_REPRESENTATION('',(#2353),#2357);
#2353 = LINE('',#2354,#2355);
#2354 = CARTESIAN_POINT('',(84.,0.));
#2355 = VECTOR('',#2356,1.);
#2356 = DIRECTION('',(0.,1.));
#2357 = ( GEOMETRIC_REPRESENTATION_CONTEXT(2) 
PARAMETRIC_REPRESENTATION_CONTEXT() REPRESENTATION_CONTEXT('2D SPACE',''
  ) );
#2358 = ADVANCED_FACE('',(#2359),#530,.F.);
#2359 = FACE_BOUND('',#2360,.F.);
#2360 = EDGE_LOOP('',(#2361,#2362,#2363,#2364,#2385));
#2361 = ORIENTED_EDGE('',*,*,#514,.F.);
#2362 = ORIENTED_EDGE('',*,*,#854,.T.);
#2363 = ORIENTED_EDGE('',*,*,#926,.T.);
#2364 = ORIENTED_EDGE('',*,*,#2365,.T.);
#2365 = EDGE_CURVE('',#903,#2314,#2366,.T.);
#2366 = SURFACE_CURVE('',#2367,(#2371,#2378),.PCURVE_S1.);
#2367 = LINE('',#2368,#2369);
#2368 = CARTESIAN_POINT('',(-42.,-22.,-10.));
#2369 = VECTOR('',#2370,1.);
#2370 = DIRECTION('',(1.,0.,-0.));
#2371 = PCURVE('',#530,#2372);
#2372 = DEFINITIONAL_REPRESENTATION('',(#2373),#2377);
#2373 = LINE('',#2374,#2375);
#2374 = CARTESIAN_POINT('',(18.,0.));
#2375 = VECTOR('',#2376,1.);
#2376 = DIRECTION('',(0.,1.));
#2377 = ( GEOMETRIC_REPRESENTATION_CONTEXT(2) 
PARAMETRIC_REPRESENTATION_CONTEXT() REPRESENTATION_CONTEXT('2D SPACE',''
  ) );
#2378 = PCURVE('',#1022,#2379);
#2379 = DEFINITIONAL_REPRESENTATION('',(#2380),#2384);
#2380 = LINE('',#2381,#2382);
#2381 = CARTESIAN_POINT('',(0.,0.));
#2382 = VECTOR('',#2383,1.);
#2383 = DIRECTION('',(1.,0.));
#2384 = ( GEOMETRIC_REPRESENTATION_CONTEXT(2) 
PARAMETRIC_REPRESENTATION_CONTEXT() REPRESENTATION_CONTEXT('2D SPACE',''
  ) );
#2385 = ORIENTED_EDGE('',*,*,#2313,.F.);
#2386 = ADVANCED_FACE('',(#2387,#2441),#639,.F.);
#2387 = FACE_BOUND('',#2388,.F.);
#2388 = EDGE_LOOP('',(#2389,#2412,#2439,#2440));
#2389 = ORIENTED_EDGE('',*,*,#2390,.T.);
#2390 = EDGE_CURVE('',#623,#2391,#2393,.T.);
#2391 = VERTEX_POINT('',#2392);
#2392 = CARTESIAN_POINT('',(-21.7,2.253350110431E-15,-4.));
#2393 = SEAM_CURVE('',#2394,(#2398,#2405),.PCURVE_S1.);
#2394 = LINE('',#2395,#2396);
#2395 = CARTESIAN_POINT('',(-21.7,2.253350110431E-15,-30.));
#2396 = VECTOR('',#2397,1.);
#2397 = DIRECTION('',(0.,0.,1.));
#2398 = PCURVE('',#639,#2399);
#2399 = DEFINITIONAL_REPRESENTATION('',(#2400),#2404);
#2400 = LINE('',#2401,#2402);
#2401 = CARTESIAN_POINT('',(6.28318530718,-0.));
#2402 = VECTOR('',#2403,1.);
#2403 = DIRECTION('',(0.,1.));
#2404 = ( GEOMETRIC_REPRESENTATION_CONTEXT(2) 
PARAMETRIC_REPRESENTATION_CONTEXT() REPRESENTATION_CONTEXT('2D SPACE',''
  ) );
#2405 = PCURVE('',#639,#2406);
#2406 = DEFINITIONAL_REPRESENTATION('',(#2407),#2411);
#2407 = LINE('',#2408,#2409);
#2408 = CARTESIAN_POINT('',(0.,-0.));
#2409 = VECTOR('',#2410,1.);
#2410 = DIRECTION('',(0.,1.));
#2411 = ( GEOMETRIC_REPRESENTATION_CONTEXT(2) 
PARAMETRIC_REPRESENTATION_CONTEXT() REPRESENTATION_CONTEXT('2D SPACE',''
  ) );
#2412 = ORIENTED_EDGE('',*,*,#2413,.F.);
#2413 = EDGE_CURVE('',#2391,#2391,#2414,.T.);
#2414 = SURFACE_CURVE('',#2415,(#2420,#2427),.PCURVE_S1.);
#2415 = CIRCLE('',#2416,3.3);
#2416 = AXIS2_PLACEMENT_3D('',#2417,#2418,#2419);
#2417 = CARTESIAN_POINT('',(-25.,3.061616997868E-15,-4.));
#2418 = DIRECTION('',(0.,0.,1.));
#2419 = DIRECTION('',(1.,0.,-0.));
#2420 = PCURVE('',#639,#2421);
#2421 = DEFINITIONAL_REPRESENTATION('',(#2422),#2426);
#2422 = LINE('',#2423,#2424);
#2423 = CARTESIAN_POINT('',(0.,26.));
#2424 = VECTOR('',#2425,1.);
#2425 = DIRECTION('',(1.,0.));
#2426 = ( GEOMETRIC_REPRESENTATION_CONTEXT(2) 
PARAMETRIC_REPRESENTATION_CONTEXT() REPRESENTATION_CONTEXT('2D SPACE',''
  ) );
#2427 = PCURVE('',#2428,#2433);
#2428 = PLANE('',#2429);
#2429 = AXIS2_PLACEMENT_3D('',#2430,#2431,#2432);
#2430 = CARTESIAN_POINT('',(-25.,3.061616997868E-15,-4.));
#2431 = DIRECTION('',(0.,0.,1.));
#2432 = DIRECTION('',(1.,0.,-0.));
#2433 = DEFINITIONAL_REPRESENTATION('',(#2434),#2438);
#2434 = CIRCLE('',#2435,3.3);
#2435 = AXIS2_PLACEMENT_2D('',#2436,#2437);
#2436 = CARTESIAN_POINT('',(0.,0.));
#2437 = DIRECTION('',(1.,0.));
#2438 = ( GEOMETRIC_REPRESENTATION_CONTEXT(2) 
PARAMETRIC_REPRESENTATION_CONTEXT() REPRESENTATION_CONTEXT('2D SPACE',''
  ) );
#2439 = ORIENTED_EDGE('',*,*,#2390,.F.);
#2440 = ORIENTED_EDGE('',*,*,#622,.T.);
#2441 = FACE_BOUND('',#2442,.F.);
#2442 = EDGE_LOOP('',(#2443,#2444,#2463));
#2443 = ORIENTED_EDGE('',*,*,#2167,.F.);
#2444 = ORIENTED_EDGE('',*,*,#2445,.F.);
#2445 = EDGE_CURVE('',#1879,#2139,#2446,.T.);
#2446 = SURFACE_CURVE('',#2447,(#2451,#2457),.PCURVE_S1.);
#2447 = LINE('',#2448,#2449);
#2448 = CARTESIAN_POINT('',(-27.15406592285,2.5,-30.));
#2449 = VECTOR('',#2450,1.);
#2450 = DIRECTION('',(0.,0.,1.));
#2451 = PCURVE('',#639,#2452);
#2452 = DEFINITIONAL_REPRESENTATION('',(#2453),#2456);
#2453 = B_SPLINE_CURVE_WITH_KNOTS('',1,(#2454,#2455),.UNSPECIFIED.,.F.,
  .F.,(2,2),(17.,23.),.PIECEWISE_BEZIER_KNOTS.);
#2454 = CARTESIAN_POINT('',(2.282001492756,17.));
#2455 = CARTESIAN_POINT('',(2.282001492756,23.));
#2456 = ( GEOMETRIC_REPRESENTATION_CONTEXT(2) 
PARAMETRIC_REPRESENTATION_CONTEXT() REPRESENTATION_CONTEXT('2D SPACE',''
  ) );
#2457 = PCURVE('',#2155,#2458);
#2458 = DEFINITIONAL_REPRESENTATION('',(#2459),#2462);
#2459 = B_SPLINE_CURVE_WITH_KNOTS('',1,(#2460,#2461),.UNSPECIFIED.,.F.,
  .F.,(2,2),(17.,23.),.PIECEWISE_BEZIER_KNOTS.);
#2460 = CARTESIAN_POINT('',(-3.,-1.154065922854));
#2461 = CARTESIAN_POINT('',(3.,-1.154065922854));
#2462 = ( GEOMETRIC_REPRESENTATION_CONTEXT(2) 
PARAMETRIC_REPRESENTATION_CONTEXT() REPRESENTATION_CONTEXT('2D SPACE',''
  ) );
#2463 = ORIENTED_EDGE('',*,*,#1878,.F.);
#2464 = ADVANCED_FACE('',(#2465),#670,.F.);
#2465 = FACE_BOUND('',#2466,.F.);
#2466 = EDGE_LOOP('',(#2467,#2496,#2517,#2518));
#2467 = ORIENTED_EDGE('',*,*,#2468,.F.);
#2468 = EDGE_CURVE('',#2469,#2469,#2471,.T.);
#2469 = VERTEX_POINT('',#2470);
#2470 = CARTESIAN_POINT('',(8.,-1.959434878636E-15,3.));
#2471 = SURFACE_CURVE('',#2472,(#2477,#2484),.PCURVE_S1.);
#2472 = CIRCLE('',#2473,8.);
#2473 = AXIS2_PLACEMENT_3D('',#2474,#2475,#2476);
#2474 = CARTESIAN_POINT('',(0.,0.,3.));
#2475 = DIRECTION('',(0.,0.,1.));
#2476 = DIRECTION('',(1.,0.,-0.));
#2477 = PCURVE('',#670,#2478);
#2478 = DEFINITIONAL_REPRESENTATION('',(#2479),#2483);
#2479 = LINE('',#2480,#2481);
#2480 = CARTESIAN_POINT('',(0.,33.));
#2481 = VECTOR('',#2482,1.);
#2482 = DIRECTION('',(1.,0.));
#2483 = ( GEOMETRIC_REPRESENTATION_CONTEXT(2) 
PARAMETRIC_REPRESENTATION_CONTEXT() REPRESENTATION_CONTEXT('2D SPACE',''
  ) );
#2484 = PCURVE('',#2485,#2490);
#2485 = PLANE('',#2486);
#2486 = AXIS2_PLACEMENT_3D('',#2487,#2488,#2489);
#2487 = CARTESIAN_POINT('',(0.,0.,3.));
#2488 = DIRECTION('',(0.,0.,1.));
#2489 = DIRECTION('',(1.,0.,-0.));
#2490 = DEFINITIONAL_REPRESENTATION('',(#2491),#2495);
#2491 = CIRCLE('',#2492,8.);
#2492 = AXIS2_PLACEMENT_2D('',#2493,#2494);
#2493 = CARTESIAN_POINT('',(0.,0.));
#2494 = DIRECTION('',(1.,0.));
#2495 = ( GEOMETRIC_REPRESENTATION_CONTEXT(2) 
PARAMETRIC_REPRESENTATION_CONTEXT() REPRESENTATION_CONTEXT('2D SPACE',''
  ) );
#2496 = ORIENTED_EDGE('',*,*,#2497,.F.);
#2497 = EDGE_CURVE('',#654,#2469,#2498,.T.);
#2498 = SEAM_CURVE('',#2499,(#2503,#2510),.PCURVE_S1.);
#2499 = LINE('',#2500,#2501);
#2500 = CARTESIAN_POINT('',(8.,-1.959434878636E-15,-30.));
#2501 = VECTOR('',#2502,1.);
#2502 = DIRECTION('',(0.,0.,1.));
#2503 = PCURVE('',#670,#2504);
#2504 = DEFINITIONAL_REPRESENTATION('',(#2505),#2509);
#2505 = LINE('',#2506,#2507);
#2506 = CARTESIAN_POINT('',(6.28318530718,-0.));
#2507 = VECTOR('',#2508,1.);
#2508 = DIRECTION('',(0.,1.));
#2509 = ( GEOMETRIC_REPRESENTATION_CONTEXT(2) 
PARAMETRIC_REPRESENTATION_CONTEXT() REPRESENTATION_CONTEXT('2D SPACE',''
  ) );
#2510 = PCURVE('',#670,#2511);
#2511 = DEFINITIONAL_REPRESENTATION('',(#2512),#2516);
#2512 = LINE('',#2513,#2514);
#2513 = CARTESIAN_POINT('',(0.,-0.));
#2514 = VECTOR('',#2515,1.);
#2515 = DIRECTION('',(0.,1.));
#2516 = ( GEOMETRIC_REPRESENTATION_CONTEXT(2) 
PARAMETRIC_REPRESENTATION_CONTEXT() REPRESENTATION_CONTEXT('2D SPACE',''
  ) );
#2517 = ORIENTED_EDGE('',*,*,#653,.T.);
#2518 = ORIENTED_EDGE('',*,*,#2497,.T.);
#2519 = ADVANCED_FACE('',(#2520,#2574),#701,.F.);
#2520 = FACE_BOUND('',#2521,.F.);
#2521 = EDGE_LOOP('',(#2522,#2545,#2572,#2573));
#2522 = ORIENTED_EDGE('',*,*,#2523,.T.);
#2523 = EDGE_CURVE('',#685,#2524,#2526,.T.);
#2524 = VERTEX_POINT('',#2525);
#2525 = CARTESIAN_POINT('',(28.3,-8.082668874373E-16,-4.));
#2526 = SEAM_CURVE('',#2527,(#2531,#2538),.PCURVE_S1.);
#2527 = LINE('',#2528,#2529);
#2528 = CARTESIAN_POINT('',(28.3,-8.082668874373E-16,-30.));
#2529 = VECTOR('',#2530,1.);
#2530 = DIRECTION('',(0.,0.,1.));
#2531 = PCURVE('',#701,#2532);
#2532 = DEFINITIONAL_REPRESENTATION('',(#2533),#2537);
#2533 = LINE('',#2534,#2535);
#2534 = CARTESIAN_POINT('',(6.28318530718,-0.));
#2535 = VECTOR('',#2536,1.);
#2536 = DIRECTION('',(0.,1.));
#2537 = ( GEOMETRIC_REPRESENTATION_CONTEXT(2) 
PARAMETRIC_REPRESENTATION_CONTEXT() REPRESENTATION_CONTEXT('2D SPACE',''
  ) );
#2538 = PCURVE('',#701,#2539);
#2539 = DEFINITIONAL_REPRESENTATION('',(#2540),#2544);
#2540 = LINE('',#2541,#2542);
#2541 = CARTESIAN_POINT('',(0.,-0.));
#2542 = VECTOR('',#2543,1.);
#2543 = DIRECTION('',(0.,1.));
#2544 = ( GEOMETRIC_REPRESENTATION_CONTEXT(2) 
PARAMETRIC_REPRESENTATION_CONTEXT() REPRESENTATION_CONTEXT('2D SPACE',''
  ) );
#2545 = ORIENTED_EDGE('',*,*,#2546,.F.);
#2546 = EDGE_CURVE('',#2524,#2524,#2547,.T.);
#2547 = SURFACE_CURVE('',#2548,(#2553,#2560),.PCURVE_S1.);
#2548 = CIRCLE('',#2549,3.3);
#2549 = AXIS2_PLACEMENT_3D('',#2550,#2551,#2552);
#2550 = CARTESIAN_POINT('',(25.,0.,-4.));
#2551 = DIRECTION('',(0.,0.,1.));
#2552 = DIRECTION('',(1.,0.,-0.));
#2553 = PCURVE('',#701,#2554);
#2554 = DEFINITIONAL_REPRESENTATION('',(#2555),#2559);
#2555 = LINE('',#2556,#2557);
#2556 = CARTESIAN_POINT('',(0.,26.));
#2557 = VECTOR('',#2558,1.);
#2558 = DIRECTION('',(1.,0.));
#2559 = ( GEOMETRIC_REPRESENTATION_CONTEXT(2) 
PARAMETRIC_REPRESENTATION_CONTEXT() REPRESENTATION_CONTEXT('2D SPACE',''
  ) );
#2560 = PCURVE('',#2561,#2566);
#2561 = PLANE('',#2562);
#2562 = AXIS2_PLACEMENT_3D('',#2563,#2564,#2565);
#2563 = CARTESIAN_POINT('',(25.,0.,-4.));
#2564 = DIRECTION('',(0.,0.,1.));
#2565 = DIRECTION('',(1.,0.,-0.));
#2566 = DEFINITIONAL_REPRESENTATION('',(#2567),#2571);
#2567 = CIRCLE('',#2568,3.3);
#2568 = AXIS2_PLACEMENT_2D('',#2569,#2570);
#2569 = CARTESIAN_POINT('',(0.,0.));
#2570 = DIRECTION('',(1.,0.));
#2571 = ( GEOMETRIC_REPRESENTATION_CONTEXT(2) 
PARAMETRIC_REPRESENTATION_CONTEXT() REPRESENTATION_CONTEXT('2D SPACE',''
  ) );
#2572 = ORIENTED_EDGE('',*,*,#2523,.F.);
#2573 = ORIENTED_EDGE('',*,*,#684,.T.);
#2574 = FACE_BOUND('',#2575,.F.);
#2575 = EDGE_LOOP('',(#2576,#2823,#2849));
#2576 = ORIENTED_EDGE('',*,*,#2577,.F.);
#2577 = EDGE_CURVE('',#2578,#2580,#2582,.T.);
#2578 = VERTEX_POINT('',#2579);
#2579 = CARTESIAN_POINT('',(27.154065922854,2.5,-12.2176861468));
#2580 = VERTEX_POINT('',#2581);
#2581 = CARTESIAN_POINT('',(26.,3.144837038703,-7.5));
#2582 = SURFACE_CURVE('',#2583,(#2661,#2742),.PCURVE_S1.);
#2583 = B_SPLINE_CURVE_WITH_KNOTS('',6,(#2584,#2585,#2586,#2587,#2588,
    #2589,#2590,#2591,#2592,#2593,#2594,#2595,#2596,#2597,#2598,#2599,
    #2600,#2601,#2602,#2603,#2604,#2605,#2606,#2607,#2608,#2609,#2610,
    #2611,#2612,#2613,#2614,#2615,#2616,#2617,#2618,#2619,#2620,#2621,
    #2622,#2623,#2624,#2625,#2626,#2627,#2628,#2629,#2630,#2631,#2632,
    #2633,#2634,#2635,#2636,#2637,#2638,#2639,#2640,#2641,#2642,#2643,
    #2644,#2645,#2646,#2647,#2648,#2649,#2650,#2651,#2652,#2653,#2654,
    #2655,#2656,#2657,#2658,#2659,#2660),.UNSPECIFIED.,.F.,.F.,(7,5,5,5,
    5,5,5,5,5,5,5,5,5,5,5,7),(0.,8.690231722146E-02,0.120022502005,
    0.139774039257,0.179065640088,0.238719992703,0.318971390761,
    0.440732804869,0.56955031507,0.637174715085,0.698729401362,
    0.819956970929,0.862752809282,0.918674180124,0.958988032296,1.),
  .UNSPECIFIED.);
#2584 = CARTESIAN_POINT('',(27.154066619211,2.4999994,-12.21768578442));
#2585 = CARTESIAN_POINT('',(27.059425897247,2.581544387572,
    -12.26693608796));
#2586 = CARTESIAN_POINT('',(26.958668328058,2.660868228656,
    -12.31321060881));
#2587 = CARTESIAN_POINT('',(26.851506059836,2.737505244061,
    -12.35578125917));
#2588 = CARTESIAN_POINT('',(26.737692853272,2.810854617465,
    -12.39377382257));
#2589 = CARTESIAN_POINT('',(26.617068037624,2.880190403368,
    -12.42613335108));
#2590 = CARTESIAN_POINT('',(26.441020064846,2.969246564405,
    -12.46129142606));
#2591 = CARTESIAN_POINT('',(26.391464727501,2.993106927098,
    -12.46998670939));
#2592 = CARTESIAN_POINT('',(26.34097365583,3.016187192453,
    -12.47759860885));
#2593 = CARTESIAN_POINT('',(26.289589109346,3.038426294948,
    -12.48405230152));
#2594 = CARTESIAN_POINT('',(26.237356405989,3.059767534217,
    -12.48927494524));
#2595 = CARTESIAN_POINT('',(26.152697495912,3.092318966224,
    -12.49553384521));
#2596 = CARTESIAN_POINT('',(26.120793128236,3.104139009806,
    -12.4974085967));
#2597 = CARTESIAN_POINT('',(26.088626174349,3.115605782173,
    -12.49880462209));
#2598 = CARTESIAN_POINT('',(26.056214569582,3.126706937643,
    -12.49970765214));
#2599 = CARTESIAN_POINT('',(26.023578829351,3.137430708482,
    -12.50010445936));
#2600 = CARTESIAN_POINT('',(25.925420062131,3.168325641941,
    -12.49974095725));
#2601 = CARTESIAN_POINT('',(25.859270868737,3.187357940786,
    -12.4974478027));
#2602 = CARTESIAN_POINT('',(25.792519684916,3.204759513252,
    -12.49300610102));
#2603 = CARTESIAN_POINT('',(25.725395378691,3.220461671327,
    -12.48635082809));
#2604 = CARTESIAN_POINT('',(25.658128564656,3.234428745624,
    -12.47745051721));
#2605 = CARTESIAN_POINT('',(25.488955590657,3.265221260279,
    -12.44939228577));
#2606 = CARTESIAN_POINT('',(25.387349787784,3.279743162269,
    -12.42733948647));
#2607 = CARTESIAN_POINT('',(25.286876511093,3.290244698211,
    -12.40018806763));
#2608 = CARTESIAN_POINT('',(25.188274331078,3.296900128529,
    -12.36814028898));
#2609 = CARTESIAN_POINT('',(25.09225775112,3.300014050306,
    -12.33157652476));
#2610 = CARTESIAN_POINT('',(24.874712654031,3.299981009234,
    -12.23657540121));
#2611 = CARTESIAN_POINT('',(24.755885930499,3.294300991913,
    -12.17497262313));
#2612 = CARTESIAN_POINT('',(24.643372459176,3.283971862163,
    -12.10711606467));
#2613 = CARTESIAN_POINT('',(24.537429935092,3.269965217573,
    -12.03385139872));
#2614 = CARTESIAN_POINT('',(24.438226702397,3.253197431305,
    -11.95602739861));
#2615 = CARTESIAN_POINT('',(24.205687813568,3.20616853757,
    -11.75082454461));
#2616 = CARTESIAN_POINT('',(24.080728571448,3.173310391512,
    -11.61818588536));
#2617 = CARTESIAN_POINT('',(23.970381551727,3.138606619591,
    -11.47852672854));
#2618 = CARTESIAN_POINT('',(23.874016187321,3.104119448282,
    -11.33317816301));
#2619 = CARTESIAN_POINT('',(23.791115066651,3.071532749435,
    -11.18301506896));
#2620 = CARTESIAN_POINT('',(23.647675655174,3.011248376803,
    -10.86526867423));
#2621 = CARTESIAN_POINT('',(23.588629160666,2.98390895972,
    -10.69699709278));
#2622 = CARTESIAN_POINT('',(23.544361463275,2.962026262167,
    -10.5252166417));
#2623 = CARTESIAN_POINT('',(23.514819092563,2.94694989785,
    -10.35110964635));
#2624 = CARTESIAN_POINT('',(23.5,2.93938769134,-10.17570897177));
#2625 = CARTESIAN_POINT('',(23.5,2.93938769134,-9.907759327326));
#2626 = CARTESIAN_POINT('',(23.504083992317,2.941471659621,
    -9.815534955402));
#2627 = CARTESIAN_POINT('',(23.512249331078,2.945638898048,
    -9.72349715737));
#2628 = CARTESIAN_POINT('',(23.524492947359,2.951832915782,
    -9.631822677032));
#2629 = CARTESIAN_POINT('',(23.540808178773,2.95994454889,
    -9.540695030061));
#2630 = CARTESIAN_POINT('',(23.579726377159,2.978799668977,
    -9.368027669575));
#2631 = CARTESIAN_POINT('',(23.601632643555,2.989241256738,
    -9.286365393592));
#2632 = CARTESIAN_POINT('',(23.626900305652,3.00102550346,
    -9.205415258549));
#2633 = CARTESIAN_POINT('',(23.655536125555,3.014010253522,
    -9.125284885236));
#2634 = CARTESIAN_POINT('',(23.687551532809,3.028028012301,
    -9.046092570202));
#2635 = CARTESIAN_POINT('',(23.792695751788,3.072154943287,
    -8.814106102021));
#2636 = CARTESIAN_POINT('',(23.875556304762,3.104674248252,
    -8.664466685513));
#2637 = CARTESIAN_POINT('',(23.971805813743,3.139062869059,
    -8.51962359679));
#2638 = CARTESIAN_POINT('',(24.081958707645,3.173649465789,
    -8.380446443646));
#2639 = CARTESIAN_POINT('',(24.206640612605,3.206387553374,
    -8.248257080489));
#2640 = CARTESIAN_POINT('',(24.395785147369,3.244604642821,
    -8.081452561582));
#2641 = CARTESIAN_POINT('',(24.447028538024,3.254018089429,
    -8.039032396127));
#2642 = CARTESIAN_POINT('',(24.500172364746,3.26275286376,
    -7.997816472848));
#2643 = CARTESIAN_POINT('',(24.555218746482,3.270680298464,
    -7.957913501749));
#2644 = CARTESIAN_POINT('',(24.612164608956,3.277663842516,
    -7.919437961553));
#2645 = CARTESIAN_POINT('',(24.747884158686,3.291262350228,
    -7.834256420464));
#2646 = CARTESIAN_POINT('',(24.82809215678,3.29711707273,-7.788584916061
    ));
#2647 = CARTESIAN_POINT('',(24.91140492929,3.300769736409,
    -7.745912363681));
#2648 = CARTESIAN_POINT('',(24.997569887082,3.301880057825,
    -7.706599149476));
#2649 = CARTESIAN_POINT('',(25.086307851539,3.300129973364,
    -7.67095396552));
#2650 = CARTESIAN_POINT('',(25.24292796138,3.291702158006,
    -7.616374755434));
#2651 = CARTESIAN_POINT('',(25.309672631079,3.286538494766,
    -7.595569300283));
#2652 = CARTESIAN_POINT('',(25.377315342056,3.279644715937,
    -7.576956873882));
#2653 = CARTESIAN_POINT('',(25.445612350835,3.270952534325,
    -7.560629250897));
#2654 = CARTESIAN_POINT('',(25.514315925733,3.260425410405,
    -7.546637321572));
#2655 = CARTESIAN_POINT('',(25.653230805732,3.235483771355,
    -7.523147366867));
#2656 = CARTESIAN_POINT('',(25.723396115886,3.221014327761,
    -7.513740069259));
#2657 = CARTESIAN_POINT('',(25.793413680047,3.204656049983,
    -7.50677658508));
#2658 = CARTESIAN_POINT('',(25.863024256833,3.186448305879,
    -7.50222144658));
#2659 = CARTESIAN_POINT('',(25.931970714328,3.166469093031,-7.5));
#2660 = CARTESIAN_POINT('',(26.,3.144837038703,-7.5));
#2661 = PCURVE('',#701,#2662);
#2662 = DEFINITIONAL_REPRESENTATION('',(#2663),#2741);
#2663 = B_SPLINE_CURVE_WITH_KNOTS('',6,(#2664,#2665,#2666,#2667,#2668,
    #2669,#2670,#2671,#2672,#2673,#2674,#2675,#2676,#2677,#2678,#2679,
    #2680,#2681,#2682,#2683,#2684,#2685,#2686,#2687,#2688,#2689,#2690,
    #2691,#2692,#2693,#2694,#2695,#2696,#2697,#2698,#2699,#2700,#2701,
    #2702,#2703,#2704,#2705,#2706,#2707,#2708,#2709,#2710,#2711,#2712,
    #2713,#2714,#2715,#2716,#2717,#2718,#2719,#2720,#2721,#2722,#2723,
    #2724,#2725,#2726,#2727,#2728,#2729,#2730,#2731,#2732,#2733,#2734,
    #2735,#2736,#2737,#2738,#2739,#2740),.UNSPECIFIED.,.F.,.F.,(7,5,5,5,
    5,5,5,5,5,5,5,5,5,5,5,7),(0.,8.690231722146E-02,0.120022502005,
    0.139774039257,0.179065640088,0.238719992703,0.318971390761,
    0.440732804869,0.56955031507,0.637174715085,0.698729401362,
    0.819956970929,0.862752809282,0.918674180124,0.958988032296,1.),
  .UNSPECIFIED.);
#2664 = CARTESIAN_POINT('',(0.859590882291,17.782314215579));
#2665 = CARTESIAN_POINT('',(0.897447180162,17.73306391204));
#2666 = CARTESIAN_POINT('',(0.936268403229,17.686789391186));
#2667 = CARTESIAN_POINT('',(0.976125998261,17.644218740824));
#2668 = CARTESIAN_POINT('',(1.017080494471,17.606226177421));
#2669 = CARTESIAN_POINT('',(1.05918176723,17.573866648913));
#2670 = CARTESIAN_POINT('',(1.118967033832,17.538708573937));
#2671 = CARTESIAN_POINT('',(1.135630601878,17.530013290605));
#2672 = CARTESIAN_POINT('',(1.152448632573,17.52240139115));
#2673 = CARTESIAN_POINT('',(1.169410179957,17.515947698477));
#2674 = CARTESIAN_POINT('',(1.186504725466,17.510725054754));
#2675 = CARTESIAN_POINT('',(1.213989969492,17.504466154788));
#2676 = CARTESIAN_POINT('',(1.224299354506,17.502591403292));
#2677 = CARTESIAN_POINT('',(1.234646551458,17.501195377903));
#2678 = CARTESIAN_POINT('',(1.245027161791,17.500292347856));
#2679 = CARTESIAN_POINT('',(1.255436169908,17.499895540637));
#2680 = CARTESIAN_POINT('',(1.28661979988,17.500259042746));
#2681 = CARTESIAN_POINT('',(1.307471795972,17.502552197298));
#2682 = CARTESIAN_POINT('',(1.328365537484,17.506993898974));
#2683 = CARTESIAN_POINT('',(1.349245453782,17.513649171905));
#2684 = CARTESIAN_POINT('',(1.370057769568,17.522549482785));
#2685 = CARTESIAN_POINT('',(1.422164598177,17.550607714225));
#2686 = CARTESIAN_POINT('',(1.453244485014,17.572660513527));
#2687 = CARTESIAN_POINT('',(1.483824691211,17.599811932365));
#2688 = CARTESIAN_POINT('',(1.513743536404,17.631859711015));
#2689 = CARTESIAN_POINT('',(1.542839432193,17.668423475232));
#2690 = CARTESIAN_POINT('',(1.608762189647,17.763424598785));
#2691 = CARTESIAN_POINT('',(1.644770560735,17.825027376862));
#2692 = CARTESIAN_POINT('',(1.678963303232,17.892883935325));
#2693 = CARTESIAN_POINT('',(1.711313370316,17.966148601278));
#2694 = CARTESIAN_POINT('',(1.741785619845,18.043972601382));
#2695 = CARTESIAN_POINT('',(1.813678594366,18.249175455381));
#2696 = CARTESIAN_POINT('',(1.852767457182,18.381814114638));
#2697 = CARTESIAN_POINT('',(1.88777301111,18.521473271452));
#2698 = CARTESIAN_POINT('',(1.918764094089,18.666821836982));
#2699 = CARTESIAN_POINT('',(1.945749474937,18.81698493104));
#2700 = CARTESIAN_POINT('',(1.992898760493,19.134731325761));
#2701 = CARTESIAN_POINT('',(2.012603856963,19.303002907214));
#2702 = CARTESIAN_POINT('',(2.027565764203,19.474783358299));
#2703 = CARTESIAN_POINT('',(2.03761669659,19.648890353648));
#2704 = CARTESIAN_POINT('',(2.042658164075,19.824291028228));
#2705 = CARTESIAN_POINT('',(2.042658164075,20.092240672674));
#2706 = CARTESIAN_POINT('',(2.041268800656,20.184465044598));
#2707 = CARTESIAN_POINT('',(2.038490785342,20.27650284263));
#2708 = CARTESIAN_POINT('',(2.034332926267,20.368177322968));
#2709 = CARTESIAN_POINT('',(2.028811842404,20.459304969939));
#2710 = CARTESIAN_POINT('',(2.015707255978,20.631972330425));
#2711 = CARTESIAN_POINT('',(2.008353625475,20.713634606408));
#2712 = CARTESIAN_POINT('',(1.999905447628,20.794584741451));
#2713 = CARTESIAN_POINT('',(1.990378509931,20.874715114764));
#2714 = CARTESIAN_POINT('',(1.979788922193,20.953907429798));
#2715 = CARTESIAN_POINT('',(1.945234839242,21.185893897979));
#2716 = CARTESIAN_POINT('',(1.918268381928,21.335533314487));
#2717 = CARTESIAN_POINT('',(1.887320352707,21.48037640321));
#2718 = CARTESIAN_POINT('',(1.852381311052,21.619553556354));
#2719 = CARTESIAN_POINT('',(1.813382441533,21.751742919511));
#2720 = CARTESIAN_POINT('',(1.754907641833,21.918547438418));
#2721 = CARTESIAN_POINT('',(1.739121872501,21.960967603873));
#2722 = CARTESIAN_POINT('',(1.722806169891,22.002183527152));
#2723 = CARTESIAN_POINT('',(1.705958815696,22.042086498251));
#2724 = CARTESIAN_POINT('',(1.688577372271,22.080562038447));
#2725 = CARTESIAN_POINT('',(1.647244310432,22.165743579536));
#2726 = CARTESIAN_POINT('',(1.622883048362,22.211415083939));
#2727 = CARTESIAN_POINT('',(1.597629143279,22.254087636319));
#2728 = CARTESIAN_POINT('',(1.571536356967,22.293400850524));
#2729 = CARTESIAN_POINT('',(1.544656441938,22.32904603448));
#2730 = CARTESIAN_POINT('',(1.497127139316,22.383625244566));
#2731 = CARTESIAN_POINT('',(1.476846612662,22.404430699717));
#2732 = CARTESIAN_POINT('',(1.456252003736,22.423043126118));
#2733 = CARTESIAN_POINT('',(1.435399016583,22.439370749103));
#2734 = CARTESIAN_POINT('',(1.414343687558,22.453362678428));
#2735 = CARTESIAN_POINT('',(1.371575139642,22.476852633133));
#2736 = CARTESIAN_POINT('',(1.349872701555,22.486259930741));
#2737 = CARTESIAN_POINT('',(1.328095139393,22.49322341492));
#2738 = CARTESIAN_POINT('',(1.306302649351,22.49777855342));
#2739 = CARTESIAN_POINT('',(1.284557512724,22.5));
#2740 = CARTESIAN_POINT('',(1.262925458397,22.5));
#2741 = ( GEOMETRIC_REPRESENTATION_CONTEXT(2) 
PARAMETRIC_REPRESENTATION_CONTEXT() REPRESENTATION_CONTEXT('2D SPACE',''
  ) );
#2742 = PCURVE('',#1137,#2743);
#2743 = DEFINITIONAL_REPRESENTATION('',(#2744),#2822);
#2744 = B_SPLINE_CURVE_WITH_KNOTS('',6,(#2745,#2746,#2747,#2748,#2749,
    #2750,#2751,#2752,#2753,#2754,#2755,#2756,#2757,#2758,#2759,#2760,
    #2761,#2762,#2763,#2764,#2765,#2766,#2767,#2768,#2769,#2770,#2771,
    #2772,#2773,#2774,#2775,#2776,#2777,#2778,#2779,#2780,#2781,#2782,
    #2783,#2784,#2785,#2786,#2787,#2788,#2789,#2790,#2791,#2792,#2793,
    #2794,#2795,#2796,#2797,#2798,#2799,#2800,#2801,#2802,#2803,#2804,
    #2805,#2806,#2807,#2808,#2809,#2810,#2811,#2812,#2813,#2814,#2815,
    #2816,#2817,#2818,#2819,#2820,#2821),.UNSPECIFIED.,.F.,.F.,(7,5,5,5,
    5,5,5,5,5,5,5,5,5,5,5,7),(0.,8.690231722146E-02,0.120022502005,
    0.139774039257,0.179065640088,0.238719992703,0.318971390761,
    0.440732804869,0.56955031507,0.637174715085,0.698729401362,
    0.819956970929,0.862752809282,0.918674180124,0.958988032296,1.),
  .UNSPECIFIED.);
#2745 = CARTESIAN_POINT('',(2.661764606131,-6.E-07));
#2746 = CARTESIAN_POINT('',(2.704440048536,8.154438757158E-02));
#2747 = CARTESIAN_POINT('',(2.748736061057,0.160868228656));
#2748 = CARTESIAN_POINT('',(2.794762058775,0.237505244061));
#2749 = CARTESIAN_POINT('',(2.84263369084,0.310854617465));
#2750 = CARTESIAN_POINT('',(2.892484652831,0.380190403368));
#2751 = CARTESIAN_POINT('',(2.964294378027,0.469246564405));
#2752 = CARTESIAN_POINT('',(2.98441382998,0.493106927098));
#2753 = CARTESIAN_POINT('',(3.00482946267,0.516187192453));
#2754 = CARTESIAN_POINT('',(3.025534990403,0.538426294948));
#2755 = CARTESIAN_POINT('',(3.04652523408,0.559767534217));
#2756 = CARTESIAN_POINT('',(3.08048121708,0.592318966224));
#2757 = CARTESIAN_POINT('',(3.09326351288,0.604139009806));
#2758 = CARTESIAN_POINT('',(3.106140126025,0.615605782173));
#2759 = CARTESIAN_POINT('',(3.119107427179,0.626706937643));
#2760 = CARTESIAN_POINT('',(3.132161040251,0.637430708482));
#2761 = CARTESIAN_POINT('',(3.171424816362,0.668325641941));
#2762 = CARTESIAN_POINT('',(3.197887716254,0.687357940786));
#2763 = CARTESIAN_POINT('',(3.224626675416,0.704759513252));
#2764 = CARTESIAN_POINT('',(3.251586526882,0.720461671327));
#2765 = CARTESIAN_POINT('',(3.278713142603,0.734428745624));
#2766 = CARTESIAN_POINT('',(3.347306739368,0.765221260279));
#2767 = CARTESIAN_POINT('',(3.388844721335,0.779743162269));
#2768 = CARTESIAN_POINT('',(3.430396530936,0.790244698211));
#2769 = CARTESIAN_POINT('',(3.471791104477,0.796900128529));
#2770 = CARTESIAN_POINT('',(3.512841060088,0.800014050306));
#2771 = CARTESIAN_POINT('',(3.607794592086,0.799981009234));
#2772 = CARTESIAN_POINT('',(3.661214575358,0.794300991913));
#2773 = CARTESIAN_POINT('',(3.713611655524,0.783971862163));
#2774 = CARTESIAN_POINT('',(3.764992395378,0.769965217573));
#2775 = CARTESIAN_POINT('',(3.815342683077,0.753197431305));
#2776 = CARTESIAN_POINT('',(3.939395927199,0.70616853757));
#2777 = CARTESIAN_POINT('',(4.011978694828,0.673310391512));
#2778 = CARTESIAN_POINT('',(4.082788819377,0.638606619591));
#2779 = CARTESIAN_POINT('',(4.1521982362,0.604119448282));
#2780 = CARTESIAN_POINT('',(4.220587594529,0.571532749435));
#2781 = CARTESIAN_POINT('',(4.360036587999,0.511248376803));
#2782 = CARTESIAN_POINT('',(4.431101714808,0.48390895972));
#2783 = CARTESIAN_POINT('',(4.501677188895,0.462026262167));
#2784 = CARTESIAN_POINT('',(4.571945182254,0.44694989785));
#2785 = CARTESIAN_POINT('',(4.642105391676,0.43938769134));
#2786 = CARTESIAN_POINT('',(4.749285249454,0.43938769134));
#2787 = CARTESIAN_POINT('',(4.786175009617,0.441471659621));
#2788 = CARTESIAN_POINT('',(4.823080506792,0.445638898048));
#2789 = CARTESIAN_POINT('',(4.860021407722,0.451832915782));
#2790 = CARTESIAN_POINT('',(4.897015346052,0.45994454889));
#2791 = CARTESIAN_POINT('',(4.967814943274,0.478799668977));
#2792 = CARTESIAN_POINT('',(5.001607143672,0.489241256738));
#2793 = CARTESIAN_POINT('',(5.035486197661,0.50102550346));
#2794 = CARTESIAN_POINT('',(5.069481006795,0.514010253522));
#2795 = CARTESIAN_POINT('',(5.103619397989,0.528028012301));
#2796 = CARTESIAN_POINT('',(5.205500134699,0.572154943287));
#2797 = CARTESIAN_POINT('',(5.273700190439,0.604674248252));
#2798 = CARTESIAN_POINT('',(5.34291836482,0.639062869059));
#2799 = CARTESIAN_POINT('',(5.413532265006,0.673649465789));
#2800 = CARTESIAN_POINT('',(5.485910855733,0.706387553374));
#2801 = CARTESIAN_POINT('',(5.586786543634,0.744604642821));
#2802 = CARTESIAN_POINT('',(5.613382986469,0.754018089429));
#2803 = CARTESIAN_POINT('',(5.640263597551,0.76275286376));
#2804 = CARTESIAN_POINT('',(5.667436690215,0.770680298464));
#2805 = CARTESIAN_POINT('',(5.69491138803,0.777663842516));
#2806 = CARTESIAN_POINT('',(5.759005932098,0.791262350228));
#2807 = CARTESIAN_POINT('',(5.795891825772,0.79711707273));
#2808 = CARTESIAN_POINT('',(5.833278161106,0.800769736409));
#2809 = CARTESIAN_POINT('',(5.871102367348,0.801880057825));
#2810 = CARTESIAN_POINT('',(5.90931260379,0.800129973364));
#2811 = CARTESIAN_POINT('',(5.975655650425,0.791702158006));
#2812 = CARTESIAN_POINT('',(6.003605164454,0.786538494766));
#2813 = CARTESIAN_POINT('',(6.031643889792,0.779644715937));
#2814 = CARTESIAN_POINT('',(6.059708440082,0.770952534325));
#2815 = CARTESIAN_POINT('',(6.087738357616,0.760425410405));
#2816 = CARTESIAN_POINT('',(6.144093122252,0.735483771355));
#2817 = CARTESIAN_POINT('',(6.172393777165,0.721014327761));
#2818 = CARTESIAN_POINT('',(6.200514526952,0.704656049983));
#2819 = CARTESIAN_POINT('',(6.228395000345,0.686448305879));
#2820 = CARTESIAN_POINT('',(6.255973592911,0.666469093031));
#2821 = CARTESIAN_POINT('',(6.28318530718,0.644837038703));
#2822 = ( GEOMETRIC_REPRESENTATION_CONTEXT(2) 
PARAMETRIC_REPRESENTATION_CONTEXT() REPRESENTATION_CONTEXT('2D SPACE',''
  ) );
#2823 = ORIENTED_EDGE('',*,*,#2824,.T.);
#2824 = EDGE_CURVE('',#2578,#2825,#2827,.T.);
#2825 = VERTEX_POINT('',#2826);
#2826 = CARTESIAN_POINT('',(27.154065922854,2.5,-7.7823138532));
#2827 = SURFACE_CURVE('',#2828,(#2832,#2838),.PCURVE_S1.);
#2828 = LINE('',#2829,#2830);
#2829 = CARTESIAN_POINT('',(27.154065922854,2.5,-30.));
#2830 = VECTOR('',#2831,1.);
#2831 = DIRECTION('',(0.,0.,1.));
#2832 = PCURVE('',#701,#2833);
#2833 = DEFINITIONAL_REPRESENTATION('',(#2834),#2837);
#2834 = B_SPLINE_CURVE_WITH_KNOTS('',1,(#2835,#2836),.UNSPECIFIED.,.F.,
  .F.,(2,2),(17.,23.),.PIECEWISE_BEZIER_KNOTS.);
#2835 = CARTESIAN_POINT('',(0.859591160834,17.));
#2836 = CARTESIAN_POINT('',(0.859591160834,23.));
#2837 = ( GEOMETRIC_REPRESENTATION_CONTEXT(2) 
PARAMETRIC_REPRESENTATION_CONTEXT() REPRESENTATION_CONTEXT('2D SPACE',''
  ) );
#2838 = PCURVE('',#2839,#2844);
#2839 = PLANE('',#2840);
#2840 = AXIS2_PLACEMENT_3D('',#2841,#2842,#2843);
#2841 = CARTESIAN_POINT('',(26.,2.5,-10.));
#2842 = DIRECTION('',(0.,1.,0.));
#2843 = DIRECTION('',(0.,-0.,1.));
#2844 = DEFINITIONAL_REPRESENTATION('',(#2845),#2848);
#2845 = B_SPLINE_CURVE_WITH_KNOTS('',1,(#2846,#2847),.UNSPECIFIED.,.F.,
  .F.,(2,2),(17.,23.),.PIECEWISE_BEZIER_KNOTS.);
#2846 = CARTESIAN_POINT('',(-3.,1.154065922854));
#2847 = CARTESIAN_POINT('',(3.,1.154065922854));
#2848 = ( GEOMETRIC_REPRESENTATION_CONTEXT(2) 
PARAMETRIC_REPRESENTATION_CONTEXT() REPRESENTATION_CONTEXT('2D SPACE',''
  ) );
#2849 = ORIENTED_EDGE('',*,*,#2850,.F.);
#2850 = EDGE_CURVE('',#2580,#2825,#2851,.T.);
#2851 = SURFACE_CURVE('',#2852,(#2863,#2877),.PCURVE_S1.);
#2852 = B_SPLINE_CURVE_WITH_KNOTS('',5,(#2853,#2854,#2855,#2856,#2857,
    #2858,#2859,#2860,#2861,#2862),.UNSPECIFIED.,.F.,.F.,(6,4,6),(0.,
    0.438843870262,1.),.UNSPECIFIED.);
#2853 = CARTESIAN_POINT('',(26.,3.144837038703,-7.5));
#2854 = CARTESIAN_POINT('',(26.121513375123,3.106198033366,-7.5));
#2855 = CARTESIAN_POINT('',(26.239742021876,3.062141047211,
    -7.507382664415));
#2856 = CARTESIAN_POINT('',(26.353937013896,3.013206619108,
    -7.521350249047));
#2857 = CARTESIAN_POINT('',(26.463449171375,2.960128680795,
    -7.540999879607));
#2858 = CARTESIAN_POINT('',(26.701085032473,2.831832501498,
    -7.596413273322));
#2859 = CARTESIAN_POINT('',(26.826158157183,2.754421540113,
    -7.635204137289));
#2860 = CARTESIAN_POINT('',(26.943100333225,2.672742829928,
    -7.679953525106));
#2861 = CARTESIAN_POINT('',(27.052252365602,2.587725295078,
    -7.729330861366));
#2862 = CARTESIAN_POINT('',(27.154066619211,2.4999994,-7.782314215579));
#2863 = PCURVE('',#701,#2864);
#2864 = DEFINITIONAL_REPRESENTATION('',(#2865),#2876);
#2865 = B_SPLINE_CURVE_WITH_KNOTS('',5,(#2866,#2867,#2868,#2869,#2870,
    #2871,#2872,#2873,#2874,#2875),.UNSPECIFIED.,.F.,.F.,(6,4,6),(0.,
    0.438843870262,1.),.UNSPECIFIED.);
#2866 = CARTESIAN_POINT('',(1.262925458397,22.5));
#2867 = CARTESIAN_POINT('',(1.22428645306,22.5));
#2868 = CARTESIAN_POINT('',(1.18609851527,22.492617335585));
#2869 = CARTESIAN_POINT('',(1.148507275979,22.478649750953));
#2870 = CARTESIAN_POINT('',(1.111664610457,22.459000120393));
#2871 = CARTESIAN_POINT('',(1.029829195828,22.403586726678));
#2872 = CARTESIAN_POINT('',(0.985334219729,22.364795862711));
#2873 = CARTESIAN_POINT('',(0.942191125081,22.320046474894));
#2874 = CARTESIAN_POINT('',(0.900316593509,22.270669138634));
#2875 = CARTESIAN_POINT('',(0.859590882291,22.217685784421));
#2876 = ( GEOMETRIC_REPRESENTATION_CONTEXT(2) 
PARAMETRIC_REPRESENTATION_CONTEXT() REPRESENTATION_CONTEXT('2D SPACE',''
  ) );
#2877 = PCURVE('',#1137,#2878);
#2878 = DEFINITIONAL_REPRESENTATION('',(#2879),#2890);
#2879 = B_SPLINE_CURVE_WITH_KNOTS('',5,(#2880,#2881,#2882,#2883,#2884,
    #2885,#2886,#2887,#2888,#2889),.UNSPECIFIED.,.F.,.F.,(6,4,6),(0.,
    0.438843870262,1.),.UNSPECIFIED.);
#2880 = CARTESIAN_POINT('',(0.,0.644837038703));
#2881 = CARTESIAN_POINT('',(4.860535004933E-02,0.606198033366));
#2882 = CARTESIAN_POINT('',(9.589682775811E-02,0.562141047211));
#2883 = CARTESIAN_POINT('',(0.14181395776,0.513206619108));
#2884 = CARTESIAN_POINT('',(0.186259232688,0.460128680795));
#2885 = CARTESIAN_POINT('',(0.283863697081,0.331832501498));
#2886 = CARTESIAN_POINT('',(0.336109789225,0.254421540113));
#2887 = CARTESIAN_POINT('',(0.386070317672,0.172742829928));
#2888 = CARTESIAN_POINT('',(0.433917912523,8.772529507791E-02));
#2889 = CARTESIAN_POINT('',(0.479828047459,-6.E-07));
#2890 = ( GEOMETRIC_REPRESENTATION_CONTEXT(2) 
PARAMETRIC_REPRESENTATION_CONTEXT() REPRESENTATION_CONTEXT('2D SPACE',''
  ) );
#2891 = ADVANCED_FACE('',(#2892),#732,.F.);
#2892 = FACE_BOUND('',#2893,.F.);
#2893 = EDGE_LOOP('',(#2894,#2917,#2944,#2945));
#2894 = ORIENTED_EDGE('',*,*,#2895,.T.);
#2895 = EDGE_CURVE('',#716,#2896,#2898,.T.);
#2896 = VERTEX_POINT('',#2897);
#2897 = CARTESIAN_POINT('',(-29.9,8.,-15.));
#2898 = SEAM_CURVE('',#2899,(#2903,#2910),.PCURVE_S1.);
#2899 = LINE('',#2900,#2901);
#2900 = CARTESIAN_POINT('',(-29.9,8.,-30.));
#2901 = VECTOR('',#2902,1.);
#2902 = DIRECTION('',(0.,0.,1.));
#2903 = PCURVE('',#732,#2904);
#2904 = DEFINITIONAL_REPRESENTATION('',(#2905),#2909);
#2905 = LINE('',#2906,#2907);
#2906 = CARTESIAN_POINT('',(6.28318530718,-0.));
#2907 = VECTOR('',#2908,1.);
#2908 = DIRECTION('',(0.,1.));
#2909 = ( GEOMETRIC_REPRESENTATION_CONTEXT(2) 
PARAMETRIC_REPRESENTATION_CONTEXT() REPRESENTATION_CONTEXT('2D SPACE',''
  ) );
#2910 = PCURVE('',#732,#2911);
#2911 = DEFINITIONAL_REPRESENTATION('',(#2912),#2916);
#2912 = LINE('',#2913,#2914);
#2913 = CARTESIAN_POINT('',(0.,-0.));
#2914 = VECTOR('',#2915,1.);
#2915 = DIRECTION('',(0.,1.));
#2916 = ( GEOMETRIC_REPRESENTATION_CONTEXT(2) 
PARAMETRIC_REPRESENTATION_CONTEXT() REPRESENTATION_CONTEXT('2D SPACE',''
  ) );
#2917 = ORIENTED_EDGE('',*,*,#2918,.F.);
#2918 = EDGE_CURVE('',#2896,#2896,#2919,.T.);
#2919 = SURFACE_CURVE('',#2920,(#2925,#2932),.PCURVE_S1.);
#2920 = CIRCLE('',#2921,2.1);
#2921 = AXIS2_PLACEMENT_3D('',#2922,#2923,#2924);
#2922 = CARTESIAN_POINT('',(-32.,8.,-15.));
#2923 = DIRECTION('',(0.,0.,1.));
#2924 = DIRECTION('',(1.,0.,-0.));
#2925 = PCURVE('',#732,#2926);
#2926 = DEFINITIONAL_REPRESENTATION('',(#2927),#2931);
#2927 = LINE('',#2928,#2929);
#2928 = CARTESIAN_POINT('',(0.,15.));
#2929 = VECTOR('',#2930,1.);
#2930 = DIRECTION('',(1.,0.));
#2931 = ( GEOMETRIC_REPRESENTATION_CONTEXT(2) 
PARAMETRIC_REPRESENTATION_CONTEXT() REPRESENTATION_CONTEXT('2D SPACE',''
  ) );
#2932 = PCURVE('',#2933,#2938);
#2933 = PLANE('',#2934);
#2934 = AXIS2_PLACEMENT_3D('',#2935,#2936,#2937);
#2935 = CARTESIAN_POINT('',(-32.,8.,-15.));
#2936 = DIRECTION('',(0.,0.,1.));
#2937 = DIRECTION('',(1.,0.,-0.));
#2938 = DEFINITIONAL_REPRESENTATION('',(#2939),#2943);
#2939 = CIRCLE('',#2940,2.1);
#2940 = AXIS2_PLACEMENT_2D('',#2941,#2942);
#2941 = CARTESIAN_POINT('',(0.,0.));
#2942 = DIRECTION('',(1.,0.));
#2943 = ( GEOMETRIC_REPRESENTATION_CONTEXT(2) 
PARAMETRIC_REPRESENTATION_CONTEXT() REPRESENTATION_CONTEXT('2D SPACE',''
  ) );
#2944 = ORIENTED_EDGE('',*,*,#2895,.F.);
#2945 = ORIENTED_EDGE('',*,*,#715,.T.);
#2946 = ADVANCED_FACE('',(#2947),#763,.F.);
#2947 = FACE_BOUND('',#2948,.F.);
#2948 = EDGE_LOOP('',(#2949,#2972,#2999,#3000));
#2949 = ORIENTED_EDGE('',*,*,#2950,.T.);
#2950 = EDGE_CURVE('',#747,#2951,#2953,.T.);
#2951 = VERTEX_POINT('',#2952);
#2952 = CARTESIAN_POINT('',(-17.9,8.,-15.));
#2953 = SEAM_CURVE('',#2954,(#2958,#2965),.PCURVE_S1.);
#2954 = LINE('',#2955,#2956);
#2955 = CARTESIAN_POINT('',(-17.9,8.,-30.));
#2956 = VECTOR('',#2957,1.);
#2957 = DIRECTION('',(0.,0.,1.));
#2958 = PCURVE('',#763,#2959);
#2959 = DEFINITIONAL_REPRESENTATION('',(#2960),#2964);
#2960 = LINE('',#2961,#2962);
#2961 = CARTESIAN_POINT('',(6.28318530718,-0.));
#2962 = VECTOR('',#2963,1.);
#2963 = DIRECTION('',(0.,1.));
#2964 = ( GEOMETRIC_REPRESENTATION_CONTEXT(2) 
PARAMETRIC_REPRESENTATION_CONTEXT() REPRESENTATION_CONTEXT('2D SPACE',''
  ) );
#2965 = PCURVE('',#763,#2966);
#2966 = DEFINITIONAL_REPRESENTATION('',(#2967),#2971);
#2967 = LINE('',#2968,#2969);
#2968 = CARTESIAN_POINT('',(0.,-0.));
#2969 = VECTOR('',#2970,1.);
#2970 = DIRECTION('',(0.,1.));
#2971 = ( GEOMETRIC_REPRESENTATION_CONTEXT(2) 
PARAMETRIC_REPRESENTATION_CONTEXT() REPRESENTATION_CONTEXT('2D SPACE',''
  ) );
#2972 = ORIENTED_EDGE('',*,*,#2973,.F.);
#2973 = EDGE_CURVE('',#2951,#2951,#2974,.T.);
#2974 = SURFACE_CURVE('',#2975,(#2980,#2987),.PCURVE_S1.);
#2975 = CIRCLE('',#2976,2.1);
#2976 = AXIS2_PLACEMENT_3D('',#2977,#2978,#2979);
#2977 = CARTESIAN_POINT('',(-20.,8.,-15.));
#2978 = DIRECTION('',(0.,0.,1.));
#2979 = DIRECTION('',(1.,0.,-0.));
#2980 = PCURVE('',#763,#2981);
#2981 = DEFINITIONAL_REPRESENTATION('',(#2982),#2986);
#2982 = LINE('',#2983,#2984);
#2983 = CARTESIAN_POINT('',(0.,15.));
#2984 = VECTOR('',#2985,1.);
#2985 = DIRECTION('',(1.,0.));
#2986 = ( GEOMETRIC_REPRESENTATION_CONTEXT(2) 
PARAMETRIC_REPRESENTATION_CONTEXT() REPRESENTATION_CONTEXT('2D SPACE',''
  ) );
#2987 = PCURVE('',#2988,#2993);
#2988 = PLANE('',#2989);
#2989 = AXIS2_PLACEMENT_3D('',#2990,#2991,#2992);
#2990 = CARTESIAN_POINT('',(-20.,8.,-15.));
#2991 = DIRECTION('',(0.,0.,1.));
#2992 = DIRECTION('',(1.,0.,-0.));
#2993 = DEFINITIONAL_REPRESENTATION('',(#2994),#2998);
#2994 = CIRCLE('',#2995,2.1);
#2995 = AXIS2_PLACEMENT_2D('',#2996,#2997);
#2996 = CARTESIAN_POINT('',(0.,0.));
#2997 = DIRECTION('',(1.,0.));
#2998 = ( GEOMETRIC_REPRESENTATION_CONTEXT(2) 
PARAMETRIC_REPRESENTATION_CONTEXT() REPRESENTATION_CONTEXT('2D SPACE',''
  ) );
#2999 = ORIENTED_EDGE('',*,*,#2950,.F.);
#3000 = ORIENTED_EDGE('',*,*,#746,.T.);
#3001 = ADVANCED_FACE('',(#3002,#3033),#795,.T.);
#3002 = FACE_BOUND('',#3003,.T.);
#3003 = EDGE_LOOP('',(#3004));
#3004 = ORIENTED_EDGE('',*,*,#3005,.T.);
#3005 = EDGE_CURVE('',#3006,#3006,#3008,.T.);
#3006 = VERTEX_POINT('',#3007);
#3007 = CARTESIAN_POINT('',(5.5,-25.,-4.));
#3008 = SURFACE_CURVE('',#3009,(#3014,#3021),.PCURVE_S1.);
#3009 = CIRCLE('',#3010,5.5);
#3010 = AXIS2_PLACEMENT_3D('',#3011,#3012,#3013);
#3011 = CARTESIAN_POINT('',(-4.592425496803E-15,-25.,-4.));
#3012 = DIRECTION('',(0.,0.,1.));
#3013 = DIRECTION('',(1.,0.,-0.));
#3014 = PCURVE('',#795,#3015);
#3015 = DEFINITIONAL_REPRESENTATION('',(#3016),#3020);
#3016 = CIRCLE('',#3017,5.5);
#3017 = AXIS2_PLACEMENT_2D('',#3018,#3019);
#3018 = CARTESIAN_POINT('',(0.,0.));
#3019 = DIRECTION('',(1.,0.));
#3020 = ( GEOMETRIC_REPRESENTATION_CONTEXT(2) 
PARAMETRIC_REPRESENTATION_CONTEXT() REPRESENTATION_CONTEXT('2D SPACE',''
  ) );
#3021 = PCURVE('',#3022,#3027);
#3022 = CYLINDRICAL_SURFACE('',#3023,5.5);
#3023 = AXIS2_PLACEMENT_3D('',#3024,#3025,#3026);
#3024 = CARTESIAN_POINT('',(-4.592425496803E-15,-25.,-4.));
#3025 = DIRECTION('',(0.,0.,1.));
#3026 = DIRECTION('',(1.,0.,-0.));
#3027 = DEFINITIONAL_REPRESENTATION('',(#3028),#3032);
#3028 = LINE('',#3029,#3030);
#3029 = CARTESIAN_POINT('',(0.,0.));
#3030 = VECTOR('',#3031,1.);
#3031 = DIRECTION('',(1.,0.));
#3032 = ( GEOMETRIC_REPRESENTATION_CONTEXT(2) 
PARAMETRIC_REPRESENTATION_CONTEXT() REPRESENTATION_CONTEXT('2D SPACE',''
  ) );
#3033 = FACE_BOUND('',#3034,.T.);
#3034 = EDGE_LOOP('',(#3035));
#3035 = ORIENTED_EDGE('',*,*,#778,.F.);
#3036 = ADVANCED_FACE('',(#3037),#1022,.T.);
#3037 = FACE_BOUND('',#3038,.T.);
#3038 = EDGE_LOOP('',(#3039,#3040,#3041,#3042,#3043));
#3039 = ORIENTED_EDGE('',*,*,#2266,.F.);
#3040 = ORIENTED_EDGE('',*,*,#1005,.F.);
#3041 = ORIENTED_EDGE('',*,*,#1358,.F.);
#3042 = ORIENTED_EDGE('',*,*,#2365,.T.);
#3043 = ORIENTED_EDGE('',*,*,#2338,.T.);
#3044 = ADVANCED_FACE('',(#3045),#1243,.F.);
#3045 = FACE_BOUND('',#3046,.F.);
#3046 = EDGE_LOOP('',(#3047,#3048,#3049,#3050));
#3047 = ORIENTED_EDGE('',*,*,#1811,.T.);
#3048 = ORIENTED_EDGE('',*,*,#1855,.T.);
#3049 = ORIENTED_EDGE('',*,*,#1528,.T.);
#3050 = ORIENTED_EDGE('',*,*,#1228,.T.);
#3051 = ADVANCED_FACE('',(#3052),#1193,.F.);
#3052 = FACE_BOUND('',#3053,.F.);
#3053 = EDGE_LOOP('',(#3054,#3078,#3100,#3101));
#3054 = ORIENTED_EDGE('',*,*,#3055,.T.);
#3055 = EDGE_CURVE('',#1507,#3056,#3058,.T.);
#3056 = VERTEX_POINT('',#3057);
#3057 = CARTESIAN_POINT('',(26.,27.5,-7.5));
#3058 = SURFACE_CURVE('',#3059,(#3064,#3071),.PCURVE_S1.);
#3059 = CIRCLE('',#3060,2.5);
#3060 = AXIS2_PLACEMENT_3D('',#3061,#3062,#3063);
#3061 = CARTESIAN_POINT('',(26.,27.5,-10.));
#3062 = DIRECTION('',(0.,1.,0.));
#3063 = DIRECTION('',(0.,-0.,1.));
#3064 = PCURVE('',#1193,#3065);
#3065 = DEFINITIONAL_REPRESENTATION('',(#3066),#3070);
#3066 = CIRCLE('',#3067,2.5);
#3067 = AXIS2_PLACEMENT_2D('',#3068,#3069);
#3068 = CARTESIAN_POINT('',(0.,0.));
#3069 = DIRECTION('',(1.,0.));
#3070 = ( GEOMETRIC_REPRESENTATION_CONTEXT(2) 
PARAMETRIC_REPRESENTATION_CONTEXT() REPRESENTATION_CONTEXT('2D SPACE',''
  ) );
#3071 = PCURVE('',#1137,#3072);
#3072 = DEFINITIONAL_REPRESENTATION('',(#3073),#3077);
#3073 = LINE('',#3074,#3075);
#3074 = CARTESIAN_POINT('',(0.,25.));
#3075 = VECTOR('',#3076,1.);
#3076 = DIRECTION('',(1.,0.));
#3077 = ( GEOMETRIC_REPRESENTATION_CONTEXT(2) 
PARAMETRIC_REPRESENTATION_CONTEXT() REPRESENTATION_CONTEXT('2D SPACE',''
  ) );
#3078 = ORIENTED_EDGE('',*,*,#3079,.T.);
#3079 = EDGE_CURVE('',#3056,#1064,#3080,.T.);
#3080 = SURFACE_CURVE('',#3081,(#3086,#3093),.PCURVE_S1.);
#3081 = CIRCLE('',#3082,2.5);
#3082 = AXIS2_PLACEMENT_3D('',#3083,#3084,#3085);
#3083 = CARTESIAN_POINT('',(26.,27.5,-10.));
#3084 = DIRECTION('',(0.,1.,0.));
#3085 = DIRECTION('',(0.,-0.,1.));
#3086 = PCURVE('',#1193,#3087);
#3087 = DEFINITIONAL_REPRESENTATION('',(#3088),#3092);
#3088 = CIRCLE('',#3089,2.5);
#3089 = AXIS2_PLACEMENT_2D('',#3090,#3091);
#3090 = CARTESIAN_POINT('',(0.,0.));
#3091 = DIRECTION('',(1.,0.));
#3092 = ( GEOMETRIC_REPRESENTATION_CONTEXT(2) 
PARAMETRIC_REPRESENTATION_CONTEXT() REPRESENTATION_CONTEXT('2D SPACE',''
  ) );
#3093 = PCURVE('',#1137,#3094);
#3094 = DEFINITIONAL_REPRESENTATION('',(#3095),#3099);
#3095 = LINE('',#3096,#3097);
#3096 = CARTESIAN_POINT('',(0.,25.));
#3097 = VECTOR('',#3098,1.);
#3098 = DIRECTION('',(1.,0.));
#3099 = ( GEOMETRIC_REPRESENTATION_CONTEXT(2) 
PARAMETRIC_REPRESENTATION_CONTEXT() REPRESENTATION_CONTEXT('2D SPACE',''
  ) );
#3100 = ORIENTED_EDGE('',*,*,#1178,.F.);
#3101 = ORIENTED_EDGE('',*,*,#1506,.T.);
#3102 = ADVANCED_FACE('',(#3103),#1137,.F.);
#3103 = FACE_BOUND('',#3104,.F.);
#3104 = EDGE_LOOP('',(#3105,#3126,#3127,#3128,#3129,#3148,#3149,#3150,
    #3151,#3152,#3174));
#3105 = ORIENTED_EDGE('',*,*,#3106,.T.);
#3106 = EDGE_CURVE('',#2580,#3056,#3107,.T.);
#3107 = SEAM_CURVE('',#3108,(#3112,#3119),.PCURVE_S1.);
#3108 = LINE('',#3109,#3110);
#3109 = CARTESIAN_POINT('',(26.,2.5,-7.5));
#3110 = VECTOR('',#3111,1.);
#3111 = DIRECTION('',(0.,1.,0.));
#3112 = PCURVE('',#1137,#3113);
#3113 = DEFINITIONAL_REPRESENTATION('',(#3114),#3118);
#3114 = LINE('',#3115,#3116);
#3115 = CARTESIAN_POINT('',(6.28318530718,-0.));
#3116 = VECTOR('',#3117,1.);
#3117 = DIRECTION('',(0.,1.));
#3118 = ( GEOMETRIC_REPRESENTATION_CONTEXT(2) 
PARAMETRIC_REPRESENTATION_CONTEXT() REPRESENTATION_CONTEXT('2D SPACE',''
  ) );
#3119 = PCURVE('',#1137,#3120);
#3120 = DEFINITIONAL_REPRESENTATION('',(#3121),#3125);
#3121 = LINE('',#3122,#3123);
#3122 = CARTESIAN_POINT('',(0.,-0.));
#3123 = VECTOR('',#3124,1.);
#3124 = DIRECTION('',(0.,1.));
#3125 = ( GEOMETRIC_REPRESENTATION_CONTEXT(2) 
PARAMETRIC_REPRESENTATION_CONTEXT() REPRESENTATION_CONTEXT('2D SPACE',''
  ) );
#3126 = ORIENTED_EDGE('',*,*,#3055,.F.);
#3127 = ORIENTED_EDGE('',*,*,#1661,.F.);
#3128 = ORIENTED_EDGE('',*,*,#2221,.F.);
#3129 = ORIENTED_EDGE('',*,*,#3130,.T.);
#3130 = EDGE_CURVE('',#2222,#1035,#3131,.T.);
#3131 = SURFACE_CURVE('',#3132,(#3136,#3142),.PCURVE_S1.);
#3132 = LINE('',#3133,#3134);
#3133 = CARTESIAN_POINT('',(28.5,2.5,-10.));
#3134 = VECTOR('',#3135,1.);
#3135 = DIRECTION('',(0.,1.,0.));
#3136 = PCURVE('',#1137,#3137);
#3137 = DEFINITIONAL_REPRESENTATION('',(#3138),#3141);
#3138 = B_SPLINE_CURVE_WITH_KNOTS('',1,(#3139,#3140),.UNSPECIFIED.,.F.,
  .F.,(2,2),(17.9,25.0000006),.PIECEWISE_BEZIER_KNOTS.);
#3139 = CARTESIAN_POINT('',(1.570796326795,17.9));
#3140 = CARTESIAN_POINT('',(1.570796326795,25.0000006));
#3141 = ( GEOMETRIC_REPRESENTATION_CONTEXT(2) 
PARAMETRIC_REPRESENTATION_CONTEXT() REPRESENTATION_CONTEXT('2D SPACE',''
  ) );
#3142 = PCURVE('',#1051,#3143);
#3143 = DEFINITIONAL_REPRESENTATION('',(#3144),#3147);
#3144 = B_SPLINE_CURVE_WITH_KNOTS('',1,(#3145,#3146),.UNSPECIFIED.,.F.,
  .F.,(2,2),(17.9,25.0000006),.PIECEWISE_BEZIER_KNOTS.);
#3145 = CARTESIAN_POINT('',(28.5,20.4));
#3146 = CARTESIAN_POINT('',(28.5,27.5000006));
#3147 = ( GEOMETRIC_REPRESENTATION_CONTEXT(2) 
PARAMETRIC_REPRESENTATION_CONTEXT() REPRESENTATION_CONTEXT('2D SPACE',''
  ) );
#3148 = ORIENTED_EDGE('',*,*,#1063,.F.);
#3149 = ORIENTED_EDGE('',*,*,#3079,.F.);
#3150 = ORIENTED_EDGE('',*,*,#3106,.F.);
#3151 = ORIENTED_EDGE('',*,*,#2850,.T.);
#3152 = ORIENTED_EDGE('',*,*,#3153,.T.);
#3153 = EDGE_CURVE('',#2825,#2578,#3154,.T.);
#3154 = SURFACE_CURVE('',#3155,(#3160,#3167),.PCURVE_S1.);
#3155 = CIRCLE('',#3156,2.5);
#3156 = AXIS2_PLACEMENT_3D('',#3157,#3158,#3159);
#3157 = CARTESIAN_POINT('',(26.,2.5,-10.));
#3158 = DIRECTION('',(0.,1.,0.));
#3159 = DIRECTION('',(0.,-0.,1.));
#3160 = PCURVE('',#1137,#3161);
#3161 = DEFINITIONAL_REPRESENTATION('',(#3162),#3166);
#3162 = LINE('',#3163,#3164);
#3163 = CARTESIAN_POINT('',(0.,0.));
#3164 = VECTOR('',#3165,1.);
#3165 = DIRECTION('',(1.,0.));
#3166 = ( GEOMETRIC_REPRESENTATION_CONTEXT(2) 
PARAMETRIC_REPRESENTATION_CONTEXT() REPRESENTATION_CONTEXT('2D SPACE',''
  ) );
#3167 = PCURVE('',#2839,#3168);
#3168 = DEFINITIONAL_REPRESENTATION('',(#3169),#3173);
#3169 = CIRCLE('',#3170,2.5);
#3170 = AXIS2_PLACEMENT_2D('',#3171,#3172);
#3171 = CARTESIAN_POINT('',(0.,0.));
#3172 = DIRECTION('',(1.,0.));
#3173 = ( GEOMETRIC_REPRESENTATION_CONTEXT(2) 
PARAMETRIC_REPRESENTATION_CONTEXT() REPRESENTATION_CONTEXT('2D SPACE',''
  ) );
#3174 = ORIENTED_EDGE('',*,*,#2577,.T.);
#3175 = ADVANCED_FACE('',(#3176),#1051,.F.);
#3176 = FACE_BOUND('',#3177,.F.);
#3177 = EDGE_LOOP('',(#3178,#3179,#3180));
#3178 = ORIENTED_EDGE('',*,*,#2245,.T.);
#3179 = ORIENTED_EDGE('',*,*,#1034,.T.);
#3180 = ORIENTED_EDGE('',*,*,#3130,.F.);
#3181 = ADVANCED_FACE('',(#3182,#3185,#3211,#3242,#3273,#3304,#3335),
  #992,.T.);
#3182 = FACE_BOUND('',#3183,.T.);
#3183 = EDGE_LOOP('',(#3184));
#3184 = ORIENTED_EDGE('',*,*,#977,.T.);
#3185 = FACE_BOUND('',#3186,.T.);
#3186 = EDGE_LOOP('',(#3187));
#3187 = ORIENTED_EDGE('',*,*,#3188,.F.);
#3188 = EDGE_CURVE('',#3189,#3189,#3191,.T.);
#3189 = VERTEX_POINT('',#3190);
#3190 = CARTESIAN_POINT('',(5.5,-25.,0.));
#3191 = SURFACE_CURVE('',#3192,(#3197,#3204),.PCURVE_S1.);
#3192 = CIRCLE('',#3193,5.5);
#3193 = AXIS2_PLACEMENT_3D('',#3194,#3195,#3196);
#3194 = CARTESIAN_POINT('',(-4.592425496803E-15,-25.,0.));
#3195 = DIRECTION('',(0.,0.,1.));
#3196 = DIRECTION('',(1.,0.,-0.));
#3197 = PCURVE('',#992,#3198);
#3198 = DEFINITIONAL_REPRESENTATION('',(#3199),#3203);
#3199 = CIRCLE('',#3200,5.5);
#3200 = AXIS2_PLACEMENT_2D('',#3201,#3202);
#3201 = CARTESIAN_POINT('',(-4.592425496803E-15,-25.));
#3202 = DIRECTION('',(1.,0.));
#3203 = ( GEOMETRIC_REPRESENTATION_CONTEXT(2) 
PARAMETRIC_REPRESENTATION_CONTEXT() REPRESENTATION_CONTEXT('2D SPACE',''
  ) );
#3204 = PCURVE('',#3022,#3205);
#3205 = DEFINITIONAL_REPRESENTATION('',(#3206),#3210);
#3206 = LINE('',#3207,#3208);
#3207 = CARTESIAN_POINT('',(0.,4.));
#3208 = VECTOR('',#3209,1.);
#3209 = DIRECTION('',(1.,0.));
#3210 = ( GEOMETRIC_REPRESENTATION_CONTEXT(2) 
PARAMETRIC_REPRESENTATION_CONTEXT() REPRESENTATION_CONTEXT('2D SPACE',''
  ) );
#3211 = FACE_BOUND('',#3212,.T.);
#3212 = EDGE_LOOP('',(#3213));
#3213 = ORIENTED_EDGE('',*,*,#3214,.F.);
#3214 = EDGE_CURVE('',#3215,#3215,#3217,.T.);
#3215 = VERTEX_POINT('',#3216);
#3216 = CARTESIAN_POINT('',(-19.5,1.714505518806E-15,0.));
#3217 = SURFACE_CURVE('',#3218,(#3223,#3230),.PCURVE_S1.);
#3218 = CIRCLE('',#3219,5.5);
#3219 = AXIS2_PLACEMENT_3D('',#3220,#3221,#3222);
#3220 = CARTESIAN_POINT('',(-25.,3.061616997868E-15,0.));
#3221 = DIRECTION('',(0.,0.,1.));
#3222 = DIRECTION('',(1.,0.,-0.));
#3223 = PCURVE('',#992,#3224);
#3224 = DEFINITIONAL_REPRESENTATION('',(#3225),#3229);
#3225 = CIRCLE('',#3226,5.5);
#3226 = AXIS2_PLACEMENT_2D('',#3227,#3228);
#3227 = CARTESIAN_POINT('',(-25.,3.061616997868E-15));
#3228 = DIRECTION('',(1.,0.));
#3229 = ( GEOMETRIC_REPRESENTATION_CONTEXT(2) 
PARAMETRIC_REPRESENTATION_CONTEXT() REPRESENTATION_CONTEXT('2D SPACE',''
  ) );
#3230 = PCURVE('',#3231,#3236);
#3231 = CYLINDRICAL_SURFACE('',#3232,5.5);
#3232 = AXIS2_PLACEMENT_3D('',#3233,#3234,#3235);
#3233 = CARTESIAN_POINT('',(-25.,3.061616997868E-15,-4.));
#3234 = DIRECTION('',(0.,0.,1.));
#3235 = DIRECTION('',(1.,0.,-0.));
#3236 = DEFINITIONAL_REPRESENTATION('',(#3237),#3241);
#3237 = LINE('',#3238,#3239);
#3238 = CARTESIAN_POINT('',(0.,4.));
#3239 = VECTOR('',#3240,1.);
#3240 = DIRECTION('',(1.,0.));
#3241 = ( GEOMETRIC_REPRESENTATION_CONTEXT(2) 
PARAMETRIC_REPRESENTATION_CONTEXT() REPRESENTATION_CONTEXT('2D SPACE',''
  ) );
#3242 = FACE_BOUND('',#3243,.T.);
#3243 = EDGE_LOOP('',(#3244));
#3244 = ORIENTED_EDGE('',*,*,#3245,.F.);
#3245 = EDGE_CURVE('',#3246,#3246,#3248,.T.);
#3246 = VERTEX_POINT('',#3247);
#3247 = CARTESIAN_POINT('',(15.75,-3.857637417314E-15,0.));
#3248 = SURFACE_CURVE('',#3249,(#3254,#3261),.PCURVE_S1.);
#3249 = CIRCLE('',#3250,15.75);
#3250 = AXIS2_PLACEMENT_3D('',#3251,#3252,#3253);
#3251 = CARTESIAN_POINT('',(0.,0.,0.));
#3252 = DIRECTION('',(0.,0.,1.));
#3253 = DIRECTION('',(1.,0.,-0.));
#3254 = PCURVE('',#992,#3255);
#3255 = DEFINITIONAL_REPRESENTATION('',(#3256),#3260);
#3256 = CIRCLE('',#3257,15.75);
#3257 = AXIS2_PLACEMENT_2D('',#3258,#3259);
#3258 = CARTESIAN_POINT('',(0.,0.));
#3259 = DIRECTION('',(1.,0.));
#3260 = ( GEOMETRIC_REPRESENTATION_CONTEXT(2) 
PARAMETRIC_REPRESENTATION_CONTEXT() REPRESENTATION_CONTEXT('2D SPACE',''
  ) );
#3261 = PCURVE('',#3262,#3267);
#3262 = CYLINDRICAL_SURFACE('',#3263,15.75);
#3263 = AXIS2_PLACEMENT_3D('',#3264,#3265,#3266);
#3264 = CARTESIAN_POINT('',(0.,0.,0.));
#3265 = DIRECTION('',(0.,0.,1.));
#3266 = DIRECTION('',(1.,0.,-0.));
#3267 = DEFINITIONAL_REPRESENTATION('',(#3268),#3272);
#3268 = LINE('',#3269,#3270);
#3269 = CARTESIAN_POINT('',(0.,0.));
#3270 = VECTOR('',#3271,1.);
#3271 = DIRECTION('',(1.,0.));
#3272 = ( GEOMETRIC_REPRESENTATION_CONTEXT(2) 
PARAMETRIC_REPRESENTATION_CONTEXT() REPRESENTATION_CONTEXT('2D SPACE',''
  ) );
#3273 = FACE_BOUND('',#3274,.T.);
#3274 = EDGE_LOOP('',(#3275));
#3275 = ORIENTED_EDGE('',*,*,#3276,.F.);
#3276 = EDGE_CURVE('',#3277,#3277,#3279,.T.);
#3277 = VERTEX_POINT('',#3278);
#3278 = CARTESIAN_POINT('',(30.5,-1.347111479062E-15,0.));
#3279 = SURFACE_CURVE('',#3280,(#3285,#3292),.PCURVE_S1.);
#3280 = CIRCLE('',#3281,5.5);
#3281 = AXIS2_PLACEMENT_3D('',#3282,#3283,#3284);
#3282 = CARTESIAN_POINT('',(25.,0.,0.));
#3283 = DIRECTION('',(0.,0.,1.));
#3284 = DIRECTION('',(1.,0.,-0.));
#3285 = PCURVE('',#992,#3286);
#3286 = DEFINITIONAL_REPRESENTATION('',(#3287),#3291);
#3287 = CIRCLE('',#3288,5.5);
#3288 = AXIS2_PLACEMENT_2D('',#3289,#3290);
#3289 = CARTESIAN_POINT('',(25.,0.));
#3290 = DIRECTION('',(1.,0.));
#3291 = ( GEOMETRIC_REPRESENTATION_CONTEXT(2) 
PARAMETRIC_REPRESENTATION_CONTEXT() REPRESENTATION_CONTEXT('2D SPACE',''
  ) );
#3292 = PCURVE('',#3293,#3298);
#3293 = CYLINDRICAL_SURFACE('',#3294,5.5);
#3294 = AXIS2_PLACEMENT_3D('',#3295,#3296,#3297);
#3295 = CARTESIAN_POINT('',(25.,0.,-4.));
#3296 = DIRECTION('',(0.,0.,1.));
#3297 = DIRECTION('',(1.,0.,-0.));
#3298 = DEFINITIONAL_REPRESENTATION('',(#3299),#3303);
#3299 = LINE('',#3300,#3301);
#3300 = CARTESIAN_POINT('',(0.,4.));
#3301 = VECTOR('',#3302,1.);
#3302 = DIRECTION('',(1.,0.));
#3303 = ( GEOMETRIC_REPRESENTATION_CONTEXT(2) 
PARAMETRIC_REPRESENTATION_CONTEXT() REPRESENTATION_CONTEXT('2D SPACE',''
  ) );
#3304 = FACE_BOUND('',#3305,.T.);
#3305 = EDGE_LOOP('',(#3306));
#3306 = ORIENTED_EDGE('',*,*,#3307,.F.);
#3307 = EDGE_CURVE('',#3308,#3308,#3310,.T.);
#3308 = VERTEX_POINT('',#3309);
#3309 = CARTESIAN_POINT('',(5.5,25.,0.));
#3310 = SURFACE_CURVE('',#3311,(#3316,#3323),.PCURVE_S1.);
#3311 = CIRCLE('',#3312,5.5);
#3312 = AXIS2_PLACEMENT_3D('',#3313,#3314,#3315);
#3313 = CARTESIAN_POINT('',(1.530808498934E-15,25.,0.));
#3314 = DIRECTION('',(0.,0.,1.));
#3315 = DIRECTION('',(1.,0.,-0.));
#3316 = PCURVE('',#992,#3317);
#3317 = DEFINITIONAL_REPRESENTATION('',(#3318),#3322);
#3318 = CIRCLE('',#3319,5.5);
#3319 = AXIS2_PLACEMENT_2D('',#3320,#3321);
#3320 = CARTESIAN_POINT('',(1.530808498934E-15,25.));
#3321 = DIRECTION('',(1.,0.));
#3322 = ( GEOMETRIC_REPRESENTATION_CONTEXT(2) 
PARAMETRIC_REPRESENTATION_CONTEXT() REPRESENTATION_CONTEXT('2D SPACE',''
  ) );
#3323 = PCURVE('',#3324,#3329);
#3324 = CYLINDRICAL_SURFACE('',#3325,5.5);
#3325 = AXIS2_PLACEMENT_3D('',#3326,#3327,#3328);
#3326 = CARTESIAN_POINT('',(1.530808498934E-15,25.,-4.));
#3327 = DIRECTION('',(0.,0.,1.));
#3328 = DIRECTION('',(1.,0.,-0.));
#3329 = DEFINITIONAL_REPRESENTATION('',(#3330),#3334);
#3330 = LINE('',#3331,#3332);
#3331 = CARTESIAN_POINT('',(0.,4.));
#3332 = VECTOR('',#3333,1.);
#3333 = DIRECTION('',(1.,0.));
#3334 = ( GEOMETRIC_REPRESENTATION_CONTEXT(2) 
PARAMETRIC_REPRESENTATION_CONTEXT() REPRESENTATION_CONTEXT('2D SPACE',''
  ) );
#3335 = FACE_BOUND('',#3336,.T.);
#3336 = EDGE_LOOP('',(#3337));
#3337 = ORIENTED_EDGE('',*,*,#3338,.F.);
#3338 = EDGE_CURVE('',#3339,#3339,#3341,.T.);
#3339 = VERTEX_POINT('',#3340);
#3340 = CARTESIAN_POINT('',(20.677669529664,17.677669529664,0.));
#3341 = SURFACE_CURVE('',#3342,(#3347,#3354),.PCURVE_S1.);
#3342 = CIRCLE('',#3343,3.);
#3343 = AXIS2_PLACEMENT_3D('',#3344,#3345,#3346);
#3344 = CARTESIAN_POINT('',(17.677669529664,17.677669529664,0.));
#3345 = DIRECTION('',(0.,0.,1.));
#3346 = DIRECTION('',(1.,0.,-0.));
#3347 = PCURVE('',#992,#3348);
#3348 = DEFINITIONAL_REPRESENTATION('',(#3349),#3353);
#3349 = CIRCLE('',#3350,3.);
#3350 = AXIS2_PLACEMENT_2D('',#3351,#3352);
#3351 = CARTESIAN_POINT('',(17.677669529664,17.677669529664));
#3352 = DIRECTION('',(1.,0.));
#3353 = ( GEOMETRIC_REPRESENTATION_CONTEXT(2) 
PARAMETRIC_REPRESENTATION_CONTEXT() REPRESENTATION_CONTEXT('2D SPACE',''
  ) );
#3354 = PCURVE('',#3355,#3360);
#3355 = CYLINDRICAL_SURFACE('',#3356,3.);
#3356 = AXIS2_PLACEMENT_3D('',#3357,#3358,#3359);
#3357 = CARTESIAN_POINT('',(17.677669529664,17.677669529664,-7.));
#3358 = DIRECTION('',(0.,0.,1.));
#3359 = DIRECTION('',(1.,0.,-0.));
#3360 = DEFINITIONAL_REPRESENTATION('',(#3361),#3365);
#3361 = LINE('',#3362,#3363);
#3362 = CARTESIAN_POINT('',(0.,7.));
#3363 = VECTOR('',#3364,1.);
#3364 = DIRECTION('',(1.,0.));
#3365 = ( GEOMETRIC_REPRESENTATION_CONTEXT(2) 
PARAMETRIC_REPRESENTATION_CONTEXT() REPRESENTATION_CONTEXT('2D SPACE',''
  ) );
#3366 = ADVANCED_FACE('',(#3367,#3393),#1400,.T.);
#3367 = FACE_BOUND('',#3368,.T.);
#3368 = EDGE_LOOP('',(#3369));
#3369 = ORIENTED_EDGE('',*,*,#3370,.T.);
#3370 = EDGE_CURVE('',#3371,#3371,#3373,.T.);
#3371 = VERTEX_POINT('',#3372);
#3372 = CARTESIAN_POINT('',(5.5,25.,-4.));
#3373 = SURFACE_CURVE('',#3374,(#3379,#3386),.PCURVE_S1.);
#3374 = CIRCLE('',#3375,5.5);
#3375 = AXIS2_PLACEMENT_3D('',#3376,#3377,#3378);
#3376 = CARTESIAN_POINT('',(1.530808498934E-15,25.,-4.));
#3377 = DIRECTION('',(0.,0.,1.));
#3378 = DIRECTION('',(1.,0.,-0.));
#3379 = PCURVE('',#1400,#3380);
#3380 = DEFINITIONAL_REPRESENTATION('',(#3381),#3385);
#3381 = CIRCLE('',#3382,5.5);
#3382 = AXIS2_PLACEMENT_2D('',#3383,#3384);
#3383 = CARTESIAN_POINT('',(0.,0.));
#3384 = DIRECTION('',(1.,0.));
#3385 = ( GEOMETRIC_REPRESENTATION_CONTEXT(2) 
PARAMETRIC_REPRESENTATION_CONTEXT() REPRESENTATION_CONTEXT('2D SPACE',''
  ) );
#3386 = PCURVE('',#3324,#3387);
#3387 = DEFINITIONAL_REPRESENTATION('',(#3388),#3392);
#3388 = LINE('',#3389,#3390);
#3389 = CARTESIAN_POINT('',(0.,0.));
#3390 = VECTOR('',#3391,1.);
#3391 = DIRECTION('',(1.,0.));
#3392 = ( GEOMETRIC_REPRESENTATION_CONTEXT(2) 
PARAMETRIC_REPRESENTATION_CONTEXT() REPRESENTATION_CONTEXT('2D SPACE',''
  ) );
#3393 = FACE_BOUND('',#3394,.T.);
#3394 = EDGE_LOOP('',(#3395));
#3395 = ORIENTED_EDGE('',*,*,#1383,.F.);
#3396 = ADVANCED_FACE('',(#3397),#1605,.F.);
#3397 = FACE_BOUND('',#3398,.F.);
#3398 = EDGE_LOOP('',(#3399,#3400,#3401));
#3399 = ORIENTED_EDGE('',*,*,#1708,.T.);
#3400 = ORIENTED_EDGE('',*,*,#1733,.T.);
#3401 = ORIENTED_EDGE('',*,*,#1590,.T.);
#3402 = ADVANCED_FACE('',(#3403),#1771,.T.);
#3403 = FACE_BOUND('',#3404,.F.);
#3404 = EDGE_LOOP('',(#3405));
#3405 = ORIENTED_EDGE('',*,*,#1756,.F.);
#3406 = ADVANCED_FACE('',(#3407),#2155,.T.);
#3407 = FACE_BOUND('',#3408,.T.);
#3408 = EDGE_LOOP('',(#3409,#3410));
#3409 = ORIENTED_EDGE('',*,*,#2445,.F.);
#3410 = ORIENTED_EDGE('',*,*,#2138,.T.);
#3411 = ADVANCED_FACE('',(#3412,#3438),#2428,.T.);
#3412 = FACE_BOUND('',#3413,.T.);
#3413 = EDGE_LOOP('',(#3414));
#3414 = ORIENTED_EDGE('',*,*,#3415,.T.);
#3415 = EDGE_CURVE('',#3416,#3416,#3418,.T.);
#3416 = VERTEX_POINT('',#3417);
#3417 = CARTESIAN_POINT('',(-19.5,1.714505518806E-15,-4.));
#3418 = SURFACE_CURVE('',#3419,(#3424,#3431),.PCURVE_S1.);
#3419 = CIRCLE('',#3420,5.5);
#3420 = AXIS2_PLACEMENT_3D('',#3421,#3422,#3423);
#3421 = CARTESIAN_POINT('',(-25.,3.061616997868E-15,-4.));
#3422 = DIRECTION('',(0.,0.,1.));
#3423 = DIRECTION('',(1.,0.,-0.));
#3424 = PCURVE('',#2428,#3425);
#3425 = DEFINITIONAL_REPRESENTATION('',(#3426),#3430);
#3426 = CIRCLE('',#3427,5.5);
#3427 = AXIS2_PLACEMENT_2D('',#3428,#3429);
#3428 = CARTESIAN_POINT('',(0.,0.));
#3429 = DIRECTION('',(1.,0.));
#3430 = ( GEOMETRIC_REPRESENTATION_CONTEXT(2) 
PARAMETRIC_REPRESENTATION_CONTEXT() REPRESENTATION_CONTEXT('2D SPACE',''
  ) );
#3431 = PCURVE('',#3231,#3432);
#3432 = DEFINITIONAL_REPRESENTATION('',(#3433),#3437);
#3433 = LINE('',#3434,#3435);
#3434 = CARTESIAN_POINT('',(0.,0.));
#3435 = VECTOR('',#3436,1.);
#3436 = DIRECTION('',(1.,0.));
#3437 = ( GEOMETRIC_REPRESENTATION_CONTEXT(2) 
PARAMETRIC_REPRESENTATION_CONTEXT() REPRESENTATION_CONTEXT('2D SPACE',''
  ) );
#3438 = FACE_BOUND('',#3439,.T.);
#3439 = EDGE_LOOP('',(#3440));
#3440 = ORIENTED_EDGE('',*,*,#2413,.F.);
#3441 = ADVANCED_FACE('',(#3442,#3468),#2485,.T.);
#3442 = FACE_BOUND('',#3443,.T.);
#3443 = EDGE_LOOP('',(#3444));
#3444 = ORIENTED_EDGE('',*,*,#3445,.T.);
#3445 = EDGE_CURVE('',#3446,#3446,#3448,.T.);
#3446 = VERTEX_POINT('',#3447);
#3447 = CARTESIAN_POINT('',(15.75,-3.857637417314E-15,3.));
#3448 = SURFACE_CURVE('',#3449,(#3454,#3461),.PCURVE_S1.);
#3449 = CIRCLE('',#3450,15.75);
#3450 = AXIS2_PLACEMENT_3D('',#3451,#3452,#3453);
#3451 = CARTESIAN_POINT('',(0.,0.,3.));
#3452 = DIRECTION('',(0.,0.,1.));
#3453 = DIRECTION('',(1.,0.,-0.));
#3454 = PCURVE('',#2485,#3455);
#3455 = DEFINITIONAL_REPRESENTATION('',(#3456),#3460);
#3456 = CIRCLE('',#3457,15.75);
#3457 = AXIS2_PLACEMENT_2D('',#3458,#3459);
#3458 = CARTESIAN_POINT('',(0.,0.));
#3459 = DIRECTION('',(1.,0.));
#3460 = ( GEOMETRIC_REPRESENTATION_CONTEXT(2) 
PARAMETRIC_REPRESENTATION_CONTEXT() REPRESENTATION_CONTEXT('2D SPACE',''
  ) );
#3461 = PCURVE('',#3262,#3462);
#3462 = DEFINITIONAL_REPRESENTATION('',(#3463),#3467);
#3463 = LINE('',#3464,#3465);
#3464 = CARTESIAN_POINT('',(0.,3.));
#3465 = VECTOR('',#3466,1.);
#3466 = DIRECTION('',(1.,0.));
#3467 = ( GEOMETRIC_REPRESENTATION_CONTEXT(2) 
PARAMETRIC_REPRESENTATION_CONTEXT() REPRESENTATION_CONTEXT('2D SPACE',''
  ) );
#3468 = FACE_BOUND('',#3469,.T.);
#3469 = EDGE_LOOP('',(#3470));
#3470 = ORIENTED_EDGE('',*,*,#2468,.F.);
#3471 = ADVANCED_FACE('',(#3472,#3498),#2561,.T.);
#3472 = FACE_BOUND('',#3473,.T.);
#3473 = EDGE_LOOP('',(#3474));
#3474 = ORIENTED_EDGE('',*,*,#3475,.T.);
#3475 = EDGE_CURVE('',#3476,#3476,#3478,.T.);
#3476 = VERTEX_POINT('',#3477);
#3477 = CARTESIAN_POINT('',(30.5,-1.347111479062E-15,-4.));
#3478 = SURFACE_CURVE('',#3479,(#3484,#3491),.PCURVE_S1.);
#3479 = CIRCLE('',#3480,5.5);
#3480 = AXIS2_PLACEMENT_3D('',#3481,#3482,#3483);
#3481 = CARTESIAN_POINT('',(25.,0.,-4.));
#3482 = DIRECTION('',(0.,0.,1.));
#3483 = DIRECTION('',(1.,0.,-0.));
#3484 = PCURVE('',#2561,#3485);
#3485 = DEFINITIONAL_REPRESENTATION('',(#3486),#3490);
#3486 = CIRCLE('',#3487,5.5);
#3487 = AXIS2_PLACEMENT_2D('',#3488,#3489);
#3488 = CARTESIAN_POINT('',(0.,0.));
#3489 = DIRECTION('',(1.,0.));
#3490 = ( GEOMETRIC_REPRESENTATION_CONTEXT(2) 
PARAMETRIC_REPRESENTATION_CONTEXT() REPRESENTATION_CONTEXT('2D SPACE',''
  ) );
#3491 = PCURVE('',#3293,#3492);
#3492 = DEFINITIONAL_REPRESENTATION('',(#3493),#3497);
#3493 = LINE('',#3494,#3495);
#3494 = CARTESIAN_POINT('',(0.,0.));
#3495 = VECTOR('',#3496,1.);
#3496 = DIRECTION('',(1.,0.));
#3497 = ( GEOMETRIC_REPRESENTATION_CONTEXT(2) 
PARAMETRIC_REPRESENTATION_CONTEXT() REPRESENTATION_CONTEXT('2D SPACE',''
  ) );
#3498 = FACE_BOUND('',#3499,.T.);
#3499 = EDGE_LOOP('',(#3500));
#3500 = ORIENTED_EDGE('',*,*,#2546,.F.);
#3501 = ADVANCED_FACE('',(#3502),#2839,.T.);
#3502 = FACE_BOUND('',#3503,.T.);
#3503 = EDGE_LOOP('',(#3504,#3505));
#3504 = ORIENTED_EDGE('',*,*,#2824,.T.);
#3505 = ORIENTED_EDGE('',*,*,#3153,.T.);
#3506 = ADVANCED_FACE('',(#3507),#2933,.F.);
#3507 = FACE_BOUND('',#3508,.F.);
#3508 = EDGE_LOOP('',(#3509));
#3509 = ORIENTED_EDGE('',*,*,#2918,.T.);
#3510 = ADVANCED_FACE('',(#3511),#2988,.F.);
#3511 = FACE_BOUND('',#3512,.F.);
#3512 = EDGE_LOOP('',(#3513));
#3513 = ORIENTED_EDGE('',*,*,#2973,.T.);
#3514 = ADVANCED_FACE('',(#3515),#3022,.F.);
#3515 = FACE_BOUND('',#3516,.F.);
#3516 = EDGE_LOOP('',(#3517,#3518,#3539,#3540));
#3517 = ORIENTED_EDGE('',*,*,#3188,.F.);
#3518 = ORIENTED_EDGE('',*,*,#3519,.F.);
#3519 = EDGE_CURVE('',#3006,#3189,#3520,.T.);
#3520 = SEAM_CURVE('',#3521,(#3525,#3532),.PCURVE_S1.);
#3521 = LINE('',#3522,#3523);
#3522 = CARTESIAN_POINT('',(5.5,-25.,-4.));
#3523 = VECTOR('',#3524,1.);
#3524 = DIRECTION('',(0.,0.,1.));
#3525 = PCURVE('',#3022,#3526);
#3526 = DEFINITIONAL_REPRESENTATION('',(#3527),#3531);
#3527 = LINE('',#3528,#3529);
#3528 = CARTESIAN_POINT('',(6.28318530718,-0.));
#3529 = VECTOR('',#3530,1.);
#3530 = DIRECTION('',(0.,1.));
#3531 = ( GEOMETRIC_REPRESENTATION_CONTEXT(2) 
PARAMETRIC_REPRESENTATION_CONTEXT() REPRESENTATION_CONTEXT('2D SPACE',''
  ) );
#3532 = PCURVE('',#3022,#3533);
#3533 = DEFINITIONAL_REPRESENTATION('',(#3534),#3538);
#3534 = LINE('',#3535,#3536);
#3535 = CARTESIAN_POINT('',(0.,-0.));
#3536 = VECTOR('',#3537,1.);
#3537 = DIRECTION('',(0.,1.));
#3538 = ( GEOMETRIC_REPRESENTATION_CONTEXT(2) 
PARAMETRIC_REPRESENTATION_CONTEXT() REPRESENTATION_CONTEXT('2D SPACE',''
  ) );
#3539 = ORIENTED_EDGE('',*,*,#3005,.T.);
#3540 = ORIENTED_EDGE('',*,*,#3519,.T.);
#3541 = ADVANCED_FACE('',(#3542),#3231,.F.);
#3542 = FACE_BOUND('',#3543,.F.);
#3543 = EDGE_LOOP('',(#3544,#3545,#3566,#3567));
#3544 = ORIENTED_EDGE('',*,*,#3214,.F.);
#3545 = ORIENTED_EDGE('',*,*,#3546,.F.);
#3546 = EDGE_CURVE('',#3416,#3215,#3547,.T.);
#3547 = SEAM_CURVE('',#3548,(#3552,#3559),.PCURVE_S1.);
#3548 = LINE('',#3549,#3550);
#3549 = CARTESIAN_POINT('',(-19.5,1.714505518806E-15,-4.));
#3550 = VECTOR('',#3551,1.);
#3551 = DIRECTION('',(0.,0.,1.));
#3552 = PCURVE('',#3231,#3553);
#3553 = DEFINITIONAL_REPRESENTATION('',(#3554),#3558);
#3554 = LINE('',#3555,#3556);
#3555 = CARTESIAN_POINT('',(6.28318530718,-0.));
#3556 = VECTOR('',#3557,1.);
#3557 = DIRECTION('',(0.,1.));
#3558 = ( GEOMETRIC_REPRESENTATION_CONTEXT(2) 
PARAMETRIC_REPRESENTATION_CONTEXT() REPRESENTATION_CONTEXT('2D SPACE',''
  ) );
#3559 = PCURVE('',#3231,#3560);
#3560 = DEFINITIONAL_REPRESENTATION('',(#3561),#3565);
#3561 = LINE('',#3562,#3563);
#3562 = CARTESIAN_POINT('',(0.,-0.));
#3563 = VECTOR('',#3564,1.);
#3564 = DIRECTION('',(0.,1.));
#3565 = ( GEOMETRIC_REPRESENTATION_CONTEXT(2) 
PARAMETRIC_REPRESENTATION_CONTEXT() REPRESENTATION_CONTEXT('2D SPACE',''
  ) );
#3566 = ORIENTED_EDGE('',*,*,#3415,.T.);
#3567 = ORIENTED_EDGE('',*,*,#3546,.T.);
#3568 = ADVANCED_FACE('',(#3569),#3262,.T.);
#3569 = FACE_BOUND('',#3570,.T.);
#3570 = EDGE_LOOP('',(#3571,#3572,#3593,#3594));
#3571 = ORIENTED_EDGE('',*,*,#3445,.F.);
#3572 = ORIENTED_EDGE('',*,*,#3573,.F.);
#3573 = EDGE_CURVE('',#3246,#3446,#3574,.T.);
#3574 = SEAM_CURVE('',#3575,(#3579,#3586),.PCURVE_S1.);
#3575 = LINE('',#3576,#3577);
#3576 = CARTESIAN_POINT('',(15.75,-3.857637417314E-15,0.));
#3577 = VECTOR('',#3578,1.);
#3578 = DIRECTION('',(0.,0.,1.));
#3579 = PCURVE('',#3262,#3580);
#3580 = DEFINITIONAL_REPRESENTATION('',(#3581),#3585);
#3581 = LINE('',#3582,#3583);
#3582 = CARTESIAN_POINT('',(6.28318530718,-0.));
#3583 = VECTOR('',#3584,1.);
#3584 = DIRECTION('',(0.,1.));
#3585 = ( GEOMETRIC_REPRESENTATION_CONTEXT(2) 
PARAMETRIC_REPRESENTATION_CONTEXT() REPRESENTATION_CONTEXT('2D SPACE',''
  ) );
#3586 = PCURVE('',#3262,#3587);
#3587 = DEFINITIONAL_REPRESENTATION('',(#3588),#3592);
#3588 = LINE('',#3589,#3590);
#3589 = CARTESIAN_POINT('',(0.,-0.));
#3590 = VECTOR('',#3591,1.);
#3591 = DIRECTION('',(0.,1.));
#3592 = ( GEOMETRIC_REPRESENTATION_CONTEXT(2) 
PARAMETRIC_REPRESENTATION_CONTEXT() REPRESENTATION_CONTEXT('2D SPACE',''
  ) );
#3593 = ORIENTED_EDGE('',*,*,#3245,.T.);
#3594 = ORIENTED_EDGE('',*,*,#3573,.T.);
#3595 = ADVANCED_FACE('',(#3596),#3293,.F.);
#3596 = FACE_BOUND('',#3597,.F.);
#3597 = EDGE_LOOP('',(#3598,#3599,#3620,#3621));
#3598 = ORIENTED_EDGE('',*,*,#3276,.F.);
#3599 = ORIENTED_EDGE('',*,*,#3600,.F.);
#3600 = EDGE_CURVE('',#3476,#3277,#3601,.T.);
#3601 = SEAM_CURVE('',#3602,(#3606,#3613),.PCURVE_S1.);
#3602 = LINE('',#3603,#3604);
#3603 = CARTESIAN_POINT('',(30.5,-1.347111479062E-15,-4.));
#3604 = VECTOR('',#3605,1.);
#3605 = DIRECTION('',(0.,0.,1.));
#3606 = PCURVE('',#3293,#3607);
#3607 = DEFINITIONAL_REPRESENTATION('',(#3608),#3612);
#3608 = LINE('',#3609,#3610);
#3609 = CARTESIAN_POINT('',(6.28318530718,-0.));
#3610 = VECTOR('',#3611,1.);
#3611 = DIRECTION('',(0.,1.));
#3612 = ( GEOMETRIC_REPRESENTATION_CONTEXT(2) 
PARAMETRIC_REPRESENTATION_CONTEXT() REPRESENTATION_CONTEXT('2D SPACE',''
  ) );
#3613 = PCURVE('',#3293,#3614);
#3614 = DEFINITIONAL_REPRESENTATION('',(#3615),#3619);
#3615 = LINE('',#3616,#3617);
#3616 = CARTESIAN_POINT('',(0.,-0.));
#3617 = VECTOR('',#3618,1.);
#3618 = DIRECTION('',(0.,1.));
#3619 = ( GEOMETRIC_REPRESENTATION_CONTEXT(2) 
PARAMETRIC_REPRESENTATION_CONTEXT() REPRESENTATION_CONTEXT('2D SPACE',''
  ) );
#3620 = ORIENTED_EDGE('',*,*,#3475,.T.);
#3621 = ORIENTED_EDGE('',*,*,#3600,.T.);
#3622 = ADVANCED_FACE('',(#3623),#3324,.F.);
#3623 = FACE_BOUND('',#3624,.F.);
#3624 = EDGE_LOOP('',(#3625,#3626,#3647,#3648));
#3625 = ORIENTED_EDGE('',*,*,#3307,.F.);
#3626 = ORIENTED_EDGE('',*,*,#3627,.F.);
#3627 = EDGE_CURVE('',#3371,#3308,#3628,.T.);
#3628 = SEAM_CURVE('',#3629,(#3633,#3640),.PCURVE_S1.);
#3629 = LINE('',#3630,#3631);
#3630 = CARTESIAN_POINT('',(5.5,25.,-4.));
#3631 = VECTOR('',#3632,1.);
#3632 = DIRECTION('',(0.,0.,1.));
#3633 = PCURVE('',#3324,#3634);
#3634 = DEFINITIONAL_REPRESENTATION('',(#3635),#3639);
#3635 = LINE('',#3636,#3637);
#3636 = CARTESIAN_POINT('',(6.28318530718,-0.));
#3637 = VECTOR('',#3638,1.);
#3638 = DIRECTION('',(0.,1.));
#3639 = ( GEOMETRIC_REPRESENTATION_CONTEXT(2) 
PARAMETRIC_REPRESENTATION_CONTEXT() REPRESENTATION_CONTEXT('2D SPACE',''
  ) );
#3640 = PCURVE('',#3324,#3641);
#3641 = DEFINITIONAL_REPRESENTATION('',(#3642),#3646);
#3642 = LINE('',#3643,#3644);
#3643 = CARTESIAN_POINT('',(0.,-0.));
#3644 = VECTOR('',#3645,1.);
#3645 = DIRECTION('',(0.,1.));
#3646 = ( GEOMETRIC_REPRESENTATION_CONTEXT(2) 
PARAMETRIC_REPRESENTATION_CONTEXT() REPRESENTATION_CONTEXT('2D SPACE',''
  ) );
#3647 = ORIENTED_EDGE('',*,*,#3370,.T.);
#3648 = ORIENTED_EDGE('',*,*,#3627,.T.);
#3649 = ADVANCED_FACE('',(#3650),#3355,.F.);
#3650 = FACE_BOUND('',#3651,.F.);
#3651 = EDGE_LOOP('',(#3652,#3653,#3676,#3703));
#3652 = ORIENTED_EDGE('',*,*,#3338,.F.);
#3653 = ORIENTED_EDGE('',*,*,#3654,.F.);
#3654 = EDGE_CURVE('',#3655,#3339,#3657,.T.);
#3655 = VERTEX_POINT('',#3656);
#3656 = CARTESIAN_POINT('',(20.677669529664,17.677669529664,-7.));
#3657 = SEAM_CURVE('',#3658,(#3662,#3669),.PCURVE_S1.);
#3658 = LINE('',#3659,#3660);
#3659 = CARTESIAN_POINT('',(20.677669529664,17.677669529664,-7.));
#3660 = VECTOR('',#3661,1.);
#3661 = DIRECTION('',(0.,0.,1.));
#3662 = PCURVE('',#3355,#3663);
#3663 = DEFINITIONAL_REPRESENTATION('',(#3664),#3668);
#3664 = LINE('',#3665,#3666);
#3665 = CARTESIAN_POINT('',(6.28318530718,-0.));
#3666 = VECTOR('',#3667,1.);
#3667 = DIRECTION('',(0.,1.));
#3668 = ( GEOMETRIC_REPRESENTATION_CONTEXT(2) 
PARAMETRIC_REPRESENTATION_CONTEXT() REPRESENTATION_CONTEXT('2D SPACE',''
  ) );
#3669 = PCURVE('',#3355,#3670);
#3670 = DEFINITIONAL_REPRESENTATION('',(#3671),#3675);
#3671 = LINE('',#3672,#3673);
#3672 = CARTESIAN_POINT('',(0.,-0.));
#3673 = VECTOR('',#3674,1.);
#3674 = DIRECTION('',(0.,1.));
#3675 = ( GEOMETRIC_REPRESENTATION_CONTEXT(2) 
PARAMETRIC_REPRESENTATION_CONTEXT() REPRESENTATION_CONTEXT('2D SPACE',''
  ) );
#3676 = ORIENTED_EDGE('',*,*,#3677,.T.);
#3677 = EDGE_CURVE('',#3655,#3655,#3678,.T.);
#3678 = SURFACE_CURVE('',#3679,(#3684,#3691),.PCURVE_S1.);
#3679 = CIRCLE('',#3680,3.);
#3680 = AXIS2_PLACEMENT_3D('',#3681,#3682,#3683);
#3681 = CARTESIAN_POINT('',(17.677669529664,17.677669529664,-7.));
#3682 = DIRECTION('',(0.,0.,1.));
#3683 = DIRECTION('',(1.,0.,-0.));
#3684 = PCURVE('',#3355,#3685);
#3685 = DEFINITIONAL_REPRESENTATION('',(#3686),#3690);
#3686 = LINE('',#3687,#3688);
#3687 = CARTESIAN_POINT('',(0.,0.));
#3688 = VECTOR('',#3689,1.);
#3689 = DIRECTION('',(1.,0.));
#3690 = ( GEOMETRIC_REPRESENTATION_CONTEXT(2) 
PARAMETRIC_REPRESENTATION_CONTEXT() REPRESENTATION_CONTEXT('2D SPACE',''
  ) );
#3691 = PCURVE('',#3692,#3697);
#3692 = PLANE('',#3693);
#3693 = AXIS2_PLACEMENT_3D('',#3694,#3695,#3696);
#3694 = CARTESIAN_POINT('',(17.677669529664,17.677669529664,-7.));
#3695 = DIRECTION('',(0.,0.,1.));
#3696 = DIRECTION('',(1.,0.,-0.));
#3697 = DEFINITIONAL_REPRESENTATION('',(#3698),#3702);
#3698 = CIRCLE('',#3699,3.);
#3699 = AXIS2_PLACEMENT_2D('',#3700,#3701);
#3700 = CARTESIAN_POINT('',(0.,0.));
#3701 = DIRECTION('',(1.,0.));
#3702 = ( GEOMETRIC_REPRESENTATION_CONTEXT(2) 
PARAMETRIC_REPRESENTATION_CONTEXT() REPRESENTATION_CONTEXT('2D SPACE',''
  ) );
#3703 = ORIENTED_EDGE('',*,*,#3654,.T.);
#3704 = ADVANCED_FACE('',(#3705),#3692,.T.);
#3705 = FACE_BOUND('',#3706,.F.);
#3706 = EDGE_LOOP('',(#3707));
#3707 = ORIENTED_EDGE('',*,*,#3677,.F.);
#3708 = ( GEOMETRIC_REPRESENTATION_CONTEXT(3) 
GLOBAL_UNCERTAINTY_ASSIGNED_CONTEXT((#3712)) 
GLOBAL_UNIT_ASSIGNED_CONTEXT((#3709,#3710,#3711)) REPRESENTATION_CONTEXT
('Context #1','3D Context with UNIT and UNCERTAINTY') );
#3709 = ( LENGTH_UNIT() NAMED_UNIT(*) SI_UNIT(.MILLI.,.METRE.) );
#3710 = ( NAMED_UNIT(*) PLANE_ANGLE_UNIT() SI_UNIT($,.RADIAN.) );
#3711 = ( NAMED_UNIT(*) SI_UNIT($,.STERADIAN.) SOLID_ANGLE_UNIT() );
#3712 = UNCERTAINTY_MEASURE_WITH_UNIT(LENGTH_MEASURE(1.E-07),#3709,
  'distance_accuracy_value','confusion accuracy');
#3713 = PRODUCT_RELATED_PRODUCT_CATEGORY('part',$,(#7));
ENDSEC;
END-ISO-10303-21;
