ISO-10303-21;
HEADER;
FILE_DESCRIPTION(('Open CASCADE Model'),'2;1');
FILE_NAME('Open CASCADE Shape Model','2026-08-25T09:57:02',('Author'),(
    'Open CASCADE'),'Open CASCADE STEP processor 7.9','Open CASCADE 7.9'
  ,'Unknown');
FILE_SCHEMA(('AUTOMOTIVE_DESIGN { 1 0 10303 214 1 1 1 1 }'));
ENDSEC;
DATA;
#1 = APPLICATION_PROTOCOL_DEFINITION('international standard',
  'automotive_design',2000,#2);
#2 = APPLICATION_CONTEXT(
  'core data for automotive mechanical design processes');
#3 = SHAPE_DEFINITION_REPRESENTATION(#4,#10);
#4 = PRODUCT_DEFINITION_SHAPE('','',#5);
#5 = PRODUCT_DEFINITION('design','',#6,#9);
#6 = PRODUCT_DEFINITION_FORMATION('','',#7);
#7 = PRODUCT('Open CASCADE STEP translator 7.9 13',
  'Open CASCADE STEP translator 7.9 13','',(#8));
#8 = PRODUCT_CONTEXT('',#2,'mechanical');
#9 = PRODUCT_DEFINITION_CONTEXT('part definition',#2,'design');
#10 = SHAPE_REPRESENTATION('',(#11,#15,#19,#23,#27,#31,#35,#39,#43,#47,
    #51,#55,#59),#63);
#11 = AXIS2_PLACEMENT_3D('',#12,#13,#14);
#12 = CARTESIAN_POINT('',(0.,0.,0.));
#13 = DIRECTION('',(0.,0.,1.));
#14 = DIRECTION('',(1.,0.,-0.));
#15 = AXIS2_PLACEMENT_3D('',#16,#17,#18);
#16 = CARTESIAN_POINT('',(0.,0.,0.));
#17 = DIRECTION('',(0.,0.,1.));
#18 = DIRECTION('',(1.,0.,-0.));
#19 = AXIS2_PLACEMENT_3D('',#20,#21,#22);
#20 = CARTESIAN_POINT('',(0.,0.,0.));
#21 = DIRECTION('',(0.,0.,1.));
#22 = DIRECTION('',(1.,0.,-0.));
#23 = AXIS2_PLACEMENT_3D('',#24,#25,#26);
#24 = CARTESIAN_POINT('',(0.,0.,0.));
#25 = DIRECTION('',(0.,0.,1.));
#26 = DIRECTION('',(1.,0.,-0.));
#27 = AXIS2_PLACEMENT_3D('',#28,#29,#30);
#28 = CARTESIAN_POINT('',(0.,0.,0.));
#29 = DIRECTION('',(0.,0.,1.));
#30 = DIRECTION('',(1.,0.,-0.));
#31 = AXIS2_PLACEMENT_3D('',#32,#33,#34);
#32 = CARTESIAN_POINT('',(0.,0.,0.));
#33 = DIRECTION('',(0.,0.,1.));
#34 = DIRECTION('',(1.,0.,-0.));
#35 = AXIS2_PLACEMENT_3D('',#36,#37,#38);
#36 = CARTESIAN_POINT('',(0.,0.,0.));
#37 = DIRECTION('',(0.,0.,1.));
#38 = DIRECTION('',(1.,0.,-0.));
#39 = AXIS2_PLACEMENT_3D('',#40,#41,#42);
#40 = CARTESIAN_POINT('',(0.,0.,0.));
#41 = DIRECTION('',(0.,0.,1.));
#42 = DIRECTION('',(1.,0.,-0.));
#43 = AXIS2_PLACEMENT_3D('',#44,#45,#46);
#44 = CARTESIAN_POINT('',(0.,0.,0.));
#45 = DIRECTION('',(0.,0.,1.));
#46 = DIRECTION('',(1.,0.,-0.));
#47 = AXIS2_PLACEMENT_3D('',#48,#49,#50);
#48 = CARTESIAN_POINT('',(0.,0.,0.));
#49 = DIRECTION('',(0.,0.,1.));
#50 = DIRECTION('',(1.,0.,-0.));
#51 = AXIS2_PLACEMENT_3D('',#52,#53,#54);
#52 = CARTESIAN_POINT('',(0.,0.,0.));
#53 = DIRECTION('',(0.,0.,1.));
#54 = DIRECTION('',(1.,0.,-0.));
#55 = AXIS2_PLACEMENT_3D('',#56,#57,#58);
#56 = CARTESIAN_POINT('',(0.,0.,0.));
#57 = DIRECTION('',(0.,0.,1.));
#58 = DIRECTION('',(1.,0.,-0.));
#59 = AXIS2_PLACEMENT_3D('',#60,#61,#62);
#60 = CARTESIAN_POINT('',(0.,0.,0.));
#61 = DIRECTION('',(0.,0.,1.));
#62 = DIRECTION('',(1.,0.,-0.));
#63 = ( GEOMETRIC_REPRESENTATION_CONTEXT(3) 
GLOBAL_UNCERTAINTY_ASSIGNED_CONTEXT((#67)) GLOBAL_UNIT_ASSIGNED_CONTEXT(
(#64,#65,#66)) REPRESENTATION_CONTEXT('Context #1',
  '3D Context with UNIT and UNCERTAINTY') );
#64 = ( LENGTH_UNIT() NAMED_UNIT(*) SI_UNIT(.MILLI.,.METRE.) );
#65 = ( NAMED_UNIT(*) PLANE_ANGLE_UNIT() SI_UNIT($,.RADIAN.) );
#66 = ( NAMED_UNIT(*) SI_UNIT($,.STERADIAN.) SOLID_ANGLE_UNIT() );
#67 = UNCERTAINTY_MEASURE_WITH_UNIT(LENGTH_MEASURE(1.E-07),#64,
  'distance_accuracy_value','confusion accuracy');
#68 = PRODUCT_RELATED_PRODUCT_CATEGORY('part',$,(#7));
#69 = SHAPE_DEFINITION_REPRESENTATION(#70,#76);
#70 = PRODUCT_DEFINITION_SHAPE('','',#71);
#71 = PRODUCT_DEFINITION('design','',#72,#75);
#72 = PRODUCT_DEFINITION_FORMATION('','',#73);
#73 = PRODUCT('Open CASCADE STEP translator 7.9 13.1',
  'Open CASCADE STEP translator 7.9 13.1','',(#74));
#74 = PRODUCT_CONTEXT('',#2,'mechanical');
#75 = PRODUCT_DEFINITION_CONTEXT('part definition',#2,'design');
#76 = ADVANCED_BREP_SHAPE_REPRESENTATION('',(#11,#77),#4035);
#77 = MANIFOLD_SOLID_BREP('',#78);
#78 = CLOSED_SHELL('',(#79,#199,#301,#356,#498,#851,#974,#1025,#1156,
    #1279,#1307,#2016,#2071,#2152,#2201,#2229,#2284,#2339,#2394,#2514,
    #2569,#2624,#3378,#3413,#3421,#3606,#3636,#3641,#3646,#3650,#3725,
    #3729,#3733,#3763,#3767,#3797,#3827,#3832,#3837,#3841,#3868,#3895,
    #3922,#3949,#3976,#4031));
#79 = ADVANCED_FACE('',(#80),#94,.F.);
#80 = FACE_BOUND('',#81,.F.);
#81 = EDGE_LOOP('',(#82,#117,#145,#173));
#82 = ORIENTED_EDGE('',*,*,#83,.F.);
#83 = EDGE_CURVE('',#84,#86,#88,.T.);
#84 = VERTEX_POINT('',#85);
#85 = CARTESIAN_POINT('',(-42.,-22.,-28.));
#86 = VERTEX_POINT('',#87);
#87 = CARTESIAN_POINT('',(-42.,-22.,-10.));
#88 = SURFACE_CURVE('',#89,(#93,#105),.PCURVE_S1.);
#89 = LINE('',#90,#91);
#90 = CARTESIAN_POINT('',(-42.,-22.,-28.));
#91 = VECTOR('',#92,1.);
#92 = DIRECTION('',(0.,0.,1.));
#93 = PCURVE('',#94,#99);
#94 = PLANE('',#95);
#95 = AXIS2_PLACEMENT_3D('',#96,#97,#98);
#96 = CARTESIAN_POINT('',(-42.,-22.,-28.));
#97 = DIRECTION('',(1.,0.,-0.));
#98 = DIRECTION('',(0.,0.,1.));
#99 = DEFINITIONAL_REPRESENTATION('',(#100),#104);
#100 = LINE('',#101,#102);
#101 = CARTESIAN_POINT('',(0.,0.));
#102 = VECTOR('',#103,1.);
#103 = DIRECTION('',(1.,0.));
#104 = ( GEOMETRIC_REPRESENTATION_CONTEXT(2) 
PARAMETRIC_REPRESENTATION_CONTEXT() REPRESENTATION_CONTEXT('2D SPACE',''
  ) );
#105 = PCURVE('',#106,#111);
#106 = PLANE('',#107);
#107 = AXIS2_PLACEMENT_3D('',#108,#109,#110);
#108 = CARTESIAN_POINT('',(-42.,-22.,-28.));
#109 = DIRECTION('',(-0.,1.,0.));
#110 = DIRECTION('',(0.,0.,1.));
#111 = DEFINITIONAL_REPRESENTATION('',(#112),#116);
#112 = LINE('',#113,#114);
#113 = CARTESIAN_POINT('',(0.,0.));
#114 = VECTOR('',#115,1.);
#115 = DIRECTION('',(1.,0.));
#116 = ( GEOMETRIC_REPRESENTATION_CONTEXT(2) 
PARAMETRIC_REPRESENTATION_CONTEXT() REPRESENTATION_CONTEXT('2D SPACE',''
  ) );
#117 = ORIENTED_EDGE('',*,*,#118,.T.);
#118 = EDGE_CURVE('',#84,#119,#121,.T.);
#119 = VERTEX_POINT('',#120);
#120 = CARTESIAN_POINT('',(-42.,22.,-28.));
#121 = SURFACE_CURVE('',#122,(#126,#133),.PCURVE_S1.);
#122 = LINE('',#123,#124);
#123 = CARTESIAN_POINT('',(-42.,-22.,-28.));
#124 = VECTOR('',#125,1.);
#125 = DIRECTION('',(-0.,1.,0.));
#126 = PCURVE('',#94,#127);
#127 = DEFINITIONAL_REPRESENTATION('',(#128),#132);
#128 = LINE('',#129,#130);
#129 = CARTESIAN_POINT('',(0.,0.));
#130 = VECTOR('',#131,1.);
#131 = DIRECTION('',(0.,-1.));
#132 = ( GEOMETRIC_REPRESENTATION_CONTEXT(2) 
PARAMETRIC_REPRESENTATION_CONTEXT() REPRESENTATION_CONTEXT('2D SPACE',''
  ) );
#133 = PCURVE('',#134,#139);
#134 = PLANE('',#135);
#135 = AXIS2_PLACEMENT_3D('',#136,#137,#138);
#136 = CARTESIAN_POINT('',(-42.,-22.,-28.));
#137 = DIRECTION('',(0.,0.,1.));
#138 = DIRECTION('',(1.,0.,-0.));
#139 = DEFINITIONAL_REPRESENTATION('',(#140),#144);
#140 = LINE('',#141,#142);
#141 = CARTESIAN_POINT('',(0.,0.));
#142 = VECTOR('',#143,1.);
#143 = DIRECTION('',(0.,1.));
#144 = ( GEOMETRIC_REPRESENTATION_CONTEXT(2) 
PARAMETRIC_REPRESENTATION_CONTEXT() REPRESENTATION_CONTEXT('2D SPACE',''
  ) );
#145 = ORIENTED_EDGE('',*,*,#146,.T.);
#146 = EDGE_CURVE('',#119,#147,#149,.T.);
#147 = VERTEX_POINT('',#148);
#148 = CARTESIAN_POINT('',(-42.,22.,-10.));
#149 = SURFACE_CURVE('',#150,(#154,#161),.PCURVE_S1.);
#150 = LINE('',#151,#152);
#151 = CARTESIAN_POINT('',(-42.,22.,-28.));
#152 = VECTOR('',#153,1.);
#153 = DIRECTION('',(0.,0.,1.));
#154 = PCURVE('',#94,#155);
#155 = DEFINITIONAL_REPRESENTATION('',(#156),#160);
#156 = LINE('',#157,#158);
#157 = CARTESIAN_POINT('',(0.,-44.));
#158 = VECTOR('',#159,1.);
#159 = DIRECTION('',(1.,0.));
#160 = ( GEOMETRIC_REPRESENTATION_CONTEXT(2) 
PARAMETRIC_REPRESENTATION_CONTEXT() REPRESENTATION_CONTEXT('2D SPACE',''
  ) );
#161 = PCURVE('',#162,#167);
#162 = PLANE('',#163);
#163 = AXIS2_PLACEMENT_3D('',#164,#165,#166);
#164 = CARTESIAN_POINT('',(-42.,22.,-28.));
#165 = DIRECTION('',(-0.,1.,0.));
#166 = DIRECTION('',(0.,0.,1.));
#167 = DEFINITIONAL_REPRESENTATION('',(#168),#172);
#168 = LINE('',#169,#170);
#169 = CARTESIAN_POINT('',(0.,0.));
#170 = VECTOR('',#171,1.);
#171 = DIRECTION('',(1.,0.));
#172 = ( GEOMETRIC_REPRESENTATION_CONTEXT(2) 
PARAMETRIC_REPRESENTATION_CONTEXT() REPRESENTATION_CONTEXT('2D SPACE',''
  ) );
#173 = ORIENTED_EDGE('',*,*,#174,.F.);
#174 = EDGE_CURVE('',#86,#147,#175,.T.);
#175 = SURFACE_CURVE('',#176,(#180,#187),.PCURVE_S1.);
#176 = LINE('',#177,#178);
#177 = CARTESIAN_POINT('',(-42.,-22.,-10.));
#178 = VECTOR('',#179,1.);
#179 = DIRECTION('',(-0.,1.,0.));
#180 = PCURVE('',#94,#181);
#181 = DEFINITIONAL_REPRESENTATION('',(#182),#186);
#182 = LINE('',#183,#184);
#183 = CARTESIAN_POINT('',(18.,0.));
#184 = VECTOR('',#185,1.);
#185 = DIRECTION('',(0.,-1.));
#186 = ( GEOMETRIC_REPRESENTATION_CONTEXT(2) 
PARAMETRIC_REPRESENTATION_CONTEXT() REPRESENTATION_CONTEXT('2D SPACE',''
  ) );
#187 = PCURVE('',#188,#193);
#188 = PLANE('',#189);
#189 = AXIS2_PLACEMENT_3D('',#190,#191,#192);
#190 = CARTESIAN_POINT('',(-42.,-22.,-10.));
#191 = DIRECTION('',(0.,0.,1.));
#192 = DIRECTION('',(1.,0.,-0.));
#193 = DEFINITIONAL_REPRESENTATION('',(#194),#198);
#194 = LINE('',#195,#196);
#195 = CARTESIAN_POINT('',(0.,0.));
#196 = VECTOR('',#197,1.);
#197 = DIRECTION('',(0.,1.));
#198 = ( GEOMETRIC_REPRESENTATION_CONTEXT(2) 
PARAMETRIC_REPRESENTATION_CONTEXT() REPRESENTATION_CONTEXT('2D SPACE',''
  ) );
#199 = ADVANCED_FACE('',(#200),#106,.F.);
#200 = FACE_BOUND('',#201,.F.);
#201 = EDGE_LOOP('',(#202,#225,#226,#249,#277));
#202 = ORIENTED_EDGE('',*,*,#203,.F.);
#203 = EDGE_CURVE('',#84,#204,#206,.T.);
#204 = VERTEX_POINT('',#205);
#205 = CARTESIAN_POINT('',(-1.374772708487,-22.,-28.));
#206 = SURFACE_CURVE('',#207,(#211,#218),.PCURVE_S1.);
#207 = LINE('',#208,#209);
#208 = CARTESIAN_POINT('',(-42.,-22.,-28.));
#209 = VECTOR('',#210,1.);
#210 = DIRECTION('',(1.,0.,-0.));
#211 = PCURVE('',#106,#212);
#212 = DEFINITIONAL_REPRESENTATION('',(#213),#217);
#213 = LINE('',#214,#215);
#214 = CARTESIAN_POINT('',(0.,0.));
#215 = VECTOR('',#216,1.);
#216 = DIRECTION('',(0.,1.));
#217 = ( GEOMETRIC_REPRESENTATION_CONTEXT(2) 
PARAMETRIC_REPRESENTATION_CONTEXT() REPRESENTATION_CONTEXT('2D SPACE',''
  ) );
#218 = PCURVE('',#134,#219);
#219 = DEFINITIONAL_REPRESENTATION('',(#220),#224);
#220 = LINE('',#221,#222);
#221 = CARTESIAN_POINT('',(0.,0.));
#222 = VECTOR('',#223,1.);
#223 = DIRECTION('',(1.,0.));
#224 = ( GEOMETRIC_REPRESENTATION_CONTEXT(2) 
PARAMETRIC_REPRESENTATION_CONTEXT() REPRESENTATION_CONTEXT('2D SPACE',''
  ) );
#225 = ORIENTED_EDGE('',*,*,#83,.T.);
#226 = ORIENTED_EDGE('',*,*,#227,.T.);
#227 = EDGE_CURVE('',#86,#228,#230,.T.);
#228 = VERTEX_POINT('',#229);
#229 = CARTESIAN_POINT('',(-30.98386676965,-22.,-10.));
#230 = SURFACE_CURVE('',#231,(#235,#242),.PCURVE_S1.);
#231 = LINE('',#232,#233);
#232 = CARTESIAN_POINT('',(-42.,-22.,-10.));
#233 = VECTOR('',#234,1.);
#234 = DIRECTION('',(1.,0.,-0.));
#235 = PCURVE('',#106,#236);
#236 = DEFINITIONAL_REPRESENTATION('',(#237),#241);
#237 = LINE('',#238,#239);
#238 = CARTESIAN_POINT('',(18.,0.));
#239 = VECTOR('',#240,1.);
#240 = DIRECTION('',(0.,1.));
#241 = ( GEOMETRIC_REPRESENTATION_CONTEXT(2) 
PARAMETRIC_REPRESENTATION_CONTEXT() REPRESENTATION_CONTEXT('2D SPACE',''
  ) );
#242 = PCURVE('',#188,#243);
#243 = DEFINITIONAL_REPRESENTATION('',(#244),#248);
#244 = LINE('',#245,#246);
#245 = CARTESIAN_POINT('',(0.,0.));
#246 = VECTOR('',#247,1.);
#247 = DIRECTION('',(1.,0.));
#248 = ( GEOMETRIC_REPRESENTATION_CONTEXT(2) 
PARAMETRIC_REPRESENTATION_CONTEXT() REPRESENTATION_CONTEXT('2D SPACE',''
  ) );
#249 = ORIENTED_EDGE('',*,*,#250,.T.);
#250 = EDGE_CURVE('',#228,#251,#253,.T.);
#251 = VERTEX_POINT('',#252);
#252 = CARTESIAN_POINT('',(-1.374772708487,-22.,-10.));
#253 = SURFACE_CURVE('',#254,(#258,#265),.PCURVE_S1.);
#254 = LINE('',#255,#256);
#255 = CARTESIAN_POINT('',(-42.,-22.,-10.));
#256 = VECTOR('',#257,1.);
#257 = DIRECTION('',(1.,0.,-0.));
#258 = PCURVE('',#106,#259);
#259 = DEFINITIONAL_REPRESENTATION('',(#260),#264);
#260 = LINE('',#261,#262);
#261 = CARTESIAN_POINT('',(18.,0.));
#262 = VECTOR('',#263,1.);
#263 = DIRECTION('',(0.,1.));
#264 = ( GEOMETRIC_REPRESENTATION_CONTEXT(2) 
PARAMETRIC_REPRESENTATION_CONTEXT() REPRESENTATION_CONTEXT('2D SPACE',''
  ) );
#265 = PCURVE('',#266,#271);
#266 = PLANE('',#267);
#267 = AXIS2_PLACEMENT_3D('',#268,#269,#270);
#268 = CARTESIAN_POINT('',(0.,0.,-10.));
#269 = DIRECTION('',(0.,0.,1.));
#270 = DIRECTION('',(1.,0.,-0.));
#271 = DEFINITIONAL_REPRESENTATION('',(#272),#276);
#272 = LINE('',#273,#274);
#273 = CARTESIAN_POINT('',(-42.,-22.));
#274 = VECTOR('',#275,1.);
#275 = DIRECTION('',(1.,0.));
#276 = ( GEOMETRIC_REPRESENTATION_CONTEXT(2) 
PARAMETRIC_REPRESENTATION_CONTEXT() REPRESENTATION_CONTEXT('2D SPACE',''
  ) );
#277 = ORIENTED_EDGE('',*,*,#278,.F.);
#278 = EDGE_CURVE('',#204,#251,#279,.T.);
#279 = SURFACE_CURVE('',#280,(#284,#290),.PCURVE_S1.);
#280 = LINE('',#281,#282);
#281 = CARTESIAN_POINT('',(-1.374772708487,-22.,-28.));
#282 = VECTOR('',#283,1.);
#283 = DIRECTION('',(0.,0.,1.));
#284 = PCURVE('',#106,#285);
#285 = DEFINITIONAL_REPRESENTATION('',(#286),#289);
#286 = B_SPLINE_CURVE_WITH_KNOTS('',1,(#287,#288),.UNSPECIFIED.,.F.,.F.,
  (2,2),(-5.999999999062E-07,19.8),.PIECEWISE_BEZIER_KNOTS.);
#287 = CARTESIAN_POINT('',(-5.999999999062E-07,40.625227291513));
#288 = CARTESIAN_POINT('',(19.8,40.625227291513));
#289 = ( GEOMETRIC_REPRESENTATION_CONTEXT(2) 
PARAMETRIC_REPRESENTATION_CONTEXT() REPRESENTATION_CONTEXT('2D SPACE',''
  ) );
#290 = PCURVE('',#291,#296);
#291 = CYLINDRICAL_SURFACE('',#292,3.3);
#292 = AXIS2_PLACEMENT_3D('',#293,#294,#295);
#293 = CARTESIAN_POINT('',(-4.592425496803E-15,-25.,-28.));
#294 = DIRECTION('',(0.,0.,1.));
#295 = DIRECTION('',(1.,0.,-0.));
#296 = DEFINITIONAL_REPRESENTATION('',(#297),#300);
#297 = B_SPLINE_CURVE_WITH_KNOTS('',1,(#298,#299),.UNSPECIFIED.,.F.,.F.,
  (2,2),(-5.999999999062E-07,19.8),.PIECEWISE_BEZIER_KNOTS.);
#298 = CARTESIAN_POINT('',(2.000495992946,-5.999999999062E-07));
#299 = CARTESIAN_POINT('',(2.000495992946,19.8));
#300 = ( GEOMETRIC_REPRESENTATION_CONTEXT(2) 
PARAMETRIC_REPRESENTATION_CONTEXT() REPRESENTATION_CONTEXT('2D SPACE',''
  ) );
#301 = ADVANCED_FACE('',(#302),#188,.T.);
#302 = FACE_BOUND('',#303,.T.);
#303 = EDGE_LOOP('',(#304,#327,#328,#329));
#304 = ORIENTED_EDGE('',*,*,#305,.F.);
#305 = EDGE_CURVE('',#147,#306,#308,.T.);
#306 = VERTEX_POINT('',#307);
#307 = CARTESIAN_POINT('',(-30.98386676965,22.000000000001,-10.));
#308 = SURFACE_CURVE('',#309,(#313,#320),.PCURVE_S1.);
#309 = LINE('',#310,#311);
#310 = CARTESIAN_POINT('',(-42.,22.,-10.));
#311 = VECTOR('',#312,1.);
#312 = DIRECTION('',(1.,0.,-0.));
#313 = PCURVE('',#188,#314);
#314 = DEFINITIONAL_REPRESENTATION('',(#315),#319);
#315 = LINE('',#316,#317);
#316 = CARTESIAN_POINT('',(0.,44.));
#317 = VECTOR('',#318,1.);
#318 = DIRECTION('',(1.,0.));
#319 = ( GEOMETRIC_REPRESENTATION_CONTEXT(2) 
PARAMETRIC_REPRESENTATION_CONTEXT() REPRESENTATION_CONTEXT('2D SPACE',''
  ) );
#320 = PCURVE('',#162,#321);
#321 = DEFINITIONAL_REPRESENTATION('',(#322),#326);
#322 = LINE('',#323,#324);
#323 = CARTESIAN_POINT('',(18.,0.));
#324 = VECTOR('',#325,1.);
#325 = DIRECTION('',(0.,1.));
#326 = ( GEOMETRIC_REPRESENTATION_CONTEXT(2) 
PARAMETRIC_REPRESENTATION_CONTEXT() REPRESENTATION_CONTEXT('2D SPACE',''
  ) );
#327 = ORIENTED_EDGE('',*,*,#174,.F.);
#328 = ORIENTED_EDGE('',*,*,#227,.T.);
#329 = ORIENTED_EDGE('',*,*,#330,.F.);
#330 = EDGE_CURVE('',#306,#228,#331,.T.);
#331 = SURFACE_CURVE('',#332,(#337,#344),.PCURVE_S1.);
#332 = CIRCLE('',#333,38.);
#333 = AXIS2_PLACEMENT_3D('',#334,#335,#336);
#334 = CARTESIAN_POINT('',(0.,0.,-10.));
#335 = DIRECTION('',(0.,0.,1.));
#336 = DIRECTION('',(1.,0.,-0.));
#337 = PCURVE('',#188,#338);
#338 = DEFINITIONAL_REPRESENTATION('',(#339),#343);
#339 = CIRCLE('',#340,38.);
#340 = AXIS2_PLACEMENT_2D('',#341,#342);
#341 = CARTESIAN_POINT('',(42.,22.));
#342 = DIRECTION('',(1.,0.));
#343 = ( GEOMETRIC_REPRESENTATION_CONTEXT(2) 
PARAMETRIC_REPRESENTATION_CONTEXT() REPRESENTATION_CONTEXT('2D SPACE',''
  ) );
#344 = PCURVE('',#345,#350);
#345 = CYLINDRICAL_SURFACE('',#346,38.);
#346 = AXIS2_PLACEMENT_3D('',#347,#348,#349);
#347 = CARTESIAN_POINT('',(0.,0.,-10.));
#348 = DIRECTION('',(0.,0.,1.));
#349 = DIRECTION('',(1.,0.,-0.));
#350 = DEFINITIONAL_REPRESENTATION('',(#351),#355);
#351 = LINE('',#352,#353);
#352 = CARTESIAN_POINT('',(0.,0.));
#353 = VECTOR('',#354,1.);
#354 = DIRECTION('',(1.,0.));
#355 = ( GEOMETRIC_REPRESENTATION_CONTEXT(2) 
PARAMETRIC_REPRESENTATION_CONTEXT() REPRESENTATION_CONTEXT('2D SPACE',''
  ) );
#356 = ADVANCED_FACE('',(#357,#436,#467),#162,.T.);
#357 = FACE_BOUND('',#358,.T.);
#358 = EDGE_LOOP('',(#359,#382,#383,#384,#412));
#359 = ORIENTED_EDGE('',*,*,#360,.F.);
#360 = EDGE_CURVE('',#119,#361,#363,.T.);
#361 = VERTEX_POINT('',#362);
#362 = CARTESIAN_POINT('',(-1.374772708487,22.,-28.));
#363 = SURFACE_CURVE('',#364,(#368,#375),.PCURVE_S1.);
#364 = LINE('',#365,#366);
#365 = CARTESIAN_POINT('',(-42.,22.,-28.));
#366 = VECTOR('',#367,1.);
#367 = DIRECTION('',(1.,0.,-0.));
#368 = PCURVE('',#162,#369);
#369 = DEFINITIONAL_REPRESENTATION('',(#370),#374);
#370 = LINE('',#371,#372);
#371 = CARTESIAN_POINT('',(0.,0.));
#372 = VECTOR('',#373,1.);
#373 = DIRECTION('',(0.,1.));
#374 = ( GEOMETRIC_REPRESENTATION_CONTEXT(2) 
PARAMETRIC_REPRESENTATION_CONTEXT() REPRESENTATION_CONTEXT('2D SPACE',''
  ) );
#375 = PCURVE('',#134,#376);
#376 = DEFINITIONAL_REPRESENTATION('',(#377),#381);
#377 = LINE('',#378,#379);
#378 = CARTESIAN_POINT('',(0.,44.));
#379 = VECTOR('',#380,1.);
#380 = DIRECTION('',(1.,0.));
#381 = ( GEOMETRIC_REPRESENTATION_CONTEXT(2) 
PARAMETRIC_REPRESENTATION_CONTEXT() REPRESENTATION_CONTEXT('2D SPACE',''
  ) );
#382 = ORIENTED_EDGE('',*,*,#146,.T.);
#383 = ORIENTED_EDGE('',*,*,#305,.T.);
#384 = ORIENTED_EDGE('',*,*,#385,.T.);
#385 = EDGE_CURVE('',#306,#386,#388,.T.);
#386 = VERTEX_POINT('',#387);
#387 = CARTESIAN_POINT('',(-1.374772708487,22.,-10.));
#388 = SURFACE_CURVE('',#389,(#393,#400),.PCURVE_S1.);
#389 = LINE('',#390,#391);
#390 = CARTESIAN_POINT('',(-42.,22.,-10.));
#391 = VECTOR('',#392,1.);
#392 = DIRECTION('',(1.,0.,-0.));
#393 = PCURVE('',#162,#394);
#394 = DEFINITIONAL_REPRESENTATION('',(#395),#399);
#395 = LINE('',#396,#397);
#396 = CARTESIAN_POINT('',(18.,0.));
#397 = VECTOR('',#398,1.);
#398 = DIRECTION('',(0.,1.));
#399 = ( GEOMETRIC_REPRESENTATION_CONTEXT(2) 
PARAMETRIC_REPRESENTATION_CONTEXT() REPRESENTATION_CONTEXT('2D SPACE',''
  ) );
#400 = PCURVE('',#401,#406);
#401 = PLANE('',#402);
#402 = AXIS2_PLACEMENT_3D('',#403,#404,#405);
#403 = CARTESIAN_POINT('',(0.,0.,-10.));
#404 = DIRECTION('',(0.,0.,1.));
#405 = DIRECTION('',(1.,0.,-0.));
#406 = DEFINITIONAL_REPRESENTATION('',(#407),#411);
#407 = LINE('',#408,#409);
#408 = CARTESIAN_POINT('',(-42.,22.));
#409 = VECTOR('',#410,1.);
#410 = DIRECTION('',(1.,0.));
#411 = ( GEOMETRIC_REPRESENTATION_CONTEXT(2) 
PARAMETRIC_REPRESENTATION_CONTEXT() REPRESENTATION_CONTEXT('2D SPACE',''
  ) );
#412 = ORIENTED_EDGE('',*,*,#413,.F.);
#413 = EDGE_CURVE('',#361,#386,#414,.T.);
#414 = SURFACE_CURVE('',#415,(#419,#425),.PCURVE_S1.);
#415 = LINE('',#416,#417);
#416 = CARTESIAN_POINT('',(-1.374772708487,22.,-28.));
#417 = VECTOR('',#418,1.);
#418 = DIRECTION('',(0.,0.,1.));
#419 = PCURVE('',#162,#420);
#420 = DEFINITIONAL_REPRESENTATION('',(#421),#424);
#421 = B_SPLINE_CURVE_WITH_KNOTS('',1,(#422,#423),.UNSPECIFIED.,.F.,.F.,
  (2,2),(-5.999999999062E-07,19.8),.PIECEWISE_BEZIER_KNOTS.);
#422 = CARTESIAN_POINT('',(-5.999999999062E-07,40.625227291513));
#423 = CARTESIAN_POINT('',(19.8,40.625227291513));
#424 = ( GEOMETRIC_REPRESENTATION_CONTEXT(2) 
PARAMETRIC_REPRESENTATION_CONTEXT() REPRESENTATION_CONTEXT('2D SPACE',''
  ) );
#425 = PCURVE('',#426,#431);
#426 = CYLINDRICAL_SURFACE('',#427,3.3);
#427 = AXIS2_PLACEMENT_3D('',#428,#429,#430);
#428 = CARTESIAN_POINT('',(1.530808498934E-15,25.,-28.));
#429 = DIRECTION('',(0.,0.,1.));
#430 = DIRECTION('',(1.,0.,-0.));
#431 = DEFINITIONAL_REPRESENTATION('',(#432),#435);
#432 = B_SPLINE_CURVE_WITH_KNOTS('',1,(#433,#434),.UNSPECIFIED.,.F.,.F.,
  (2,2),(-5.999999999062E-07,19.8),.PIECEWISE_BEZIER_KNOTS.);
#433 = CARTESIAN_POINT('',(4.282689314233,-5.999999999062E-07));
#434 = CARTESIAN_POINT('',(4.282689314233,19.8));
#435 = ( GEOMETRIC_REPRESENTATION_CONTEXT(2) 
PARAMETRIC_REPRESENTATION_CONTEXT() REPRESENTATION_CONTEXT('2D SPACE',''
  ) );
#436 = FACE_BOUND('',#437,.T.);
#437 = EDGE_LOOP('',(#438));
#438 = ORIENTED_EDGE('',*,*,#439,.F.);
#439 = EDGE_CURVE('',#440,#440,#442,.T.);
#440 = VERTEX_POINT('',#441);
#441 = CARTESIAN_POINT('',(-26.,22.,-14.6));
#442 = SURFACE_CURVE('',#443,(#448,#455),.PCURVE_S1.);
#443 = CIRCLE('',#444,4.4);
#444 = AXIS2_PLACEMENT_3D('',#445,#446,#447);
#445 = CARTESIAN_POINT('',(-26.,22.,-19.));
#446 = DIRECTION('',(0.,1.,0.));
#447 = DIRECTION('',(0.,-0.,1.));
#448 = PCURVE('',#162,#449);
#449 = DEFINITIONAL_REPRESENTATION('',(#450),#454);
#450 = CIRCLE('',#451,4.4);
#451 = AXIS2_PLACEMENT_2D('',#452,#453);
#452 = CARTESIAN_POINT('',(9.,16.));
#453 = DIRECTION('',(1.,0.));
#454 = ( GEOMETRIC_REPRESENTATION_CONTEXT(2) 
PARAMETRIC_REPRESENTATION_CONTEXT() REPRESENTATION_CONTEXT('2D SPACE',''
  ) );
#455 = PCURVE('',#456,#461);
#456 = CYLINDRICAL_SURFACE('',#457,4.4);
#457 = AXIS2_PLACEMENT_3D('',#458,#459,#460);
#458 = CARTESIAN_POINT('',(-26.,6.,-19.));
#459 = DIRECTION('',(0.,1.,0.));
#460 = DIRECTION('',(0.,-0.,1.));
#461 = DEFINITIONAL_REPRESENTATION('',(#462),#466);
#462 = LINE('',#463,#464);
#463 = CARTESIAN_POINT('',(0.,16.));
#464 = VECTOR('',#465,1.);
#465 = DIRECTION('',(1.,0.));
#466 = ( GEOMETRIC_REPRESENTATION_CONTEXT(2) 
PARAMETRIC_REPRESENTATION_CONTEXT() REPRESENTATION_CONTEXT('2D SPACE',''
  ) );
#467 = FACE_BOUND('',#468,.T.);
#468 = EDGE_LOOP('',(#469));
#469 = ORIENTED_EDGE('',*,*,#470,.F.);
#470 = EDGE_CURVE('',#471,#471,#473,.T.);
#471 = VERTEX_POINT('',#472);
#472 = CARTESIAN_POINT('',(-14.,22.,-14.6));
#473 = SURFACE_CURVE('',#474,(#479,#486),.PCURVE_S1.);
#474 = CIRCLE('',#475,4.4);
#475 = AXIS2_PLACEMENT_3D('',#476,#477,#478);
#476 = CARTESIAN_POINT('',(-14.,22.,-19.));
#477 = DIRECTION('',(0.,1.,0.));
#478 = DIRECTION('',(0.,-0.,1.));
#479 = PCURVE('',#162,#480);
#480 = DEFINITIONAL_REPRESENTATION('',(#481),#485);
#481 = CIRCLE('',#482,4.4);
#482 = AXIS2_PLACEMENT_2D('',#483,#484);
#483 = CARTESIAN_POINT('',(9.,28.));
#484 = DIRECTION('',(1.,0.));
#485 = ( GEOMETRIC_REPRESENTATION_CONTEXT(2) 
PARAMETRIC_REPRESENTATION_CONTEXT() REPRESENTATION_CONTEXT('2D SPACE',''
  ) );
#486 = PCURVE('',#487,#492);
#487 = CYLINDRICAL_SURFACE('',#488,4.4);
#488 = AXIS2_PLACEMENT_3D('',#489,#490,#491);
#489 = CARTESIAN_POINT('',(-14.,6.,-19.));
#490 = DIRECTION('',(0.,1.,0.));
#491 = DIRECTION('',(0.,-0.,1.));
#492 = DEFINITIONAL_REPRESENTATION('',(#493),#497);
#493 = LINE('',#494,#495);
#494 = CARTESIAN_POINT('',(0.,16.));
#495 = VECTOR('',#496,1.);
#496 = DIRECTION('',(1.,0.));
#497 = ( GEOMETRIC_REPRESENTATION_CONTEXT(2) 
PARAMETRIC_REPRESENTATION_CONTEXT() REPRESENTATION_CONTEXT('2D SPACE',''
  ) );
#498 = ADVANCED_FACE('',(#499,#634,#665,#696,#727,#758,#789,#820),#134,
  .F.);
#499 = FACE_BOUND('',#500,.F.);
#500 = EDGE_LOOP('',(#501,#502,#503,#504,#528,#556,#584,#612));
#501 = ORIENTED_EDGE('',*,*,#360,.F.);
#502 = ORIENTED_EDGE('',*,*,#118,.F.);
#503 = ORIENTED_EDGE('',*,*,#203,.T.);
#504 = ORIENTED_EDGE('',*,*,#505,.F.);
#505 = EDGE_CURVE('',#506,#204,#508,.T.);
#506 = VERTEX_POINT('',#507);
#507 = CARTESIAN_POINT('',(1.374772708486,-22.,-28.));
#508 = SURFACE_CURVE('',#509,(#514,#521),.PCURVE_S1.);
#509 = CIRCLE('',#510,3.3);
#510 = AXIS2_PLACEMENT_3D('',#511,#512,#513);
#511 = CARTESIAN_POINT('',(-4.592425496803E-15,-25.,-28.));
#512 = DIRECTION('',(0.,0.,1.));
#513 = DIRECTION('',(1.,0.,-0.));
#514 = PCURVE('',#134,#515);
#515 = DEFINITIONAL_REPRESENTATION('',(#516),#520);
#516 = CIRCLE('',#517,3.3);
#517 = AXIS2_PLACEMENT_2D('',#518,#519);
#518 = CARTESIAN_POINT('',(42.,-3.));
#519 = DIRECTION('',(1.,0.));
#520 = ( GEOMETRIC_REPRESENTATION_CONTEXT(2) 
PARAMETRIC_REPRESENTATION_CONTEXT() REPRESENTATION_CONTEXT('2D SPACE',''
  ) );
#521 = PCURVE('',#291,#522);
#522 = DEFINITIONAL_REPRESENTATION('',(#523),#527);
#523 = LINE('',#524,#525);
#524 = CARTESIAN_POINT('',(0.,0.));
#525 = VECTOR('',#526,1.);
#526 = DIRECTION('',(1.,0.));
#527 = ( GEOMETRIC_REPRESENTATION_CONTEXT(2) 
PARAMETRIC_REPRESENTATION_CONTEXT() REPRESENTATION_CONTEXT('2D SPACE',''
  ) );
#528 = ORIENTED_EDGE('',*,*,#529,.T.);
#529 = EDGE_CURVE('',#506,#530,#532,.T.);
#530 = VERTEX_POINT('',#531);
#531 = CARTESIAN_POINT('',(42.,-22.,-28.));
#532 = SURFACE_CURVE('',#533,(#537,#544),.PCURVE_S1.);
#533 = LINE('',#534,#535);
#534 = CARTESIAN_POINT('',(-42.,-22.,-28.));
#535 = VECTOR('',#536,1.);
#536 = DIRECTION('',(1.,0.,-0.));
#537 = PCURVE('',#134,#538);
#538 = DEFINITIONAL_REPRESENTATION('',(#539),#543);
#539 = LINE('',#540,#541);
#540 = CARTESIAN_POINT('',(0.,0.));
#541 = VECTOR('',#542,1.);
#542 = DIRECTION('',(1.,0.));
#543 = ( GEOMETRIC_REPRESENTATION_CONTEXT(2) 
PARAMETRIC_REPRESENTATION_CONTEXT() REPRESENTATION_CONTEXT('2D SPACE',''
  ) );
#544 = PCURVE('',#545,#550);
#545 = PLANE('',#546);
#546 = AXIS2_PLACEMENT_3D('',#547,#548,#549);
#547 = CARTESIAN_POINT('',(-42.,-22.,-28.));
#548 = DIRECTION('',(-0.,1.,0.));
#549 = DIRECTION('',(0.,0.,1.));
#550 = DEFINITIONAL_REPRESENTATION('',(#551),#555);
#551 = LINE('',#552,#553);
#552 = CARTESIAN_POINT('',(0.,0.));
#553 = VECTOR('',#554,1.);
#554 = DIRECTION('',(0.,1.));
#555 = ( GEOMETRIC_REPRESENTATION_CONTEXT(2) 
PARAMETRIC_REPRESENTATION_CONTEXT() REPRESENTATION_CONTEXT('2D SPACE',''
  ) );
#556 = ORIENTED_EDGE('',*,*,#557,.T.);
#557 = EDGE_CURVE('',#530,#558,#560,.T.);
#558 = VERTEX_POINT('',#559);
#559 = CARTESIAN_POINT('',(42.,22.,-28.));
#560 = SURFACE_CURVE('',#561,(#565,#572),.PCURVE_S1.);
#561 = LINE('',#562,#563);
#562 = CARTESIAN_POINT('',(42.,-22.,-28.));
#563 = VECTOR('',#564,1.);
#564 = DIRECTION('',(-0.,1.,0.));
#565 = PCURVE('',#134,#566);
#566 = DEFINITIONAL_REPRESENTATION('',(#567),#571);
#567 = LINE('',#568,#569);
#568 = CARTESIAN_POINT('',(84.,0.));
#569 = VECTOR('',#570,1.);
#570 = DIRECTION('',(0.,1.));
#571 = ( GEOMETRIC_REPRESENTATION_CONTEXT(2) 
PARAMETRIC_REPRESENTATION_CONTEXT() REPRESENTATION_CONTEXT('2D SPACE',''
  ) );
#572 = PCURVE('',#573,#578);
#573 = PLANE('',#574);
#574 = AXIS2_PLACEMENT_3D('',#575,#576,#577);
#575 = CARTESIAN_POINT('',(42.,-22.,-28.));
#576 = DIRECTION('',(1.,0.,-0.));
#577 = DIRECTION('',(0.,0.,1.));
#578 = DEFINITIONAL_REPRESENTATION('',(#579),#583);
#579 = LINE('',#580,#581);
#580 = CARTESIAN_POINT('',(0.,0.));
#581 = VECTOR('',#582,1.);
#582 = DIRECTION('',(0.,-1.));
#583 = ( GEOMETRIC_REPRESENTATION_CONTEXT(2) 
PARAMETRIC_REPRESENTATION_CONTEXT() REPRESENTATION_CONTEXT('2D SPACE',''
  ) );
#584 = ORIENTED_EDGE('',*,*,#585,.F.);
#585 = EDGE_CURVE('',#586,#558,#588,.T.);
#586 = VERTEX_POINT('',#587);
#587 = CARTESIAN_POINT('',(1.374772708486,22.,-28.));
#588 = SURFACE_CURVE('',#589,(#593,#600),.PCURVE_S1.);
#589 = LINE('',#590,#591);
#590 = CARTESIAN_POINT('',(-42.,22.,-28.));
#591 = VECTOR('',#592,1.);
#592 = DIRECTION('',(1.,0.,-0.));
#593 = PCURVE('',#134,#594);
#594 = DEFINITIONAL_REPRESENTATION('',(#595),#599);
#595 = LINE('',#596,#597);
#596 = CARTESIAN_POINT('',(0.,44.));
#597 = VECTOR('',#598,1.);
#598 = DIRECTION('',(1.,0.));
#599 = ( GEOMETRIC_REPRESENTATION_CONTEXT(2) 
PARAMETRIC_REPRESENTATION_CONTEXT() REPRESENTATION_CONTEXT('2D SPACE',''
  ) );
#600 = PCURVE('',#601,#606);
#601 = PLANE('',#602);
#602 = AXIS2_PLACEMENT_3D('',#603,#604,#605);
#603 = CARTESIAN_POINT('',(-42.,22.,-28.));
#604 = DIRECTION('',(-0.,1.,0.));
#605 = DIRECTION('',(0.,0.,1.));
#606 = DEFINITIONAL_REPRESENTATION('',(#607),#611);
#607 = LINE('',#608,#609);
#608 = CARTESIAN_POINT('',(0.,0.));
#609 = VECTOR('',#610,1.);
#610 = DIRECTION('',(0.,1.));
#611 = ( GEOMETRIC_REPRESENTATION_CONTEXT(2) 
PARAMETRIC_REPRESENTATION_CONTEXT() REPRESENTATION_CONTEXT('2D SPACE',''
  ) );
#612 = ORIENTED_EDGE('',*,*,#613,.F.);
#613 = EDGE_CURVE('',#361,#586,#614,.T.);
#614 = SURFACE_CURVE('',#615,(#620,#627),.PCURVE_S1.);
#615 = CIRCLE('',#616,3.3);
#616 = AXIS2_PLACEMENT_3D('',#617,#618,#619);
#617 = CARTESIAN_POINT('',(1.530808498934E-15,25.,-28.));
#618 = DIRECTION('',(0.,0.,1.));
#619 = DIRECTION('',(1.,0.,-0.));
#620 = PCURVE('',#134,#621);
#621 = DEFINITIONAL_REPRESENTATION('',(#622),#626);
#622 = CIRCLE('',#623,3.3);
#623 = AXIS2_PLACEMENT_2D('',#624,#625);
#624 = CARTESIAN_POINT('',(42.,47.));
#625 = DIRECTION('',(1.,0.));
#626 = ( GEOMETRIC_REPRESENTATION_CONTEXT(2) 
PARAMETRIC_REPRESENTATION_CONTEXT() REPRESENTATION_CONTEXT('2D SPACE',''
  ) );
#627 = PCURVE('',#426,#628);
#628 = DEFINITIONAL_REPRESENTATION('',(#629),#633);
#629 = LINE('',#630,#631);
#630 = CARTESIAN_POINT('',(0.,0.));
#631 = VECTOR('',#632,1.);
#632 = DIRECTION('',(1.,0.));
#633 = ( GEOMETRIC_REPRESENTATION_CONTEXT(2) 
PARAMETRIC_REPRESENTATION_CONTEXT() REPRESENTATION_CONTEXT('2D SPACE',''
  ) );
#634 = FACE_BOUND('',#635,.F.);
#635 = EDGE_LOOP('',(#636));
#636 = ORIENTED_EDGE('',*,*,#637,.F.);
#637 = EDGE_CURVE('',#638,#638,#640,.T.);
#638 = VERTEX_POINT('',#639);
#639 = CARTESIAN_POINT('',(-23.9,-7.,-28.));
#640 = SURFACE_CURVE('',#641,(#646,#653),.PCURVE_S1.);
#641 = CIRCLE('',#642,2.1);
#642 = AXIS2_PLACEMENT_3D('',#643,#644,#645);
#643 = CARTESIAN_POINT('',(-26.,-7.,-28.));
#644 = DIRECTION('',(0.,0.,1.));
#645 = DIRECTION('',(1.,0.,-0.));
#646 = PCURVE('',#134,#647);
#647 = DEFINITIONAL_REPRESENTATION('',(#648),#652);
#648 = CIRCLE('',#649,2.1);
#649 = AXIS2_PLACEMENT_2D('',#650,#651);
#650 = CARTESIAN_POINT('',(16.,15.));
#651 = DIRECTION('',(1.,0.));
#652 = ( GEOMETRIC_REPRESENTATION_CONTEXT(2) 
PARAMETRIC_REPRESENTATION_CONTEXT() REPRESENTATION_CONTEXT('2D SPACE',''
  ) );
#653 = PCURVE('',#654,#659);
#654 = CYLINDRICAL_SURFACE('',#655,2.1);
#655 = AXIS2_PLACEMENT_3D('',#656,#657,#658);
#656 = CARTESIAN_POINT('',(-26.,-7.,-28.));
#657 = DIRECTION('',(0.,0.,1.));
#658 = DIRECTION('',(1.,0.,-0.));
#659 = DEFINITIONAL_REPRESENTATION('',(#660),#664);
#660 = LINE('',#661,#662);
#661 = CARTESIAN_POINT('',(0.,0.));
#662 = VECTOR('',#663,1.);
#663 = DIRECTION('',(1.,0.));
#664 = ( GEOMETRIC_REPRESENTATION_CONTEXT(2) 
PARAMETRIC_REPRESENTATION_CONTEXT() REPRESENTATION_CONTEXT('2D SPACE',''
  ) );
#665 = FACE_BOUND('',#666,.F.);
#666 = EDGE_LOOP('',(#667));
#667 = ORIENTED_EDGE('',*,*,#668,.F.);
#668 = EDGE_CURVE('',#669,#669,#671,.T.);
#669 = VERTEX_POINT('',#670);
#670 = CARTESIAN_POINT('',(28.1,-7.,-28.));
#671 = SURFACE_CURVE('',#672,(#677,#684),.PCURVE_S1.);
#672 = CIRCLE('',#673,2.1);
#673 = AXIS2_PLACEMENT_3D('',#674,#675,#676);
#674 = CARTESIAN_POINT('',(26.,-7.,-28.));
#675 = DIRECTION('',(0.,0.,1.));
#676 = DIRECTION('',(1.,0.,-0.));
#677 = PCURVE('',#134,#678);
#678 = DEFINITIONAL_REPRESENTATION('',(#679),#683);
#679 = CIRCLE('',#680,2.1);
#680 = AXIS2_PLACEMENT_2D('',#681,#682);
#681 = CARTESIAN_POINT('',(68.,15.));
#682 = DIRECTION('',(1.,0.));
#683 = ( GEOMETRIC_REPRESENTATION_CONTEXT(2) 
PARAMETRIC_REPRESENTATION_CONTEXT() REPRESENTATION_CONTEXT('2D SPACE',''
  ) );
#684 = PCURVE('',#685,#690);
#685 = CYLINDRICAL_SURFACE('',#686,2.1);
#686 = AXIS2_PLACEMENT_3D('',#687,#688,#689);
#687 = CARTESIAN_POINT('',(26.,-7.,-28.));
#688 = DIRECTION('',(0.,0.,1.));
#689 = DIRECTION('',(1.,0.,-0.));
#690 = DEFINITIONAL_REPRESENTATION('',(#691),#695);
#691 = LINE('',#692,#693);
#692 = CARTESIAN_POINT('',(0.,0.));
#693 = VECTOR('',#694,1.);
#694 = DIRECTION('',(1.,0.));
#695 = ( GEOMETRIC_REPRESENTATION_CONTEXT(2) 
PARAMETRIC_REPRESENTATION_CONTEXT() REPRESENTATION_CONTEXT('2D SPACE',''
  ) );
#696 = FACE_BOUND('',#697,.F.);
#697 = EDGE_LOOP('',(#698));
#698 = ORIENTED_EDGE('',*,*,#699,.F.);
#699 = EDGE_CURVE('',#700,#700,#702,.T.);
#700 = VERTEX_POINT('',#701);
#701 = CARTESIAN_POINT('',(-21.7,2.253350110431E-15,-28.));
#702 = SURFACE_CURVE('',#703,(#708,#715),.PCURVE_S1.);
#703 = CIRCLE('',#704,3.3);
#704 = AXIS2_PLACEMENT_3D('',#705,#706,#707);
#705 = CARTESIAN_POINT('',(-25.,3.061616997868E-15,-28.));
#706 = DIRECTION('',(0.,0.,1.));
#707 = DIRECTION('',(1.,0.,-0.));
#708 = PCURVE('',#134,#709);
#709 = DEFINITIONAL_REPRESENTATION('',(#710),#714);
#710 = CIRCLE('',#711,3.3);
#711 = AXIS2_PLACEMENT_2D('',#712,#713);
#712 = CARTESIAN_POINT('',(17.,22.));
#713 = DIRECTION('',(1.,0.));
#714 = ( GEOMETRIC_REPRESENTATION_CONTEXT(2) 
PARAMETRIC_REPRESENTATION_CONTEXT() REPRESENTATION_CONTEXT('2D SPACE',''
  ) );
#715 = PCURVE('',#716,#721);
#716 = CYLINDRICAL_SURFACE('',#717,3.3);
#717 = AXIS2_PLACEMENT_3D('',#718,#719,#720);
#718 = CARTESIAN_POINT('',(-25.,3.061616997868E-15,-28.));
#719 = DIRECTION('',(0.,0.,1.));
#720 = DIRECTION('',(1.,0.,-0.));
#721 = DEFINITIONAL_REPRESENTATION('',(#722),#726);
#722 = LINE('',#723,#724);
#723 = CARTESIAN_POINT('',(0.,0.));
#724 = VECTOR('',#725,1.);
#725 = DIRECTION('',(1.,0.));
#726 = ( GEOMETRIC_REPRESENTATION_CONTEXT(2) 
PARAMETRIC_REPRESENTATION_CONTEXT() REPRESENTATION_CONTEXT('2D SPACE',''
  ) );
#727 = FACE_BOUND('',#728,.F.);
#728 = EDGE_LOOP('',(#729));
#729 = ORIENTED_EDGE('',*,*,#730,.F.);
#730 = EDGE_CURVE('',#731,#731,#733,.T.);
#731 = VERTEX_POINT('',#732);
#732 = CARTESIAN_POINT('',(-23.9,7.,-28.));
#733 = SURFACE_CURVE('',#734,(#739,#746),.PCURVE_S1.);
#734 = CIRCLE('',#735,2.1);
#735 = AXIS2_PLACEMENT_3D('',#736,#737,#738);
#736 = CARTESIAN_POINT('',(-26.,7.,-28.));
#737 = DIRECTION('',(0.,0.,1.));
#738 = DIRECTION('',(1.,0.,-0.));
#739 = PCURVE('',#134,#740);
#740 = DEFINITIONAL_REPRESENTATION('',(#741),#745);
#741 = CIRCLE('',#742,2.1);
#742 = AXIS2_PLACEMENT_2D('',#743,#744);
#743 = CARTESIAN_POINT('',(16.,29.));
#744 = DIRECTION('',(1.,0.));
#745 = ( GEOMETRIC_REPRESENTATION_CONTEXT(2) 
PARAMETRIC_REPRESENTATION_CONTEXT() REPRESENTATION_CONTEXT('2D SPACE',''
  ) );
#746 = PCURVE('',#747,#752);
#747 = CYLINDRICAL_SURFACE('',#748,2.1);
#748 = AXIS2_PLACEMENT_3D('',#749,#750,#751);
#749 = CARTESIAN_POINT('',(-26.,7.,-28.));
#750 = DIRECTION('',(0.,0.,1.));
#751 = DIRECTION('',(1.,0.,-0.));
#752 = DEFINITIONAL_REPRESENTATION('',(#753),#757);
#753 = LINE('',#754,#755);
#754 = CARTESIAN_POINT('',(0.,0.));
#755 = VECTOR('',#756,1.);
#756 = DIRECTION('',(1.,0.));
#757 = ( GEOMETRIC_REPRESENTATION_CONTEXT(2) 
PARAMETRIC_REPRESENTATION_CONTEXT() REPRESENTATION_CONTEXT('2D SPACE',''
  ) );
#758 = FACE_BOUND('',#759,.F.);
#759 = EDGE_LOOP('',(#760));
#760 = ORIENTED_EDGE('',*,*,#761,.F.);
#761 = EDGE_CURVE('',#762,#762,#764,.T.);
#762 = VERTEX_POINT('',#763);
#763 = CARTESIAN_POINT('',(8.,-1.959434878636E-15,-28.));
#764 = SURFACE_CURVE('',#765,(#770,#777),.PCURVE_S1.);
#765 = CIRCLE('',#766,8.);
#766 = AXIS2_PLACEMENT_3D('',#767,#768,#769);
#767 = CARTESIAN_POINT('',(0.,0.,-28.));
#768 = DIRECTION('',(0.,0.,1.));
#769 = DIRECTION('',(1.,0.,-0.));
#770 = PCURVE('',#134,#771);
#771 = DEFINITIONAL_REPRESENTATION('',(#772),#776);
#772 = CIRCLE('',#773,8.);
#773 = AXIS2_PLACEMENT_2D('',#774,#775);
#774 = CARTESIAN_POINT('',(42.,22.));
#775 = DIRECTION('',(1.,0.));
#776 = ( GEOMETRIC_REPRESENTATION_CONTEXT(2) 
PARAMETRIC_REPRESENTATION_CONTEXT() REPRESENTATION_CONTEXT('2D SPACE',''
  ) );
#777 = PCURVE('',#778,#783);
#778 = CYLINDRICAL_SURFACE('',#779,8.);
#779 = AXIS2_PLACEMENT_3D('',#780,#781,#782);
#780 = CARTESIAN_POINT('',(0.,0.,-30.));
#781 = DIRECTION('',(0.,0.,1.));
#782 = DIRECTION('',(1.,0.,-0.));
#783 = DEFINITIONAL_REPRESENTATION('',(#784),#788);
#784 = LINE('',#785,#786);
#785 = CARTESIAN_POINT('',(0.,2.));
#786 = VECTOR('',#787,1.);
#787 = DIRECTION('',(1.,0.));
#788 = ( GEOMETRIC_REPRESENTATION_CONTEXT(2) 
PARAMETRIC_REPRESENTATION_CONTEXT() REPRESENTATION_CONTEXT('2D SPACE',''
  ) );
#789 = FACE_BOUND('',#790,.F.);
#790 = EDGE_LOOP('',(#791));
#791 = ORIENTED_EDGE('',*,*,#792,.F.);
#792 = EDGE_CURVE('',#793,#793,#795,.T.);
#793 = VERTEX_POINT('',#794);
#794 = CARTESIAN_POINT('',(28.3,-8.082668874373E-16,-28.));
#795 = SURFACE_CURVE('',#796,(#801,#808),.PCURVE_S1.);
#796 = CIRCLE('',#797,3.3);
#797 = AXIS2_PLACEMENT_3D('',#798,#799,#800);
#798 = CARTESIAN_POINT('',(25.,0.,-28.));
#799 = DIRECTION('',(0.,0.,1.));
#800 = DIRECTION('',(1.,0.,-0.));
#801 = PCURVE('',#134,#802);
#802 = DEFINITIONAL_REPRESENTATION('',(#803),#807);
#803 = CIRCLE('',#804,3.3);
#804 = AXIS2_PLACEMENT_2D('',#805,#806);
#805 = CARTESIAN_POINT('',(67.,22.));
#806 = DIRECTION('',(1.,0.));
#807 = ( GEOMETRIC_REPRESENTATION_CONTEXT(2) 
PARAMETRIC_REPRESENTATION_CONTEXT() REPRESENTATION_CONTEXT('2D SPACE',''
  ) );
#808 = PCURVE('',#809,#814);
#809 = CYLINDRICAL_SURFACE('',#810,3.3);
#810 = AXIS2_PLACEMENT_3D('',#811,#812,#813);
#811 = CARTESIAN_POINT('',(25.,0.,-28.));
#812 = DIRECTION('',(0.,0.,1.));
#813 = DIRECTION('',(1.,0.,-0.));
#814 = DEFINITIONAL_REPRESENTATION('',(#815),#819);
#815 = LINE('',#816,#817);
#816 = CARTESIAN_POINT('',(0.,0.));
#817 = VECTOR('',#818,1.);
#818 = DIRECTION('',(1.,0.));
#819 = ( GEOMETRIC_REPRESENTATION_CONTEXT(2) 
PARAMETRIC_REPRESENTATION_CONTEXT() REPRESENTATION_CONTEXT('2D SPACE',''
  ) );
#820 = FACE_BOUND('',#821,.F.);
#821 = EDGE_LOOP('',(#822));
#822 = ORIENTED_EDGE('',*,*,#823,.F.);
#823 = EDGE_CURVE('',#824,#824,#826,.T.);
#824 = VERTEX_POINT('',#825);
#825 = CARTESIAN_POINT('',(28.1,7.,-28.));
#826 = SURFACE_CURVE('',#827,(#832,#839),.PCURVE_S1.);
#827 = CIRCLE('',#828,2.1);
#828 = AXIS2_PLACEMENT_3D('',#829,#830,#831);
#829 = CARTESIAN_POINT('',(26.,7.,-28.));
#830 = DIRECTION('',(0.,0.,1.));
#831 = DIRECTION('',(1.,0.,-0.));
#832 = PCURVE('',#134,#833);
#833 = DEFINITIONAL_REPRESENTATION('',(#834),#838);
#834 = CIRCLE('',#835,2.1);
#835 = AXIS2_PLACEMENT_2D('',#836,#837);
#836 = CARTESIAN_POINT('',(68.,29.));
#837 = DIRECTION('',(1.,0.));
#838 = ( GEOMETRIC_REPRESENTATION_CONTEXT(2) 
PARAMETRIC_REPRESENTATION_CONTEXT() REPRESENTATION_CONTEXT('2D SPACE',''
  ) );
#839 = PCURVE('',#840,#845);
#840 = CYLINDRICAL_SURFACE('',#841,2.1);
#841 = AXIS2_PLACEMENT_3D('',#842,#843,#844);
#842 = CARTESIAN_POINT('',(26.,7.,-28.));
#843 = DIRECTION('',(0.,0.,1.));
#844 = DIRECTION('',(1.,0.,-0.));
#845 = DEFINITIONAL_REPRESENTATION('',(#846),#850);
#846 = LINE('',#847,#848);
#847 = CARTESIAN_POINT('',(0.,0.));
#848 = VECTOR('',#849,1.);
#849 = DIRECTION('',(1.,0.));
#850 = ( GEOMETRIC_REPRESENTATION_CONTEXT(2) 
PARAMETRIC_REPRESENTATION_CONTEXT() REPRESENTATION_CONTEXT('2D SPACE',''
  ) );
#851 = ADVANCED_FACE('',(#852),#291,.F.);
#852 = FACE_BOUND('',#853,.F.);
#853 = EDGE_LOOP('',(#854,#879,#906,#907,#931,#950,#951,#952));
#854 = ORIENTED_EDGE('',*,*,#855,.T.);
#855 = EDGE_CURVE('',#856,#858,#860,.T.);
#856 = VERTEX_POINT('',#857);
#857 = CARTESIAN_POINT('',(3.3,-25.,-10.));
#858 = VERTEX_POINT('',#859);
#859 = CARTESIAN_POINT('',(3.3,-25.,-6.5));
#860 = SEAM_CURVE('',#861,(#865,#872),.PCURVE_S1.);
#861 = LINE('',#862,#863);
#862 = CARTESIAN_POINT('',(3.3,-25.,-28.));
#863 = VECTOR('',#864,1.);
#864 = DIRECTION('',(0.,0.,1.));
#865 = PCURVE('',#291,#866);
#866 = DEFINITIONAL_REPRESENTATION('',(#867),#871);
#867 = LINE('',#868,#869);
#868 = CARTESIAN_POINT('',(6.28318530718,-0.));
#869 = VECTOR('',#870,1.);
#870 = DIRECTION('',(0.,1.));
#871 = ( GEOMETRIC_REPRESENTATION_CONTEXT(2) 
PARAMETRIC_REPRESENTATION_CONTEXT() REPRESENTATION_CONTEXT('2D SPACE',''
  ) );
#872 = PCURVE('',#291,#873);
#873 = DEFINITIONAL_REPRESENTATION('',(#874),#878);
#874 = LINE('',#875,#876);
#875 = CARTESIAN_POINT('',(0.,-0.));
#876 = VECTOR('',#877,1.);
#877 = DIRECTION('',(0.,1.));
#878 = ( GEOMETRIC_REPRESENTATION_CONTEXT(2) 
PARAMETRIC_REPRESENTATION_CONTEXT() REPRESENTATION_CONTEXT('2D SPACE',''
  ) );
#879 = ORIENTED_EDGE('',*,*,#880,.F.);
#880 = EDGE_CURVE('',#858,#858,#881,.T.);
#881 = SURFACE_CURVE('',#882,(#887,#894),.PCURVE_S1.);
#882 = CIRCLE('',#883,3.3);
#883 = AXIS2_PLACEMENT_3D('',#884,#885,#886);
#884 = CARTESIAN_POINT('',(-4.592425496803E-15,-25.,-6.5));
#885 = DIRECTION('',(0.,0.,1.));
#886 = DIRECTION('',(1.,0.,-0.));
#887 = PCURVE('',#291,#888);
#888 = DEFINITIONAL_REPRESENTATION('',(#889),#893);
#889 = LINE('',#890,#891);
#890 = CARTESIAN_POINT('',(0.,21.5));
#891 = VECTOR('',#892,1.);
#892 = DIRECTION('',(1.,0.));
#893 = ( GEOMETRIC_REPRESENTATION_CONTEXT(2) 
PARAMETRIC_REPRESENTATION_CONTEXT() REPRESENTATION_CONTEXT('2D SPACE',''
  ) );
#894 = PCURVE('',#895,#900);
#895 = PLANE('',#896);
#896 = AXIS2_PLACEMENT_3D('',#897,#898,#899);
#897 = CARTESIAN_POINT('',(-4.592425496803E-15,-25.,-6.5));
#898 = DIRECTION('',(0.,0.,1.));
#899 = DIRECTION('',(1.,0.,-0.));
#900 = DEFINITIONAL_REPRESENTATION('',(#901),#905);
#901 = CIRCLE('',#902,3.3);
#902 = AXIS2_PLACEMENT_2D('',#903,#904);
#903 = CARTESIAN_POINT('',(0.,0.));
#904 = DIRECTION('',(1.,0.));
#905 = ( GEOMETRIC_REPRESENTATION_CONTEXT(2) 
PARAMETRIC_REPRESENTATION_CONTEXT() REPRESENTATION_CONTEXT('2D SPACE',''
  ) );
#906 = ORIENTED_EDGE('',*,*,#855,.F.);
#907 = ORIENTED_EDGE('',*,*,#908,.T.);
#908 = EDGE_CURVE('',#856,#909,#911,.T.);
#909 = VERTEX_POINT('',#910);
#910 = CARTESIAN_POINT('',(1.374772708487,-22.,-10.));
#911 = SURFACE_CURVE('',#912,(#917,#924),.PCURVE_S1.);
#912 = CIRCLE('',#913,3.3);
#913 = AXIS2_PLACEMENT_3D('',#914,#915,#916);
#914 = CARTESIAN_POINT('',(-4.592425496803E-15,-25.,-10.));
#915 = DIRECTION('',(0.,0.,1.));
#916 = DIRECTION('',(1.,0.,-0.));
#917 = PCURVE('',#291,#918);
#918 = DEFINITIONAL_REPRESENTATION('',(#919),#923);
#919 = LINE('',#920,#921);
#920 = CARTESIAN_POINT('',(0.,18.));
#921 = VECTOR('',#922,1.);
#922 = DIRECTION('',(1.,0.));
#923 = ( GEOMETRIC_REPRESENTATION_CONTEXT(2) 
PARAMETRIC_REPRESENTATION_CONTEXT() REPRESENTATION_CONTEXT('2D SPACE',''
  ) );
#924 = PCURVE('',#266,#925);
#925 = DEFINITIONAL_REPRESENTATION('',(#926),#930);
#926 = CIRCLE('',#927,3.3);
#927 = AXIS2_PLACEMENT_2D('',#928,#929);
#928 = CARTESIAN_POINT('',(-4.592425496803E-15,-25.));
#929 = DIRECTION('',(1.,0.));
#930 = ( GEOMETRIC_REPRESENTATION_CONTEXT(2) 
PARAMETRIC_REPRESENTATION_CONTEXT() REPRESENTATION_CONTEXT('2D SPACE',''
  ) );
#931 = ORIENTED_EDGE('',*,*,#932,.F.);
#932 = EDGE_CURVE('',#506,#909,#933,.T.);
#933 = SURFACE_CURVE('',#934,(#938,#944),.PCURVE_S1.);
#934 = LINE('',#935,#936);
#935 = CARTESIAN_POINT('',(1.374772708487,-22.,-28.));
#936 = VECTOR('',#937,1.);
#937 = DIRECTION('',(0.,0.,1.));
#938 = PCURVE('',#291,#939);
#939 = DEFINITIONAL_REPRESENTATION('',(#940),#943);
#940 = B_SPLINE_CURVE_WITH_KNOTS('',1,(#941,#942),.UNSPECIFIED.,.F.,.F.,
  (2,2),(-5.999999999062E-07,19.8),.PIECEWISE_BEZIER_KNOTS.);
#941 = CARTESIAN_POINT('',(1.141096660643,-5.999999999062E-07));
#942 = CARTESIAN_POINT('',(1.141096660643,19.8));
#943 = ( GEOMETRIC_REPRESENTATION_CONTEXT(2) 
PARAMETRIC_REPRESENTATION_CONTEXT() REPRESENTATION_CONTEXT('2D SPACE',''
  ) );
#944 = PCURVE('',#545,#945);
#945 = DEFINITIONAL_REPRESENTATION('',(#946),#949);
#946 = B_SPLINE_CURVE_WITH_KNOTS('',1,(#947,#948),.UNSPECIFIED.,.F.,.F.,
  (2,2),(-5.999999999062E-07,19.8),.PIECEWISE_BEZIER_KNOTS.);
#947 = CARTESIAN_POINT('',(-5.999999999062E-07,43.374772708487));
#948 = CARTESIAN_POINT('',(19.8,43.374772708487));
#949 = ( GEOMETRIC_REPRESENTATION_CONTEXT(2) 
PARAMETRIC_REPRESENTATION_CONTEXT() REPRESENTATION_CONTEXT('2D SPACE',''
  ) );
#950 = ORIENTED_EDGE('',*,*,#505,.T.);
#951 = ORIENTED_EDGE('',*,*,#278,.T.);
#952 = ORIENTED_EDGE('',*,*,#953,.T.);
#953 = EDGE_CURVE('',#251,#856,#954,.T.);
#954 = SURFACE_CURVE('',#955,(#960,#967),.PCURVE_S1.);
#955 = CIRCLE('',#956,3.3);
#956 = AXIS2_PLACEMENT_3D('',#957,#958,#959);
#957 = CARTESIAN_POINT('',(-4.592425496803E-15,-25.,-10.));
#958 = DIRECTION('',(0.,0.,1.));
#959 = DIRECTION('',(1.,0.,-0.));
#960 = PCURVE('',#291,#961);
#961 = DEFINITIONAL_REPRESENTATION('',(#962),#966);
#962 = LINE('',#963,#964);
#963 = CARTESIAN_POINT('',(0.,18.));
#964 = VECTOR('',#965,1.);
#965 = DIRECTION('',(1.,0.));
#966 = ( GEOMETRIC_REPRESENTATION_CONTEXT(2) 
PARAMETRIC_REPRESENTATION_CONTEXT() REPRESENTATION_CONTEXT('2D SPACE',''
  ) );
#967 = PCURVE('',#266,#968);
#968 = DEFINITIONAL_REPRESENTATION('',(#969),#973);
#969 = CIRCLE('',#970,3.3);
#970 = AXIS2_PLACEMENT_2D('',#971,#972);
#971 = CARTESIAN_POINT('',(-4.592425496803E-15,-25.));
#972 = DIRECTION('',(1.,0.));
#973 = ( GEOMETRIC_REPRESENTATION_CONTEXT(2) 
PARAMETRIC_REPRESENTATION_CONTEXT() REPRESENTATION_CONTEXT('2D SPACE',''
  ) );
#974 = ADVANCED_FACE('',(#975),#266,.F.);
#975 = FACE_BOUND('',#976,.F.);
#976 = EDGE_LOOP('',(#977,#978,#1002,#1023,#1024));
#977 = ORIENTED_EDGE('',*,*,#250,.F.);
#978 = ORIENTED_EDGE('',*,*,#979,.T.);
#979 = EDGE_CURVE('',#228,#980,#982,.T.);
#980 = VERTEX_POINT('',#981);
#981 = CARTESIAN_POINT('',(30.983866769659,-22.,-10.));
#982 = SURFACE_CURVE('',#983,(#988,#995),.PCURVE_S1.);
#983 = CIRCLE('',#984,38.);
#984 = AXIS2_PLACEMENT_3D('',#985,#986,#987);
#985 = CARTESIAN_POINT('',(0.,0.,-10.));
#986 = DIRECTION('',(0.,0.,1.));
#987 = DIRECTION('',(1.,0.,-0.));
#988 = PCURVE('',#266,#989);
#989 = DEFINITIONAL_REPRESENTATION('',(#990),#994);
#990 = CIRCLE('',#991,38.);
#991 = AXIS2_PLACEMENT_2D('',#992,#993);
#992 = CARTESIAN_POINT('',(0.,0.));
#993 = DIRECTION('',(1.,0.));
#994 = ( GEOMETRIC_REPRESENTATION_CONTEXT(2) 
PARAMETRIC_REPRESENTATION_CONTEXT() REPRESENTATION_CONTEXT('2D SPACE',''
  ) );
#995 = PCURVE('',#345,#996);
#996 = DEFINITIONAL_REPRESENTATION('',(#997),#1001);
#997 = LINE('',#998,#999);
#998 = CARTESIAN_POINT('',(0.,0.));
#999 = VECTOR('',#1000,1.);
#1000 = DIRECTION('',(1.,0.));
#1001 = ( GEOMETRIC_REPRESENTATION_CONTEXT(2) 
PARAMETRIC_REPRESENTATION_CONTEXT() REPRESENTATION_CONTEXT('2D SPACE',''
  ) );
#1002 = ORIENTED_EDGE('',*,*,#1003,.F.);
#1003 = EDGE_CURVE('',#909,#980,#1004,.T.);
#1004 = SURFACE_CURVE('',#1005,(#1009,#1016),.PCURVE_S1.);
#1005 = LINE('',#1006,#1007);
#1006 = CARTESIAN_POINT('',(-42.,-22.,-10.));
#1007 = VECTOR('',#1008,1.);
#1008 = DIRECTION('',(1.,0.,-0.));
#1009 = PCURVE('',#266,#1010);
#1010 = DEFINITIONAL_REPRESENTATION('',(#1011),#1015);
#1011 = LINE('',#1012,#1013);
#1012 = CARTESIAN_POINT('',(-42.,-22.));
#1013 = VECTOR('',#1014,1.);
#1014 = DIRECTION('',(1.,0.));
#1015 = ( GEOMETRIC_REPRESENTATION_CONTEXT(2) 
PARAMETRIC_REPRESENTATION_CONTEXT() REPRESENTATION_CONTEXT('2D SPACE',''
  ) );
#1016 = PCURVE('',#545,#1017);
#1017 = DEFINITIONAL_REPRESENTATION('',(#1018),#1022);
#1018 = LINE('',#1019,#1020);
#1019 = CARTESIAN_POINT('',(18.,0.));
#1020 = VECTOR('',#1021,1.);
#1021 = DIRECTION('',(0.,1.));
#1022 = ( GEOMETRIC_REPRESENTATION_CONTEXT(2) 
PARAMETRIC_REPRESENTATION_CONTEXT() REPRESENTATION_CONTEXT('2D SPACE',''
  ) );
#1023 = ORIENTED_EDGE('',*,*,#908,.F.);
#1024 = ORIENTED_EDGE('',*,*,#953,.F.);
#1025 = ADVANCED_FACE('',(#1026),#345,.T.);
#1026 = FACE_BOUND('',#1027,.T.);
#1027 = EDGE_LOOP('',(#1028,#1053,#1080,#1081,#1110,#1132,#1133,#1134));
#1028 = ORIENTED_EDGE('',*,*,#1029,.T.);
#1029 = EDGE_CURVE('',#1030,#1032,#1034,.T.);
#1030 = VERTEX_POINT('',#1031);
#1031 = CARTESIAN_POINT('',(38.,-9.30731567352E-15,-10.));
#1032 = VERTEX_POINT('',#1033);
#1033 = CARTESIAN_POINT('',(38.,-9.30731567352E-15,0.));
#1034 = SEAM_CURVE('',#1035,(#1039,#1046),.PCURVE_S1.);
#1035 = LINE('',#1036,#1037);
#1036 = CARTESIAN_POINT('',(38.,-9.30731567352E-15,-10.));
#1037 = VECTOR('',#1038,1.);
#1038 = DIRECTION('',(0.,0.,1.));
#1039 = PCURVE('',#345,#1040);
#1040 = DEFINITIONAL_REPRESENTATION('',(#1041),#1045);
#1041 = LINE('',#1042,#1043);
#1042 = CARTESIAN_POINT('',(6.28318530718,-0.));
#1043 = VECTOR('',#1044,1.);
#1044 = DIRECTION('',(0.,1.));
#1045 = ( GEOMETRIC_REPRESENTATION_CONTEXT(2) 
PARAMETRIC_REPRESENTATION_CONTEXT() REPRESENTATION_CONTEXT('2D SPACE',''
  ) );
#1046 = PCURVE('',#345,#1047);
#1047 = DEFINITIONAL_REPRESENTATION('',(#1048),#1052);
#1048 = LINE('',#1049,#1050);
#1049 = CARTESIAN_POINT('',(0.,-0.));
#1050 = VECTOR('',#1051,1.);
#1051 = DIRECTION('',(0.,1.));
#1052 = ( GEOMETRIC_REPRESENTATION_CONTEXT(2) 
PARAMETRIC_REPRESENTATION_CONTEXT() REPRESENTATION_CONTEXT('2D SPACE',''
  ) );
#1053 = ORIENTED_EDGE('',*,*,#1054,.F.);
#1054 = EDGE_CURVE('',#1032,#1032,#1055,.T.);
#1055 = SURFACE_CURVE('',#1056,(#1061,#1068),.PCURVE_S1.);
#1056 = CIRCLE('',#1057,38.);
#1057 = AXIS2_PLACEMENT_3D('',#1058,#1059,#1060);
#1058 = CARTESIAN_POINT('',(0.,0.,0.));
#1059 = DIRECTION('',(0.,0.,1.));
#1060 = DIRECTION('',(1.,0.,-0.));
#1061 = PCURVE('',#345,#1062);
#1062 = DEFINITIONAL_REPRESENTATION('',(#1063),#1067);
#1063 = LINE('',#1064,#1065);
#1064 = CARTESIAN_POINT('',(0.,10.));
#1065 = VECTOR('',#1066,1.);
#1066 = DIRECTION('',(1.,0.));
#1067 = ( GEOMETRIC_REPRESENTATION_CONTEXT(2) 
PARAMETRIC_REPRESENTATION_CONTEXT() REPRESENTATION_CONTEXT('2D SPACE',''
  ) );
#1068 = PCURVE('',#1069,#1074);
#1069 = PLANE('',#1070);
#1070 = AXIS2_PLACEMENT_3D('',#1071,#1072,#1073);
#1071 = CARTESIAN_POINT('',(0.,0.,0.));
#1072 = DIRECTION('',(0.,0.,1.));
#1073 = DIRECTION('',(1.,0.,-0.));
#1074 = DEFINITIONAL_REPRESENTATION('',(#1075),#1079);
#1075 = CIRCLE('',#1076,38.);
#1076 = AXIS2_PLACEMENT_2D('',#1077,#1078);
#1077 = CARTESIAN_POINT('',(0.,0.));
#1078 = DIRECTION('',(1.,0.));
#1079 = ( GEOMETRIC_REPRESENTATION_CONTEXT(2) 
PARAMETRIC_REPRESENTATION_CONTEXT() REPRESENTATION_CONTEXT('2D SPACE',''
  ) );
#1080 = ORIENTED_EDGE('',*,*,#1029,.F.);
#1081 = ORIENTED_EDGE('',*,*,#1082,.T.);
#1082 = EDGE_CURVE('',#1030,#1083,#1085,.T.);
#1083 = VERTEX_POINT('',#1084);
#1084 = CARTESIAN_POINT('',(30.983866769659,22.,-10.));
#1085 = SURFACE_CURVE('',#1086,(#1091,#1098),.PCURVE_S1.);
#1086 = CIRCLE('',#1087,38.);
#1087 = AXIS2_PLACEMENT_3D('',#1088,#1089,#1090);
#1088 = CARTESIAN_POINT('',(0.,0.,-10.));
#1089 = DIRECTION('',(0.,0.,1.));
#1090 = DIRECTION('',(1.,0.,-0.));
#1091 = PCURVE('',#345,#1092);
#1092 = DEFINITIONAL_REPRESENTATION('',(#1093),#1097);
#1093 = LINE('',#1094,#1095);
#1094 = CARTESIAN_POINT('',(0.,0.));
#1095 = VECTOR('',#1096,1.);
#1096 = DIRECTION('',(1.,0.));
#1097 = ( GEOMETRIC_REPRESENTATION_CONTEXT(2) 
PARAMETRIC_REPRESENTATION_CONTEXT() REPRESENTATION_CONTEXT('2D SPACE',''
  ) );
#1098 = PCURVE('',#1099,#1104);
#1099 = PLANE('',#1100);
#1100 = AXIS2_PLACEMENT_3D('',#1101,#1102,#1103);
#1101 = CARTESIAN_POINT('',(-42.,-22.,-10.));
#1102 = DIRECTION('',(0.,0.,1.));
#1103 = DIRECTION('',(1.,0.,-0.));
#1104 = DEFINITIONAL_REPRESENTATION('',(#1105),#1109);
#1105 = CIRCLE('',#1106,38.);
#1106 = AXIS2_PLACEMENT_2D('',#1107,#1108);
#1107 = CARTESIAN_POINT('',(42.,22.));
#1108 = DIRECTION('',(1.,0.));
#1109 = ( GEOMETRIC_REPRESENTATION_CONTEXT(2) 
PARAMETRIC_REPRESENTATION_CONTEXT() REPRESENTATION_CONTEXT('2D SPACE',''
  ) );
#1110 = ORIENTED_EDGE('',*,*,#1111,.T.);
#1111 = EDGE_CURVE('',#1083,#306,#1112,.T.);
#1112 = SURFACE_CURVE('',#1113,(#1118,#1125),.PCURVE_S1.);
#1113 = CIRCLE('',#1114,38.);
#1114 = AXIS2_PLACEMENT_3D('',#1115,#1116,#1117);
#1115 = CARTESIAN_POINT('',(0.,0.,-10.));
#1116 = DIRECTION('',(0.,0.,1.));
#1117 = DIRECTION('',(1.,0.,-0.));
#1118 = PCURVE('',#345,#1119);
#1119 = DEFINITIONAL_REPRESENTATION('',(#1120),#1124);
#1120 = LINE('',#1121,#1122);
#1121 = CARTESIAN_POINT('',(0.,0.));
#1122 = VECTOR('',#1123,1.);
#1123 = DIRECTION('',(1.,0.));
#1124 = ( GEOMETRIC_REPRESENTATION_CONTEXT(2) 
PARAMETRIC_REPRESENTATION_CONTEXT() REPRESENTATION_CONTEXT('2D SPACE',''
  ) );
#1125 = PCURVE('',#401,#1126);
#1126 = DEFINITIONAL_REPRESENTATION('',(#1127),#1131);
#1127 = CIRCLE('',#1128,38.);
#1128 = AXIS2_PLACEMENT_2D('',#1129,#1130);
#1129 = CARTESIAN_POINT('',(0.,0.));
#1130 = DIRECTION('',(1.,0.));
#1131 = ( GEOMETRIC_REPRESENTATION_CONTEXT(2) 
PARAMETRIC_REPRESENTATION_CONTEXT() REPRESENTATION_CONTEXT('2D SPACE',''
  ) );
#1132 = ORIENTED_EDGE('',*,*,#330,.T.);
#1133 = ORIENTED_EDGE('',*,*,#979,.T.);
#1134 = ORIENTED_EDGE('',*,*,#1135,.T.);
#1135 = EDGE_CURVE('',#980,#1030,#1136,.T.);
#1136 = SURFACE_CURVE('',#1137,(#1142,#1149),.PCURVE_S1.);
#1137 = CIRCLE('',#1138,38.);
#1138 = AXIS2_PLACEMENT_3D('',#1139,#1140,#1141);
#1139 = CARTESIAN_POINT('',(0.,0.,-10.));
#1140 = DIRECTION('',(0.,0.,1.));
#1141 = DIRECTION('',(1.,0.,-0.));
#1142 = PCURVE('',#345,#1143);
#1143 = DEFINITIONAL_REPRESENTATION('',(#1144),#1148);
#1144 = LINE('',#1145,#1146);
#1145 = CARTESIAN_POINT('',(0.,0.));
#1146 = VECTOR('',#1147,1.);
#1147 = DIRECTION('',(1.,0.));
#1148 = ( GEOMETRIC_REPRESENTATION_CONTEXT(2) 
PARAMETRIC_REPRESENTATION_CONTEXT() REPRESENTATION_CONTEXT('2D SPACE',''
  ) );
#1149 = PCURVE('',#1099,#1150);
#1150 = DEFINITIONAL_REPRESENTATION('',(#1151),#1155);
#1151 = CIRCLE('',#1152,38.);
#1152 = AXIS2_PLACEMENT_2D('',#1153,#1154);
#1153 = CARTESIAN_POINT('',(42.,22.));
#1154 = DIRECTION('',(1.,0.));
#1155 = ( GEOMETRIC_REPRESENTATION_CONTEXT(2) 
PARAMETRIC_REPRESENTATION_CONTEXT() REPRESENTATION_CONTEXT('2D SPACE',''
  ) );
#1156 = ADVANCED_FACE('',(#1157),#426,.F.);
#1157 = FACE_BOUND('',#1158,.F.);
#1158 = EDGE_LOOP('',(#1159,#1184,#1211,#1212,#1234,#1235,#1236,#1257));
#1159 = ORIENTED_EDGE('',*,*,#1160,.T.);
#1160 = EDGE_CURVE('',#1161,#1163,#1165,.T.);
#1161 = VERTEX_POINT('',#1162);
#1162 = CARTESIAN_POINT('',(3.3,25.,-10.));
#1163 = VERTEX_POINT('',#1164);
#1164 = CARTESIAN_POINT('',(3.3,25.,-6.5));
#1165 = SEAM_CURVE('',#1166,(#1170,#1177),.PCURVE_S1.);
#1166 = LINE('',#1167,#1168);
#1167 = CARTESIAN_POINT('',(3.3,25.,-28.));
#1168 = VECTOR('',#1169,1.);
#1169 = DIRECTION('',(0.,0.,1.));
#1170 = PCURVE('',#426,#1171);
#1171 = DEFINITIONAL_REPRESENTATION('',(#1172),#1176);
#1172 = LINE('',#1173,#1174);
#1173 = CARTESIAN_POINT('',(6.28318530718,-0.));
#1174 = VECTOR('',#1175,1.);
#1175 = DIRECTION('',(0.,1.));
#1176 = ( GEOMETRIC_REPRESENTATION_CONTEXT(2) 
PARAMETRIC_REPRESENTATION_CONTEXT() REPRESENTATION_CONTEXT('2D SPACE',''
  ) );
#1177 = PCURVE('',#426,#1178);
#1178 = DEFINITIONAL_REPRESENTATION('',(#1179),#1183);
#1179 = LINE('',#1180,#1181);
#1180 = CARTESIAN_POINT('',(0.,-0.));
#1181 = VECTOR('',#1182,1.);
#1182 = DIRECTION('',(0.,1.));
#1183 = ( GEOMETRIC_REPRESENTATION_CONTEXT(2) 
PARAMETRIC_REPRESENTATION_CONTEXT() REPRESENTATION_CONTEXT('2D SPACE',''
  ) );
#1184 = ORIENTED_EDGE('',*,*,#1185,.F.);
#1185 = EDGE_CURVE('',#1163,#1163,#1186,.T.);
#1186 = SURFACE_CURVE('',#1187,(#1192,#1199),.PCURVE_S1.);
#1187 = CIRCLE('',#1188,3.3);
#1188 = AXIS2_PLACEMENT_3D('',#1189,#1190,#1191);
#1189 = CARTESIAN_POINT('',(1.530808498934E-15,25.,-6.5));
#1190 = DIRECTION('',(0.,0.,1.));
#1191 = DIRECTION('',(1.,0.,-0.));
#1192 = PCURVE('',#426,#1193);
#1193 = DEFINITIONAL_REPRESENTATION('',(#1194),#1198);
#1194 = LINE('',#1195,#1196);
#1195 = CARTESIAN_POINT('',(0.,21.5));
#1196 = VECTOR('',#1197,1.);
#1197 = DIRECTION('',(1.,0.));
#1198 = ( GEOMETRIC_REPRESENTATION_CONTEXT(2) 
PARAMETRIC_REPRESENTATION_CONTEXT() REPRESENTATION_CONTEXT('2D SPACE',''
  ) );
#1199 = PCURVE('',#1200,#1205);
#1200 = PLANE('',#1201);
#1201 = AXIS2_PLACEMENT_3D('',#1202,#1203,#1204);
#1202 = CARTESIAN_POINT('',(1.530808498934E-15,25.,-6.5));
#1203 = DIRECTION('',(0.,0.,1.));
#1204 = DIRECTION('',(1.,0.,-0.));
#1205 = DEFINITIONAL_REPRESENTATION('',(#1206),#1210);
#1206 = CIRCLE('',#1207,3.3);
#1207 = AXIS2_PLACEMENT_2D('',#1208,#1209);
#1208 = CARTESIAN_POINT('',(0.,0.));
#1209 = DIRECTION('',(1.,0.));
#1210 = ( GEOMETRIC_REPRESENTATION_CONTEXT(2) 
PARAMETRIC_REPRESENTATION_CONTEXT() REPRESENTATION_CONTEXT('2D SPACE',''
  ) );
#1211 = ORIENTED_EDGE('',*,*,#1160,.F.);
#1212 = ORIENTED_EDGE('',*,*,#1213,.T.);
#1213 = EDGE_CURVE('',#1161,#386,#1214,.T.);
#1214 = SURFACE_CURVE('',#1215,(#1220,#1227),.PCURVE_S1.);
#1215 = CIRCLE('',#1216,3.3);
#1216 = AXIS2_PLACEMENT_3D('',#1217,#1218,#1219);
#1217 = CARTESIAN_POINT('',(1.530808498934E-15,25.,-10.));
#1218 = DIRECTION('',(0.,0.,1.));
#1219 = DIRECTION('',(1.,0.,-0.));
#1220 = PCURVE('',#426,#1221);
#1221 = DEFINITIONAL_REPRESENTATION('',(#1222),#1226);
#1222 = LINE('',#1223,#1224);
#1223 = CARTESIAN_POINT('',(0.,18.));
#1224 = VECTOR('',#1225,1.);
#1225 = DIRECTION('',(1.,0.));
#1226 = ( GEOMETRIC_REPRESENTATION_CONTEXT(2) 
PARAMETRIC_REPRESENTATION_CONTEXT() REPRESENTATION_CONTEXT('2D SPACE',''
  ) );
#1227 = PCURVE('',#401,#1228);
#1228 = DEFINITIONAL_REPRESENTATION('',(#1229),#1233);
#1229 = CIRCLE('',#1230,3.3);
#1230 = AXIS2_PLACEMENT_2D('',#1231,#1232);
#1231 = CARTESIAN_POINT('',(1.530808498934E-15,25.));
#1232 = DIRECTION('',(1.,0.));
#1233 = ( GEOMETRIC_REPRESENTATION_CONTEXT(2) 
PARAMETRIC_REPRESENTATION_CONTEXT() REPRESENTATION_CONTEXT('2D SPACE',''
  ) );
#1234 = ORIENTED_EDGE('',*,*,#413,.F.);
#1235 = ORIENTED_EDGE('',*,*,#613,.T.);
#1236 = ORIENTED_EDGE('',*,*,#1237,.T.);
#1237 = EDGE_CURVE('',#586,#1238,#1240,.T.);
#1238 = VERTEX_POINT('',#1239);
#1239 = CARTESIAN_POINT('',(1.374772708487,22.,-10.));
#1240 = SURFACE_CURVE('',#1241,(#1245,#1251),.PCURVE_S1.);
#1241 = LINE('',#1242,#1243);
#1242 = CARTESIAN_POINT('',(1.374772708487,22.,-28.));
#1243 = VECTOR('',#1244,1.);
#1244 = DIRECTION('',(0.,0.,1.));
#1245 = PCURVE('',#426,#1246);
#1246 = DEFINITIONAL_REPRESENTATION('',(#1247),#1250);
#1247 = B_SPLINE_CURVE_WITH_KNOTS('',1,(#1248,#1249),.UNSPECIFIED.,.F.,
  .F.,(2,2),(-5.999999999062E-07,19.8),.PIECEWISE_BEZIER_KNOTS.);
#1248 = CARTESIAN_POINT('',(5.142088646536,-5.999999999062E-07));
#1249 = CARTESIAN_POINT('',(5.142088646536,19.8));
#1250 = ( GEOMETRIC_REPRESENTATION_CONTEXT(2) 
PARAMETRIC_REPRESENTATION_CONTEXT() REPRESENTATION_CONTEXT('2D SPACE',''
  ) );
#1251 = PCURVE('',#601,#1252);
#1252 = DEFINITIONAL_REPRESENTATION('',(#1253),#1256);
#1253 = B_SPLINE_CURVE_WITH_KNOTS('',1,(#1254,#1255),.UNSPECIFIED.,.F.,
  .F.,(2,2),(-5.999999999062E-07,19.8),.PIECEWISE_BEZIER_KNOTS.);
#1254 = CARTESIAN_POINT('',(-5.999999999062E-07,43.374772708487));
#1255 = CARTESIAN_POINT('',(19.8,43.374772708487));
#1256 = ( GEOMETRIC_REPRESENTATION_CONTEXT(2) 
PARAMETRIC_REPRESENTATION_CONTEXT() REPRESENTATION_CONTEXT('2D SPACE',''
  ) );
#1257 = ORIENTED_EDGE('',*,*,#1258,.T.);
#1258 = EDGE_CURVE('',#1238,#1161,#1259,.T.);
#1259 = SURFACE_CURVE('',#1260,(#1265,#1272),.PCURVE_S1.);
#1260 = CIRCLE('',#1261,3.3);
#1261 = AXIS2_PLACEMENT_3D('',#1262,#1263,#1264);
#1262 = CARTESIAN_POINT('',(1.530808498934E-15,25.,-10.));
#1263 = DIRECTION('',(0.,0.,1.));
#1264 = DIRECTION('',(1.,0.,-0.));
#1265 = PCURVE('',#426,#1266);
#1266 = DEFINITIONAL_REPRESENTATION('',(#1267),#1271);
#1267 = LINE('',#1268,#1269);
#1268 = CARTESIAN_POINT('',(0.,18.));
#1269 = VECTOR('',#1270,1.);
#1270 = DIRECTION('',(1.,0.));
#1271 = ( GEOMETRIC_REPRESENTATION_CONTEXT(2) 
PARAMETRIC_REPRESENTATION_CONTEXT() REPRESENTATION_CONTEXT('2D SPACE',''
  ) );
#1272 = PCURVE('',#401,#1273);
#1273 = DEFINITIONAL_REPRESENTATION('',(#1274),#1278);
#1274 = CIRCLE('',#1275,3.3);
#1275 = AXIS2_PLACEMENT_2D('',#1276,#1277);
#1276 = CARTESIAN_POINT('',(1.530808498934E-15,25.));
#1277 = DIRECTION('',(1.,0.));
#1278 = ( GEOMETRIC_REPRESENTATION_CONTEXT(2) 
PARAMETRIC_REPRESENTATION_CONTEXT() REPRESENTATION_CONTEXT('2D SPACE',''
  ) );
#1279 = ADVANCED_FACE('',(#1280),#401,.F.);
#1280 = FACE_BOUND('',#1281,.F.);
#1281 = EDGE_LOOP('',(#1282,#1283,#1284,#1285,#1286));
#1282 = ORIENTED_EDGE('',*,*,#1111,.T.);
#1283 = ORIENTED_EDGE('',*,*,#385,.T.);
#1284 = ORIENTED_EDGE('',*,*,#1213,.F.);
#1285 = ORIENTED_EDGE('',*,*,#1258,.F.);
#1286 = ORIENTED_EDGE('',*,*,#1287,.T.);
#1287 = EDGE_CURVE('',#1238,#1083,#1288,.T.);
#1288 = SURFACE_CURVE('',#1289,(#1293,#1300),.PCURVE_S1.);
#1289 = LINE('',#1290,#1291);
#1290 = CARTESIAN_POINT('',(-42.,22.,-10.));
#1291 = VECTOR('',#1292,1.);
#1292 = DIRECTION('',(1.,0.,-0.));
#1293 = PCURVE('',#401,#1294);
#1294 = DEFINITIONAL_REPRESENTATION('',(#1295),#1299);
#1295 = LINE('',#1296,#1297);
#1296 = CARTESIAN_POINT('',(-42.,22.));
#1297 = VECTOR('',#1298,1.);
#1298 = DIRECTION('',(1.,0.));
#1299 = ( GEOMETRIC_REPRESENTATION_CONTEXT(2) 
PARAMETRIC_REPRESENTATION_CONTEXT() REPRESENTATION_CONTEXT('2D SPACE',''
  ) );
#1300 = PCURVE('',#601,#1301);
#1301 = DEFINITIONAL_REPRESENTATION('',(#1302),#1306);
#1302 = LINE('',#1303,#1304);
#1303 = CARTESIAN_POINT('',(18.,0.));
#1304 = VECTOR('',#1305,1.);
#1305 = DIRECTION('',(0.,1.));
#1306 = ( GEOMETRIC_REPRESENTATION_CONTEXT(2) 
PARAMETRIC_REPRESENTATION_CONTEXT() REPRESENTATION_CONTEXT('2D SPACE',''
  ) );
#1307 = ADVANCED_FACE('',(#1308),#456,.F.);
#1308 = FACE_BOUND('',#1309,.F.);
#1309 = EDGE_LOOP('',(#1310,#1311,#1334,#1444,#1494,#1523,#1573,#1833,
    #1862,#2015));
#1310 = ORIENTED_EDGE('',*,*,#439,.F.);
#1311 = ORIENTED_EDGE('',*,*,#1312,.F.);
#1312 = EDGE_CURVE('',#1313,#440,#1315,.T.);
#1313 = VERTEX_POINT('',#1314);
#1314 = CARTESIAN_POINT('',(-26.,9.1,-14.6));
#1315 = SEAM_CURVE('',#1316,(#1320,#1327),.PCURVE_S1.);
#1316 = LINE('',#1317,#1318);
#1317 = CARTESIAN_POINT('',(-26.,6.,-14.6));
#1318 = VECTOR('',#1319,1.);
#1319 = DIRECTION('',(0.,1.,0.));
#1320 = PCURVE('',#456,#1321);
#1321 = DEFINITIONAL_REPRESENTATION('',(#1322),#1326);
#1322 = LINE('',#1323,#1324);
#1323 = CARTESIAN_POINT('',(6.28318530718,-0.));
#1324 = VECTOR('',#1325,1.);
#1325 = DIRECTION('',(0.,1.));
#1326 = ( GEOMETRIC_REPRESENTATION_CONTEXT(2) 
PARAMETRIC_REPRESENTATION_CONTEXT() REPRESENTATION_CONTEXT('2D SPACE',''
  ) );
#1327 = PCURVE('',#456,#1328);
#1328 = DEFINITIONAL_REPRESENTATION('',(#1329),#1333);
#1329 = LINE('',#1330,#1331);
#1330 = CARTESIAN_POINT('',(0.,-0.));
#1331 = VECTOR('',#1332,1.);
#1332 = DIRECTION('',(0.,1.));
#1333 = ( GEOMETRIC_REPRESENTATION_CONTEXT(2) 
PARAMETRIC_REPRESENTATION_CONTEXT() REPRESENTATION_CONTEXT('2D SPACE',''
  ) );
#1334 = ORIENTED_EDGE('',*,*,#1335,.F.);
#1335 = EDGE_CURVE('',#1336,#1313,#1338,.T.);
#1336 = VERTEX_POINT('',#1337);
#1337 = CARTESIAN_POINT('',(-23.9,7.,-15.13347701416));
#1338 = SURFACE_CURVE('',#1339,(#1372,#1408),.PCURVE_S1.);
#1339 = B_SPLINE_CURVE_WITH_KNOTS('',6,(#1340,#1341,#1342,#1343,#1344,
    #1345,#1346,#1347,#1348,#1349,#1350,#1351,#1352,#1353,#1354,#1355,
    #1356,#1357,#1358,#1359,#1360,#1361,#1362,#1363,#1364,#1365,#1366,
    #1367,#1368,#1369,#1370,#1371),.UNSPECIFIED.,.F.,.F.,(7,5,5,5,5,5,7)
  ,(0.,0.313833542878,0.493810691446,0.556920424229,0.640398781834,
    0.752131834053,1.),.UNSPECIFIED.);
#1340 = CARTESIAN_POINT('',(-23.9,7.,-15.13347701416));
#1341 = CARTESIAN_POINT('',(-23.9,7.15526255386,-15.13347701416));
#1342 = CARTESIAN_POINT('',(-23.91377494832,7.310309974962,
    -15.12599553679));
#1343 = CARTESIAN_POINT('',(-23.94125440893,7.464064454178,
    -15.11107069504));
#1344 = CARTESIAN_POINT('',(-23.98240345408,7.615423130003,
    -15.08919849076));
#1345 = CARTESIAN_POINT('',(-24.03719461159,7.763180544983,
    -15.06133040563));
#1346 = CARTESIAN_POINT('',(-24.14463142622,7.987849036884,
    -15.01007648142));
#1347 = CARTESIAN_POINT('',(-24.18824974091,8.068150773437,
    -14.98983657939));
#1348 = CARTESIAN_POINT('',(-24.23635778843,8.146703176345,
    -14.96825473675));
#1349 = CARTESIAN_POINT('',(-24.28899866991,8.223302369723,
    -14.94557707793));
#1350 = CARTESIAN_POINT('',(-24.3462279711,8.297706046033,
    -14.92207841822));
#1351 = CARTESIAN_POINT('',(-24.42981137412,8.39485291747,
    -14.88964119854));
#1352 = CARTESIAN_POINT('',(-24.4520847719,8.419770842024,
    -14.88115579433));
#1353 = CARTESIAN_POINT('',(-24.47493531124,8.444373906433,
    -14.87261915625));
#1354 = CARTESIAN_POINT('',(-24.49836658376,8.468649490238,
    -14.86404468722));
#1355 = CARTESIAN_POINT('',(-24.52238227201,8.492584059624,
    -14.85544630922));
#1356 = CARTESIAN_POINT('',(-24.57953091229,8.547352416786,
    -14.83545244066));
#1357 = CARTESIAN_POINT('',(-24.61310441503,8.577919445182,
    -14.82404996617));
#1358 = CARTESIAN_POINT('',(-24.64771586394,8.607830987221,
    -14.81266438275));
#1359 = CARTESIAN_POINT('',(-24.68337311947,8.637049796257,
    -14.8013311213));
#1360 = CARTESIAN_POINT('',(-24.7200826963,8.66553464439,-14.79008770074
    ));
#1361 = CARTESIAN_POINT('',(-24.80839974775,8.730323466687,
    -14.76409803868));
#1362 = CARTESIAN_POINT('',(-24.86085596855,8.766019511848,
    -14.74945074873));
#1363 = CARTESIAN_POINT('',(-24.91521609009,8.800207278926,
    -14.73513164388));
#1364 = CARTESIAN_POINT('',(-24.9714715131,8.832758388889,
    -14.72124589056));
#1365 = CARTESIAN_POINT('',(-25.02960692024,8.863536800815,
    -14.70790291406));
#1366 = CARTESIAN_POINT('',(-25.22268783915,8.956424697823,
    -14.66706907118));
#1367 = CARTESIAN_POINT('',(-25.36599938358,9.011538304315,
    -14.64191900699));
#1368 = CARTESIAN_POINT('',(-25.51770850744,9.054981413172,
    -14.62148590965));
#1369 = CARTESIAN_POINT('',(-25.6755945892,9.084855396684,
    -14.60722816518));
#1370 = CARTESIAN_POINT('',(-25.8372027485,9.1,-14.6));
#1371 = CARTESIAN_POINT('',(-26.,9.1,-14.6));
#1372 = PCURVE('',#456,#1373);
#1373 = DEFINITIONAL_REPRESENTATION('',(#1374),#1407);
#1374 = B_SPLINE_CURVE_WITH_KNOTS('',6,(#1375,#1376,#1377,#1378,#1379,
    #1380,#1381,#1382,#1383,#1384,#1385,#1386,#1387,#1388,#1389,#1390,
    #1391,#1392,#1393,#1394,#1395,#1396,#1397,#1398,#1399,#1400,#1401,
    #1402,#1403,#1404,#1405,#1406),.UNSPECIFIED.,.F.,.F.,(7,5,5,5,5,5,7)
  ,(0.,0.313833542878,0.493810691446,0.556920424229,0.640398781834,
    0.752131834053,1.),.UNSPECIFIED.);
#1375 = CARTESIAN_POINT('',(0.497548523672,1.));
#1376 = CARTESIAN_POINT('',(0.497548523672,1.15526255386));
#1377 = CARTESIAN_POINT('',(0.493985932046,1.310309974962));
#1378 = CARTESIAN_POINT('',(0.48687878548,1.464064454178));
#1379 = CARTESIAN_POINT('',(0.476288392105,1.615423130003));
#1380 = CARTESIAN_POINT('',(0.462322207615,1.763180544983));
#1381 = CARTESIAN_POINT('',(0.435268509592,1.987849036884));
#1382 = CARTESIAN_POINT('',(0.424340627569,2.068150773437));
#1383 = CARTESIAN_POINT('',(0.412358709126,2.146703176345));
#1384 = CARTESIAN_POINT('',(0.399334476487,2.223302369723));
#1385 = CARTESIAN_POINT('',(0.385276707462,2.297706046033));
#1386 = CARTESIAN_POINT('',(0.364900140848,2.39485291747));
#1387 = CARTESIAN_POINT('',(0.359483201742,2.419770842024));
#1388 = CARTESIAN_POINT('',(0.353939504402,2.444373906433));
#1389 = CARTESIAN_POINT('',(0.34826905569,2.468649490238));
#1390 = CARTESIAN_POINT('',(0.342471812166,2.492584059624));
#1391 = CARTESIAN_POINT('',(0.328711538269,2.547352416786));
#1392 = CARTESIAN_POINT('',(0.320653464453,2.577919445182));
#1393 = CARTESIAN_POINT('',(0.31237314723,2.607830987221));
#1394 = CARTESIAN_POINT('',(0.303870430178,2.637049796257));
#1395 = CARTESIAN_POINT('',(0.295145311863,2.66553464439));
#1396 = CARTESIAN_POINT('',(0.274222188964,2.730323466687));
#1397 = CARTESIAN_POINT('',(0.261845472397,2.766019511848));
#1398 = CARTESIAN_POINT('',(0.249071619049,2.800207278926));
#1399 = CARTESIAN_POINT('',(0.235905119129,2.832758388889));
#1400 = CARTESIAN_POINT('',(0.222350994751,2.863536800815));
#1401 = CARTESIAN_POINT('',(0.177498364174,2.956424697823));
#1402 = CARTESIAN_POINT('',(0.144449659841,3.011538304315));
#1403 = CARTESIAN_POINT('',(0.109702630647,3.054981413172));
#1404 = CARTESIAN_POINT('',(7.372856539255E-02,3.084855396684));
#1405 = CARTESIAN_POINT('',(3.699937533896E-02,3.1));
#1406 = CARTESIAN_POINT('',(0.,3.1));
#1407 = ( GEOMETRIC_REPRESENTATION_CONTEXT(2) 
PARAMETRIC_REPRESENTATION_CONTEXT() REPRESENTATION_CONTEXT('2D SPACE',''
  ) );
#1408 = PCURVE('',#747,#1409);
#1409 = DEFINITIONAL_REPRESENTATION('',(#1410),#1443);
#1410 = B_SPLINE_CURVE_WITH_KNOTS('',6,(#1411,#1412,#1413,#1414,#1415,
    #1416,#1417,#1418,#1419,#1420,#1421,#1422,#1423,#1424,#1425,#1426,
    #1427,#1428,#1429,#1430,#1431,#1432,#1433,#1434,#1435,#1436,#1437,
    #1438,#1439,#1440,#1441,#1442),.UNSPECIFIED.,.F.,.F.,(7,5,5,5,5,5,7)
  ,(0.,0.313833542878,0.493810691446,0.556920424229,0.640398781834,
    0.752131834053,1.),.UNSPECIFIED.);
#1411 = CARTESIAN_POINT('',(0.,12.866522985836));
#1412 = CARTESIAN_POINT('',(7.393454945722E-02,12.866522985836));
#1413 = CARTESIAN_POINT('',(0.147766607436,12.874004463207));
#1414 = CARTESIAN_POINT('',(0.221710699864,12.888929304951));
#1415 = CARTESIAN_POINT('',(0.29595816908,12.910801509235));
#1416 = CARTESIAN_POINT('',(0.370690364069,12.938669594369));
#1417 = CARTESIAN_POINT('',(0.489278621042,12.989923518579));
#1418 = CARTESIAN_POINT('',(0.532736717426,13.010163420608));
#1419 = CARTESIAN_POINT('',(0.576511103537,13.031745263246));
#1420 = CARTESIAN_POINT('',(0.620676130923,13.054422922067));
#1421 = CARTESIAN_POINT('',(0.665307772465,13.077921581779));
#1422 = CARTESIAN_POINT('',(0.72633395526,13.110358801453));
#1423 = CARTESIAN_POINT('',(0.742246191901,13.118844205664));
#1424 = CARTESIAN_POINT('',(0.758231152132,13.127380843743));
#1425 = CARTESIAN_POINT('',(0.77429288853,13.135955312771));
#1426 = CARTESIAN_POINT('',(0.790435523067,13.144553690777));
#1427 = CARTESIAN_POINT('',(0.828128458439,13.164547559336));
#1428 = CARTESIAN_POINT('',(0.849742396162,13.175950033821));
#1429 = CARTESIAN_POINT('',(0.871514902648,13.187335617247));
#1430 = CARTESIAN_POINT('',(0.893455554686,13.198668878692));
#1431 = CARTESIAN_POINT('',(0.915573663485,13.209912299259));
#1432 = CARTESIAN_POINT('',(0.967732267482,13.23590196132));
#1433 = CARTESIAN_POINT('',(0.997927461693,13.250549251262));
#1434 = CARTESIAN_POINT('',(1.028476757043,13.26486835612));
#1435 = CARTESIAN_POINT('',(1.059393996034,13.278754109434));
#1436 = CARTESIAN_POINT('',(1.090694688352,13.292097085938));
#1437 = CARTESIAN_POINT('',(1.192724432203,13.332930928819));
#1438 = CARTESIAN_POINT('',(1.265599182981,13.358080993002));
#1439 = CARTESIAN_POINT('',(1.340294716298,13.37851409035));
#1440 = CARTESIAN_POINT('',(1.416317654574,13.392771834814));
#1441 = CARTESIAN_POINT('',(1.493273826085,13.4));
#1442 = CARTESIAN_POINT('',(1.570796326795,13.4));
#1443 = ( GEOMETRIC_REPRESENTATION_CONTEXT(2) 
PARAMETRIC_REPRESENTATION_CONTEXT() REPRESENTATION_CONTEXT('2D SPACE',''
  ) );
#1444 = ORIENTED_EDGE('',*,*,#1445,.F.);
#1445 = EDGE_CURVE('',#1446,#1336,#1448,.T.);
#1446 = VERTEX_POINT('',#1447);
#1447 = CARTESIAN_POINT('',(-24.15338146873,6.,-15.00625489045));
#1448 = SURFACE_CURVE('',#1449,(#1462,#1478),.PCURVE_S1.);
#1449 = B_SPLINE_CURVE_WITH_KNOTS('',6,(#1450,#1451,#1452,#1453,#1454,
    #1455,#1456,#1457,#1458,#1459,#1460,#1461),.UNSPECIFIED.,.F.,.F.,(7,
    5,7),(0.,9.890746244598E-02,1.),.UNSPECIFIED.);
#1450 = CARTESIAN_POINT('',(-24.15338179365,5.9999994,-15.00625474022));
#1451 = CARTESIAN_POINT('',(-24.14505122356,6.015382773171,
    -15.01010660893));
#1452 = CARTESIAN_POINT('',(-24.13688543293,6.030829116042,
    -15.01390759757));
#1453 = CARTESIAN_POINT('',(-24.12888422869,6.046336971159,
    -15.01765602761));
#1454 = CARTESIAN_POINT('',(-24.12104744495,6.061904890884,
    -15.02135025448));
#1455 = CARTESIAN_POINT('',(-24.11337494293,6.077531437404,
    -15.02498866758));
#1456 = CARTESIAN_POINT('',(-24.03746224931,6.236101326206,
    -15.06119445653));
#1457 = CARTESIAN_POINT('',(-23.98256350834,6.383987213115,
    -15.0891132796));
#1458 = CARTESIAN_POINT('',(-23.94133263572,6.5354913364,-15.1110282154)
  );
#1459 = CARTESIAN_POINT('',(-23.91379991057,6.689398562812,
    -15.12598197666));
#1460 = CARTESIAN_POINT('',(-23.9,6.844596869689,-15.13347701416));
#1461 = CARTESIAN_POINT('',(-23.9,7.,-15.13347701416));
#1462 = PCURVE('',#456,#1463);
#1463 = DEFINITIONAL_REPRESENTATION('',(#1464),#1477);
#1464 = B_SPLINE_CURVE_WITH_KNOTS('',6,(#1465,#1466,#1467,#1468,#1469,
    #1470,#1471,#1472,#1473,#1474,#1475,#1476),.UNSPECIFIED.,.F.,.F.,(7,
    5,7),(0.,9.890746244598E-02,1.),.UNSPECIFIED.);
#1465 = CARTESIAN_POINT('',(0.433099302951,-6.E-07));
#1466 = CARTESIAN_POINT('',(0.435185207171,1.538277317056E-02));
#1467 = CARTESIAN_POINT('',(0.437232266249,3.082911604248E-02));
#1468 = CARTESIAN_POINT('',(0.439240376048,4.633697115892E-02));
#1469 = CARTESIAN_POINT('',(0.44120942735,6.19048908843E-02));
#1470 = CARTESIAN_POINT('',(0.443139305859,7.753143740435E-02));
#1471 = CARTESIAN_POINT('',(0.462254004521,0.236101326206));
#1472 = CARTESIAN_POINT('',(0.476247183752,0.383987213115));
#1473 = CARTESIAN_POINT('',(0.486858556747,0.5354913364));
#1474 = CARTESIAN_POINT('',(0.493979474502,0.689398562812));
#1475 = CARTESIAN_POINT('',(0.497548523672,0.844596869689));
#1476 = CARTESIAN_POINT('',(0.497548523672,1.));
#1477 = ( GEOMETRIC_REPRESENTATION_CONTEXT(2) 
PARAMETRIC_REPRESENTATION_CONTEXT() REPRESENTATION_CONTEXT('2D SPACE',''
  ) );
#1478 = PCURVE('',#747,#1479);
#1479 = DEFINITIONAL_REPRESENTATION('',(#1480),#1493);
#1480 = B_SPLINE_CURVE_WITH_KNOTS('',6,(#1481,#1482,#1483,#1484,#1485,
    #1486,#1487,#1488,#1489,#1490,#1491,#1492),.UNSPECIFIED.,.F.,.F.,(7,
    5,7),(0.,9.890746244598E-02,1.),.UNSPECIFIED.);
#1481 = CARTESIAN_POINT('',(5.786867620136,12.993745259778));
#1482 = CARTESIAN_POINT('',(5.795198185229,12.989893391068));
#1483 = CARTESIAN_POINT('',(5.803517753237,12.986092402427));
#1484 = CARTESIAN_POINT('',(5.811826797332,12.982343972389));
#1485 = CARTESIAN_POINT('',(5.82012577649,12.97864974552));
#1486 = CARTESIAN_POINT('',(5.828415135482,12.975011332416));
#1487 = CARTESIAN_POINT('',(5.912131461759,12.938805543461));
#1488 = CARTESIAN_POINT('',(5.986937995782,12.910886720394));
#1489 = CARTESIAN_POINT('',(6.061261096264,12.888971784591));
#1490 = CARTESIAN_POINT('',(6.135279908047,12.874018023335));
#1491 = CARTESIAN_POINT('',(6.209183816555,12.866522985836));
#1492 = CARTESIAN_POINT('',(6.28318530718,12.866522985836));
#1493 = ( GEOMETRIC_REPRESENTATION_CONTEXT(2) 
PARAMETRIC_REPRESENTATION_CONTEXT() REPRESENTATION_CONTEXT('2D SPACE',''
  ) );
#1494 = ORIENTED_EDGE('',*,*,#1495,.T.);
#1495 = EDGE_CURVE('',#1446,#1496,#1498,.T.);
#1496 = VERTEX_POINT('',#1497);
#1497 = CARTESIAN_POINT('',(-24.15338146873,6.,-22.99374510954));
#1498 = SURFACE_CURVE('',#1499,(#1504,#1511),.PCURVE_S1.);
#1499 = CIRCLE('',#1500,4.4);
#1500 = AXIS2_PLACEMENT_3D('',#1501,#1502,#1503);
#1501 = CARTESIAN_POINT('',(-26.,6.,-19.));
#1502 = DIRECTION('',(0.,1.,0.));
#1503 = DIRECTION('',(0.,-0.,1.));
#1504 = PCURVE('',#456,#1505);
#1505 = DEFINITIONAL_REPRESENTATION('',(#1506),#1510);
#1506 = LINE('',#1507,#1508);
#1507 = CARTESIAN_POINT('',(0.,0.));
#1508 = VECTOR('',#1509,1.);
#1509 = DIRECTION('',(1.,0.));
#1510 = ( GEOMETRIC_REPRESENTATION_CONTEXT(2) 
PARAMETRIC_REPRESENTATION_CONTEXT() REPRESENTATION_CONTEXT('2D SPACE',''
  ) );
#1511 = PCURVE('',#1512,#1517);
#1512 = PLANE('',#1513);
#1513 = AXIS2_PLACEMENT_3D('',#1514,#1515,#1516);
#1514 = CARTESIAN_POINT('',(-26.,6.,-19.));
#1515 = DIRECTION('',(0.,1.,0.));
#1516 = DIRECTION('',(0.,-0.,1.));
#1517 = DEFINITIONAL_REPRESENTATION('',(#1518),#1522);
#1518 = CIRCLE('',#1519,4.4);
#1519 = AXIS2_PLACEMENT_2D('',#1520,#1521);
#1520 = CARTESIAN_POINT('',(0.,0.));
#1521 = DIRECTION('',(1.,0.));
#1522 = ( GEOMETRIC_REPRESENTATION_CONTEXT(2) 
PARAMETRIC_REPRESENTATION_CONTEXT() REPRESENTATION_CONTEXT('2D SPACE',''
  ) );
#1523 = ORIENTED_EDGE('',*,*,#1524,.T.);
#1524 = EDGE_CURVE('',#1496,#1525,#1527,.T.);
#1525 = VERTEX_POINT('',#1526);
#1526 = CARTESIAN_POINT('',(-23.9,7.,-22.86652298583));
#1527 = SURFACE_CURVE('',#1528,(#1541,#1557),.PCURVE_S1.);
#1528 = B_SPLINE_CURVE_WITH_KNOTS('',6,(#1529,#1530,#1531,#1532,#1533,
    #1534,#1535,#1536,#1537,#1538,#1539,#1540),.UNSPECIFIED.,.F.,.F.,(7,
    5,7),(0.,9.890746244603E-02,1.),.UNSPECIFIED.);
#1529 = CARTESIAN_POINT('',(-24.15338179365,5.9999994,-22.99374525977));
#1530 = CARTESIAN_POINT('',(-24.14505122356,6.015382773171,
    -22.98989339106));
#1531 = CARTESIAN_POINT('',(-24.13688543293,6.030829116042,
    -22.98609240242));
#1532 = CARTESIAN_POINT('',(-24.12888422869,6.046336971159,
    -22.98234397238));
#1533 = CARTESIAN_POINT('',(-24.12104744495,6.061904890884,
    -22.97864974552));
#1534 = CARTESIAN_POINT('',(-24.11337494293,6.077531437404,
    -22.97501133241));
#1535 = CARTESIAN_POINT('',(-24.03746224931,6.236101326206,
    -22.93880554346));
#1536 = CARTESIAN_POINT('',(-23.98256350834,6.383987213115,
    -22.91088672039));
#1537 = CARTESIAN_POINT('',(-23.94133263572,6.5354913364,-22.88897178459
    ));
#1538 = CARTESIAN_POINT('',(-23.91379991057,6.689398562813,
    -22.87401802333));
#1539 = CARTESIAN_POINT('',(-23.9,6.844596869689,-22.86652298583));
#1540 = CARTESIAN_POINT('',(-23.9,7.,-22.86652298583));
#1541 = PCURVE('',#456,#1542);
#1542 = DEFINITIONAL_REPRESENTATION('',(#1543),#1556);
#1543 = B_SPLINE_CURVE_WITH_KNOTS('',6,(#1544,#1545,#1546,#1547,#1548,
    #1549,#1550,#1551,#1552,#1553,#1554,#1555),.UNSPECIFIED.,.F.,.F.,(7,
    5,7),(0.,9.890746244603E-02,1.),.UNSPECIFIED.);
#1544 = CARTESIAN_POINT('',(2.708493350639,-6.E-07));
#1545 = CARTESIAN_POINT('',(2.706407446419,1.538277317056E-02));
#1546 = CARTESIAN_POINT('',(2.704360387341,3.082911604248E-02));
#1547 = CARTESIAN_POINT('',(2.702352277542,4.633697115891E-02));
#1548 = CARTESIAN_POINT('',(2.70038322624,6.19048908843E-02));
#1549 = CARTESIAN_POINT('',(2.69845334773,7.753143740435E-02));
#1550 = CARTESIAN_POINT('',(2.679338649069,0.236101326206));
#1551 = CARTESIAN_POINT('',(2.665345469838,0.383987213115));
#1552 = CARTESIAN_POINT('',(2.654734096843,0.5354913364));
#1553 = CARTESIAN_POINT('',(2.647613179088,0.689398562813));
#1554 = CARTESIAN_POINT('',(2.644044129918,0.844596869689));
#1555 = CARTESIAN_POINT('',(2.644044129918,1.));
#1556 = ( GEOMETRIC_REPRESENTATION_CONTEXT(2) 
PARAMETRIC_REPRESENTATION_CONTEXT() REPRESENTATION_CONTEXT('2D SPACE',''
  ) );
#1557 = PCURVE('',#747,#1558);
#1558 = DEFINITIONAL_REPRESENTATION('',(#1559),#1572);
#1559 = B_SPLINE_CURVE_WITH_KNOTS('',6,(#1560,#1561,#1562,#1563,#1564,
    #1565,#1566,#1567,#1568,#1569,#1570,#1571),.UNSPECIFIED.,.F.,.F.,(7,
    5,7),(0.,9.890746244603E-02,1.),.UNSPECIFIED.);
#1560 = CARTESIAN_POINT('',(5.786867620136,5.006254740222));
#1561 = CARTESIAN_POINT('',(5.795198185229,5.010106608932));
#1562 = CARTESIAN_POINT('',(5.803517753237,5.013907597573));
#1563 = CARTESIAN_POINT('',(5.811826797332,5.017656027611));
#1564 = CARTESIAN_POINT('',(5.82012577649,5.02135025448));
#1565 = CARTESIAN_POINT('',(5.828415135482,5.024988667584));
#1566 = CARTESIAN_POINT('',(5.912131461759,5.061194456539));
#1567 = CARTESIAN_POINT('',(5.986937995782,5.089113279606));
#1568 = CARTESIAN_POINT('',(6.061261096264,5.111028215409));
#1569 = CARTESIAN_POINT('',(6.135279908047,5.125981976665));
#1570 = CARTESIAN_POINT('',(6.209183816555,5.133477014164));
#1571 = CARTESIAN_POINT('',(6.28318530718,5.133477014164));
#1572 = ( GEOMETRIC_REPRESENTATION_CONTEXT(2) 
PARAMETRIC_REPRESENTATION_CONTEXT() REPRESENTATION_CONTEXT('2D SPACE',''
  ) );
#1573 = ORIENTED_EDGE('',*,*,#1574,.T.);
#1574 = EDGE_CURVE('',#1525,#1575,#1577,.T.);
#1575 = VERTEX_POINT('',#1576);
#1576 = CARTESIAN_POINT('',(-27.84661853126,6.,-22.99374510954));
#1577 = SURFACE_CURVE('',#1578,(#1661,#1747),.PCURVE_S1.);
#1578 = B_SPLINE_CURVE_WITH_KNOTS('',6,(#1579,#1580,#1581,#1582,#1583,
    #1584,#1585,#1586,#1587,#1588,#1589,#1590,#1591,#1592,#1593,#1594,
    #1595,#1596,#1597,#1598,#1599,#1600,#1601,#1602,#1603,#1604,#1605,
    #1606,#1607,#1608,#1609,#1610,#1611,#1612,#1613,#1614,#1615,#1616,
    #1617,#1618,#1619,#1620,#1621,#1622,#1623,#1624,#1625,#1626,#1627,
    #1628,#1629,#1630,#1631,#1632,#1633,#1634,#1635,#1636,#1637,#1638,
    #1639,#1640,#1641,#1642,#1643,#1644,#1645,#1646,#1647,#1648,#1649,
    #1650,#1651,#1652,#1653,#1654,#1655,#1656,#1657,#1658,#1659,#1660),
  .UNSPECIFIED.,.F.,.F.,(7,5,5,5,5,5,5,5,5,5,5,5,5,5,5,5,7),(0.,
    0.13356323739,0.210159035273,0.237017669134,0.272544909439,
    0.320096958977,0.379192487054,0.472760498342,0.532253832208,
    0.580686133855,0.615022348209,0.642111776274,0.717853805493,
    0.851715421178,0.922235238556,0.985213580852,1.),.UNSPECIFIED.);
#1579 = CARTESIAN_POINT('',(-23.9,7.,-22.86652298583));
#1580 = CARTESIAN_POINT('',(-23.9,7.15526255386,-22.86652298583));
#1581 = CARTESIAN_POINT('',(-23.91377494832,7.310309974962,
    -22.8740044632));
#1582 = CARTESIAN_POINT('',(-23.94125440893,7.464064454178,
    -22.88892930495));
#1583 = CARTESIAN_POINT('',(-23.98240345408,7.615423130003,
    -22.91080150923));
#1584 = CARTESIAN_POINT('',(-24.03719461159,7.763180544983,
    -22.93866959436));
#1585 = CARTESIAN_POINT('',(-24.14463142622,7.987849036884,
    -22.98992351857));
#1586 = CARTESIAN_POINT('',(-24.18824974091,8.068150773437,
    -23.0101634206));
#1587 = CARTESIAN_POINT('',(-24.23635778843,8.146703176345,
    -23.03174526324));
#1588 = CARTESIAN_POINT('',(-24.28899866991,8.223302369723,
    -23.05442292206));
#1589 = CARTESIAN_POINT('',(-24.3462279711,8.297706046033,
    -23.07792158177));
#1590 = CARTESIAN_POINT('',(-24.42981137412,8.39485291747,
    -23.11035880145));
#1591 = CARTESIAN_POINT('',(-24.4520847719,8.419770842024,
    -23.11884420566));
#1592 = CARTESIAN_POINT('',(-24.47493531124,8.444373906433,
    -23.12738084374));
#1593 = CARTESIAN_POINT('',(-24.49836658376,8.468649490238,
    -23.13595531277));
#1594 = CARTESIAN_POINT('',(-24.52238227201,8.492584059624,
    -23.14455369077));
#1595 = CARTESIAN_POINT('',(-24.57953091229,8.547352416786,
    -23.16454755933));
#1596 = CARTESIAN_POINT('',(-24.61310441503,8.577919445182,
    -23.17595003382));
#1597 = CARTESIAN_POINT('',(-24.64771586394,8.607830987221,
    -23.18733561724));
#1598 = CARTESIAN_POINT('',(-24.68337311947,8.637049796257,
    -23.19866887869));
#1599 = CARTESIAN_POINT('',(-24.7200826963,8.66553464439,-23.20991229925
    ));
#1600 = CARTESIAN_POINT('',(-24.80839974775,8.730323466685,
    -23.23590196131));
#1601 = CARTESIAN_POINT('',(-24.86085596855,8.766019511849,
    -23.25054925126));
#1602 = CARTESIAN_POINT('',(-24.91521609009,8.800207278927,
    -23.26486835612));
#1603 = CARTESIAN_POINT('',(-24.9714715131,8.832758388889,
    -23.27875410943));
#1604 = CARTESIAN_POINT('',(-25.02960692024,8.863536800814,
    -23.29209708593));
#1605 = CARTESIAN_POINT('',(-25.16415627536,8.92826617289,
    -23.32055234323));
#1606 = CARTESIAN_POINT('',(-25.24165226964,8.961207448091,
    -23.33532282901));
#1607 = CARTESIAN_POINT('',(-25.3218777389,8.990849968462,
    -23.34883893621));
#1608 = CARTESIAN_POINT('',(-25.40459460952,9.016861335925,
    -23.36085782245));
#1609 = CARTESIAN_POINT('',(-25.48953835832,9.038945164915,
    -23.37116092895));
#1610 = CARTESIAN_POINT('',(-25.7139816267,9.085166505079,
    -23.39286851876));
#1611 = CARTESIAN_POINT('',(-25.85635289603,9.102977678507,
    -23.40140483066));
#1612 = CARTESIAN_POINT('',(-26.00119541507,9.108993662949,
    -23.40433201697));
#1613 = CARTESIAN_POINT('',(-26.14602501837,9.102812275028,
    -23.40132507438));
#1614 = CARTESIAN_POINT('',(-26.28835724057,9.084841971554,
    -23.39271374423));
#1615 = CARTESIAN_POINT('',(-26.51327743091,9.038263239345,
    -23.3708421986));
#1616 = CARTESIAN_POINT('',(-26.59872851853,9.015915728969,
    -23.36041876855));
#1617 = CARTESIAN_POINT('',(-26.68191399073,8.989595714684,
    -23.3482618987));
#1618 = CARTESIAN_POINT('',(-26.76256683703,8.959605842101,
    -23.33459494583));
#1619 = CARTESIAN_POINT('',(-26.84044719804,8.926284961765,
    -23.31966570197));
#1620 = CARTESIAN_POINT('',(-26.97631583051,8.860482984548,
    -23.29076836202));
#1621 = CARTESIAN_POINT('',(-27.03535791072,8.828974605536,
    -23.2771274928));
#1622 = CARTESIAN_POINT('',(-27.09244780489,8.795638620292,
    -23.26293228716));
#1623 = CARTESIAN_POINT('',(-27.14757073154,8.76061780016,
    -23.24829789469));
#1624 = CARTESIAN_POINT('',(-27.20071899385,8.724046455496,
    -23.23333475827));
#1625 = CARTESIAN_POINT('',(-27.28817034769,8.659113894734,
    -23.20738033012));
#1626 = CARTESIAN_POINT('',(-27.32346230042,8.631456416396,
    -23.19649870669));
#1627 = CARTESIAN_POINT('',(-27.35777225464,8.603118790849,
    -23.18553804546));
#1628 = CARTESIAN_POINT('',(-27.39110624582,8.574137870481,
    -23.17453202384));
#1629 = CARTESIAN_POINT('',(-27.42347142378,8.544547062879,
    -23.16351251003));
#1630 = CARTESIAN_POINT('',(-27.47965261732,8.490573244472,
    -23.14382882915));
#1631 = CARTESIAN_POINT('',(-27.50383109089,8.466409346991,
    -23.13515846943));
#1632 = CARTESIAN_POINT('',(-27.5274153483,8.441899415083,
    -23.12651327466));
#1633 = CARTESIAN_POINT('',(-27.55040916521,8.417057286355,
    -23.11790750087));
#1634 = CARTESIAN_POINT('',(-27.57281621811,8.391895859327,
    -23.10935486938));
#1635 = CARTESIAN_POINT('',(-27.65565960462,8.295216434954,
    -23.0771408682));
#1636 = CARTESIAN_POINT('',(-27.71213053316,8.221591178597,
    -23.0539276789));
#1637 = CARTESIAN_POINT('',(-27.76411633213,8.145823392537,
    -23.03152200834));
#1638 = CARTESIAN_POINT('',(-27.81167054738,8.06814693904,
    -23.01018925144));
#1639 = CARTESIAN_POINT('',(-27.85483478419,7.98875900464,
    -22.99016738604));
#1640 = CARTESIAN_POINT('',(-27.96221267623,7.764778094153,
    -22.93897107311));
#1641 = CARTESIAN_POINT('',(-28.01724051274,7.616731356469,
    -22.9109907156));
#1642 = CARTESIAN_POINT('',(-28.05856678963,7.465062128543,-22.889026414
    ));
#1643 = CARTESIAN_POINT('',(-28.08616490785,7.310982669892,
    -22.87403712918));
#1644 = CARTESIAN_POINT('',(-28.1,7.155601160445,-22.86652298583));
#1645 = CARTESIAN_POINT('',(-28.1,6.918027543876,-22.86652298583));
#1646 = CARTESIAN_POINT('',(-28.09616030486,6.836065862493,
    -22.86860833061));
#1647 = CARTESIAN_POINT('',(-28.08848275745,6.754293525417,
    -22.87277842534));
#1648 = CARTESIAN_POINT('',(-28.07697247058,6.672893055486,
    -22.87899266138));
#1649 = CARTESIAN_POINT('',(-28.06163981924,6.592051201591,
    -22.88717224883));
#1650 = CARTESIAN_POINT('',(-28.02541162208,6.440432356226,
    -22.90615925026));
#1651 = CARTESIAN_POINT('',(-28.00528715145,6.36950692753,-22.9165917218
    ));
#1652 = CARTESIAN_POINT('',(-27.98213457578,6.299288044579,
    -22.92842147505));
#1653 = CARTESIAN_POINT('',(-27.9559562522,6.229888244018,
    -22.94155177968));
#1654 = CARTESIAN_POINT('',(-27.92675297779,6.161427786439,
    -22.95586879677));
#1655 = CARTESIAN_POINT('',(-27.88695910339,6.07821208632,
    -22.97485290599));
#1656 = CARTESIAN_POINT('',(-27.87922553959,6.062447356025,
    -22.97852105115));
#1657 = CARTESIAN_POINT('',(-27.87132482402,6.046742241714,
    -22.98224602911));
#1658 = CARTESIAN_POINT('',(-27.86325681546,6.03109822031,-22.9860261871
    ));
#1659 = CARTESIAN_POINT('',(-27.85502134306,6.015516775954,
    -22.98985983788));
#1660 = CARTESIAN_POINT('',(-27.84661820634,5.9999994,-22.99374525977));
#1661 = PCURVE('',#456,#1662);
#1662 = DEFINITIONAL_REPRESENTATION('',(#1663),#1746);
#1663 = B_SPLINE_CURVE_WITH_KNOTS('',6,(#1664,#1665,#1666,#1667,#1668,
    #1669,#1670,#1671,#1672,#1673,#1674,#1675,#1676,#1677,#1678,#1679,
    #1680,#1681,#1682,#1683,#1684,#1685,#1686,#1687,#1688,#1689,#1690,
    #1691,#1692,#1693,#1694,#1695,#1696,#1697,#1698,#1699,#1700,#1701,
    #1702,#1703,#1704,#1705,#1706,#1707,#1708,#1709,#1710,#1711,#1712,
    #1713,#1714,#1715,#1716,#1717,#1718,#1719,#1720,#1721,#1722,#1723,
    #1724,#1725,#1726,#1727,#1728,#1729,#1730,#1731,#1732,#1733,#1734,
    #1735,#1736,#1737,#1738,#1739,#1740,#1741,#1742,#1743,#1744,#1745),
  .UNSPECIFIED.,.F.,.F.,(7,5,5,5,5,5,5,5,5,5,5,5,5,5,5,5,7),(0.,
    0.13356323739,0.210159035273,0.237017669134,0.272544909439,
    0.320096958977,0.379192487054,0.472760498342,0.532253832208,
    0.580686133855,0.615022348209,0.642111776274,0.717853805493,
    0.851715421178,0.922235238556,0.985213580852,1.),.UNSPECIFIED.);
#1664 = CARTESIAN_POINT('',(2.644044129918,1.));
#1665 = CARTESIAN_POINT('',(2.644044129918,1.15526255386));
#1666 = CARTESIAN_POINT('',(2.647606721544,1.310309974962));
#1667 = CARTESIAN_POINT('',(2.65471386811,1.464064454178));
#1668 = CARTESIAN_POINT('',(2.665304261485,1.615423130003));
#1669 = CARTESIAN_POINT('',(2.679270445975,1.763180544983));
#1670 = CARTESIAN_POINT('',(2.706324143998,1.987849036884));
#1671 = CARTESIAN_POINT('',(2.717252026021,2.068150773437));
#1672 = CARTESIAN_POINT('',(2.729233944463,2.146703176345));
#1673 = CARTESIAN_POINT('',(2.742258177103,2.223302369723));
#1674 = CARTESIAN_POINT('',(2.756315946128,2.297706046033));
#1675 = CARTESIAN_POINT('',(2.776692512742,2.39485291747));
#1676 = CARTESIAN_POINT('',(2.782109451848,2.419770842024));
#1677 = CARTESIAN_POINT('',(2.787653149188,2.444373906433));
#1678 = CARTESIAN_POINT('',(2.7933235979,2.468649490238));
#1679 = CARTESIAN_POINT('',(2.799120841424,2.492584059624));
#1680 = CARTESIAN_POINT('',(2.81288111532,2.547352416786));
#1681 = CARTESIAN_POINT('',(2.820939189136,2.577919445182));
#1682 = CARTESIAN_POINT('',(2.82921950636,2.607830987221));
#1683 = CARTESIAN_POINT('',(2.837722223412,2.637049796257));
#1684 = CARTESIAN_POINT('',(2.846447341727,2.66553464439));
#1685 = CARTESIAN_POINT('',(2.867370464625,2.730323466685));
#1686 = CARTESIAN_POINT('',(2.879747181193,2.766019511849));
#1687 = CARTESIAN_POINT('',(2.892521034541,2.800207278927));
#1688 = CARTESIAN_POINT('',(2.905687534461,2.832758388889));
#1689 = CARTESIAN_POINT('',(2.919241658838,2.863536800814));
#1690 = CARTESIAN_POINT('',(2.950497427423,2.92826617289));
#1691 = CARTESIAN_POINT('',(2.96842361095,2.961207448091));
#1692 = CARTESIAN_POINT('',(2.986907012345,2.990849968462));
#1693 = CARTESIAN_POINT('',(3.005896048082,3.016861335925));
#1694 = CARTESIAN_POINT('',(3.02533718636,3.038945164915));
#1695 = CARTESIAN_POINT('',(3.076585044697,3.085166505079));
#1696 = CARTESIAN_POINT('',(3.108978699124,3.102977678507));
#1697 = CARTESIAN_POINT('',(3.141864063605,3.108993662949));
#1698 = CARTESIAN_POINT('',(3.174746883323,3.102812275028));
#1699 = CARTESIAN_POINT('',(3.207132736483,3.084841971554));
#1700 = CARTESIAN_POINT('',(3.258492076875,3.038263239345));
#1701 = CARTESIAN_POINT('',(3.278050866634,3.015915728969));
#1702 = CARTESIAN_POINT('',(3.297149676024,2.989595714684));
#1703 = CARTESIAN_POINT('',(3.315734456401,2.959605842101));
#1704 = CARTESIAN_POINT('',(3.333753166069,2.926284961765));
#1705 = CARTESIAN_POINT('',(3.365323091693,2.860482984548));
#1706 = CARTESIAN_POINT('',(3.379093113028,2.828974605536));
#1707 = CARTESIAN_POINT('',(3.392460492596,2.795638620292));
#1708 = CARTESIAN_POINT('',(3.405420176872,2.76061780016));
#1709 = CARTESIAN_POINT('',(3.417967668671,2.724046455496));
#1710 = CARTESIAN_POINT('',(3.43869983968,2.659113894734));
#1711 = CARTESIAN_POINT('',(3.447092888574,2.631456416396));
#1712 = CARTESIAN_POINT('',(3.455278220115,2.603118790849));
#1713 = CARTESIAN_POINT('',(3.463255856516,2.574137870481));
#1714 = CARTESIAN_POINT('',(3.471025943578,2.544547062879));
#1715 = CARTESIAN_POINT('',(3.484555399123,2.490573244472));
#1716 = CARTESIAN_POINT('',(3.490392986038,2.466409346991));
#1717 = CARTESIAN_POINT('',(3.496101606995,2.441899415083));
#1718 = CARTESIAN_POINT('',(3.501681304587,2.417057286355));
#1719 = CARTESIAN_POINT('',(3.507132068443,2.391895859327));
#1720 = CARTESIAN_POINT('',(3.527333492888,2.295216434954));
#1721 = CARTESIAN_POINT('',(3.541207288113,2.221591178597));
#1722 = CARTESIAN_POINT('',(3.554070424478,2.145823392537));
#1723 = CARTESIAN_POINT('',(3.56591437577,2.06814693904));
#1724 = CARTESIAN_POINT('',(3.576727804391,1.98875900464));
#1725 = CARTESIAN_POINT('',(3.603763778815,1.764778094153));
#1726 = CARTESIAN_POINT('',(3.617789419419,1.616731356469));
#1727 = CARTESIAN_POINT('',(3.628425194138,1.465062128543));
#1728 = CARTESIAN_POINT('',(3.635563031093,1.310982669892));
#1729 = CARTESIAN_POINT('',(3.639141177262,1.155601160445));
#1730 = CARTESIAN_POINT('',(3.639141177262,0.918027543876));
#1731 = CARTESIAN_POINT('',(3.638148132436,0.836065862493));
#1732 = CARTESIAN_POINT('',(3.636162438849,0.754293525417));
#1733 = CARTESIAN_POINT('',(3.633189595678,0.672893055486));
#1734 = CARTESIAN_POINT('',(3.629240142676,0.592051201591));
#1735 = CARTESIAN_POINT('',(3.61994419222,0.440432356226));
#1736 = CARTESIAN_POINT('',(3.614792465146,0.36950692753));
#1737 = CARTESIAN_POINT('',(3.608883600346,0.299288044579));
#1738 = CARTESIAN_POINT('',(3.602227881773,0.229888244018));
#1739 = CARTESIAN_POINT('',(3.594836492369,0.161427786439));
#1740 = CARTESIAN_POINT('',(3.584815984363,7.821208632004E-02));
#1741 = CARTESIAN_POINT('',(3.582870671396,6.244735602536E-02));
#1742 = CARTESIAN_POINT('',(3.580885497375,4.674224171364E-02));
#1743 = CARTESIAN_POINT('',(3.578860579874,3.109822030989E-02));
#1744 = CARTESIAN_POINT('',(3.576796030831,1.551677595386E-02));
#1745 = CARTESIAN_POINT('',(3.57469195654,-6.E-07));
#1746 = ( GEOMETRIC_REPRESENTATION_CONTEXT(2) 
PARAMETRIC_REPRESENTATION_CONTEXT() REPRESENTATION_CONTEXT('2D SPACE',''
  ) );
#1747 = PCURVE('',#747,#1748);
#1748 = DEFINITIONAL_REPRESENTATION('',(#1749),#1832);
#1749 = B_SPLINE_CURVE_WITH_KNOTS('',6,(#1750,#1751,#1752,#1753,#1754,
    #1755,#1756,#1757,#1758,#1759,#1760,#1761,#1762,#1763,#1764,#1765,
    #1766,#1767,#1768,#1769,#1770,#1771,#1772,#1773,#1774,#1775,#1776,
    #1777,#1778,#1779,#1780,#1781,#1782,#1783,#1784,#1785,#1786,#1787,
    #1788,#1789,#1790,#1791,#1792,#1793,#1794,#1795,#1796,#1797,#1798,
    #1799,#1800,#1801,#1802,#1803,#1804,#1805,#1806,#1807,#1808,#1809,
    #1810,#1811,#1812,#1813,#1814,#1815,#1816,#1817,#1818,#1819,#1820,
    #1821,#1822,#1823,#1824,#1825,#1826,#1827,#1828,#1829,#1830,#1831),
  .UNSPECIFIED.,.F.,.F.,(7,5,5,5,5,5,5,5,5,5,5,5,5,5,5,5,7),(0.,
    0.13356323739,0.210159035273,0.237017669134,0.272544909439,
    0.320096958977,0.379192487054,0.472760498342,0.532253832208,
    0.580686133855,0.615022348209,0.642111776274,0.717853805493,
    0.851715421178,0.922235238556,0.985213580852,1.),.UNSPECIFIED.);
#1750 = CARTESIAN_POINT('',(0.,5.133477014164));
#1751 = CARTESIAN_POINT('',(7.39345494572E-02,5.133477014164));
#1752 = CARTESIAN_POINT('',(0.147766607436,5.125995536793));
#1753 = CARTESIAN_POINT('',(0.221710699864,5.111070695049));
#1754 = CARTESIAN_POINT('',(0.29595816908,5.089198490765));
#1755 = CARTESIAN_POINT('',(0.370690364069,5.061330405631));
#1756 = CARTESIAN_POINT('',(0.489278621042,5.010076481421));
#1757 = CARTESIAN_POINT('',(0.532736717426,4.989836579392));
#1758 = CARTESIAN_POINT('',(0.576511103537,4.968254736754));
#1759 = CARTESIAN_POINT('',(0.620676130923,4.945577077933));
#1760 = CARTESIAN_POINT('',(0.665307772465,4.922078418221));
#1761 = CARTESIAN_POINT('',(0.72633395526,4.889641198547));
#1762 = CARTESIAN_POINT('',(0.742246191901,4.881155794336));
#1763 = CARTESIAN_POINT('',(0.758231152132,4.872619156257));
#1764 = CARTESIAN_POINT('',(0.77429288853,4.864044687229));
#1765 = CARTESIAN_POINT('',(0.790435523067,4.855446309223));
#1766 = CARTESIAN_POINT('',(0.828128458439,4.835452440664));
#1767 = CARTESIAN_POINT('',(0.849742396162,4.824049966179));
#1768 = CARTESIAN_POINT('',(0.871514902648,4.812664382753));
#1769 = CARTESIAN_POINT('',(0.893455554686,4.801331121308));
#1770 = CARTESIAN_POINT('',(0.915573663485,4.790087700741));
#1771 = CARTESIAN_POINT('',(0.96773226748,4.764098038681));
#1772 = CARTESIAN_POINT('',(0.997927461693,4.749450748738));
#1773 = CARTESIAN_POINT('',(1.028476757045,4.735131643879));
#1774 = CARTESIAN_POINT('',(1.059393996034,4.721245890566));
#1775 = CARTESIAN_POINT('',(1.090694688351,4.707902914063));
#1776 = CARTESIAN_POINT('',(1.161794599806,4.679447656766));
#1777 = CARTESIAN_POINT('',(1.2018496835,4.664677170981));
#1778 = CARTESIAN_POINT('',(1.242505211552,4.651161063783));
#1779 = CARTESIAN_POINT('',(1.283718567943,4.639142177543));
#1780 = CARTESIAN_POINT('',(1.325457774884,4.628839071045));
#1781 = CARTESIAN_POINT('',(1.434578350401,4.607131481238));
#1782 = CARTESIAN_POINT('',(1.502691421588,4.598595169338));
#1783 = CARTESIAN_POINT('',(1.571363113272,4.595667983029));
#1784 = CARTESIAN_POINT('',(1.640032032357,4.59867492562));
#1785 = CARTESIAN_POINT('',(1.708136288764,4.607286255762));
#1786 = CARTESIAN_POINT('',(1.817513696418,4.629157801394));
#1787 = CARTESIAN_POINT('',(1.8595172787,4.639581231447));
#1788 = CARTESIAN_POINT('',(1.90098619857,4.651738101298));
#1789 = CARTESIAN_POINT('',(1.941888745701,4.665405054163));
#1790 = CARTESIAN_POINT('',(1.982182343234,4.68033429803));
#1791 = CARTESIAN_POINT('',(2.054070050919,4.709231637972));
#1792 = CARTESIAN_POINT('',(2.085913879034,4.722872507192));
#1793 = CARTESIAN_POINT('',(2.117360790131,4.737067712834));
#1794 = CARTESIAN_POINT('',(2.148427536431,4.751702105306));
#1795 = CARTESIAN_POINT('',(2.179129122706,4.766665241725));
#1796 = CARTESIAN_POINT('',(2.230996686344,4.792619669875));
#1797 = CARTESIAN_POINT('',(2.25234099748,4.803501293305));
#1798 = CARTESIAN_POINT('',(2.273520775489,4.814461954536));
#1799 = CARTESIAN_POINT('',(2.294544458475,4.82546797616));
#1800 = CARTESIAN_POINT('',(2.315420698953,4.836487489965));
#1801 = CARTESIAN_POINT('',(2.352519267115,4.856171170843));
#1802 = CARTESIAN_POINT('',(2.368793834386,4.864841530566));
#1803 = CARTESIAN_POINT('',(2.384986364905,4.873486725336));
#1804 = CARTESIAN_POINT('',(2.401101084571,4.882092499121));
#1805 = CARTESIAN_POINT('',(2.417142145947,4.890645130619));
#1806 = CARTESIAN_POINT('',(2.477769885916,4.922859131797));
#1807 = CARTESIAN_POINT('',(2.521889909062,4.946072321095));
#1808 = CARTESIAN_POINT('',(2.565555138857,4.968477991654));
#1809 = CARTESIAN_POINT('',(2.608839015285,4.989810748553));
#1810 = CARTESIAN_POINT('',(2.651813433188,5.009832613953));
#1811 = CARTESIAN_POINT('',(2.770094258907,5.061028926885));
#1812 = CARTESIAN_POINT('',(2.844992692879,5.089009284399));
#1813 = CARTESIAN_POINT('',(2.91940210064,5.110973585999));
#1814 = CARTESIAN_POINT('',(2.993505715523,5.125962870812));
#1815 = CARTESIAN_POINT('',(3.067496862902,5.133477014164));
#1816 = CARTESIAN_POINT('',(3.180627156506,5.133477014164));
#1817 = CARTESIAN_POINT('',(3.219656537017,5.131391669389));
#1818 = CARTESIAN_POINT('',(3.258702778434,5.127221574659));
#1819 = CARTESIAN_POINT('',(3.297785968442,5.121007338614));
#1820 = CARTESIAN_POINT('',(3.336924881141,5.112827751162));
#1821 = CARTESIAN_POINT('',(3.411156785552,5.09384074974));
#1822 = CARTESIAN_POINT('',(3.446233188128,5.083408278196));
#1823 = CARTESIAN_POINT('',(3.481394753255,5.071578524942));
#1824 = CARTESIAN_POINT('',(3.516667700168,5.058448220313));
#1825 = CARTESIAN_POINT('',(3.552077501039,5.044131203221));
#1826 = CARTESIAN_POINT('',(3.596001794768,5.025147094008));
#1827 = CARTESIAN_POINT('',(3.604363025017,5.021478948847));
#1828 = CARTESIAN_POINT('',(3.612734031078,5.017753970886));
#1829 = CARTESIAN_POINT('',(3.621115268459,5.013973812898));
#1830 = CARTESIAN_POINT('',(3.629507208952,5.010140162114));
#1831 = CARTESIAN_POINT('',(3.637910340634,5.006254740222));
#1832 = ( GEOMETRIC_REPRESENTATION_CONTEXT(2) 
PARAMETRIC_REPRESENTATION_CONTEXT() REPRESENTATION_CONTEXT('2D SPACE',''
  ) );
#1833 = ORIENTED_EDGE('',*,*,#1834,.T.);
#1834 = EDGE_CURVE('',#1575,#1835,#1837,.T.);
#1835 = VERTEX_POINT('',#1836);
#1836 = CARTESIAN_POINT('',(-27.84661853126,6.,-15.00625489045));
#1837 = SURFACE_CURVE('',#1838,(#1843,#1850),.PCURVE_S1.);
#1838 = CIRCLE('',#1839,4.4);
#1839 = AXIS2_PLACEMENT_3D('',#1840,#1841,#1842);
#1840 = CARTESIAN_POINT('',(-26.,6.,-19.));
#1841 = DIRECTION('',(0.,1.,0.));
#1842 = DIRECTION('',(0.,-0.,1.));
#1843 = PCURVE('',#456,#1844);
#1844 = DEFINITIONAL_REPRESENTATION('',(#1845),#1849);
#1845 = LINE('',#1846,#1847);
#1846 = CARTESIAN_POINT('',(0.,0.));
#1847 = VECTOR('',#1848,1.);
#1848 = DIRECTION('',(1.,0.));
#1849 = ( GEOMETRIC_REPRESENTATION_CONTEXT(2) 
PARAMETRIC_REPRESENTATION_CONTEXT() REPRESENTATION_CONTEXT('2D SPACE',''
  ) );
#1850 = PCURVE('',#1851,#1856);
#1851 = PLANE('',#1852);
#1852 = AXIS2_PLACEMENT_3D('',#1853,#1854,#1855);
#1853 = CARTESIAN_POINT('',(-26.,6.,-19.));
#1854 = DIRECTION('',(0.,1.,0.));
#1855 = DIRECTION('',(0.,-0.,1.));
#1856 = DEFINITIONAL_REPRESENTATION('',(#1857),#1861);
#1857 = CIRCLE('',#1858,4.4);
#1858 = AXIS2_PLACEMENT_2D('',#1859,#1860);
#1859 = CARTESIAN_POINT('',(0.,0.));
#1860 = DIRECTION('',(1.,0.));
#1861 = ( GEOMETRIC_REPRESENTATION_CONTEXT(2) 
PARAMETRIC_REPRESENTATION_CONTEXT() REPRESENTATION_CONTEXT('2D SPACE',''
  ) );
#1862 = ORIENTED_EDGE('',*,*,#1863,.F.);
#1863 = EDGE_CURVE('',#1313,#1835,#1864,.T.);
#1864 = SURFACE_CURVE('',#1865,(#1913,#1964),.PCURVE_S1.);
#1865 = B_SPLINE_CURVE_WITH_KNOTS('',6,(#1866,#1867,#1868,#1869,#1870,
    #1871,#1872,#1873,#1874,#1875,#1876,#1877,#1878,#1879,#1880,#1881,
    #1882,#1883,#1884,#1885,#1886,#1887,#1888,#1889,#1890,#1891,#1892,
    #1893,#1894,#1895,#1896,#1897,#1898,#1899,#1900,#1901,#1902,#1903,
    #1904,#1905,#1906,#1907,#1908,#1909,#1910,#1911,#1912),
  .UNSPECIFIED.,.F.,.F.,(7,5,5,5,5,5,5,5,5,7),(0.,0.184946647513,
    0.269340518687,0.329171787327,0.376375443245,0.508356844889,
    0.741612328624,0.864493962999,0.974234485866,1.),.UNSPECIFIED.);
#1866 = CARTESIAN_POINT('',(-26.,9.1,-14.6));
#1867 = CARTESIAN_POINT('',(-26.16380996245,9.1,-14.6));
#1868 = CARTESIAN_POINT('',(-26.32640319533,9.084666391731,
    -14.60731837474));
#1869 = CARTESIAN_POINT('',(-26.48520764518,9.054426680445,
    -14.62175065671));
#1870 = CARTESIAN_POINT('',(-26.63773202584,9.01046674123,
    -14.64242288306));
#1871 = CARTESIAN_POINT('',(-26.78172584683,8.954724057265,
    -14.66784509565));
#1872 = CARTESIAN_POINT('',(-26.97631583051,8.860482984548,
    -14.70923163797));
#1873 = CARTESIAN_POINT('',(-27.03535791072,8.828974605536,
    -14.72287250719));
#1874 = CARTESIAN_POINT('',(-27.09244780489,8.795638620292,
    -14.73706771283));
#1875 = CARTESIAN_POINT('',(-27.14757073154,8.76061780016,-14.7517021053
    ));
#1876 = CARTESIAN_POINT('',(-27.20071899385,8.724046455496,
    -14.76666524172));
#1877 = CARTESIAN_POINT('',(-27.28817034769,8.659113894734,
    -14.79261966987));
#1878 = CARTESIAN_POINT('',(-27.32346230042,8.631456416396,
    -14.8035012933));
#1879 = CARTESIAN_POINT('',(-27.35777225464,8.603118790849,
    -14.81446195453));
#1880 = CARTESIAN_POINT('',(-27.39110624582,8.574137870481,
    -14.82546797616));
#1881 = CARTESIAN_POINT('',(-27.42347142378,8.544547062879,
    -14.83648748996));
#1882 = CARTESIAN_POINT('',(-27.47965261732,8.490573244472,
    -14.85617117084));
#1883 = CARTESIAN_POINT('',(-27.50383109089,8.466409346991,
    -14.86484153056));
#1884 = CARTESIAN_POINT('',(-27.5274153483,8.441899415083,
    -14.87348672533));
#1885 = CARTESIAN_POINT('',(-27.55040916521,8.417057286355,
    -14.88209249912));
#1886 = CARTESIAN_POINT('',(-27.57281621811,8.391895859327,
    -14.89064513061));
#1887 = CARTESIAN_POINT('',(-27.65565960462,8.295216434954,
    -14.92285913179));
#1888 = CARTESIAN_POINT('',(-27.71213053316,8.221591178597,
    -14.94607232109));
#1889 = CARTESIAN_POINT('',(-27.76411633213,8.145823392537,
    -14.96847799165));
#1890 = CARTESIAN_POINT('',(-27.81167054738,8.06814693904,
    -14.98981074855));
#1891 = CARTESIAN_POINT('',(-27.85483478419,7.98875900464,
    -15.00983261395));
#1892 = CARTESIAN_POINT('',(-27.96221267623,7.764778094153,
    -15.06102892688));
#1893 = CARTESIAN_POINT('',(-28.01724051274,7.616731356469,
    -15.08900928439));
#1894 = CARTESIAN_POINT('',(-28.05856678963,7.465062128543,
    -15.11097358599));
#1895 = CARTESIAN_POINT('',(-28.08616490785,7.310982669892,
    -15.12596287081));
#1896 = CARTESIAN_POINT('',(-28.1,7.155601160445,-15.13347701416));
#1897 = CARTESIAN_POINT('',(-28.1,6.918027543876,-15.13347701416));
#1898 = CARTESIAN_POINT('',(-28.09616030486,6.836065862492,
    -15.13139166938));
#1899 = CARTESIAN_POINT('',(-28.08848275745,6.754293525417,
    -15.12722157465));
#1900 = CARTESIAN_POINT('',(-28.07697247058,6.672893055486,
    -15.12100733861));
#1901 = CARTESIAN_POINT('',(-28.06163981924,6.592051201591,
    -15.11282775116));
#1902 = CARTESIAN_POINT('',(-28.02541162208,6.440432356226,
    -15.09384074974));
#1903 = CARTESIAN_POINT('',(-28.00528715145,6.36950692753,
    -15.08340827819));
#1904 = CARTESIAN_POINT('',(-27.98213457578,6.299288044579,
    -15.07157852494));
#1905 = CARTESIAN_POINT('',(-27.9559562522,6.229888244018,
    -15.05844822031));
#1906 = CARTESIAN_POINT('',(-27.92675297779,6.161427786439,
    -15.04413120322));
#1907 = CARTESIAN_POINT('',(-27.88695910339,6.07821208632,-15.025147094)
  );
#1908 = CARTESIAN_POINT('',(-27.87922553959,6.062447356025,
    -15.02147894884));
#1909 = CARTESIAN_POINT('',(-27.87132482402,6.046742241714,
    -15.01775397088));
#1910 = CARTESIAN_POINT('',(-27.86325681546,6.03109822031,
    -15.01397381289));
#1911 = CARTESIAN_POINT('',(-27.85502134306,6.015516775954,
    -15.01014016211));
#1912 = CARTESIAN_POINT('',(-27.84661820634,5.9999994,-15.00625474022));
#1913 = PCURVE('',#456,#1914);
#1914 = DEFINITIONAL_REPRESENTATION('',(#1915),#1963);
#1915 = B_SPLINE_CURVE_WITH_KNOTS('',6,(#1916,#1917,#1918,#1919,#1920,
    #1921,#1922,#1923,#1924,#1925,#1926,#1927,#1928,#1929,#1930,#1931,
    #1932,#1933,#1934,#1935,#1936,#1937,#1938,#1939,#1940,#1941,#1942,
    #1943,#1944,#1945,#1946,#1947,#1948,#1949,#1950,#1951,#1952,#1953,
    #1954,#1955,#1956,#1957,#1958,#1959,#1960,#1961,#1962),
  .UNSPECIFIED.,.F.,.F.,(7,5,5,5,5,5,5,5,5,7),(0.,0.184946647513,
    0.269340518687,0.329171787327,0.376375443245,0.508356844889,
    0.741612328624,0.864493962999,0.974234485866,1.),.UNSPECIFIED.);
#1916 = CARTESIAN_POINT('',(6.28318530718,3.1));
#1917 = CARTESIAN_POINT('',(6.245955770259,3.1));
#1918 = CARTESIAN_POINT('',(6.209002698362,3.084666391731));
#1919 = CARTESIAN_POINT('',(6.172818209483,3.054426680445));
#1920 = CARTESIAN_POINT('',(6.137880972149,3.01046674123));
#1921 = CARTESIAN_POINT('',(6.104669067527,2.954724057265));
#1922 = CARTESIAN_POINT('',(6.059454869077,2.860482984548));
#1923 = CARTESIAN_POINT('',(6.045684847742,2.828974605536));
#1924 = CARTESIAN_POINT('',(6.032317468174,2.795638620292));
#1925 = CARTESIAN_POINT('',(6.019357783898,2.76061780016));
#1926 = CARTESIAN_POINT('',(6.006810292098,2.724046455496));
#1927 = CARTESIAN_POINT('',(5.98607812109,2.659113894734));
#1928 = CARTESIAN_POINT('',(5.977685072196,2.631456416396));
#1929 = CARTESIAN_POINT('',(5.969499740654,2.603118790849));
#1930 = CARTESIAN_POINT('',(5.961522104254,2.574137870481));
#1931 = CARTESIAN_POINT('',(5.953752017191,2.544547062879));
#1932 = CARTESIAN_POINT('',(5.940222561647,2.490573244472));
#1933 = CARTESIAN_POINT('',(5.934384974731,2.466409346991));
#1934 = CARTESIAN_POINT('',(5.928676353774,2.441899415083));
#1935 = CARTESIAN_POINT('',(5.923096656182,2.417057286355));
#1936 = CARTESIAN_POINT('',(5.917645892326,2.391895859327));
#1937 = CARTESIAN_POINT('',(5.897444467882,2.295216434954));
#1938 = CARTESIAN_POINT('',(5.883570672656,2.221591178597));
#1939 = CARTESIAN_POINT('',(5.870707536291,2.145823392537));
#1940 = CARTESIAN_POINT('',(5.858863584999,2.06814693904));
#1941 = CARTESIAN_POINT('',(5.848050156379,1.98875900464));
#1942 = CARTESIAN_POINT('',(5.821014181955,1.764778094153));
#1943 = CARTESIAN_POINT('',(5.80698854135,1.616731356469));
#1944 = CARTESIAN_POINT('',(5.796352766632,1.465062128543));
#1945 = CARTESIAN_POINT('',(5.789214929677,1.310982669892));
#1946 = CARTESIAN_POINT('',(5.785636783508,1.155601160445));
#1947 = CARTESIAN_POINT('',(5.785636783508,0.918027543876));
#1948 = CARTESIAN_POINT('',(5.786629828333,0.836065862492));
#1949 = CARTESIAN_POINT('',(5.788615521921,0.754293525417));
#1950 = CARTESIAN_POINT('',(5.791588365091,0.672893055486));
#1951 = CARTESIAN_POINT('',(5.795537818094,0.592051201591));
#1952 = CARTESIAN_POINT('',(5.804833768549,0.440432356226));
#1953 = CARTESIAN_POINT('',(5.809985495624,0.36950692753));
#1954 = CARTESIAN_POINT('',(5.815894360423,0.299288044579));
#1955 = CARTESIAN_POINT('',(5.822550078996,0.229888244018));
#1956 = CARTESIAN_POINT('',(5.8299414684,0.161427786439));
#1957 = CARTESIAN_POINT('',(5.839961976406,7.821208632004E-02));
#1958 = CARTESIAN_POINT('',(5.841907289373,6.244735602536E-02));
#1959 = CARTESIAN_POINT('',(5.843892463395,4.674224171364E-02));
#1960 = CARTESIAN_POINT('',(5.845917380895,3.109822030989E-02));
#1961 = CARTESIAN_POINT('',(5.847981929939,1.551677595386E-02));
#1962 = CARTESIAN_POINT('',(5.850086004229,-6.E-07));
#1963 = ( GEOMETRIC_REPRESENTATION_CONTEXT(2) 
PARAMETRIC_REPRESENTATION_CONTEXT() REPRESENTATION_CONTEXT('2D SPACE',''
  ) );
#1964 = PCURVE('',#747,#1965);
#1965 = DEFINITIONAL_REPRESENTATION('',(#1966),#2014);
#1966 = B_SPLINE_CURVE_WITH_KNOTS('',6,(#1967,#1968,#1969,#1970,#1971,
    #1972,#1973,#1974,#1975,#1976,#1977,#1978,#1979,#1980,#1981,#1982,
    #1983,#1984,#1985,#1986,#1987,#1988,#1989,#1990,#1991,#1992,#1993,
    #1994,#1995,#1996,#1997,#1998,#1999,#2000,#2001,#2002,#2003,#2004,
    #2005,#2006,#2007,#2008,#2009,#2010,#2011,#2012,#2013),
  .UNSPECIFIED.,.F.,.F.,(7,5,5,5,5,5,5,5,5,7),(0.,0.184946647513,
    0.269340518687,0.329171787327,0.376375443245,0.508356844889,
    0.741612328624,0.864493962999,0.974234485866,1.),.UNSPECIFIED.);
#1967 = CARTESIAN_POINT('',(1.570796326795,13.4));
#1968 = CARTESIAN_POINT('',(1.648801070819,13.4));
#1969 = CARTESIAN_POINT('',(1.726226322559,13.392681625257));
#1970 = CARTESIAN_POINT('',(1.802702340881,13.378249343286));
#1971 = CARTESIAN_POINT('',(1.877831080844,13.357577116938));
#1972 = CARTESIAN_POINT('',(1.95111304303,13.332154904347));
#1973 = CARTESIAN_POINT('',(2.054070050919,13.290768362028));
#1974 = CARTESIAN_POINT('',(2.085913879034,13.277127492808));
#1975 = CARTESIAN_POINT('',(2.117360790131,13.262932287166));
#1976 = CARTESIAN_POINT('',(2.148427536431,13.248297894694));
#1977 = CARTESIAN_POINT('',(2.179129122706,13.233334758275));
#1978 = CARTESIAN_POINT('',(2.230996686344,13.207380330125));
#1979 = CARTESIAN_POINT('',(2.25234099748,13.196498706695));
#1980 = CARTESIAN_POINT('',(2.273520775489,13.185538045464));
#1981 = CARTESIAN_POINT('',(2.294544458475,13.17453202384));
#1982 = CARTESIAN_POINT('',(2.315420698953,13.163512510035));
#1983 = CARTESIAN_POINT('',(2.352519267115,13.143828829157));
#1984 = CARTESIAN_POINT('',(2.368793834386,13.135158469434));
#1985 = CARTESIAN_POINT('',(2.384986364905,13.126513274664));
#1986 = CARTESIAN_POINT('',(2.401101084571,13.117907500879));
#1987 = CARTESIAN_POINT('',(2.417142145947,13.109354869381));
#1988 = CARTESIAN_POINT('',(2.477769885916,13.077140868203));
#1989 = CARTESIAN_POINT('',(2.521889909062,13.053927678905));
#1990 = CARTESIAN_POINT('',(2.565555138857,13.031522008346));
#1991 = CARTESIAN_POINT('',(2.608839015285,13.010189251447));
#1992 = CARTESIAN_POINT('',(2.651813433188,12.990167386047));
#1993 = CARTESIAN_POINT('',(2.770094258907,12.938971073115));
#1994 = CARTESIAN_POINT('',(2.844992692879,12.910990715601));
#1995 = CARTESIAN_POINT('',(2.91940210064,12.889026414001));
#1996 = CARTESIAN_POINT('',(2.993505715523,12.874037129188));
#1997 = CARTESIAN_POINT('',(3.067496862902,12.866522985836));
#1998 = CARTESIAN_POINT('',(3.180627156506,12.866522985836));
#1999 = CARTESIAN_POINT('',(3.219656537017,12.868608330611));
#2000 = CARTESIAN_POINT('',(3.258702778434,12.872778425341));
#2001 = CARTESIAN_POINT('',(3.297785968442,12.878992661386));
#2002 = CARTESIAN_POINT('',(3.336924881141,12.887172248838));
#2003 = CARTESIAN_POINT('',(3.411156785552,12.90615925026));
#2004 = CARTESIAN_POINT('',(3.446233188128,12.916591721804));
#2005 = CARTESIAN_POINT('',(3.481394753255,12.928421475058));
#2006 = CARTESIAN_POINT('',(3.516667700168,12.941551779687));
#2007 = CARTESIAN_POINT('',(3.552077501039,12.955868796779));
#2008 = CARTESIAN_POINT('',(3.596001794768,12.974852905992));
#2009 = CARTESIAN_POINT('',(3.604363025017,12.978521051153));
#2010 = CARTESIAN_POINT('',(3.612734031078,12.982246029114));
#2011 = CARTESIAN_POINT('',(3.621115268459,12.986026187102));
#2012 = CARTESIAN_POINT('',(3.629507208952,12.989859837886));
#2013 = CARTESIAN_POINT('',(3.637910340634,12.993745259778));
#2014 = ( GEOMETRIC_REPRESENTATION_CONTEXT(2) 
PARAMETRIC_REPRESENTATION_CONTEXT() REPRESENTATION_CONTEXT('2D SPACE',''
  ) );
#2015 = ORIENTED_EDGE('',*,*,#1312,.T.);
#2016 = ADVANCED_FACE('',(#2017),#487,.F.);
#2017 = FACE_BOUND('',#2018,.F.);
#2018 = EDGE_LOOP('',(#2019,#2020,#2043,#2070));
#2019 = ORIENTED_EDGE('',*,*,#470,.F.);
#2020 = ORIENTED_EDGE('',*,*,#2021,.F.);
#2021 = EDGE_CURVE('',#2022,#471,#2024,.T.);
#2022 = VERTEX_POINT('',#2023);
#2023 = CARTESIAN_POINT('',(-14.,6.,-14.6));
#2024 = SEAM_CURVE('',#2025,(#2029,#2036),.PCURVE_S1.);
#2025 = LINE('',#2026,#2027);
#2026 = CARTESIAN_POINT('',(-14.,6.,-14.6));
#2027 = VECTOR('',#2028,1.);
#2028 = DIRECTION('',(0.,1.,0.));
#2029 = PCURVE('',#487,#2030);
#2030 = DEFINITIONAL_REPRESENTATION('',(#2031),#2035);
#2031 = LINE('',#2032,#2033);
#2032 = CARTESIAN_POINT('',(6.28318530718,-0.));
#2033 = VECTOR('',#2034,1.);
#2034 = DIRECTION('',(0.,1.));
#2035 = ( GEOMETRIC_REPRESENTATION_CONTEXT(2) 
PARAMETRIC_REPRESENTATION_CONTEXT() REPRESENTATION_CONTEXT('2D SPACE',''
  ) );
#2036 = PCURVE('',#487,#2037);
#2037 = DEFINITIONAL_REPRESENTATION('',(#2038),#2042);
#2038 = LINE('',#2039,#2040);
#2039 = CARTESIAN_POINT('',(0.,-0.));
#2040 = VECTOR('',#2041,1.);
#2041 = DIRECTION('',(0.,1.));
#2042 = ( GEOMETRIC_REPRESENTATION_CONTEXT(2) 
PARAMETRIC_REPRESENTATION_CONTEXT() REPRESENTATION_CONTEXT('2D SPACE',''
  ) );
#2043 = ORIENTED_EDGE('',*,*,#2044,.T.);
#2044 = EDGE_CURVE('',#2022,#2022,#2045,.T.);
#2045 = SURFACE_CURVE('',#2046,(#2051,#2058),.PCURVE_S1.);
#2046 = CIRCLE('',#2047,4.4);
#2047 = AXIS2_PLACEMENT_3D('',#2048,#2049,#2050);
#2048 = CARTESIAN_POINT('',(-14.,6.,-19.));
#2049 = DIRECTION('',(0.,1.,0.));
#2050 = DIRECTION('',(0.,-0.,1.));
#2051 = PCURVE('',#487,#2052);
#2052 = DEFINITIONAL_REPRESENTATION('',(#2053),#2057);
#2053 = LINE('',#2054,#2055);
#2054 = CARTESIAN_POINT('',(0.,0.));
#2055 = VECTOR('',#2056,1.);
#2056 = DIRECTION('',(1.,0.));
#2057 = ( GEOMETRIC_REPRESENTATION_CONTEXT(2) 
PARAMETRIC_REPRESENTATION_CONTEXT() REPRESENTATION_CONTEXT('2D SPACE',''
  ) );
#2058 = PCURVE('',#2059,#2064);
#2059 = PLANE('',#2060);
#2060 = AXIS2_PLACEMENT_3D('',#2061,#2062,#2063);
#2061 = CARTESIAN_POINT('',(-14.,6.,-19.));
#2062 = DIRECTION('',(0.,1.,0.));
#2063 = DIRECTION('',(0.,-0.,1.));
#2064 = DEFINITIONAL_REPRESENTATION('',(#2065),#2069);
#2065 = CIRCLE('',#2066,4.4);
#2066 = AXIS2_PLACEMENT_2D('',#2067,#2068);
#2067 = CARTESIAN_POINT('',(0.,0.));
#2068 = DIRECTION('',(1.,0.));
#2069 = ( GEOMETRIC_REPRESENTATION_CONTEXT(2) 
PARAMETRIC_REPRESENTATION_CONTEXT() REPRESENTATION_CONTEXT('2D SPACE',''
  ) );
#2070 = ORIENTED_EDGE('',*,*,#2021,.T.);
#2071 = ADVANCED_FACE('',(#2072,#2121),#601,.T.);
#2072 = FACE_BOUND('',#2073,.T.);
#2073 = EDGE_LOOP('',(#2074,#2075,#2076,#2077,#2100));
#2074 = ORIENTED_EDGE('',*,*,#585,.F.);
#2075 = ORIENTED_EDGE('',*,*,#1237,.T.);
#2076 = ORIENTED_EDGE('',*,*,#1287,.T.);
#2077 = ORIENTED_EDGE('',*,*,#2078,.T.);
#2078 = EDGE_CURVE('',#1083,#2079,#2081,.T.);
#2079 = VERTEX_POINT('',#2080);
#2080 = CARTESIAN_POINT('',(42.,22.,-10.));
#2081 = SURFACE_CURVE('',#2082,(#2086,#2093),.PCURVE_S1.);
#2082 = LINE('',#2083,#2084);
#2083 = CARTESIAN_POINT('',(-42.,22.,-10.));
#2084 = VECTOR('',#2085,1.);
#2085 = DIRECTION('',(1.,0.,-0.));
#2086 = PCURVE('',#601,#2087);
#2087 = DEFINITIONAL_REPRESENTATION('',(#2088),#2092);
#2088 = LINE('',#2089,#2090);
#2089 = CARTESIAN_POINT('',(18.,0.));
#2090 = VECTOR('',#2091,1.);
#2091 = DIRECTION('',(0.,1.));
#2092 = ( GEOMETRIC_REPRESENTATION_CONTEXT(2) 
PARAMETRIC_REPRESENTATION_CONTEXT() REPRESENTATION_CONTEXT('2D SPACE',''
  ) );
#2093 = PCURVE('',#1099,#2094);
#2094 = DEFINITIONAL_REPRESENTATION('',(#2095),#2099);
#2095 = LINE('',#2096,#2097);
#2096 = CARTESIAN_POINT('',(0.,44.));
#2097 = VECTOR('',#2098,1.);
#2098 = DIRECTION('',(1.,0.));
#2099 = ( GEOMETRIC_REPRESENTATION_CONTEXT(2) 
PARAMETRIC_REPRESENTATION_CONTEXT() REPRESENTATION_CONTEXT('2D SPACE',''
  ) );
#2100 = ORIENTED_EDGE('',*,*,#2101,.F.);
#2101 = EDGE_CURVE('',#558,#2079,#2102,.T.);
#2102 = SURFACE_CURVE('',#2103,(#2107,#2114),.PCURVE_S1.);
#2103 = LINE('',#2104,#2105);
#2104 = CARTESIAN_POINT('',(42.,22.,-28.));
#2105 = VECTOR('',#2106,1.);
#2106 = DIRECTION('',(0.,0.,1.));
#2107 = PCURVE('',#601,#2108);
#2108 = DEFINITIONAL_REPRESENTATION('',(#2109),#2113);
#2109 = LINE('',#2110,#2111);
#2110 = CARTESIAN_POINT('',(0.,84.));
#2111 = VECTOR('',#2112,1.);
#2112 = DIRECTION('',(1.,0.));
#2113 = ( GEOMETRIC_REPRESENTATION_CONTEXT(2) 
PARAMETRIC_REPRESENTATION_CONTEXT() REPRESENTATION_CONTEXT('2D SPACE',''
  ) );
#2114 = PCURVE('',#573,#2115);
#2115 = DEFINITIONAL_REPRESENTATION('',(#2116),#2120);
#2116 = LINE('',#2117,#2118);
#2117 = CARTESIAN_POINT('',(0.,-44.));
#2118 = VECTOR('',#2119,1.);
#2119 = DIRECTION('',(1.,0.));
#2120 = ( GEOMETRIC_REPRESENTATION_CONTEXT(2) 
PARAMETRIC_REPRESENTATION_CONTEXT() REPRESENTATION_CONTEXT('2D SPACE',''
  ) );
#2121 = FACE_BOUND('',#2122,.T.);
#2122 = EDGE_LOOP('',(#2123));
#2123 = ORIENTED_EDGE('',*,*,#2124,.F.);
#2124 = EDGE_CURVE('',#2125,#2125,#2127,.T.);
#2125 = VERTEX_POINT('',#2126);
#2126 = CARTESIAN_POINT('',(26.,22.,-14.6));
#2127 = SURFACE_CURVE('',#2128,(#2133,#2140),.PCURVE_S1.);
#2128 = CIRCLE('',#2129,4.4);
#2129 = AXIS2_PLACEMENT_3D('',#2130,#2131,#2132);
#2130 = CARTESIAN_POINT('',(26.,22.,-19.));
#2131 = DIRECTION('',(0.,1.,0.));
#2132 = DIRECTION('',(0.,-0.,1.));
#2133 = PCURVE('',#601,#2134);
#2134 = DEFINITIONAL_REPRESENTATION('',(#2135),#2139);
#2135 = CIRCLE('',#2136,4.4);
#2136 = AXIS2_PLACEMENT_2D('',#2137,#2138);
#2137 = CARTESIAN_POINT('',(9.,68.));
#2138 = DIRECTION('',(1.,0.));
#2139 = ( GEOMETRIC_REPRESENTATION_CONTEXT(2) 
PARAMETRIC_REPRESENTATION_CONTEXT() REPRESENTATION_CONTEXT('2D SPACE',''
  ) );
#2140 = PCURVE('',#2141,#2146);
#2141 = CYLINDRICAL_SURFACE('',#2142,4.4);
#2142 = AXIS2_PLACEMENT_3D('',#2143,#2144,#2145);
#2143 = CARTESIAN_POINT('',(26.,6.,-19.));
#2144 = DIRECTION('',(0.,1.,0.));
#2145 = DIRECTION('',(0.,-0.,1.));
#2146 = DEFINITIONAL_REPRESENTATION('',(#2147),#2151);
#2147 = LINE('',#2148,#2149);
#2148 = CARTESIAN_POINT('',(0.,16.));
#2149 = VECTOR('',#2150,1.);
#2150 = DIRECTION('',(1.,0.));
#2151 = ( GEOMETRIC_REPRESENTATION_CONTEXT(2) 
PARAMETRIC_REPRESENTATION_CONTEXT() REPRESENTATION_CONTEXT('2D SPACE',''
  ) );
#2152 = ADVANCED_FACE('',(#2153),#573,.T.);
#2153 = FACE_BOUND('',#2154,.T.);
#2154 = EDGE_LOOP('',(#2155,#2178,#2179,#2180));
#2155 = ORIENTED_EDGE('',*,*,#2156,.F.);
#2156 = EDGE_CURVE('',#530,#2157,#2159,.T.);
#2157 = VERTEX_POINT('',#2158);
#2158 = CARTESIAN_POINT('',(42.,-22.,-10.));
#2159 = SURFACE_CURVE('',#2160,(#2164,#2171),.PCURVE_S1.);
#2160 = LINE('',#2161,#2162);
#2161 = CARTESIAN_POINT('',(42.,-22.,-28.));
#2162 = VECTOR('',#2163,1.);
#2163 = DIRECTION('',(0.,0.,1.));
#2164 = PCURVE('',#573,#2165);
#2165 = DEFINITIONAL_REPRESENTATION('',(#2166),#2170);
#2166 = LINE('',#2167,#2168);
#2167 = CARTESIAN_POINT('',(0.,0.));
#2168 = VECTOR('',#2169,1.);
#2169 = DIRECTION('',(1.,0.));
#2170 = ( GEOMETRIC_REPRESENTATION_CONTEXT(2) 
PARAMETRIC_REPRESENTATION_CONTEXT() REPRESENTATION_CONTEXT('2D SPACE',''
  ) );
#2171 = PCURVE('',#545,#2172);
#2172 = DEFINITIONAL_REPRESENTATION('',(#2173),#2177);
#2173 = LINE('',#2174,#2175);
#2174 = CARTESIAN_POINT('',(0.,84.));
#2175 = VECTOR('',#2176,1.);
#2176 = DIRECTION('',(1.,0.));
#2177 = ( GEOMETRIC_REPRESENTATION_CONTEXT(2) 
PARAMETRIC_REPRESENTATION_CONTEXT() REPRESENTATION_CONTEXT('2D SPACE',''
  ) );
#2178 = ORIENTED_EDGE('',*,*,#557,.T.);
#2179 = ORIENTED_EDGE('',*,*,#2101,.T.);
#2180 = ORIENTED_EDGE('',*,*,#2181,.F.);
#2181 = EDGE_CURVE('',#2157,#2079,#2182,.T.);
#2182 = SURFACE_CURVE('',#2183,(#2187,#2194),.PCURVE_S1.);
#2183 = LINE('',#2184,#2185);
#2184 = CARTESIAN_POINT('',(42.,-22.,-10.));
#2185 = VECTOR('',#2186,1.);
#2186 = DIRECTION('',(-0.,1.,0.));
#2187 = PCURVE('',#573,#2188);
#2188 = DEFINITIONAL_REPRESENTATION('',(#2189),#2193);
#2189 = LINE('',#2190,#2191);
#2190 = CARTESIAN_POINT('',(18.,0.));
#2191 = VECTOR('',#2192,1.);
#2192 = DIRECTION('',(0.,-1.));
#2193 = ( GEOMETRIC_REPRESENTATION_CONTEXT(2) 
PARAMETRIC_REPRESENTATION_CONTEXT() REPRESENTATION_CONTEXT('2D SPACE',''
  ) );
#2194 = PCURVE('',#1099,#2195);
#2195 = DEFINITIONAL_REPRESENTATION('',(#2196),#2200);
#2196 = LINE('',#2197,#2198);
#2197 = CARTESIAN_POINT('',(84.,0.));
#2198 = VECTOR('',#2199,1.);
#2199 = DIRECTION('',(0.,1.));
#2200 = ( GEOMETRIC_REPRESENTATION_CONTEXT(2) 
PARAMETRIC_REPRESENTATION_CONTEXT() REPRESENTATION_CONTEXT('2D SPACE',''
  ) );
#2201 = ADVANCED_FACE('',(#2202),#545,.F.);
#2202 = FACE_BOUND('',#2203,.F.);
#2203 = EDGE_LOOP('',(#2204,#2205,#2206,#2207,#2228));
#2204 = ORIENTED_EDGE('',*,*,#529,.F.);
#2205 = ORIENTED_EDGE('',*,*,#932,.T.);
#2206 = ORIENTED_EDGE('',*,*,#1003,.T.);
#2207 = ORIENTED_EDGE('',*,*,#2208,.T.);
#2208 = EDGE_CURVE('',#980,#2157,#2209,.T.);
#2209 = SURFACE_CURVE('',#2210,(#2214,#2221),.PCURVE_S1.);
#2210 = LINE('',#2211,#2212);
#2211 = CARTESIAN_POINT('',(-42.,-22.,-10.));
#2212 = VECTOR('',#2213,1.);
#2213 = DIRECTION('',(1.,0.,-0.));
#2214 = PCURVE('',#545,#2215);
#2215 = DEFINITIONAL_REPRESENTATION('',(#2216),#2220);
#2216 = LINE('',#2217,#2218);
#2217 = CARTESIAN_POINT('',(18.,0.));
#2218 = VECTOR('',#2219,1.);
#2219 = DIRECTION('',(0.,1.));
#2220 = ( GEOMETRIC_REPRESENTATION_CONTEXT(2) 
PARAMETRIC_REPRESENTATION_CONTEXT() REPRESENTATION_CONTEXT('2D SPACE',''
  ) );
#2221 = PCURVE('',#1099,#2222);
#2222 = DEFINITIONAL_REPRESENTATION('',(#2223),#2227);
#2223 = LINE('',#2224,#2225);
#2224 = CARTESIAN_POINT('',(0.,0.));
#2225 = VECTOR('',#2226,1.);
#2226 = DIRECTION('',(1.,0.));
#2227 = ( GEOMETRIC_REPRESENTATION_CONTEXT(2) 
PARAMETRIC_REPRESENTATION_CONTEXT() REPRESENTATION_CONTEXT('2D SPACE',''
  ) );
#2228 = ORIENTED_EDGE('',*,*,#2156,.F.);
#2229 = ADVANCED_FACE('',(#2230),#654,.F.);
#2230 = FACE_BOUND('',#2231,.F.);
#2231 = EDGE_LOOP('',(#2232,#2261,#2282,#2283));
#2232 = ORIENTED_EDGE('',*,*,#2233,.F.);
#2233 = EDGE_CURVE('',#2234,#2234,#2236,.T.);
#2234 = VERTEX_POINT('',#2235);
#2235 = CARTESIAN_POINT('',(-23.9,-7.,-13.));
#2236 = SURFACE_CURVE('',#2237,(#2242,#2249),.PCURVE_S1.);
#2237 = CIRCLE('',#2238,2.1);
#2238 = AXIS2_PLACEMENT_3D('',#2239,#2240,#2241);
#2239 = CARTESIAN_POINT('',(-26.,-7.,-13.));
#2240 = DIRECTION('',(0.,0.,1.));
#2241 = DIRECTION('',(1.,0.,-0.));
#2242 = PCURVE('',#654,#2243);
#2243 = DEFINITIONAL_REPRESENTATION('',(#2244),#2248);
#2244 = LINE('',#2245,#2246);
#2245 = CARTESIAN_POINT('',(0.,15.));
#2246 = VECTOR('',#2247,1.);
#2247 = DIRECTION('',(1.,0.));
#2248 = ( GEOMETRIC_REPRESENTATION_CONTEXT(2) 
PARAMETRIC_REPRESENTATION_CONTEXT() REPRESENTATION_CONTEXT('2D SPACE',''
  ) );
#2249 = PCURVE('',#2250,#2255);
#2250 = PLANE('',#2251);
#2251 = AXIS2_PLACEMENT_3D('',#2252,#2253,#2254);
#2252 = CARTESIAN_POINT('',(-26.,-7.,-13.));
#2253 = DIRECTION('',(0.,0.,1.));
#2254 = DIRECTION('',(1.,0.,-0.));
#2255 = DEFINITIONAL_REPRESENTATION('',(#2256),#2260);
#2256 = CIRCLE('',#2257,2.1);
#2257 = AXIS2_PLACEMENT_2D('',#2258,#2259);
#2258 = CARTESIAN_POINT('',(0.,0.));
#2259 = DIRECTION('',(1.,0.));
#2260 = ( GEOMETRIC_REPRESENTATION_CONTEXT(2) 
PARAMETRIC_REPRESENTATION_CONTEXT() REPRESENTATION_CONTEXT('2D SPACE',''
  ) );
#2261 = ORIENTED_EDGE('',*,*,#2262,.F.);
#2262 = EDGE_CURVE('',#638,#2234,#2263,.T.);
#2263 = SEAM_CURVE('',#2264,(#2268,#2275),.PCURVE_S1.);
#2264 = LINE('',#2265,#2266);
#2265 = CARTESIAN_POINT('',(-23.9,-7.,-28.));
#2266 = VECTOR('',#2267,1.);
#2267 = DIRECTION('',(0.,0.,1.));
#2268 = PCURVE('',#654,#2269);
#2269 = DEFINITIONAL_REPRESENTATION('',(#2270),#2274);
#2270 = LINE('',#2271,#2272);
#2271 = CARTESIAN_POINT('',(6.28318530718,-0.));
#2272 = VECTOR('',#2273,1.);
#2273 = DIRECTION('',(0.,1.));
#2274 = ( GEOMETRIC_REPRESENTATION_CONTEXT(2) 
PARAMETRIC_REPRESENTATION_CONTEXT() REPRESENTATION_CONTEXT('2D SPACE',''
  ) );
#2275 = PCURVE('',#654,#2276);
#2276 = DEFINITIONAL_REPRESENTATION('',(#2277),#2281);
#2277 = LINE('',#2278,#2279);
#2278 = CARTESIAN_POINT('',(0.,-0.));
#2279 = VECTOR('',#2280,1.);
#2280 = DIRECTION('',(0.,1.));
#2281 = ( GEOMETRIC_REPRESENTATION_CONTEXT(2) 
PARAMETRIC_REPRESENTATION_CONTEXT() REPRESENTATION_CONTEXT('2D SPACE',''
  ) );
#2282 = ORIENTED_EDGE('',*,*,#637,.T.);
#2283 = ORIENTED_EDGE('',*,*,#2262,.T.);
#2284 = ADVANCED_FACE('',(#2285),#685,.F.);
#2285 = FACE_BOUND('',#2286,.F.);
#2286 = EDGE_LOOP('',(#2287,#2316,#2337,#2338));
#2287 = ORIENTED_EDGE('',*,*,#2288,.F.);
#2288 = EDGE_CURVE('',#2289,#2289,#2291,.T.);
#2289 = VERTEX_POINT('',#2290);
#2290 = CARTESIAN_POINT('',(28.1,-7.,-13.));
#2291 = SURFACE_CURVE('',#2292,(#2297,#2304),.PCURVE_S1.);
#2292 = CIRCLE('',#2293,2.1);
#2293 = AXIS2_PLACEMENT_3D('',#2294,#2295,#2296);
#2294 = CARTESIAN_POINT('',(26.,-7.,-13.));
#2295 = DIRECTION('',(0.,0.,1.));
#2296 = DIRECTION('',(1.,0.,-0.));
#2297 = PCURVE('',#685,#2298);
#2298 = DEFINITIONAL_REPRESENTATION('',(#2299),#2303);
#2299 = LINE('',#2300,#2301);
#2300 = CARTESIAN_POINT('',(0.,15.));
#2301 = VECTOR('',#2302,1.);
#2302 = DIRECTION('',(1.,0.));
#2303 = ( GEOMETRIC_REPRESENTATION_CONTEXT(2) 
PARAMETRIC_REPRESENTATION_CONTEXT() REPRESENTATION_CONTEXT('2D SPACE',''
  ) );
#2304 = PCURVE('',#2305,#2310);
#2305 = PLANE('',#2306);
#2306 = AXIS2_PLACEMENT_3D('',#2307,#2308,#2309);
#2307 = CARTESIAN_POINT('',(26.,-7.,-13.));
#2308 = DIRECTION('',(0.,0.,1.));
#2309 = DIRECTION('',(1.,0.,-0.));
#2310 = DEFINITIONAL_REPRESENTATION('',(#2311),#2315);
#2311 = CIRCLE('',#2312,2.1);
#2312 = AXIS2_PLACEMENT_2D('',#2313,#2314);
#2313 = CARTESIAN_POINT('',(0.,0.));
#2314 = DIRECTION('',(1.,0.));
#2315 = ( GEOMETRIC_REPRESENTATION_CONTEXT(2) 
PARAMETRIC_REPRESENTATION_CONTEXT() REPRESENTATION_CONTEXT('2D SPACE',''
  ) );
#2316 = ORIENTED_EDGE('',*,*,#2317,.F.);
#2317 = EDGE_CURVE('',#669,#2289,#2318,.T.);
#2318 = SEAM_CURVE('',#2319,(#2323,#2330),.PCURVE_S1.);
#2319 = LINE('',#2320,#2321);
#2320 = CARTESIAN_POINT('',(28.1,-7.,-28.));
#2321 = VECTOR('',#2322,1.);
#2322 = DIRECTION('',(0.,0.,1.));
#2323 = PCURVE('',#685,#2324);
#2324 = DEFINITIONAL_REPRESENTATION('',(#2325),#2329);
#2325 = LINE('',#2326,#2327);
#2326 = CARTESIAN_POINT('',(6.28318530718,-0.));
#2327 = VECTOR('',#2328,1.);
#2328 = DIRECTION('',(0.,1.));
#2329 = ( GEOMETRIC_REPRESENTATION_CONTEXT(2) 
PARAMETRIC_REPRESENTATION_CONTEXT() REPRESENTATION_CONTEXT('2D SPACE',''
  ) );
#2330 = PCURVE('',#685,#2331);
#2331 = DEFINITIONAL_REPRESENTATION('',(#2332),#2336);
#2332 = LINE('',#2333,#2334);
#2333 = CARTESIAN_POINT('',(0.,-0.));
#2334 = VECTOR('',#2335,1.);
#2335 = DIRECTION('',(0.,1.));
#2336 = ( GEOMETRIC_REPRESENTATION_CONTEXT(2) 
PARAMETRIC_REPRESENTATION_CONTEXT() REPRESENTATION_CONTEXT('2D SPACE',''
  ) );
#2337 = ORIENTED_EDGE('',*,*,#668,.T.);
#2338 = ORIENTED_EDGE('',*,*,#2317,.T.);
#2339 = ADVANCED_FACE('',(#2340),#716,.F.);
#2340 = FACE_BOUND('',#2341,.F.);
#2341 = EDGE_LOOP('',(#2342,#2371,#2392,#2393));
#2342 = ORIENTED_EDGE('',*,*,#2343,.F.);
#2343 = EDGE_CURVE('',#2344,#2344,#2346,.T.);
#2344 = VERTEX_POINT('',#2345);
#2345 = CARTESIAN_POINT('',(-21.7,2.253350110431E-15,-6.5));
#2346 = SURFACE_CURVE('',#2347,(#2352,#2359),.PCURVE_S1.);
#2347 = CIRCLE('',#2348,3.3);
#2348 = AXIS2_PLACEMENT_3D('',#2349,#2350,#2351);
#2349 = CARTESIAN_POINT('',(-25.,3.061616997868E-15,-6.5));
#2350 = DIRECTION('',(0.,0.,1.));
#2351 = DIRECTION('',(1.,0.,-0.));
#2352 = PCURVE('',#716,#2353);
#2353 = DEFINITIONAL_REPRESENTATION('',(#2354),#2358);
#2354 = LINE('',#2355,#2356);
#2355 = CARTESIAN_POINT('',(0.,21.5));
#2356 = VECTOR('',#2357,1.);
#2357 = DIRECTION('',(1.,0.));
#2358 = ( GEOMETRIC_REPRESENTATION_CONTEXT(2) 
PARAMETRIC_REPRESENTATION_CONTEXT() REPRESENTATION_CONTEXT('2D SPACE',''
  ) );
#2359 = PCURVE('',#2360,#2365);
#2360 = PLANE('',#2361);
#2361 = AXIS2_PLACEMENT_3D('',#2362,#2363,#2364);
#2362 = CARTESIAN_POINT('',(-25.,3.061616997868E-15,-6.5));
#2363 = DIRECTION('',(0.,0.,1.));
#2364 = DIRECTION('',(1.,0.,-0.));
#2365 = DEFINITIONAL_REPRESENTATION('',(#2366),#2370);
#2366 = CIRCLE('',#2367,3.3);
#2367 = AXIS2_PLACEMENT_2D('',#2368,#2369);
#2368 = CARTESIAN_POINT('',(0.,0.));
#2369 = DIRECTION('',(1.,0.));
#2370 = ( GEOMETRIC_REPRESENTATION_CONTEXT(2) 
PARAMETRIC_REPRESENTATION_CONTEXT() REPRESENTATION_CONTEXT('2D SPACE',''
  ) );
#2371 = ORIENTED_EDGE('',*,*,#2372,.F.);
#2372 = EDGE_CURVE('',#700,#2344,#2373,.T.);
#2373 = SEAM_CURVE('',#2374,(#2378,#2385),.PCURVE_S1.);
#2374 = LINE('',#2375,#2376);
#2375 = CARTESIAN_POINT('',(-21.7,2.253350110431E-15,-28.));
#2376 = VECTOR('',#2377,1.);
#2377 = DIRECTION('',(0.,0.,1.));
#2378 = PCURVE('',#716,#2379);
#2379 = DEFINITIONAL_REPRESENTATION('',(#2380),#2384);
#2380 = LINE('',#2381,#2382);
#2381 = CARTESIAN_POINT('',(6.28318530718,-0.));
#2382 = VECTOR('',#2383,1.);
#2383 = DIRECTION('',(0.,1.));
#2384 = ( GEOMETRIC_REPRESENTATION_CONTEXT(2) 
PARAMETRIC_REPRESENTATION_CONTEXT() REPRESENTATION_CONTEXT('2D SPACE',''
  ) );
#2385 = PCURVE('',#716,#2386);
#2386 = DEFINITIONAL_REPRESENTATION('',(#2387),#2391);
#2387 = LINE('',#2388,#2389);
#2388 = CARTESIAN_POINT('',(0.,-0.));
#2389 = VECTOR('',#2390,1.);
#2390 = DIRECTION('',(0.,1.));
#2391 = ( GEOMETRIC_REPRESENTATION_CONTEXT(2) 
PARAMETRIC_REPRESENTATION_CONTEXT() REPRESENTATION_CONTEXT('2D SPACE',''
  ) );
#2392 = ORIENTED_EDGE('',*,*,#699,.T.);
#2393 = ORIENTED_EDGE('',*,*,#2372,.T.);
#2394 = ADVANCED_FACE('',(#2395),#747,.F.);
#2395 = FACE_BOUND('',#2396,.F.);
#2396 = EDGE_LOOP('',(#2397,#2420,#2447,#2448,#2449,#2450,#2469,#2470,
    #2491,#2492,#2493,#2494,#2513));
#2397 = ORIENTED_EDGE('',*,*,#2398,.T.);
#2398 = EDGE_CURVE('',#1336,#2399,#2401,.T.);
#2399 = VERTEX_POINT('',#2400);
#2400 = CARTESIAN_POINT('',(-23.9,7.,-13.));
#2401 = SEAM_CURVE('',#2402,(#2406,#2413),.PCURVE_S1.);
#2402 = LINE('',#2403,#2404);
#2403 = CARTESIAN_POINT('',(-23.9,7.,-28.));
#2404 = VECTOR('',#2405,1.);
#2405 = DIRECTION('',(0.,0.,1.));
#2406 = PCURVE('',#747,#2407);
#2407 = DEFINITIONAL_REPRESENTATION('',(#2408),#2412);
#2408 = LINE('',#2409,#2410);
#2409 = CARTESIAN_POINT('',(6.28318530718,-0.));
#2410 = VECTOR('',#2411,1.);
#2411 = DIRECTION('',(0.,1.));
#2412 = ( GEOMETRIC_REPRESENTATION_CONTEXT(2) 
PARAMETRIC_REPRESENTATION_CONTEXT() REPRESENTATION_CONTEXT('2D SPACE',''
  ) );
#2413 = PCURVE('',#747,#2414);
#2414 = DEFINITIONAL_REPRESENTATION('',(#2415),#2419);
#2415 = LINE('',#2416,#2417);
#2416 = CARTESIAN_POINT('',(0.,-0.));
#2417 = VECTOR('',#2418,1.);
#2418 = DIRECTION('',(0.,1.));
#2419 = ( GEOMETRIC_REPRESENTATION_CONTEXT(2) 
PARAMETRIC_REPRESENTATION_CONTEXT() REPRESENTATION_CONTEXT('2D SPACE',''
  ) );
#2420 = ORIENTED_EDGE('',*,*,#2421,.F.);
#2421 = EDGE_CURVE('',#2399,#2399,#2422,.T.);
#2422 = SURFACE_CURVE('',#2423,(#2428,#2435),.PCURVE_S1.);
#2423 = CIRCLE('',#2424,2.1);
#2424 = AXIS2_PLACEMENT_3D('',#2425,#2426,#2427);
#2425 = CARTESIAN_POINT('',(-26.,7.,-13.));
#2426 = DIRECTION('',(0.,0.,1.));
#2427 = DIRECTION('',(1.,0.,-0.));
#2428 = PCURVE('',#747,#2429);
#2429 = DEFINITIONAL_REPRESENTATION('',(#2430),#2434);
#2430 = LINE('',#2431,#2432);
#2431 = CARTESIAN_POINT('',(0.,15.));
#2432 = VECTOR('',#2433,1.);
#2433 = DIRECTION('',(1.,0.));
#2434 = ( GEOMETRIC_REPRESENTATION_CONTEXT(2) 
PARAMETRIC_REPRESENTATION_CONTEXT() REPRESENTATION_CONTEXT('2D SPACE',''
  ) );
#2435 = PCURVE('',#2436,#2441);
#2436 = PLANE('',#2437);
#2437 = AXIS2_PLACEMENT_3D('',#2438,#2439,#2440);
#2438 = CARTESIAN_POINT('',(-26.,7.,-13.));
#2439 = DIRECTION('',(0.,0.,1.));
#2440 = DIRECTION('',(1.,0.,-0.));
#2441 = DEFINITIONAL_REPRESENTATION('',(#2442),#2446);
#2442 = CIRCLE('',#2443,2.1);
#2443 = AXIS2_PLACEMENT_2D('',#2444,#2445);
#2444 = CARTESIAN_POINT('',(0.,0.));
#2445 = DIRECTION('',(1.,0.));
#2446 = ( GEOMETRIC_REPRESENTATION_CONTEXT(2) 
PARAMETRIC_REPRESENTATION_CONTEXT() REPRESENTATION_CONTEXT('2D SPACE',''
  ) );
#2447 = ORIENTED_EDGE('',*,*,#2398,.F.);
#2448 = ORIENTED_EDGE('',*,*,#1335,.T.);
#2449 = ORIENTED_EDGE('',*,*,#1863,.T.);
#2450 = ORIENTED_EDGE('',*,*,#2451,.F.);
#2451 = EDGE_CURVE('',#1575,#1835,#2452,.T.);
#2452 = SURFACE_CURVE('',#2453,(#2457,#2463),.PCURVE_S1.);
#2453 = LINE('',#2454,#2455);
#2454 = CARTESIAN_POINT('',(-27.84661853126,6.,-28.));
#2455 = VECTOR('',#2456,1.);
#2456 = DIRECTION('',(0.,0.,1.));
#2457 = PCURVE('',#747,#2458);
#2458 = DEFINITIONAL_REPRESENTATION('',(#2459),#2462);
#2459 = B_SPLINE_CURVE_WITH_KNOTS('',1,(#2460,#2461),.UNSPECIFIED.,.F.,
  .F.,(2,2),(3.72,14.28),.PIECEWISE_BEZIER_KNOTS.);
#2460 = CARTESIAN_POINT('',(3.637910015715,3.72));
#2461 = CARTESIAN_POINT('',(3.637910015715,14.28));
#2462 = ( GEOMETRIC_REPRESENTATION_CONTEXT(2) 
PARAMETRIC_REPRESENTATION_CONTEXT() REPRESENTATION_CONTEXT('2D SPACE',''
  ) );
#2463 = PCURVE('',#1851,#2464);
#2464 = DEFINITIONAL_REPRESENTATION('',(#2465),#2468);
#2465 = B_SPLINE_CURVE_WITH_KNOTS('',1,(#2466,#2467),.UNSPECIFIED.,.F.,
  .F.,(2,2),(3.72,14.28),.PIECEWISE_BEZIER_KNOTS.);
#2466 = CARTESIAN_POINT('',(-5.28,-1.846618531262));
#2467 = CARTESIAN_POINT('',(5.28,-1.846618531262));
#2468 = ( GEOMETRIC_REPRESENTATION_CONTEXT(2) 
PARAMETRIC_REPRESENTATION_CONTEXT() REPRESENTATION_CONTEXT('2D SPACE',''
  ) );
#2469 = ORIENTED_EDGE('',*,*,#1574,.F.);
#2470 = ORIENTED_EDGE('',*,*,#2471,.F.);
#2471 = EDGE_CURVE('',#731,#1525,#2472,.T.);
#2472 = SEAM_CURVE('',#2473,(#2477,#2484),.PCURVE_S1.);
#2473 = LINE('',#2474,#2475);
#2474 = CARTESIAN_POINT('',(-23.9,7.,-28.));
#2475 = VECTOR('',#2476,1.);
#2476 = DIRECTION('',(0.,0.,1.));
#2477 = PCURVE('',#747,#2478);
#2478 = DEFINITIONAL_REPRESENTATION('',(#2479),#2483);
#2479 = LINE('',#2480,#2481);
#2480 = CARTESIAN_POINT('',(6.28318530718,-0.));
#2481 = VECTOR('',#2482,1.);
#2482 = DIRECTION('',(0.,1.));
#2483 = ( GEOMETRIC_REPRESENTATION_CONTEXT(2) 
PARAMETRIC_REPRESENTATION_CONTEXT() REPRESENTATION_CONTEXT('2D SPACE',''
  ) );
#2484 = PCURVE('',#747,#2485);
#2485 = DEFINITIONAL_REPRESENTATION('',(#2486),#2490);
#2486 = LINE('',#2487,#2488);
#2487 = CARTESIAN_POINT('',(0.,-0.));
#2488 = VECTOR('',#2489,1.);
#2489 = DIRECTION('',(0.,1.));
#2490 = ( GEOMETRIC_REPRESENTATION_CONTEXT(2) 
PARAMETRIC_REPRESENTATION_CONTEXT() REPRESENTATION_CONTEXT('2D SPACE',''
  ) );
#2491 = ORIENTED_EDGE('',*,*,#730,.T.);
#2492 = ORIENTED_EDGE('',*,*,#2471,.T.);
#2493 = ORIENTED_EDGE('',*,*,#1524,.F.);
#2494 = ORIENTED_EDGE('',*,*,#2495,.T.);
#2495 = EDGE_CURVE('',#1496,#1446,#2496,.T.);
#2496 = SURFACE_CURVE('',#2497,(#2501,#2507),.PCURVE_S1.);
#2497 = LINE('',#2498,#2499);
#2498 = CARTESIAN_POINT('',(-24.15338146873,6.,-28.));
#2499 = VECTOR('',#2500,1.);
#2500 = DIRECTION('',(0.,0.,1.));
#2501 = PCURVE('',#747,#2502);
#2502 = DEFINITIONAL_REPRESENTATION('',(#2503),#2506);
#2503 = B_SPLINE_CURVE_WITH_KNOTS('',1,(#2504,#2505),.UNSPECIFIED.,.F.,
  .F.,(2,2),(3.72,14.28),.PIECEWISE_BEZIER_KNOTS.);
#2504 = CARTESIAN_POINT('',(5.786867945054,3.72));
#2505 = CARTESIAN_POINT('',(5.786867945054,14.28));
#2506 = ( GEOMETRIC_REPRESENTATION_CONTEXT(2) 
PARAMETRIC_REPRESENTATION_CONTEXT() REPRESENTATION_CONTEXT('2D SPACE',''
  ) );
#2507 = PCURVE('',#1512,#2508);
#2508 = DEFINITIONAL_REPRESENTATION('',(#2509),#2512);
#2509 = B_SPLINE_CURVE_WITH_KNOTS('',1,(#2510,#2511),.UNSPECIFIED.,.F.,
  .F.,(2,2),(3.72,14.28),.PIECEWISE_BEZIER_KNOTS.);
#2510 = CARTESIAN_POINT('',(-5.28,1.846618531262));
#2511 = CARTESIAN_POINT('',(5.28,1.846618531262));
#2512 = ( GEOMETRIC_REPRESENTATION_CONTEXT(2) 
PARAMETRIC_REPRESENTATION_CONTEXT() REPRESENTATION_CONTEXT('2D SPACE',''
  ) );
#2513 = ORIENTED_EDGE('',*,*,#1445,.T.);
#2514 = ADVANCED_FACE('',(#2515),#778,.F.);
#2515 = FACE_BOUND('',#2516,.F.);
#2516 = EDGE_LOOP('',(#2517,#2546,#2567,#2568));
#2517 = ORIENTED_EDGE('',*,*,#2518,.F.);
#2518 = EDGE_CURVE('',#2519,#2519,#2521,.T.);
#2519 = VERTEX_POINT('',#2520);
#2520 = CARTESIAN_POINT('',(8.,-1.959434878636E-15,3.));
#2521 = SURFACE_CURVE('',#2522,(#2527,#2534),.PCURVE_S1.);
#2522 = CIRCLE('',#2523,8.);
#2523 = AXIS2_PLACEMENT_3D('',#2524,#2525,#2526);
#2524 = CARTESIAN_POINT('',(0.,0.,3.));
#2525 = DIRECTION('',(0.,0.,1.));
#2526 = DIRECTION('',(1.,0.,-0.));
#2527 = PCURVE('',#778,#2528);
#2528 = DEFINITIONAL_REPRESENTATION('',(#2529),#2533);
#2529 = LINE('',#2530,#2531);
#2530 = CARTESIAN_POINT('',(0.,33.));
#2531 = VECTOR('',#2532,1.);
#2532 = DIRECTION('',(1.,0.));
#2533 = ( GEOMETRIC_REPRESENTATION_CONTEXT(2) 
PARAMETRIC_REPRESENTATION_CONTEXT() REPRESENTATION_CONTEXT('2D SPACE',''
  ) );
#2534 = PCURVE('',#2535,#2540);
#2535 = PLANE('',#2536);
#2536 = AXIS2_PLACEMENT_3D('',#2537,#2538,#2539);
#2537 = CARTESIAN_POINT('',(0.,0.,3.));
#2538 = DIRECTION('',(0.,0.,1.));
#2539 = DIRECTION('',(1.,0.,-0.));
#2540 = DEFINITIONAL_REPRESENTATION('',(#2541),#2545);
#2541 = CIRCLE('',#2542,8.);
#2542 = AXIS2_PLACEMENT_2D('',#2543,#2544);
#2543 = CARTESIAN_POINT('',(0.,0.));
#2544 = DIRECTION('',(1.,0.));
#2545 = ( GEOMETRIC_REPRESENTATION_CONTEXT(2) 
PARAMETRIC_REPRESENTATION_CONTEXT() REPRESENTATION_CONTEXT('2D SPACE',''
  ) );
#2546 = ORIENTED_EDGE('',*,*,#2547,.F.);
#2547 = EDGE_CURVE('',#762,#2519,#2548,.T.);
#2548 = SEAM_CURVE('',#2549,(#2553,#2560),.PCURVE_S1.);
#2549 = LINE('',#2550,#2551);
#2550 = CARTESIAN_POINT('',(8.,-1.959434878636E-15,-30.));
#2551 = VECTOR('',#2552,1.);
#2552 = DIRECTION('',(0.,0.,1.));
#2553 = PCURVE('',#778,#2554);
#2554 = DEFINITIONAL_REPRESENTATION('',(#2555),#2559);
#2555 = LINE('',#2556,#2557);
#2556 = CARTESIAN_POINT('',(6.28318530718,-0.));
#2557 = VECTOR('',#2558,1.);
#2558 = DIRECTION('',(0.,1.));
#2559 = ( GEOMETRIC_REPRESENTATION_CONTEXT(2) 
PARAMETRIC_REPRESENTATION_CONTEXT() REPRESENTATION_CONTEXT('2D SPACE',''
  ) );
#2560 = PCURVE('',#778,#2561);
#2561 = DEFINITIONAL_REPRESENTATION('',(#2562),#2566);
#2562 = LINE('',#2563,#2564);
#2563 = CARTESIAN_POINT('',(0.,-0.));
#2564 = VECTOR('',#2565,1.);
#2565 = DIRECTION('',(0.,1.));
#2566 = ( GEOMETRIC_REPRESENTATION_CONTEXT(2) 
PARAMETRIC_REPRESENTATION_CONTEXT() REPRESENTATION_CONTEXT('2D SPACE',''
  ) );
#2567 = ORIENTED_EDGE('',*,*,#761,.T.);
#2568 = ORIENTED_EDGE('',*,*,#2547,.T.);
#2569 = ADVANCED_FACE('',(#2570),#809,.F.);
#2570 = FACE_BOUND('',#2571,.F.);
#2571 = EDGE_LOOP('',(#2572,#2601,#2622,#2623));
#2572 = ORIENTED_EDGE('',*,*,#2573,.F.);
#2573 = EDGE_CURVE('',#2574,#2574,#2576,.T.);
#2574 = VERTEX_POINT('',#2575);
#2575 = CARTESIAN_POINT('',(28.3,-8.082668874373E-16,-6.5));
#2576 = SURFACE_CURVE('',#2577,(#2582,#2589),.PCURVE_S1.);
#2577 = CIRCLE('',#2578,3.3);
#2578 = AXIS2_PLACEMENT_3D('',#2579,#2580,#2581);
#2579 = CARTESIAN_POINT('',(25.,0.,-6.5));
#2580 = DIRECTION('',(0.,0.,1.));
#2581 = DIRECTION('',(1.,0.,-0.));
#2582 = PCURVE('',#809,#2583);
#2583 = DEFINITIONAL_REPRESENTATION('',(#2584),#2588);
#2584 = LINE('',#2585,#2586);
#2585 = CARTESIAN_POINT('',(0.,21.5));
#2586 = VECTOR('',#2587,1.);
#2587 = DIRECTION('',(1.,0.));
#2588 = ( GEOMETRIC_REPRESENTATION_CONTEXT(2) 
PARAMETRIC_REPRESENTATION_CONTEXT() REPRESENTATION_CONTEXT('2D SPACE',''
  ) );
#2589 = PCURVE('',#2590,#2595);
#2590 = PLANE('',#2591);
#2591 = AXIS2_PLACEMENT_3D('',#2592,#2593,#2594);
#2592 = CARTESIAN_POINT('',(25.,0.,-6.5));
#2593 = DIRECTION('',(0.,0.,1.));
#2594 = DIRECTION('',(1.,0.,-0.));
#2595 = DEFINITIONAL_REPRESENTATION('',(#2596),#2600);
#2596 = CIRCLE('',#2597,3.3);
#2597 = AXIS2_PLACEMENT_2D('',#2598,#2599);
#2598 = CARTESIAN_POINT('',(0.,0.));
#2599 = DIRECTION('',(1.,0.));
#2600 = ( GEOMETRIC_REPRESENTATION_CONTEXT(2) 
PARAMETRIC_REPRESENTATION_CONTEXT() REPRESENTATION_CONTEXT('2D SPACE',''
  ) );
#2601 = ORIENTED_EDGE('',*,*,#2602,.F.);
#2602 = EDGE_CURVE('',#793,#2574,#2603,.T.);
#2603 = SEAM_CURVE('',#2604,(#2608,#2615),.PCURVE_S1.);
#2604 = LINE('',#2605,#2606);
#2605 = CARTESIAN_POINT('',(28.3,-8.082668874373E-16,-28.));
#2606 = VECTOR('',#2607,1.);
#2607 = DIRECTION('',(0.,0.,1.));
#2608 = PCURVE('',#809,#2609);
#2609 = DEFINITIONAL_REPRESENTATION('',(#2610),#2614);
#2610 = LINE('',#2611,#2612);
#2611 = CARTESIAN_POINT('',(6.28318530718,-0.));
#2612 = VECTOR('',#2613,1.);
#2613 = DIRECTION('',(0.,1.));
#2614 = ( GEOMETRIC_REPRESENTATION_CONTEXT(2) 
PARAMETRIC_REPRESENTATION_CONTEXT() REPRESENTATION_CONTEXT('2D SPACE',''
  ) );
#2615 = PCURVE('',#809,#2616);
#2616 = DEFINITIONAL_REPRESENTATION('',(#2617),#2621);
#2617 = LINE('',#2618,#2619);
#2618 = CARTESIAN_POINT('',(0.,-0.));
#2619 = VECTOR('',#2620,1.);
#2620 = DIRECTION('',(0.,1.));
#2621 = ( GEOMETRIC_REPRESENTATION_CONTEXT(2) 
PARAMETRIC_REPRESENTATION_CONTEXT() REPRESENTATION_CONTEXT('2D SPACE',''
  ) );
#2622 = ORIENTED_EDGE('',*,*,#792,.T.);
#2623 = ORIENTED_EDGE('',*,*,#2602,.T.);
#2624 = ADVANCED_FACE('',(#2625),#840,.F.);
#2625 = FACE_BOUND('',#2626,.F.);
#2626 = EDGE_LOOP('',(#2627,#2652,#2679,#2680,#2790,#2945,#2971,#3231,
    #3252,#3253,#3254,#3304,#3330));
#2627 = ORIENTED_EDGE('',*,*,#2628,.T.);
#2628 = EDGE_CURVE('',#2629,#2631,#2633,.T.);
#2629 = VERTEX_POINT('',#2630);
#2630 = CARTESIAN_POINT('',(28.1,7.,-15.13347701416));
#2631 = VERTEX_POINT('',#2632);
#2632 = CARTESIAN_POINT('',(28.1,7.,-13.));
#2633 = SEAM_CURVE('',#2634,(#2638,#2645),.PCURVE_S1.);
#2634 = LINE('',#2635,#2636);
#2635 = CARTESIAN_POINT('',(28.1,7.,-28.));
#2636 = VECTOR('',#2637,1.);
#2637 = DIRECTION('',(0.,0.,1.));
#2638 = PCURVE('',#840,#2639);
#2639 = DEFINITIONAL_REPRESENTATION('',(#2640),#2644);
#2640 = LINE('',#2641,#2642);
#2641 = CARTESIAN_POINT('',(6.28318530718,-0.));
#2642 = VECTOR('',#2643,1.);
#2643 = DIRECTION('',(0.,1.));
#2644 = ( GEOMETRIC_REPRESENTATION_CONTEXT(2) 
PARAMETRIC_REPRESENTATION_CONTEXT() REPRESENTATION_CONTEXT('2D SPACE',''
  ) );
#2645 = PCURVE('',#840,#2646);
#2646 = DEFINITIONAL_REPRESENTATION('',(#2647),#2651);
#2647 = LINE('',#2648,#2649);
#2648 = CARTESIAN_POINT('',(0.,-0.));
#2649 = VECTOR('',#2650,1.);
#2650 = DIRECTION('',(0.,1.));
#2651 = ( GEOMETRIC_REPRESENTATION_CONTEXT(2) 
PARAMETRIC_REPRESENTATION_CONTEXT() REPRESENTATION_CONTEXT('2D SPACE',''
  ) );
#2652 = ORIENTED_EDGE('',*,*,#2653,.F.);
#2653 = EDGE_CURVE('',#2631,#2631,#2654,.T.);
#2654 = SURFACE_CURVE('',#2655,(#2660,#2667),.PCURVE_S1.);
#2655 = CIRCLE('',#2656,2.1);
#2656 = AXIS2_PLACEMENT_3D('',#2657,#2658,#2659);
#2657 = CARTESIAN_POINT('',(26.,7.,-13.));
#2658 = DIRECTION('',(0.,0.,1.));
#2659 = DIRECTION('',(1.,0.,-0.));
#2660 = PCURVE('',#840,#2661);
#2661 = DEFINITIONAL_REPRESENTATION('',(#2662),#2666);
#2662 = LINE('',#2663,#2664);
#2663 = CARTESIAN_POINT('',(0.,15.));
#2664 = VECTOR('',#2665,1.);
#2665 = DIRECTION('',(1.,0.));
#2666 = ( GEOMETRIC_REPRESENTATION_CONTEXT(2) 
PARAMETRIC_REPRESENTATION_CONTEXT() REPRESENTATION_CONTEXT('2D SPACE',''
  ) );
#2667 = PCURVE('',#2668,#2673);
#2668 = PLANE('',#2669);
#2669 = AXIS2_PLACEMENT_3D('',#2670,#2671,#2672);
#2670 = CARTESIAN_POINT('',(26.,7.,-13.));
#2671 = DIRECTION('',(0.,0.,1.));
#2672 = DIRECTION('',(1.,0.,-0.));
#2673 = DEFINITIONAL_REPRESENTATION('',(#2674),#2678);
#2674 = CIRCLE('',#2675,2.1);
#2675 = AXIS2_PLACEMENT_2D('',#2676,#2677);
#2676 = CARTESIAN_POINT('',(0.,0.));
#2677 = DIRECTION('',(1.,0.));
#2678 = ( GEOMETRIC_REPRESENTATION_CONTEXT(2) 
PARAMETRIC_REPRESENTATION_CONTEXT() REPRESENTATION_CONTEXT('2D SPACE',''
  ) );
#2679 = ORIENTED_EDGE('',*,*,#2628,.F.);
#2680 = ORIENTED_EDGE('',*,*,#2681,.T.);
#2681 = EDGE_CURVE('',#2629,#2682,#2684,.T.);
#2682 = VERTEX_POINT('',#2683);
#2683 = CARTESIAN_POINT('',(26.,9.1,-14.6));
#2684 = SURFACE_CURVE('',#2685,(#2718,#2754),.PCURVE_S1.);
#2685 = B_SPLINE_CURVE_WITH_KNOTS('',6,(#2686,#2687,#2688,#2689,#2690,
    #2691,#2692,#2693,#2694,#2695,#2696,#2697,#2698,#2699,#2700,#2701,
    #2702,#2703,#2704,#2705,#2706,#2707,#2708,#2709,#2710,#2711,#2712,
    #2713,#2714,#2715,#2716,#2717),.UNSPECIFIED.,.F.,.F.,(7,5,5,5,5,5,7)
  ,(0.,0.313833542878,0.493810691446,0.556920424229,0.640398781834,
    0.752131834053,1.),.UNSPECIFIED.);
#2686 = CARTESIAN_POINT('',(28.1,7.,-15.13347701416));
#2687 = CARTESIAN_POINT('',(28.1,7.15526255386,-15.13347701416));
#2688 = CARTESIAN_POINT('',(28.08622505168,7.310309974962,
    -15.12599553679));
#2689 = CARTESIAN_POINT('',(28.058745591062,7.464064454178,
    -15.11107069504));
#2690 = CARTESIAN_POINT('',(28.017596545911,7.615423130003,
    -15.08919849076));
#2691 = CARTESIAN_POINT('',(27.962805388408,7.763180544983,
    -15.06133040563));
#2692 = CARTESIAN_POINT('',(27.855368573779,7.987849036884,
    -15.01007648142));
#2693 = CARTESIAN_POINT('',(27.811750259088,8.068150773437,
    -14.98983657939));
#2694 = CARTESIAN_POINT('',(27.76364221157,8.146703176345,
    -14.96825473675));
#2695 = CARTESIAN_POINT('',(27.711001330089,8.223302369723,
    -14.94557707793));
#2696 = CARTESIAN_POINT('',(27.653772028899,8.297706046033,
    -14.92207841822));
#2697 = CARTESIAN_POINT('',(27.570188625876,8.39485291747,
    -14.88964119854));
#2698 = CARTESIAN_POINT('',(27.547915228095,8.419770842024,
    -14.88115579433));
#2699 = CARTESIAN_POINT('',(27.525064688755,8.444373906433,
    -14.87261915625));
#2700 = CARTESIAN_POINT('',(27.50163341624,8.468649490238,
    -14.86404468722));
#2701 = CARTESIAN_POINT('',(27.477617727989,8.492584059624,
    -14.85544630922));
#2702 = CARTESIAN_POINT('',(27.420469087706,8.547352416786,
    -14.83545244066));
#2703 = CARTESIAN_POINT('',(27.386895584963,8.577919445182,
    -14.82404996617));
#2704 = CARTESIAN_POINT('',(27.352284136052,8.607830987221,
    -14.81266438275));
#2705 = CARTESIAN_POINT('',(27.316626880523,8.637049796257,
    -14.8013311213));
#2706 = CARTESIAN_POINT('',(27.279917303692,8.66553464439,
    -14.79008770074));
#2707 = CARTESIAN_POINT('',(27.191600252241,8.730323466687,
    -14.76409803868));
#2708 = CARTESIAN_POINT('',(27.139144031445,8.766019511848,
    -14.74945074873));
#2709 = CARTESIAN_POINT('',(27.084783909909,8.800207278926,
    -14.73513164388));
#2710 = CARTESIAN_POINT('',(27.028528486894,8.832758388889,
    -14.72124589056));
#2711 = CARTESIAN_POINT('',(26.970393079755,8.863536800815,
    -14.70790291406));
#2712 = CARTESIAN_POINT('',(26.777312160841,8.956424697823,
    -14.66706907118));
#2713 = CARTESIAN_POINT('',(26.634000616415,9.011538304315,
    -14.64191900699));
#2714 = CARTESIAN_POINT('',(26.482291492558,9.054981413172,
    -14.62148590965));
#2715 = CARTESIAN_POINT('',(26.3244054108,9.084855396684,-14.60722816518
    ));
#2716 = CARTESIAN_POINT('',(26.162797251491,9.1,-14.6));
#2717 = CARTESIAN_POINT('',(26.,9.1,-14.6));
#2718 = PCURVE('',#840,#2719);
#2719 = DEFINITIONAL_REPRESENTATION('',(#2720),#2753);
#2720 = B_SPLINE_CURVE_WITH_KNOTS('',6,(#2721,#2722,#2723,#2724,#2725,
    #2726,#2727,#2728,#2729,#2730,#2731,#2732,#2733,#2734,#2735,#2736,
    #2737,#2738,#2739,#2740,#2741,#2742,#2743,#2744,#2745,#2746,#2747,
    #2748,#2749,#2750,#2751,#2752),.UNSPECIFIED.,.F.,.F.,(7,5,5,5,5,5,7)
  ,(0.,0.313833542878,0.493810691446,0.556920424229,0.640398781834,
    0.752131834053,1.),.UNSPECIFIED.);
#2721 = CARTESIAN_POINT('',(0.,12.866522985836));
#2722 = CARTESIAN_POINT('',(7.393454945722E-02,12.866522985836));
#2723 = CARTESIAN_POINT('',(0.147766607436,12.874004463207));
#2724 = CARTESIAN_POINT('',(0.221710699864,12.888929304951));
#2725 = CARTESIAN_POINT('',(0.29595816908,12.910801509235));
#2726 = CARTESIAN_POINT('',(0.370690364069,12.938669594369));
#2727 = CARTESIAN_POINT('',(0.489278621042,12.989923518579));
#2728 = CARTESIAN_POINT('',(0.532736717426,13.010163420608));
#2729 = CARTESIAN_POINT('',(0.576511103537,13.031745263246));
#2730 = CARTESIAN_POINT('',(0.620676130923,13.054422922067));
#2731 = CARTESIAN_POINT('',(0.665307772465,13.077921581779));
#2732 = CARTESIAN_POINT('',(0.72633395526,13.110358801453));
#2733 = CARTESIAN_POINT('',(0.742246191901,13.118844205664));
#2734 = CARTESIAN_POINT('',(0.758231152132,13.127380843743));
#2735 = CARTESIAN_POINT('',(0.77429288853,13.135955312771));
#2736 = CARTESIAN_POINT('',(0.790435523067,13.144553690777));
#2737 = CARTESIAN_POINT('',(0.828128458439,13.164547559336));
#2738 = CARTESIAN_POINT('',(0.849742396162,13.175950033821));
#2739 = CARTESIAN_POINT('',(0.871514902648,13.187335617247));
#2740 = CARTESIAN_POINT('',(0.893455554686,13.198668878692));
#2741 = CARTESIAN_POINT('',(0.915573663485,13.209912299259));
#2742 = CARTESIAN_POINT('',(0.967732267482,13.23590196132));
#2743 = CARTESIAN_POINT('',(0.997927461693,13.250549251262));
#2744 = CARTESIAN_POINT('',(1.028476757043,13.26486835612));
#2745 = CARTESIAN_POINT('',(1.059393996034,13.278754109434));
#2746 = CARTESIAN_POINT('',(1.090694688352,13.292097085938));
#2747 = CARTESIAN_POINT('',(1.192724432203,13.332930928819));
#2748 = CARTESIAN_POINT('',(1.265599182981,13.358080993002));
#2749 = CARTESIAN_POINT('',(1.340294716298,13.37851409035));
#2750 = CARTESIAN_POINT('',(1.416317654574,13.392771834814));
#2751 = CARTESIAN_POINT('',(1.493273826085,13.4));
#2752 = CARTESIAN_POINT('',(1.570796326795,13.4));
#2753 = ( GEOMETRIC_REPRESENTATION_CONTEXT(2) 
PARAMETRIC_REPRESENTATION_CONTEXT() REPRESENTATION_CONTEXT('2D SPACE',''
  ) );
#2754 = PCURVE('',#2141,#2755);
#2755 = DEFINITIONAL_REPRESENTATION('',(#2756),#2789);
#2756 = B_SPLINE_CURVE_WITH_KNOTS('',6,(#2757,#2758,#2759,#2760,#2761,
    #2762,#2763,#2764,#2765,#2766,#2767,#2768,#2769,#2770,#2771,#2772,
    #2773,#2774,#2775,#2776,#2777,#2778,#2779,#2780,#2781,#2782,#2783,
    #2784,#2785,#2786,#2787,#2788),.UNSPECIFIED.,.F.,.F.,(7,5,5,5,5,5,7)
  ,(0.,0.313833542878,0.493810691446,0.556920424229,0.640398781834,
    0.752131834053,1.),.UNSPECIFIED.);
#2757 = CARTESIAN_POINT('',(0.497548523672,1.));
#2758 = CARTESIAN_POINT('',(0.497548523672,1.15526255386));
#2759 = CARTESIAN_POINT('',(0.493985932046,1.310309974962));
#2760 = CARTESIAN_POINT('',(0.48687878548,1.464064454178));
#2761 = CARTESIAN_POINT('',(0.476288392105,1.615423130003));
#2762 = CARTESIAN_POINT('',(0.462322207615,1.763180544983));
#2763 = CARTESIAN_POINT('',(0.435268509592,1.987849036884));
#2764 = CARTESIAN_POINT('',(0.424340627569,2.068150773437));
#2765 = CARTESIAN_POINT('',(0.412358709126,2.146703176345));
#2766 = CARTESIAN_POINT('',(0.399334476487,2.223302369723));
#2767 = CARTESIAN_POINT('',(0.385276707462,2.297706046033));
#2768 = CARTESIAN_POINT('',(0.364900140848,2.39485291747));
#2769 = CARTESIAN_POINT('',(0.359483201742,2.419770842024));
#2770 = CARTESIAN_POINT('',(0.353939504402,2.444373906433));
#2771 = CARTESIAN_POINT('',(0.34826905569,2.468649490238));
#2772 = CARTESIAN_POINT('',(0.342471812166,2.492584059624));
#2773 = CARTESIAN_POINT('',(0.328711538269,2.547352416786));
#2774 = CARTESIAN_POINT('',(0.320653464453,2.577919445182));
#2775 = CARTESIAN_POINT('',(0.31237314723,2.607830987221));
#2776 = CARTESIAN_POINT('',(0.303870430178,2.637049796257));
#2777 = CARTESIAN_POINT('',(0.295145311863,2.66553464439));
#2778 = CARTESIAN_POINT('',(0.274222188964,2.730323466687));
#2779 = CARTESIAN_POINT('',(0.261845472397,2.766019511848));
#2780 = CARTESIAN_POINT('',(0.249071619049,2.800207278926));
#2781 = CARTESIAN_POINT('',(0.235905119129,2.832758388889));
#2782 = CARTESIAN_POINT('',(0.222350994751,2.863536800815));
#2783 = CARTESIAN_POINT('',(0.177498364174,2.956424697823));
#2784 = CARTESIAN_POINT('',(0.144449659841,3.011538304315));
#2785 = CARTESIAN_POINT('',(0.109702630647,3.054981413172));
#2786 = CARTESIAN_POINT('',(7.372856539255E-02,3.084855396684));
#2787 = CARTESIAN_POINT('',(3.699937533896E-02,3.1));
#2788 = CARTESIAN_POINT('',(0.,3.1));
#2789 = ( GEOMETRIC_REPRESENTATION_CONTEXT(2) 
PARAMETRIC_REPRESENTATION_CONTEXT() REPRESENTATION_CONTEXT('2D SPACE',''
  ) );
#2790 = ORIENTED_EDGE('',*,*,#2791,.T.);
#2791 = EDGE_CURVE('',#2682,#2792,#2794,.T.);
#2792 = VERTEX_POINT('',#2793);
#2793 = CARTESIAN_POINT('',(24.153381468738,6.,-15.00625489045));
#2794 = SURFACE_CURVE('',#2795,(#2843,#2894),.PCURVE_S1.);
#2795 = B_SPLINE_CURVE_WITH_KNOTS('',6,(#2796,#2797,#2798,#2799,#2800,
    #2801,#2802,#2803,#2804,#2805,#2806,#2807,#2808,#2809,#2810,#2811,
    #2812,#2813,#2814,#2815,#2816,#2817,#2818,#2819,#2820,#2821,#2822,
    #2823,#2824,#2825,#2826,#2827,#2828,#2829,#2830,#2831,#2832,#2833,
    #2834,#2835,#2836,#2837,#2838,#2839,#2840,#2841,#2842),
  .UNSPECIFIED.,.F.,.F.,(7,5,5,5,5,5,5,5,5,7),(0.,0.184946647513,
    0.269340518687,0.329171787327,0.376375443245,0.508356844889,
    0.741612328624,0.864493962999,0.974234485866,1.),.UNSPECIFIED.);
#2796 = CARTESIAN_POINT('',(26.,9.1,-14.6));
#2797 = CARTESIAN_POINT('',(25.836190037549,9.1,-14.6));
#2798 = CARTESIAN_POINT('',(25.673596804668,9.084666391731,
    -14.60731837474));
#2799 = CARTESIAN_POINT('',(25.514792354815,9.054426680445,
    -14.62175065671));
#2800 = CARTESIAN_POINT('',(25.362267974159,9.01046674123,
    -14.64242288306));
#2801 = CARTESIAN_POINT('',(25.218274153169,8.954724057265,
    -14.66784509565));
#2802 = CARTESIAN_POINT('',(25.023684169484,8.860482984548,
    -14.70923163797));
#2803 = CARTESIAN_POINT('',(24.964642089273,8.828974605536,
    -14.72287250719));
#2804 = CARTESIAN_POINT('',(24.907552195103,8.795638620292,
    -14.73706771283));
#2805 = CARTESIAN_POINT('',(24.852429268456,8.76061780016,-14.7517021053
    ));
#2806 = CARTESIAN_POINT('',(24.799281006144,8.724046455496,
    -14.76666524172));
#2807 = CARTESIAN_POINT('',(24.711829652305,8.659113894734,
    -14.79261966987));
#2808 = CARTESIAN_POINT('',(24.676537699571,8.631456416396,
    -14.8035012933));
#2809 = CARTESIAN_POINT('',(24.642227745353,8.603118790849,
    -14.81446195453));
#2810 = CARTESIAN_POINT('',(24.608893754171,8.574137870481,
    -14.82546797616));
#2811 = CARTESIAN_POINT('',(24.576528576213,8.544547062879,
    -14.83648748996));
#2812 = CARTESIAN_POINT('',(24.52034738268,8.490573244472,
    -14.85617117084));
#2813 = CARTESIAN_POINT('',(24.496168909101,8.466409346991,
    -14.86484153056));
#2814 = CARTESIAN_POINT('',(24.472584651698,8.441899415083,
    -14.87348672533));
#2815 = CARTESIAN_POINT('',(24.449590834786,8.417057286355,
    -14.88209249912));
#2816 = CARTESIAN_POINT('',(24.427183781888,8.391895859327,
    -14.89064513061));
#2817 = CARTESIAN_POINT('',(24.34434039538,8.295216434954,
    -14.92285913179));
#2818 = CARTESIAN_POINT('',(24.287869466834,8.221591178597,
    -14.94607232109));
#2819 = CARTESIAN_POINT('',(24.235883667862,8.145823392537,
    -14.96847799165));
#2820 = CARTESIAN_POINT('',(24.188329452611,8.06814693904,
    -14.98981074855));
#2821 = CARTESIAN_POINT('',(24.145165215804,7.98875900464,
    -15.00983261395));
#2822 = CARTESIAN_POINT('',(24.037787323765,7.764778094153,
    -15.06102892688));
#2823 = CARTESIAN_POINT('',(23.982759487254,7.616731356469,
    -15.08900928439));
#2824 = CARTESIAN_POINT('',(23.941433210364,7.465062128543,
    -15.11097358599));
#2825 = CARTESIAN_POINT('',(23.913835092144,7.310982669892,
    -15.12596287081));
#2826 = CARTESIAN_POINT('',(23.9,7.155601160445,-15.13347701416));
#2827 = CARTESIAN_POINT('',(23.9,6.918027543876,-15.13347701416));
#2828 = CARTESIAN_POINT('',(23.903839695138,6.836065862492,
    -15.13139166938));
#2829 = CARTESIAN_POINT('',(23.911517242542,6.754293525417,
    -15.12722157465));
#2830 = CARTESIAN_POINT('',(23.923027529416,6.672893055486,
    -15.12100733861));
#2831 = CARTESIAN_POINT('',(23.938360180751,6.592051201591,
    -15.11282775116));
#2832 = CARTESIAN_POINT('',(23.974588377914,6.440432356226,
    -15.09384074974));
#2833 = CARTESIAN_POINT('',(23.994712848541,6.36950692753,
    -15.08340827819));
#2834 = CARTESIAN_POINT('',(24.017865424216,6.299288044579,
    -15.07157852494));
#2835 = CARTESIAN_POINT('',(24.044043747797,6.229888244018,
    -15.05844822031));
#2836 = CARTESIAN_POINT('',(24.073247022204,6.161427786439,
    -15.04413120322));
#2837 = CARTESIAN_POINT('',(24.113040896602,6.07821208632,-15.025147094)
  );
#2838 = CARTESIAN_POINT('',(24.120774460408,6.062447356025,
    -15.02147894884));
#2839 = CARTESIAN_POINT('',(24.128675175976,6.046742241714,
    -15.01775397088));
#2840 = CARTESIAN_POINT('',(24.136743184533,6.03109822031,
    -15.01397381289));
#2841 = CARTESIAN_POINT('',(24.144978656933,6.015516775954,
    -15.01014016211));
#2842 = CARTESIAN_POINT('',(24.153381793656,5.9999994,-15.00625474022));
#2843 = PCURVE('',#840,#2844);
#2844 = DEFINITIONAL_REPRESENTATION('',(#2845),#2893);
#2845 = B_SPLINE_CURVE_WITH_KNOTS('',6,(#2846,#2847,#2848,#2849,#2850,
    #2851,#2852,#2853,#2854,#2855,#2856,#2857,#2858,#2859,#2860,#2861,
    #2862,#2863,#2864,#2865,#2866,#2867,#2868,#2869,#2870,#2871,#2872,
    #2873,#2874,#2875,#2876,#2877,#2878,#2879,#2880,#2881,#2882,#2883,
    #2884,#2885,#2886,#2887,#2888,#2889,#2890,#2891,#2892),
  .UNSPECIFIED.,.F.,.F.,(7,5,5,5,5,5,5,5,5,7),(0.,0.184946647513,
    0.269340518687,0.329171787327,0.376375443245,0.508356844889,
    0.741612328624,0.864493962999,0.974234485866,1.),.UNSPECIFIED.);
#2846 = CARTESIAN_POINT('',(1.570796326795,13.4));
#2847 = CARTESIAN_POINT('',(1.648801070819,13.4));
#2848 = CARTESIAN_POINT('',(1.726226322559,13.392681625257));
#2849 = CARTESIAN_POINT('',(1.802702340881,13.378249343286));
#2850 = CARTESIAN_POINT('',(1.877831080844,13.357577116938));
#2851 = CARTESIAN_POINT('',(1.95111304303,13.332154904347));
#2852 = CARTESIAN_POINT('',(2.054070050919,13.290768362028));
#2853 = CARTESIAN_POINT('',(2.085913879034,13.277127492808));
#2854 = CARTESIAN_POINT('',(2.117360790131,13.262932287166));
#2855 = CARTESIAN_POINT('',(2.148427536431,13.248297894694));
#2856 = CARTESIAN_POINT('',(2.179129122706,13.233334758275));
#2857 = CARTESIAN_POINT('',(2.230996686344,13.207380330125));
#2858 = CARTESIAN_POINT('',(2.25234099748,13.196498706695));
#2859 = CARTESIAN_POINT('',(2.273520775489,13.185538045464));
#2860 = CARTESIAN_POINT('',(2.294544458475,13.17453202384));
#2861 = CARTESIAN_POINT('',(2.315420698953,13.163512510035));
#2862 = CARTESIAN_POINT('',(2.352519267115,13.143828829157));
#2863 = CARTESIAN_POINT('',(2.368793834386,13.135158469434));
#2864 = CARTESIAN_POINT('',(2.384986364905,13.126513274664));
#2865 = CARTESIAN_POINT('',(2.401101084571,13.117907500879));
#2866 = CARTESIAN_POINT('',(2.417142145947,13.109354869381));
#2867 = CARTESIAN_POINT('',(2.477769885916,13.077140868203));
#2868 = CARTESIAN_POINT('',(2.521889909062,13.053927678905));
#2869 = CARTESIAN_POINT('',(2.565555138857,13.031522008346));
#2870 = CARTESIAN_POINT('',(2.608839015285,13.010189251447));
#2871 = CARTESIAN_POINT('',(2.651813433188,12.990167386047));
#2872 = CARTESIAN_POINT('',(2.770094258907,12.938971073115));
#2873 = CARTESIAN_POINT('',(2.844992692879,12.910990715601));
#2874 = CARTESIAN_POINT('',(2.91940210064,12.889026414001));
#2875 = CARTESIAN_POINT('',(2.993505715523,12.874037129188));
#2876 = CARTESIAN_POINT('',(3.067496862902,12.866522985836));
#2877 = CARTESIAN_POINT('',(3.180627156506,12.866522985836));
#2878 = CARTESIAN_POINT('',(3.219656537017,12.868608330611));
#2879 = CARTESIAN_POINT('',(3.258702778434,12.872778425341));
#2880 = CARTESIAN_POINT('',(3.297785968442,12.878992661386));
#2881 = CARTESIAN_POINT('',(3.336924881141,12.887172248838));
#2882 = CARTESIAN_POINT('',(3.411156785552,12.90615925026));
#2883 = CARTESIAN_POINT('',(3.446233188128,12.916591721804));
#2884 = CARTESIAN_POINT('',(3.481394753255,12.928421475058));
#2885 = CARTESIAN_POINT('',(3.516667700168,12.941551779687));
#2886 = CARTESIAN_POINT('',(3.552077501039,12.955868796779));
#2887 = CARTESIAN_POINT('',(3.596001794768,12.974852905992));
#2888 = CARTESIAN_POINT('',(3.604363025017,12.978521051153));
#2889 = CARTESIAN_POINT('',(3.612734031078,12.982246029114));
#2890 = CARTESIAN_POINT('',(3.621115268459,12.986026187102));
#2891 = CARTESIAN_POINT('',(3.629507208952,12.989859837886));
#2892 = CARTESIAN_POINT('',(3.637910340634,12.993745259778));
#2893 = ( GEOMETRIC_REPRESENTATION_CONTEXT(2) 
PARAMETRIC_REPRESENTATION_CONTEXT() REPRESENTATION_CONTEXT('2D SPACE',''
  ) );
#2894 = PCURVE('',#2141,#2895);
#2895 = DEFINITIONAL_REPRESENTATION('',(#2896),#2944);
#2896 = B_SPLINE_CURVE_WITH_KNOTS('',6,(#2897,#2898,#2899,#2900,#2901,
    #2902,#2903,#2904,#2905,#2906,#2907,#2908,#2909,#2910,#2911,#2912,
    #2913,#2914,#2915,#2916,#2917,#2918,#2919,#2920,#2921,#2922,#2923,
    #2924,#2925,#2926,#2927,#2928,#2929,#2930,#2931,#2932,#2933,#2934,
    #2935,#2936,#2937,#2938,#2939,#2940,#2941,#2942,#2943),
  .UNSPECIFIED.,.F.,.F.,(7,5,5,5,5,5,5,5,5,7),(0.,0.184946647513,
    0.269340518687,0.329171787327,0.376375443245,0.508356844889,
    0.741612328624,0.864493962999,0.974234485866,1.),.UNSPECIFIED.);
#2897 = CARTESIAN_POINT('',(6.28318530718,3.1));
#2898 = CARTESIAN_POINT('',(6.245955770259,3.1));
#2899 = CARTESIAN_POINT('',(6.209002698362,3.084666391731));
#2900 = CARTESIAN_POINT('',(6.172818209483,3.054426680445));
#2901 = CARTESIAN_POINT('',(6.137880972149,3.01046674123));
#2902 = CARTESIAN_POINT('',(6.104669067527,2.954724057265));
#2903 = CARTESIAN_POINT('',(6.059454869077,2.860482984548));
#2904 = CARTESIAN_POINT('',(6.045684847742,2.828974605536));
#2905 = CARTESIAN_POINT('',(6.032317468174,2.795638620292));
#2906 = CARTESIAN_POINT('',(6.019357783898,2.76061780016));
#2907 = CARTESIAN_POINT('',(6.006810292098,2.724046455496));
#2908 = CARTESIAN_POINT('',(5.98607812109,2.659113894734));
#2909 = CARTESIAN_POINT('',(5.977685072196,2.631456416396));
#2910 = CARTESIAN_POINT('',(5.969499740654,2.603118790849));
#2911 = CARTESIAN_POINT('',(5.961522104254,2.574137870481));
#2912 = CARTESIAN_POINT('',(5.953752017191,2.544547062879));
#2913 = CARTESIAN_POINT('',(5.940222561647,2.490573244472));
#2914 = CARTESIAN_POINT('',(5.934384974731,2.466409346991));
#2915 = CARTESIAN_POINT('',(5.928676353774,2.441899415083));
#2916 = CARTESIAN_POINT('',(5.923096656182,2.417057286355));
#2917 = CARTESIAN_POINT('',(5.917645892326,2.391895859327));
#2918 = CARTESIAN_POINT('',(5.897444467882,2.295216434954));
#2919 = CARTESIAN_POINT('',(5.883570672656,2.221591178597));
#2920 = CARTESIAN_POINT('',(5.870707536291,2.145823392537));
#2921 = CARTESIAN_POINT('',(5.858863584999,2.06814693904));
#2922 = CARTESIAN_POINT('',(5.848050156379,1.98875900464));
#2923 = CARTESIAN_POINT('',(5.821014181955,1.764778094153));
#2924 = CARTESIAN_POINT('',(5.80698854135,1.616731356469));
#2925 = CARTESIAN_POINT('',(5.796352766632,1.465062128543));
#2926 = CARTESIAN_POINT('',(5.789214929677,1.310982669892));
#2927 = CARTESIAN_POINT('',(5.785636783508,1.155601160445));
#2928 = CARTESIAN_POINT('',(5.785636783508,0.918027543876));
#2929 = CARTESIAN_POINT('',(5.786629828333,0.836065862492));
#2930 = CARTESIAN_POINT('',(5.788615521921,0.754293525417));
#2931 = CARTESIAN_POINT('',(5.791588365091,0.672893055486));
#2932 = CARTESIAN_POINT('',(5.795537818094,0.592051201591));
#2933 = CARTESIAN_POINT('',(5.804833768549,0.440432356226));
#2934 = CARTESIAN_POINT('',(5.809985495624,0.36950692753));
#2935 = CARTESIAN_POINT('',(5.815894360423,0.299288044579));
#2936 = CARTESIAN_POINT('',(5.822550078996,0.229888244018));
#2937 = CARTESIAN_POINT('',(5.8299414684,0.161427786439));
#2938 = CARTESIAN_POINT('',(5.839961976406,7.821208632004E-02));
#2939 = CARTESIAN_POINT('',(5.841907289373,6.244735602536E-02));
#2940 = CARTESIAN_POINT('',(5.843892463395,4.674224171364E-02));
#2941 = CARTESIAN_POINT('',(5.845917380895,3.109822030989E-02));
#2942 = CARTESIAN_POINT('',(5.847981929939,1.551677595386E-02));
#2943 = CARTESIAN_POINT('',(5.850086004229,-6.E-07));
#2944 = ( GEOMETRIC_REPRESENTATION_CONTEXT(2) 
PARAMETRIC_REPRESENTATION_CONTEXT() REPRESENTATION_CONTEXT('2D SPACE',''
  ) );
#2945 = ORIENTED_EDGE('',*,*,#2946,.F.);
#2946 = EDGE_CURVE('',#2947,#2792,#2949,.T.);
#2947 = VERTEX_POINT('',#2948);
#2948 = CARTESIAN_POINT('',(24.153381468738,6.,-22.99374510954));
#2949 = SURFACE_CURVE('',#2950,(#2954,#2960),.PCURVE_S1.);
#2950 = LINE('',#2951,#2952);
#2951 = CARTESIAN_POINT('',(24.153381468738,6.,-28.));
#2952 = VECTOR('',#2953,1.);
#2953 = DIRECTION('',(0.,0.,1.));
#2954 = PCURVE('',#840,#2955);
#2955 = DEFINITIONAL_REPRESENTATION('',(#2956),#2959);
#2956 = B_SPLINE_CURVE_WITH_KNOTS('',1,(#2957,#2958),.UNSPECIFIED.,.F.,
  .F.,(2,2),(3.72,14.28),.PIECEWISE_BEZIER_KNOTS.);
#2957 = CARTESIAN_POINT('',(3.637910015715,3.72));
#2958 = CARTESIAN_POINT('',(3.637910015715,14.28));
#2959 = ( GEOMETRIC_REPRESENTATION_CONTEXT(2) 
PARAMETRIC_REPRESENTATION_CONTEXT() REPRESENTATION_CONTEXT('2D SPACE',''
  ) );
#2960 = PCURVE('',#2961,#2966);
#2961 = PLANE('',#2962);
#2962 = AXIS2_PLACEMENT_3D('',#2963,#2964,#2965);
#2963 = CARTESIAN_POINT('',(26.,6.,-19.));
#2964 = DIRECTION('',(0.,1.,0.));
#2965 = DIRECTION('',(0.,-0.,1.));
#2966 = DEFINITIONAL_REPRESENTATION('',(#2967),#2970);
#2967 = B_SPLINE_CURVE_WITH_KNOTS('',1,(#2968,#2969),.UNSPECIFIED.,.F.,
  .F.,(2,2),(3.72,14.28),.PIECEWISE_BEZIER_KNOTS.);
#2968 = CARTESIAN_POINT('',(-5.28,-1.846618531262));
#2969 = CARTESIAN_POINT('',(5.28,-1.846618531262));
#2970 = ( GEOMETRIC_REPRESENTATION_CONTEXT(2) 
PARAMETRIC_REPRESENTATION_CONTEXT() REPRESENTATION_CONTEXT('2D SPACE',''
  ) );
#2971 = ORIENTED_EDGE('',*,*,#2972,.F.);
#2972 = EDGE_CURVE('',#2973,#2947,#2975,.T.);
#2973 = VERTEX_POINT('',#2974);
#2974 = CARTESIAN_POINT('',(28.1,7.,-22.86652298583));
#2975 = SURFACE_CURVE('',#2976,(#3059,#3145),.PCURVE_S1.);
#2976 = B_SPLINE_CURVE_WITH_KNOTS('',6,(#2977,#2978,#2979,#2980,#2981,
    #2982,#2983,#2984,#2985,#2986,#2987,#2988,#2989,#2990,#2991,#2992,
    #2993,#2994,#2995,#2996,#2997,#2998,#2999,#3000,#3001,#3002,#3003,
    #3004,#3005,#3006,#3007,#3008,#3009,#3010,#3011,#3012,#3013,#3014,
    #3015,#3016,#3017,#3018,#3019,#3020,#3021,#3022,#3023,#3024,#3025,
    #3026,#3027,#3028,#3029,#3030,#3031,#3032,#3033,#3034,#3035,#3036,
    #3037,#3038,#3039,#3040,#3041,#3042,#3043,#3044,#3045,#3046,#3047,
    #3048,#3049,#3050,#3051,#3052,#3053,#3054,#3055,#3056,#3057,#3058),
  .UNSPECIFIED.,.F.,.F.,(7,5,5,5,5,5,5,5,5,5,5,5,5,5,5,5,7),(0.,
    0.13356323739,0.210159035273,0.237017669134,0.272544909439,
    0.320096958977,0.379192487054,0.472760498342,0.532253832208,
    0.580686133855,0.615022348209,0.642111776274,0.717853805493,
    0.851715421178,0.922235238556,0.985213580852,1.),.UNSPECIFIED.);
#2977 = CARTESIAN_POINT('',(28.1,7.,-22.86652298583));
#2978 = CARTESIAN_POINT('',(28.1,7.15526255386,-22.86652298583));
#2979 = CARTESIAN_POINT('',(28.08622505168,7.310309974962,-22.8740044632
    ));
#2980 = CARTESIAN_POINT('',(28.058745591062,7.464064454178,
    -22.88892930495));
#2981 = CARTESIAN_POINT('',(28.017596545911,7.615423130003,
    -22.91080150923));
#2982 = CARTESIAN_POINT('',(27.962805388408,7.763180544983,
    -22.93866959436));
#2983 = CARTESIAN_POINT('',(27.855368573779,7.987849036884,
    -22.98992351857));
#2984 = CARTESIAN_POINT('',(27.811750259088,8.068150773437,
    -23.0101634206));
#2985 = CARTESIAN_POINT('',(27.76364221157,8.146703176345,
    -23.03174526324));
#2986 = CARTESIAN_POINT('',(27.711001330089,8.223302369723,
    -23.05442292206));
#2987 = CARTESIAN_POINT('',(27.653772028899,8.297706046033,
    -23.07792158177));
#2988 = CARTESIAN_POINT('',(27.570188625876,8.39485291747,
    -23.11035880145));
#2989 = CARTESIAN_POINT('',(27.547915228095,8.419770842024,
    -23.11884420566));
#2990 = CARTESIAN_POINT('',(27.525064688755,8.444373906433,
    -23.12738084374));
#2991 = CARTESIAN_POINT('',(27.50163341624,8.468649490238,
    -23.13595531277));
#2992 = CARTESIAN_POINT('',(27.477617727989,8.492584059624,
    -23.14455369077));
#2993 = CARTESIAN_POINT('',(27.420469087706,8.547352416786,
    -23.16454755933));
#2994 = CARTESIAN_POINT('',(27.386895584963,8.577919445182,
    -23.17595003382));
#2995 = CARTESIAN_POINT('',(27.352284136052,8.607830987221,
    -23.18733561724));
#2996 = CARTESIAN_POINT('',(27.316626880523,8.637049796257,
    -23.19866887869));
#2997 = CARTESIAN_POINT('',(27.279917303692,8.66553464439,
    -23.20991229925));
#2998 = CARTESIAN_POINT('',(27.191600252243,8.730323466685,
    -23.23590196131));
#2999 = CARTESIAN_POINT('',(27.139144031445,8.766019511849,
    -23.25054925126));
#3000 = CARTESIAN_POINT('',(27.084783909907,8.800207278927,
    -23.26486835612));
#3001 = CARTESIAN_POINT('',(27.028528486893,8.832758388889,
    -23.27875410943));
#3002 = CARTESIAN_POINT('',(26.970393079758,8.863536800814,
    -23.29209708593));
#3003 = CARTESIAN_POINT('',(26.835843724635,8.92826617289,
    -23.32055234323));
#3004 = CARTESIAN_POINT('',(26.758347730359,8.961207448091,
    -23.33532282901));
#3005 = CARTESIAN_POINT('',(26.678122261095,8.990849968462,
    -23.34883893621));
#3006 = CARTESIAN_POINT('',(26.595405390478,9.016861335925,
    -23.36085782245));
#3007 = CARTESIAN_POINT('',(26.510461641672,9.038945164915,
    -23.37116092895));
#3008 = CARTESIAN_POINT('',(26.286018373296,9.085166505079,
    -23.39286851876));
#3009 = CARTESIAN_POINT('',(26.14364710397,9.102977678507,
    -23.40140483066));
#3010 = CARTESIAN_POINT('',(25.99880458493,9.108993662949,
    -23.40433201697));
#3011 = CARTESIAN_POINT('',(25.853974981626,9.102812275028,
    -23.40132507438));
#3012 = CARTESIAN_POINT('',(25.711642759426,9.084841971554,
    -23.39271374423));
#3013 = CARTESIAN_POINT('',(25.486722569089,9.038263239345,
    -23.3708421986));
#3014 = CARTESIAN_POINT('',(25.40127148147,9.015915728969,
    -23.36041876855));
#3015 = CARTESIAN_POINT('',(25.318086009263,8.989595714684,
    -23.3482618987));
#3016 = CARTESIAN_POINT('',(25.23743316297,8.959605842101,
    -23.33459494583));
#3017 = CARTESIAN_POINT('',(25.15955280196,8.926284961765,
    -23.31966570197));
#3018 = CARTESIAN_POINT('',(25.023684169484,8.860482984548,
    -23.29076836202));
#3019 = CARTESIAN_POINT('',(24.964642089273,8.828974605536,
    -23.2771274928));
#3020 = CARTESIAN_POINT('',(24.907552195103,8.795638620292,
    -23.26293228716));
#3021 = CARTESIAN_POINT('',(24.852429268456,8.76061780016,
    -23.24829789469));
#3022 = CARTESIAN_POINT('',(24.799281006144,8.724046455496,
    -23.23333475827));
#3023 = CARTESIAN_POINT('',(24.711829652305,8.659113894734,
    -23.20738033012));
#3024 = CARTESIAN_POINT('',(24.676537699571,8.631456416396,
    -23.19649870669));
#3025 = CARTESIAN_POINT('',(24.642227745353,8.603118790849,
    -23.18553804546));
#3026 = CARTESIAN_POINT('',(24.608893754171,8.574137870481,
    -23.17453202384));
#3027 = CARTESIAN_POINT('',(24.576528576213,8.544547062879,
    -23.16351251003));
#3028 = CARTESIAN_POINT('',(24.52034738268,8.490573244472,
    -23.14382882915));
#3029 = CARTESIAN_POINT('',(24.496168909101,8.466409346991,
    -23.13515846943));
#3030 = CARTESIAN_POINT('',(24.472584651698,8.441899415083,
    -23.12651327466));
#3031 = CARTESIAN_POINT('',(24.449590834786,8.417057286355,
    -23.11790750087));
#3032 = CARTESIAN_POINT('',(24.427183781888,8.391895859327,
    -23.10935486938));
#3033 = CARTESIAN_POINT('',(24.34434039538,8.295216434954,-23.0771408682
    ));
#3034 = CARTESIAN_POINT('',(24.287869466834,8.221591178597,
    -23.0539276789));
#3035 = CARTESIAN_POINT('',(24.235883667862,8.145823392537,
    -23.03152200834));
#3036 = CARTESIAN_POINT('',(24.188329452611,8.06814693904,
    -23.01018925144));
#3037 = CARTESIAN_POINT('',(24.145165215804,7.98875900464,
    -22.99016738604));
#3038 = CARTESIAN_POINT('',(24.037787323765,7.764778094153,
    -22.93897107311));
#3039 = CARTESIAN_POINT('',(23.982759487254,7.616731356469,
    -22.9109907156));
#3040 = CARTESIAN_POINT('',(23.941433210364,7.465062128543,-22.889026414
    ));
#3041 = CARTESIAN_POINT('',(23.913835092144,7.310982669892,
    -22.87403712918));
#3042 = CARTESIAN_POINT('',(23.9,7.155601160445,-22.86652298583));
#3043 = CARTESIAN_POINT('',(23.9,6.918027543876,-22.86652298583));
#3044 = CARTESIAN_POINT('',(23.903839695138,6.836065862493,
    -22.86860833061));
#3045 = CARTESIAN_POINT('',(23.911517242542,6.754293525417,
    -22.87277842534));
#3046 = CARTESIAN_POINT('',(23.923027529416,6.672893055486,
    -22.87899266138));
#3047 = CARTESIAN_POINT('',(23.938360180751,6.592051201591,
    -22.88717224883));
#3048 = CARTESIAN_POINT('',(23.974588377914,6.440432356226,
    -22.90615925026));
#3049 = CARTESIAN_POINT('',(23.994712848541,6.36950692753,-22.9165917218
    ));
#3050 = CARTESIAN_POINT('',(24.017865424216,6.299288044579,
    -22.92842147505));
#3051 = CARTESIAN_POINT('',(24.044043747797,6.229888244018,
    -22.94155177968));
#3052 = CARTESIAN_POINT('',(24.073247022204,6.161427786439,
    -22.95586879677));
#3053 = CARTESIAN_POINT('',(24.113040896602,6.07821208632,
    -22.97485290599));
#3054 = CARTESIAN_POINT('',(24.120774460408,6.062447356025,
    -22.97852105115));
#3055 = CARTESIAN_POINT('',(24.128675175976,6.046742241714,
    -22.98224602911));
#3056 = CARTESIAN_POINT('',(24.136743184533,6.03109822031,-22.9860261871
    ));
#3057 = CARTESIAN_POINT('',(24.144978656933,6.015516775954,
    -22.98985983788));
#3058 = CARTESIAN_POINT('',(24.153381793656,5.9999994,-22.99374525977));
#3059 = PCURVE('',#840,#3060);
#3060 = DEFINITIONAL_REPRESENTATION('',(#3061),#3144);
#3061 = B_SPLINE_CURVE_WITH_KNOTS('',6,(#3062,#3063,#3064,#3065,#3066,
    #3067,#3068,#3069,#3070,#3071,#3072,#3073,#3074,#3075,#3076,#3077,
    #3078,#3079,#3080,#3081,#3082,#3083,#3084,#3085,#3086,#3087,#3088,
    #3089,#3090,#3091,#3092,#3093,#3094,#3095,#3096,#3097,#3098,#3099,
    #3100,#3101,#3102,#3103,#3104,#3105,#3106,#3107,#3108,#3109,#3110,
    #3111,#3112,#3113,#3114,#3115,#3116,#3117,#3118,#3119,#3120,#3121,
    #3122,#3123,#3124,#3125,#3126,#3127,#3128,#3129,#3130,#3131,#3132,
    #3133,#3134,#3135,#3136,#3137,#3138,#3139,#3140,#3141,#3142,#3143),
  .UNSPECIFIED.,.F.,.F.,(7,5,5,5,5,5,5,5,5,5,5,5,5,5,5,5,7),(0.,
    0.13356323739,0.210159035273,0.237017669134,0.272544909439,
    0.320096958977,0.379192487054,0.472760498342,0.532253832208,
    0.580686133855,0.615022348209,0.642111776274,0.717853805493,
    0.851715421178,0.922235238556,0.985213580852,1.),.UNSPECIFIED.);
#3062 = CARTESIAN_POINT('',(0.,5.133477014164));
#3063 = CARTESIAN_POINT('',(7.39345494572E-02,5.133477014164));
#3064 = CARTESIAN_POINT('',(0.147766607436,5.125995536793));
#3065 = CARTESIAN_POINT('',(0.221710699864,5.111070695049));
#3066 = CARTESIAN_POINT('',(0.29595816908,5.089198490765));
#3067 = CARTESIAN_POINT('',(0.370690364069,5.061330405631));
#3068 = CARTESIAN_POINT('',(0.489278621042,5.010076481421));
#3069 = CARTESIAN_POINT('',(0.532736717426,4.989836579392));
#3070 = CARTESIAN_POINT('',(0.576511103537,4.968254736754));
#3071 = CARTESIAN_POINT('',(0.620676130923,4.945577077933));
#3072 = CARTESIAN_POINT('',(0.665307772465,4.922078418221));
#3073 = CARTESIAN_POINT('',(0.72633395526,4.889641198547));
#3074 = CARTESIAN_POINT('',(0.742246191901,4.881155794336));
#3075 = CARTESIAN_POINT('',(0.758231152132,4.872619156257));
#3076 = CARTESIAN_POINT('',(0.77429288853,4.864044687229));
#3077 = CARTESIAN_POINT('',(0.790435523067,4.855446309223));
#3078 = CARTESIAN_POINT('',(0.828128458439,4.835452440664));
#3079 = CARTESIAN_POINT('',(0.849742396162,4.824049966179));
#3080 = CARTESIAN_POINT('',(0.871514902648,4.812664382753));
#3081 = CARTESIAN_POINT('',(0.893455554686,4.801331121308));
#3082 = CARTESIAN_POINT('',(0.915573663485,4.790087700741));
#3083 = CARTESIAN_POINT('',(0.96773226748,4.764098038681));
#3084 = CARTESIAN_POINT('',(0.997927461693,4.749450748738));
#3085 = CARTESIAN_POINT('',(1.028476757045,4.735131643879));
#3086 = CARTESIAN_POINT('',(1.059393996034,4.721245890566));
#3087 = CARTESIAN_POINT('',(1.090694688351,4.707902914063));
#3088 = CARTESIAN_POINT('',(1.161794599806,4.679447656766));
#3089 = CARTESIAN_POINT('',(1.2018496835,4.664677170981));
#3090 = CARTESIAN_POINT('',(1.242505211552,4.651161063783));
#3091 = CARTESIAN_POINT('',(1.283718567943,4.639142177543));
#3092 = CARTESIAN_POINT('',(1.325457774884,4.628839071045));
#3093 = CARTESIAN_POINT('',(1.434578350401,4.607131481238));
#3094 = CARTESIAN_POINT('',(1.502691421588,4.598595169338));
#3095 = CARTESIAN_POINT('',(1.571363113272,4.595667983029));
#3096 = CARTESIAN_POINT('',(1.640032032357,4.59867492562));
#3097 = CARTESIAN_POINT('',(1.708136288764,4.607286255762));
#3098 = CARTESIAN_POINT('',(1.817513696418,4.629157801394));
#3099 = CARTESIAN_POINT('',(1.8595172787,4.639581231447));
#3100 = CARTESIAN_POINT('',(1.90098619857,4.651738101298));
#3101 = CARTESIAN_POINT('',(1.941888745701,4.665405054163));
#3102 = CARTESIAN_POINT('',(1.982182343234,4.68033429803));
#3103 = CARTESIAN_POINT('',(2.054070050919,4.709231637972));
#3104 = CARTESIAN_POINT('',(2.085913879034,4.722872507192));
#3105 = CARTESIAN_POINT('',(2.117360790131,4.737067712834));
#3106 = CARTESIAN_POINT('',(2.148427536431,4.751702105306));
#3107 = CARTESIAN_POINT('',(2.179129122706,4.766665241725));
#3108 = CARTESIAN_POINT('',(2.230996686344,4.792619669875));
#3109 = CARTESIAN_POINT('',(2.25234099748,4.803501293305));
#3110 = CARTESIAN_POINT('',(2.273520775489,4.814461954536));
#3111 = CARTESIAN_POINT('',(2.294544458475,4.82546797616));
#3112 = CARTESIAN_POINT('',(2.315420698953,4.836487489965));
#3113 = CARTESIAN_POINT('',(2.352519267115,4.856171170843));
#3114 = CARTESIAN_POINT('',(2.368793834386,4.864841530566));
#3115 = CARTESIAN_POINT('',(2.384986364905,4.873486725336));
#3116 = CARTESIAN_POINT('',(2.401101084571,4.882092499121));
#3117 = CARTESIAN_POINT('',(2.417142145947,4.890645130619));
#3118 = CARTESIAN_POINT('',(2.477769885916,4.922859131797));
#3119 = CARTESIAN_POINT('',(2.521889909062,4.946072321095));
#3120 = CARTESIAN_POINT('',(2.565555138857,4.968477991654));
#3121 = CARTESIAN_POINT('',(2.608839015285,4.989810748553));
#3122 = CARTESIAN_POINT('',(2.651813433188,5.009832613953));
#3123 = CARTESIAN_POINT('',(2.770094258907,5.061028926885));
#3124 = CARTESIAN_POINT('',(2.844992692879,5.089009284399));
#3125 = CARTESIAN_POINT('',(2.91940210064,5.110973585999));
#3126 = CARTESIAN_POINT('',(2.993505715523,5.125962870812));
#3127 = CARTESIAN_POINT('',(3.067496862902,5.133477014164));
#3128 = CARTESIAN_POINT('',(3.180627156506,5.133477014164));
#3129 = CARTESIAN_POINT('',(3.219656537017,5.131391669389));
#3130 = CARTESIAN_POINT('',(3.258702778434,5.127221574659));
#3131 = CARTESIAN_POINT('',(3.297785968442,5.121007338614));
#3132 = CARTESIAN_POINT('',(3.336924881141,5.112827751162));
#3133 = CARTESIAN_POINT('',(3.411156785552,5.09384074974));
#3134 = CARTESIAN_POINT('',(3.446233188128,5.083408278196));
#3135 = CARTESIAN_POINT('',(3.481394753255,5.071578524942));
#3136 = CARTESIAN_POINT('',(3.516667700168,5.058448220313));
#3137 = CARTESIAN_POINT('',(3.552077501039,5.044131203221));
#3138 = CARTESIAN_POINT('',(3.596001794768,5.025147094008));
#3139 = CARTESIAN_POINT('',(3.604363025017,5.021478948847));
#3140 = CARTESIAN_POINT('',(3.612734031078,5.017753970886));
#3141 = CARTESIAN_POINT('',(3.621115268459,5.013973812898));
#3142 = CARTESIAN_POINT('',(3.629507208952,5.010140162114));
#3143 = CARTESIAN_POINT('',(3.637910340634,5.006254740222));
#3144 = ( GEOMETRIC_REPRESENTATION_CONTEXT(2) 
PARAMETRIC_REPRESENTATION_CONTEXT() REPRESENTATION_CONTEXT('2D SPACE',''
  ) );
#3145 = PCURVE('',#2141,#3146);
#3146 = DEFINITIONAL_REPRESENTATION('',(#3147),#3230);
#3147 = B_SPLINE_CURVE_WITH_KNOTS('',6,(#3148,#3149,#3150,#3151,#3152,
    #3153,#3154,#3155,#3156,#3157,#3158,#3159,#3160,#3161,#3162,#3163,
    #3164,#3165,#3166,#3167,#3168,#3169,#3170,#3171,#3172,#3173,#3174,
    #3175,#3176,#3177,#3178,#3179,#3180,#3181,#3182,#3183,#3184,#3185,
    #3186,#3187,#3188,#3189,#3190,#3191,#3192,#3193,#3194,#3195,#3196,
    #3197,#3198,#3199,#3200,#3201,#3202,#3203,#3204,#3205,#3206,#3207,
    #3208,#3209,#3210,#3211,#3212,#3213,#3214,#3215,#3216,#3217,#3218,
    #3219,#3220,#3221,#3222,#3223,#3224,#3225,#3226,#3227,#3228,#3229),
  .UNSPECIFIED.,.F.,.F.,(7,5,5,5,5,5,5,5,5,5,5,5,5,5,5,5,7),(0.,
    0.13356323739,0.210159035273,0.237017669134,0.272544909439,
    0.320096958977,0.379192487054,0.472760498342,0.532253832208,
    0.580686133855,0.615022348209,0.642111776274,0.717853805493,
    0.851715421178,0.922235238556,0.985213580852,1.),.UNSPECIFIED.);
#3148 = CARTESIAN_POINT('',(2.644044129918,1.));
#3149 = CARTESIAN_POINT('',(2.644044129918,1.15526255386));
#3150 = CARTESIAN_POINT('',(2.647606721544,1.310309974962));
#3151 = CARTESIAN_POINT('',(2.65471386811,1.464064454178));
#3152 = CARTESIAN_POINT('',(2.665304261485,1.615423130003));
#3153 = CARTESIAN_POINT('',(2.679270445975,1.763180544983));
#3154 = CARTESIAN_POINT('',(2.706324143998,1.987849036884));
#3155 = CARTESIAN_POINT('',(2.717252026021,2.068150773437));
#3156 = CARTESIAN_POINT('',(2.729233944463,2.146703176345));
#3157 = CARTESIAN_POINT('',(2.742258177103,2.223302369723));
#3158 = CARTESIAN_POINT('',(2.756315946128,2.297706046033));
#3159 = CARTESIAN_POINT('',(2.776692512742,2.39485291747));
#3160 = CARTESIAN_POINT('',(2.782109451848,2.419770842024));
#3161 = CARTESIAN_POINT('',(2.787653149188,2.444373906433));
#3162 = CARTESIAN_POINT('',(2.7933235979,2.468649490238));
#3163 = CARTESIAN_POINT('',(2.799120841424,2.492584059624));
#3164 = CARTESIAN_POINT('',(2.81288111532,2.547352416786));
#3165 = CARTESIAN_POINT('',(2.820939189136,2.577919445182));
#3166 = CARTESIAN_POINT('',(2.82921950636,2.607830987221));
#3167 = CARTESIAN_POINT('',(2.837722223412,2.637049796257));
#3168 = CARTESIAN_POINT('',(2.846447341727,2.66553464439));
#3169 = CARTESIAN_POINT('',(2.867370464625,2.730323466685));
#3170 = CARTESIAN_POINT('',(2.879747181193,2.766019511849));
#3171 = CARTESIAN_POINT('',(2.892521034541,2.800207278927));
#3172 = CARTESIAN_POINT('',(2.905687534461,2.832758388889));
#3173 = CARTESIAN_POINT('',(2.919241658838,2.863536800814));
#3174 = CARTESIAN_POINT('',(2.950497427423,2.92826617289));
#3175 = CARTESIAN_POINT('',(2.96842361095,2.961207448091));
#3176 = CARTESIAN_POINT('',(2.986907012345,2.990849968462));
#3177 = CARTESIAN_POINT('',(3.005896048082,3.016861335925));
#3178 = CARTESIAN_POINT('',(3.02533718636,3.038945164915));
#3179 = CARTESIAN_POINT('',(3.076585044697,3.085166505079));
#3180 = CARTESIAN_POINT('',(3.108978699124,3.102977678507));
#3181 = CARTESIAN_POINT('',(3.141864063605,3.108993662949));
#3182 = CARTESIAN_POINT('',(3.174746883323,3.102812275028));
#3183 = CARTESIAN_POINT('',(3.207132736483,3.084841971554));
#3184 = CARTESIAN_POINT('',(3.258492076875,3.038263239345));
#3185 = CARTESIAN_POINT('',(3.278050866634,3.015915728969));
#3186 = CARTESIAN_POINT('',(3.297149676024,2.989595714684));
#3187 = CARTESIAN_POINT('',(3.315734456401,2.959605842101));
#3188 = CARTESIAN_POINT('',(3.333753166069,2.926284961765));
#3189 = CARTESIAN_POINT('',(3.365323091693,2.860482984548));
#3190 = CARTESIAN_POINT('',(3.379093113028,2.828974605536));
#3191 = CARTESIAN_POINT('',(3.392460492596,2.795638620292));
#3192 = CARTESIAN_POINT('',(3.405420176872,2.76061780016));
#3193 = CARTESIAN_POINT('',(3.417967668671,2.724046455496));
#3194 = CARTESIAN_POINT('',(3.43869983968,2.659113894734));
#3195 = CARTESIAN_POINT('',(3.447092888574,2.631456416396));
#3196 = CARTESIAN_POINT('',(3.455278220115,2.603118790849));
#3197 = CARTESIAN_POINT('',(3.463255856516,2.574137870481));
#3198 = CARTESIAN_POINT('',(3.471025943578,2.544547062879));
#3199 = CARTESIAN_POINT('',(3.484555399123,2.490573244472));
#3200 = CARTESIAN_POINT('',(3.490392986038,2.466409346991));
#3201 = CARTESIAN_POINT('',(3.496101606995,2.441899415083));
#3202 = CARTESIAN_POINT('',(3.501681304587,2.417057286355));
#3203 = CARTESIAN_POINT('',(3.507132068443,2.391895859327));
#3204 = CARTESIAN_POINT('',(3.527333492888,2.295216434954));
#3205 = CARTESIAN_POINT('',(3.541207288113,2.221591178597));
#3206 = CARTESIAN_POINT('',(3.554070424478,2.145823392537));
#3207 = CARTESIAN_POINT('',(3.56591437577,2.06814693904));
#3208 = CARTESIAN_POINT('',(3.576727804391,1.98875900464));
#3209 = CARTESIAN_POINT('',(3.603763778815,1.764778094153));
#3210 = CARTESIAN_POINT('',(3.617789419419,1.616731356469));
#3211 = CARTESIAN_POINT('',(3.628425194138,1.465062128543));
#3212 = CARTESIAN_POINT('',(3.635563031093,1.310982669892));
#3213 = CARTESIAN_POINT('',(3.639141177262,1.155601160445));
#3214 = CARTESIAN_POINT('',(3.639141177262,0.918027543876));
#3215 = CARTESIAN_POINT('',(3.638148132436,0.836065862493));
#3216 = CARTESIAN_POINT('',(3.636162438849,0.754293525417));
#3217 = CARTESIAN_POINT('',(3.633189595678,0.672893055486));
#3218 = CARTESIAN_POINT('',(3.629240142676,0.592051201591));
#3219 = CARTESIAN_POINT('',(3.61994419222,0.440432356226));
#3220 = CARTESIAN_POINT('',(3.614792465146,0.36950692753));
#3221 = CARTESIAN_POINT('',(3.608883600346,0.299288044579));
#3222 = CARTESIAN_POINT('',(3.602227881773,0.229888244018));
#3223 = CARTESIAN_POINT('',(3.594836492369,0.161427786439));
#3224 = CARTESIAN_POINT('',(3.584815984363,7.821208632004E-02));
#3225 = CARTESIAN_POINT('',(3.582870671396,6.244735602536E-02));
#3226 = CARTESIAN_POINT('',(3.580885497375,4.674224171364E-02));
#3227 = CARTESIAN_POINT('',(3.578860579874,3.109822030989E-02));
#3228 = CARTESIAN_POINT('',(3.576796030831,1.551677595386E-02));
#3229 = CARTESIAN_POINT('',(3.57469195654,-6.E-07));
#3230 = ( GEOMETRIC_REPRESENTATION_CONTEXT(2) 
PARAMETRIC_REPRESENTATION_CONTEXT() REPRESENTATION_CONTEXT('2D SPACE',''
  ) );
#3231 = ORIENTED_EDGE('',*,*,#3232,.F.);
#3232 = EDGE_CURVE('',#824,#2973,#3233,.T.);
#3233 = SEAM_CURVE('',#3234,(#3238,#3245),.PCURVE_S1.);
#3234 = LINE('',#3235,#3236);
#3235 = CARTESIAN_POINT('',(28.1,7.,-28.));
#3236 = VECTOR('',#3237,1.);
#3237 = DIRECTION('',(0.,0.,1.));
#3238 = PCURVE('',#840,#3239);
#3239 = DEFINITIONAL_REPRESENTATION('',(#3240),#3244);
#3240 = LINE('',#3241,#3242);
#3241 = CARTESIAN_POINT('',(6.28318530718,-0.));
#3242 = VECTOR('',#3243,1.);
#3243 = DIRECTION('',(0.,1.));
#3244 = ( GEOMETRIC_REPRESENTATION_CONTEXT(2) 
PARAMETRIC_REPRESENTATION_CONTEXT() REPRESENTATION_CONTEXT('2D SPACE',''
  ) );
#3245 = PCURVE('',#840,#3246);
#3246 = DEFINITIONAL_REPRESENTATION('',(#3247),#3251);
#3247 = LINE('',#3248,#3249);
#3248 = CARTESIAN_POINT('',(0.,-0.));
#3249 = VECTOR('',#3250,1.);
#3250 = DIRECTION('',(0.,1.));
#3251 = ( GEOMETRIC_REPRESENTATION_CONTEXT(2) 
PARAMETRIC_REPRESENTATION_CONTEXT() REPRESENTATION_CONTEXT('2D SPACE',''
  ) );
#3252 = ORIENTED_EDGE('',*,*,#823,.T.);
#3253 = ORIENTED_EDGE('',*,*,#3232,.T.);
#3254 = ORIENTED_EDGE('',*,*,#3255,.F.);
#3255 = EDGE_CURVE('',#3256,#2973,#3258,.T.);
#3256 = VERTEX_POINT('',#3257);
#3257 = CARTESIAN_POINT('',(27.846618531262,6.,-22.99374510954));
#3258 = SURFACE_CURVE('',#3259,(#3272,#3288),.PCURVE_S1.);
#3259 = B_SPLINE_CURVE_WITH_KNOTS('',6,(#3260,#3261,#3262,#3263,#3264,
    #3265,#3266,#3267,#3268,#3269,#3270,#3271),.UNSPECIFIED.,.F.,.F.,(7,
    5,7),(0.,9.890746244603E-02,1.),.UNSPECIFIED.);
#3260 = CARTESIAN_POINT('',(27.846618206344,5.9999994,-22.99374525977));
#3261 = CARTESIAN_POINT('',(27.854948776435,6.015382773171,
    -22.98989339106));
#3262 = CARTESIAN_POINT('',(27.863114567069,6.030829116042,
    -22.98609240242));
#3263 = CARTESIAN_POINT('',(27.871115771303,6.046336971159,
    -22.98234397238));
#3264 = CARTESIAN_POINT('',(27.878952555048,6.061904890884,
    -22.97864974552));
#3265 = CARTESIAN_POINT('',(27.886625057063,6.077531437404,
    -22.97501133241));
#3266 = CARTESIAN_POINT('',(27.962537750689,6.236101326206,
    -22.93880554346));
#3267 = CARTESIAN_POINT('',(28.01743649166,6.383987213115,
    -22.91088672039));
#3268 = CARTESIAN_POINT('',(28.058667364274,6.5354913364,-22.88897178459
    ));
#3269 = CARTESIAN_POINT('',(28.086200089427,6.689398562813,
    -22.87401802333));
#3270 = CARTESIAN_POINT('',(28.1,6.844596869689,-22.86652298583));
#3271 = CARTESIAN_POINT('',(28.1,7.,-22.86652298583));
#3272 = PCURVE('',#840,#3273);
#3273 = DEFINITIONAL_REPRESENTATION('',(#3274),#3287);
#3274 = B_SPLINE_CURVE_WITH_KNOTS('',6,(#3275,#3276,#3277,#3278,#3279,
    #3280,#3281,#3282,#3283,#3284,#3285,#3286),.UNSPECIFIED.,.F.,.F.,(7,
    5,7),(0.,9.890746244603E-02,1.),.UNSPECIFIED.);
#3275 = CARTESIAN_POINT('',(5.786867620136,5.006254740222));
#3276 = CARTESIAN_POINT('',(5.795198185229,5.010106608932));
#3277 = CARTESIAN_POINT('',(5.803517753237,5.013907597573));
#3278 = CARTESIAN_POINT('',(5.811826797332,5.017656027611));
#3279 = CARTESIAN_POINT('',(5.82012577649,5.02135025448));
#3280 = CARTESIAN_POINT('',(5.828415135482,5.024988667584));
#3281 = CARTESIAN_POINT('',(5.912131461759,5.061194456539));
#3282 = CARTESIAN_POINT('',(5.986937995782,5.089113279606));
#3283 = CARTESIAN_POINT('',(6.061261096264,5.111028215409));
#3284 = CARTESIAN_POINT('',(6.135279908047,5.125981976665));
#3285 = CARTESIAN_POINT('',(6.209183816555,5.133477014164));
#3286 = CARTESIAN_POINT('',(6.28318530718,5.133477014164));
#3287 = ( GEOMETRIC_REPRESENTATION_CONTEXT(2) 
PARAMETRIC_REPRESENTATION_CONTEXT() REPRESENTATION_CONTEXT('2D SPACE',''
  ) );
#3288 = PCURVE('',#2141,#3289);
#3289 = DEFINITIONAL_REPRESENTATION('',(#3290),#3303);
#3290 = B_SPLINE_CURVE_WITH_KNOTS('',6,(#3291,#3292,#3293,#3294,#3295,
    #3296,#3297,#3298,#3299,#3300,#3301,#3302),.UNSPECIFIED.,.F.,.F.,(7,
    5,7),(0.,9.890746244603E-02,1.),.UNSPECIFIED.);
#3291 = CARTESIAN_POINT('',(2.708493350639,-6.E-07));
#3292 = CARTESIAN_POINT('',(2.706407446419,1.538277317056E-02));
#3293 = CARTESIAN_POINT('',(2.704360387341,3.082911604248E-02));
#3294 = CARTESIAN_POINT('',(2.702352277542,4.633697115891E-02));
#3295 = CARTESIAN_POINT('',(2.70038322624,6.19048908843E-02));
#3296 = CARTESIAN_POINT('',(2.69845334773,7.753143740435E-02));
#3297 = CARTESIAN_POINT('',(2.679338649069,0.236101326206));
#3298 = CARTESIAN_POINT('',(2.665345469838,0.383987213115));
#3299 = CARTESIAN_POINT('',(2.654734096843,0.5354913364));
#3300 = CARTESIAN_POINT('',(2.647613179088,0.689398562813));
#3301 = CARTESIAN_POINT('',(2.644044129918,0.844596869689));
#3302 = CARTESIAN_POINT('',(2.644044129918,1.));
#3303 = ( GEOMETRIC_REPRESENTATION_CONTEXT(2) 
PARAMETRIC_REPRESENTATION_CONTEXT() REPRESENTATION_CONTEXT('2D SPACE',''
  ) );
#3304 = ORIENTED_EDGE('',*,*,#3305,.T.);
#3305 = EDGE_CURVE('',#3256,#3306,#3308,.T.);
#3306 = VERTEX_POINT('',#3307);
#3307 = CARTESIAN_POINT('',(27.846618531262,6.,-15.00625489045));
#3308 = SURFACE_CURVE('',#3309,(#3313,#3319),.PCURVE_S1.);
#3309 = LINE('',#3310,#3311);
#3310 = CARTESIAN_POINT('',(27.846618531262,6.,-28.));
#3311 = VECTOR('',#3312,1.);
#3312 = DIRECTION('',(0.,0.,1.));
#3313 = PCURVE('',#840,#3314);
#3314 = DEFINITIONAL_REPRESENTATION('',(#3315),#3318);
#3315 = B_SPLINE_CURVE_WITH_KNOTS('',1,(#3316,#3317),.UNSPECIFIED.,.F.,
  .F.,(2,2),(3.72,14.28),.PIECEWISE_BEZIER_KNOTS.);
#3316 = CARTESIAN_POINT('',(5.786867945054,3.72));
#3317 = CARTESIAN_POINT('',(5.786867945054,14.28));
#3318 = ( GEOMETRIC_REPRESENTATION_CONTEXT(2) 
PARAMETRIC_REPRESENTATION_CONTEXT() REPRESENTATION_CONTEXT('2D SPACE',''
  ) );
#3319 = PCURVE('',#3320,#3325);
#3320 = PLANE('',#3321);
#3321 = AXIS2_PLACEMENT_3D('',#3322,#3323,#3324);
#3322 = CARTESIAN_POINT('',(26.,6.,-19.));
#3323 = DIRECTION('',(0.,1.,0.));
#3324 = DIRECTION('',(0.,-0.,1.));
#3325 = DEFINITIONAL_REPRESENTATION('',(#3326),#3329);
#3326 = B_SPLINE_CURVE_WITH_KNOTS('',1,(#3327,#3328),.UNSPECIFIED.,.F.,
  .F.,(2,2),(3.72,14.28),.PIECEWISE_BEZIER_KNOTS.);
#3327 = CARTESIAN_POINT('',(-5.28,1.846618531262));
#3328 = CARTESIAN_POINT('',(5.28,1.846618531262));
#3329 = ( GEOMETRIC_REPRESENTATION_CONTEXT(2) 
PARAMETRIC_REPRESENTATION_CONTEXT() REPRESENTATION_CONTEXT('2D SPACE',''
  ) );
#3330 = ORIENTED_EDGE('',*,*,#3331,.T.);
#3331 = EDGE_CURVE('',#3306,#2629,#3332,.T.);
#3332 = SURFACE_CURVE('',#3333,(#3346,#3362),.PCURVE_S1.);
#3333 = B_SPLINE_CURVE_WITH_KNOTS('',6,(#3334,#3335,#3336,#3337,#3338,
    #3339,#3340,#3341,#3342,#3343,#3344,#3345),.UNSPECIFIED.,.F.,.F.,(7,
    5,7),(0.,9.890746244598E-02,1.),.UNSPECIFIED.);
#3334 = CARTESIAN_POINT('',(27.846618206344,5.9999994,-15.00625474022));
#3335 = CARTESIAN_POINT('',(27.854948776435,6.015382773171,
    -15.01010660893));
#3336 = CARTESIAN_POINT('',(27.863114567069,6.030829116042,
    -15.01390759757));
#3337 = CARTESIAN_POINT('',(27.871115771303,6.046336971159,
    -15.01765602761));
#3338 = CARTESIAN_POINT('',(27.878952555048,6.061904890884,
    -15.02135025448));
#3339 = CARTESIAN_POINT('',(27.886625057063,6.077531437404,
    -15.02498866758));
#3340 = CARTESIAN_POINT('',(27.962537750689,6.236101326206,
    -15.06119445653));
#3341 = CARTESIAN_POINT('',(28.01743649166,6.383987213115,-15.0891132796
    ));
#3342 = CARTESIAN_POINT('',(28.058667364274,6.5354913364,-15.1110282154)
  );
#3343 = CARTESIAN_POINT('',(28.086200089427,6.689398562812,
    -15.12598197666));
#3344 = CARTESIAN_POINT('',(28.1,6.844596869689,-15.13347701416));
#3345 = CARTESIAN_POINT('',(28.1,7.,-15.13347701416));
#3346 = PCURVE('',#840,#3347);
#3347 = DEFINITIONAL_REPRESENTATION('',(#3348),#3361);
#3348 = B_SPLINE_CURVE_WITH_KNOTS('',6,(#3349,#3350,#3351,#3352,#3353,
    #3354,#3355,#3356,#3357,#3358,#3359,#3360),.UNSPECIFIED.,.F.,.F.,(7,
    5,7),(0.,9.890746244598E-02,1.),.UNSPECIFIED.);
#3349 = CARTESIAN_POINT('',(5.786867620136,12.993745259778));
#3350 = CARTESIAN_POINT('',(5.795198185229,12.989893391068));
#3351 = CARTESIAN_POINT('',(5.803517753237,12.986092402427));
#3352 = CARTESIAN_POINT('',(5.811826797332,12.982343972389));
#3353 = CARTESIAN_POINT('',(5.82012577649,12.97864974552));
#3354 = CARTESIAN_POINT('',(5.828415135482,12.975011332416));
#3355 = CARTESIAN_POINT('',(5.912131461759,12.938805543461));
#3356 = CARTESIAN_POINT('',(5.986937995782,12.910886720394));
#3357 = CARTESIAN_POINT('',(6.061261096264,12.888971784591));
#3358 = CARTESIAN_POINT('',(6.135279908047,12.874018023335));
#3359 = CARTESIAN_POINT('',(6.209183816555,12.866522985836));
#3360 = CARTESIAN_POINT('',(6.28318530718,12.866522985836));
#3361 = ( GEOMETRIC_REPRESENTATION_CONTEXT(2) 
PARAMETRIC_REPRESENTATION_CONTEXT() REPRESENTATION_CONTEXT('2D SPACE',''
  ) );
#3362 = PCURVE('',#2141,#3363);
#3363 = DEFINITIONAL_REPRESENTATION('',(#3364),#3377);
#3364 = B_SPLINE_CURVE_WITH_KNOTS('',6,(#3365,#3366,#3367,#3368,#3369,
    #3370,#3371,#3372,#3373,#3374,#3375,#3376),.UNSPECIFIED.,.F.,.F.,(7,
    5,7),(0.,9.890746244598E-02,1.),.UNSPECIFIED.);
#3365 = CARTESIAN_POINT('',(0.433099302951,-6.E-07));
#3366 = CARTESIAN_POINT('',(0.435185207171,1.538277317056E-02));
#3367 = CARTESIAN_POINT('',(0.437232266249,3.082911604248E-02));
#3368 = CARTESIAN_POINT('',(0.439240376048,4.633697115892E-02));
#3369 = CARTESIAN_POINT('',(0.44120942735,6.19048908843E-02));
#3370 = CARTESIAN_POINT('',(0.443139305859,7.753143740435E-02));
#3371 = CARTESIAN_POINT('',(0.462254004521,0.236101326206));
#3372 = CARTESIAN_POINT('',(0.476247183752,0.383987213115));
#3373 = CARTESIAN_POINT('',(0.486858556747,0.5354913364));
#3374 = CARTESIAN_POINT('',(0.493979474502,0.689398562812));
#3375 = CARTESIAN_POINT('',(0.497548523672,0.844596869689));
#3376 = CARTESIAN_POINT('',(0.497548523672,1.));
#3377 = ( GEOMETRIC_REPRESENTATION_CONTEXT(2) 
PARAMETRIC_REPRESENTATION_CONTEXT() REPRESENTATION_CONTEXT('2D SPACE',''
  ) );
#3378 = ADVANCED_FACE('',(#3379,#3410),#895,.T.);
#3379 = FACE_BOUND('',#3380,.T.);
#3380 = EDGE_LOOP('',(#3381));
#3381 = ORIENTED_EDGE('',*,*,#3382,.T.);
#3382 = EDGE_CURVE('',#3383,#3383,#3385,.T.);
#3383 = VERTEX_POINT('',#3384);
#3384 = CARTESIAN_POINT('',(5.5,-25.,-6.5));
#3385 = SURFACE_CURVE('',#3386,(#3391,#3398),.PCURVE_S1.);
#3386 = CIRCLE('',#3387,5.5);
#3387 = AXIS2_PLACEMENT_3D('',#3388,#3389,#3390);
#3388 = CARTESIAN_POINT('',(-4.592425496803E-15,-25.,-6.5));
#3389 = DIRECTION('',(0.,0.,1.));
#3390 = DIRECTION('',(1.,0.,-0.));
#3391 = PCURVE('',#895,#3392);
#3392 = DEFINITIONAL_REPRESENTATION('',(#3393),#3397);
#3393 = CIRCLE('',#3394,5.5);
#3394 = AXIS2_PLACEMENT_2D('',#3395,#3396);
#3395 = CARTESIAN_POINT('',(0.,0.));
#3396 = DIRECTION('',(1.,0.));
#3397 = ( GEOMETRIC_REPRESENTATION_CONTEXT(2) 
PARAMETRIC_REPRESENTATION_CONTEXT() REPRESENTATION_CONTEXT('2D SPACE',''
  ) );
#3398 = PCURVE('',#3399,#3404);
#3399 = CYLINDRICAL_SURFACE('',#3400,5.5);
#3400 = AXIS2_PLACEMENT_3D('',#3401,#3402,#3403);
#3401 = CARTESIAN_POINT('',(-4.592425496803E-15,-25.,-6.5));
#3402 = DIRECTION('',(0.,0.,1.));
#3403 = DIRECTION('',(1.,0.,-0.));
#3404 = DEFINITIONAL_REPRESENTATION('',(#3405),#3409);
#3405 = LINE('',#3406,#3407);
#3406 = CARTESIAN_POINT('',(0.,0.));
#3407 = VECTOR('',#3408,1.);
#3408 = DIRECTION('',(1.,0.));
#3409 = ( GEOMETRIC_REPRESENTATION_CONTEXT(2) 
PARAMETRIC_REPRESENTATION_CONTEXT() REPRESENTATION_CONTEXT('2D SPACE',''
  ) );
#3410 = FACE_BOUND('',#3411,.T.);
#3411 = EDGE_LOOP('',(#3412));
#3412 = ORIENTED_EDGE('',*,*,#880,.F.);
#3413 = ADVANCED_FACE('',(#3414),#1099,.T.);
#3414 = FACE_BOUND('',#3415,.T.);
#3415 = EDGE_LOOP('',(#3416,#3417,#3418,#3419,#3420));
#3416 = ORIENTED_EDGE('',*,*,#2078,.F.);
#3417 = ORIENTED_EDGE('',*,*,#1082,.F.);
#3418 = ORIENTED_EDGE('',*,*,#1135,.F.);
#3419 = ORIENTED_EDGE('',*,*,#2208,.T.);
#3420 = ORIENTED_EDGE('',*,*,#2181,.T.);
#3421 = ADVANCED_FACE('',(#3422,#3425,#3451,#3482,#3513,#3544,#3575),
  #1069,.T.);
#3422 = FACE_BOUND('',#3423,.T.);
#3423 = EDGE_LOOP('',(#3424));
#3424 = ORIENTED_EDGE('',*,*,#1054,.T.);
#3425 = FACE_BOUND('',#3426,.T.);
#3426 = EDGE_LOOP('',(#3427));
#3427 = ORIENTED_EDGE('',*,*,#3428,.F.);
#3428 = EDGE_CURVE('',#3429,#3429,#3431,.T.);
#3429 = VERTEX_POINT('',#3430);
#3430 = CARTESIAN_POINT('',(5.5,-25.,0.));
#3431 = SURFACE_CURVE('',#3432,(#3437,#3444),.PCURVE_S1.);
#3432 = CIRCLE('',#3433,5.5);
#3433 = AXIS2_PLACEMENT_3D('',#3434,#3435,#3436);
#3434 = CARTESIAN_POINT('',(-4.592425496803E-15,-25.,0.));
#3435 = DIRECTION('',(0.,0.,1.));
#3436 = DIRECTION('',(1.,0.,-0.));
#3437 = PCURVE('',#1069,#3438);
#3438 = DEFINITIONAL_REPRESENTATION('',(#3439),#3443);
#3439 = CIRCLE('',#3440,5.5);
#3440 = AXIS2_PLACEMENT_2D('',#3441,#3442);
#3441 = CARTESIAN_POINT('',(-4.592425496803E-15,-25.));
#3442 = DIRECTION('',(1.,0.));
#3443 = ( GEOMETRIC_REPRESENTATION_CONTEXT(2) 
PARAMETRIC_REPRESENTATION_CONTEXT() REPRESENTATION_CONTEXT('2D SPACE',''
  ) );
#3444 = PCURVE('',#3399,#3445);
#3445 = DEFINITIONAL_REPRESENTATION('',(#3446),#3450);
#3446 = LINE('',#3447,#3448);
#3447 = CARTESIAN_POINT('',(0.,6.5));
#3448 = VECTOR('',#3449,1.);
#3449 = DIRECTION('',(1.,0.));
#3450 = ( GEOMETRIC_REPRESENTATION_CONTEXT(2) 
PARAMETRIC_REPRESENTATION_CONTEXT() REPRESENTATION_CONTEXT('2D SPACE',''
  ) );
#3451 = FACE_BOUND('',#3452,.T.);
#3452 = EDGE_LOOP('',(#3453));
#3453 = ORIENTED_EDGE('',*,*,#3454,.F.);
#3454 = EDGE_CURVE('',#3455,#3455,#3457,.T.);
#3455 = VERTEX_POINT('',#3456);
#3456 = CARTESIAN_POINT('',(-19.5,1.714505518806E-15,0.));
#3457 = SURFACE_CURVE('',#3458,(#3463,#3470),.PCURVE_S1.);
#3458 = CIRCLE('',#3459,5.5);
#3459 = AXIS2_PLACEMENT_3D('',#3460,#3461,#3462);
#3460 = CARTESIAN_POINT('',(-25.,3.061616997868E-15,0.));
#3461 = DIRECTION('',(0.,0.,1.));
#3462 = DIRECTION('',(1.,0.,-0.));
#3463 = PCURVE('',#1069,#3464);
#3464 = DEFINITIONAL_REPRESENTATION('',(#3465),#3469);
#3465 = CIRCLE('',#3466,5.5);
#3466 = AXIS2_PLACEMENT_2D('',#3467,#3468);
#3467 = CARTESIAN_POINT('',(-25.,3.061616997868E-15));
#3468 = DIRECTION('',(1.,0.));
#3469 = ( GEOMETRIC_REPRESENTATION_CONTEXT(2) 
PARAMETRIC_REPRESENTATION_CONTEXT() REPRESENTATION_CONTEXT('2D SPACE',''
  ) );
#3470 = PCURVE('',#3471,#3476);
#3471 = CYLINDRICAL_SURFACE('',#3472,5.5);
#3472 = AXIS2_PLACEMENT_3D('',#3473,#3474,#3475);
#3473 = CARTESIAN_POINT('',(-25.,3.061616997868E-15,-6.5));
#3474 = DIRECTION('',(0.,0.,1.));
#3475 = DIRECTION('',(1.,0.,-0.));
#3476 = DEFINITIONAL_REPRESENTATION('',(#3477),#3481);
#3477 = LINE('',#3478,#3479);
#3478 = CARTESIAN_POINT('',(0.,6.5));
#3479 = VECTOR('',#3480,1.);
#3480 = DIRECTION('',(1.,0.));
#3481 = ( GEOMETRIC_REPRESENTATION_CONTEXT(2) 
PARAMETRIC_REPRESENTATION_CONTEXT() REPRESENTATION_CONTEXT('2D SPACE',''
  ) );
#3482 = FACE_BOUND('',#3483,.T.);
#3483 = EDGE_LOOP('',(#3484));
#3484 = ORIENTED_EDGE('',*,*,#3485,.F.);
#3485 = EDGE_CURVE('',#3486,#3486,#3488,.T.);
#3486 = VERTEX_POINT('',#3487);
#3487 = CARTESIAN_POINT('',(15.75,-3.857637417314E-15,0.));
#3488 = SURFACE_CURVE('',#3489,(#3494,#3501),.PCURVE_S1.);
#3489 = CIRCLE('',#3490,15.75);
#3490 = AXIS2_PLACEMENT_3D('',#3491,#3492,#3493);
#3491 = CARTESIAN_POINT('',(0.,0.,0.));
#3492 = DIRECTION('',(0.,0.,1.));
#3493 = DIRECTION('',(1.,0.,-0.));
#3494 = PCURVE('',#1069,#3495);
#3495 = DEFINITIONAL_REPRESENTATION('',(#3496),#3500);
#3496 = CIRCLE('',#3497,15.75);
#3497 = AXIS2_PLACEMENT_2D('',#3498,#3499);
#3498 = CARTESIAN_POINT('',(0.,0.));
#3499 = DIRECTION('',(1.,0.));
#3500 = ( GEOMETRIC_REPRESENTATION_CONTEXT(2) 
PARAMETRIC_REPRESENTATION_CONTEXT() REPRESENTATION_CONTEXT('2D SPACE',''
  ) );
#3501 = PCURVE('',#3502,#3507);
#3502 = CYLINDRICAL_SURFACE('',#3503,15.75);
#3503 = AXIS2_PLACEMENT_3D('',#3504,#3505,#3506);
#3504 = CARTESIAN_POINT('',(0.,0.,0.));
#3505 = DIRECTION('',(0.,0.,1.));
#3506 = DIRECTION('',(1.,0.,-0.));
#3507 = DEFINITIONAL_REPRESENTATION('',(#3508),#3512);
#3508 = LINE('',#3509,#3510);
#3509 = CARTESIAN_POINT('',(0.,0.));
#3510 = VECTOR('',#3511,1.);
#3511 = DIRECTION('',(1.,0.));
#3512 = ( GEOMETRIC_REPRESENTATION_CONTEXT(2) 
PARAMETRIC_REPRESENTATION_CONTEXT() REPRESENTATION_CONTEXT('2D SPACE',''
  ) );
#3513 = FACE_BOUND('',#3514,.T.);
#3514 = EDGE_LOOP('',(#3515));
#3515 = ORIENTED_EDGE('',*,*,#3516,.F.);
#3516 = EDGE_CURVE('',#3517,#3517,#3519,.T.);
#3517 = VERTEX_POINT('',#3518);
#3518 = CARTESIAN_POINT('',(30.5,-1.347111479062E-15,0.));
#3519 = SURFACE_CURVE('',#3520,(#3525,#3532),.PCURVE_S1.);
#3520 = CIRCLE('',#3521,5.5);
#3521 = AXIS2_PLACEMENT_3D('',#3522,#3523,#3524);
#3522 = CARTESIAN_POINT('',(25.,0.,0.));
#3523 = DIRECTION('',(0.,0.,1.));
#3524 = DIRECTION('',(1.,0.,-0.));
#3525 = PCURVE('',#1069,#3526);
#3526 = DEFINITIONAL_REPRESENTATION('',(#3527),#3531);
#3527 = CIRCLE('',#3528,5.5);
#3528 = AXIS2_PLACEMENT_2D('',#3529,#3530);
#3529 = CARTESIAN_POINT('',(25.,0.));
#3530 = DIRECTION('',(1.,0.));
#3531 = ( GEOMETRIC_REPRESENTATION_CONTEXT(2) 
PARAMETRIC_REPRESENTATION_CONTEXT() REPRESENTATION_CONTEXT('2D SPACE',''
  ) );
#3532 = PCURVE('',#3533,#3538);
#3533 = CYLINDRICAL_SURFACE('',#3534,5.5);
#3534 = AXIS2_PLACEMENT_3D('',#3535,#3536,#3537);
#3535 = CARTESIAN_POINT('',(25.,0.,-6.5));
#3536 = DIRECTION('',(0.,0.,1.));
#3537 = DIRECTION('',(1.,0.,-0.));
#3538 = DEFINITIONAL_REPRESENTATION('',(#3539),#3543);
#3539 = LINE('',#3540,#3541);
#3540 = CARTESIAN_POINT('',(0.,6.5));
#3541 = VECTOR('',#3542,1.);
#3542 = DIRECTION('',(1.,0.));
#3543 = ( GEOMETRIC_REPRESENTATION_CONTEXT(2) 
PARAMETRIC_REPRESENTATION_CONTEXT() REPRESENTATION_CONTEXT('2D SPACE',''
  ) );
#3544 = FACE_BOUND('',#3545,.T.);
#3545 = EDGE_LOOP('',(#3546));
#3546 = ORIENTED_EDGE('',*,*,#3547,.F.);
#3547 = EDGE_CURVE('',#3548,#3548,#3550,.T.);
#3548 = VERTEX_POINT('',#3549);
#3549 = CARTESIAN_POINT('',(5.5,25.,0.));
#3550 = SURFACE_CURVE('',#3551,(#3556,#3563),.PCURVE_S1.);
#3551 = CIRCLE('',#3552,5.5);
#3552 = AXIS2_PLACEMENT_3D('',#3553,#3554,#3555);
#3553 = CARTESIAN_POINT('',(1.530808498934E-15,25.,0.));
#3554 = DIRECTION('',(0.,0.,1.));
#3555 = DIRECTION('',(1.,0.,-0.));
#3556 = PCURVE('',#1069,#3557);
#3557 = DEFINITIONAL_REPRESENTATION('',(#3558),#3562);
#3558 = CIRCLE('',#3559,5.5);
#3559 = AXIS2_PLACEMENT_2D('',#3560,#3561);
#3560 = CARTESIAN_POINT('',(1.530808498934E-15,25.));
#3561 = DIRECTION('',(1.,0.));
#3562 = ( GEOMETRIC_REPRESENTATION_CONTEXT(2) 
PARAMETRIC_REPRESENTATION_CONTEXT() REPRESENTATION_CONTEXT('2D SPACE',''
  ) );
#3563 = PCURVE('',#3564,#3569);
#3564 = CYLINDRICAL_SURFACE('',#3565,5.5);
#3565 = AXIS2_PLACEMENT_3D('',#3566,#3567,#3568);
#3566 = CARTESIAN_POINT('',(1.530808498934E-15,25.,-6.5));
#3567 = DIRECTION('',(0.,0.,1.));
#3568 = DIRECTION('',(1.,0.,-0.));
#3569 = DEFINITIONAL_REPRESENTATION('',(#3570),#3574);
#3570 = LINE('',#3571,#3572);
#3571 = CARTESIAN_POINT('',(0.,6.5));
#3572 = VECTOR('',#3573,1.);
#3573 = DIRECTION('',(1.,0.));
#3574 = ( GEOMETRIC_REPRESENTATION_CONTEXT(2) 
PARAMETRIC_REPRESENTATION_CONTEXT() REPRESENTATION_CONTEXT('2D SPACE',''
  ) );
#3575 = FACE_BOUND('',#3576,.T.);
#3576 = EDGE_LOOP('',(#3577));
#3577 = ORIENTED_EDGE('',*,*,#3578,.F.);
#3578 = EDGE_CURVE('',#3579,#3579,#3581,.T.);
#3579 = VERTEX_POINT('',#3580);
#3580 = CARTESIAN_POINT('',(20.677669529664,17.677669529664,0.));
#3581 = SURFACE_CURVE('',#3582,(#3587,#3594),.PCURVE_S1.);
#3582 = CIRCLE('',#3583,3.);
#3583 = AXIS2_PLACEMENT_3D('',#3584,#3585,#3586);
#3584 = CARTESIAN_POINT('',(17.677669529664,17.677669529664,0.));
#3585 = DIRECTION('',(0.,0.,1.));
#3586 = DIRECTION('',(1.,0.,-0.));
#3587 = PCURVE('',#1069,#3588);
#3588 = DEFINITIONAL_REPRESENTATION('',(#3589),#3593);
#3589 = CIRCLE('',#3590,3.);
#3590 = AXIS2_PLACEMENT_2D('',#3591,#3592);
#3591 = CARTESIAN_POINT('',(17.677669529664,17.677669529664));
#3592 = DIRECTION('',(1.,0.));
#3593 = ( GEOMETRIC_REPRESENTATION_CONTEXT(2) 
PARAMETRIC_REPRESENTATION_CONTEXT() REPRESENTATION_CONTEXT('2D SPACE',''
  ) );
#3594 = PCURVE('',#3595,#3600);
#3595 = CYLINDRICAL_SURFACE('',#3596,3.);
#3596 = AXIS2_PLACEMENT_3D('',#3597,#3598,#3599);
#3597 = CARTESIAN_POINT('',(17.677669529664,17.677669529664,-8.));
#3598 = DIRECTION('',(0.,0.,1.));
#3599 = DIRECTION('',(1.,0.,-0.));
#3600 = DEFINITIONAL_REPRESENTATION('',(#3601),#3605);
#3601 = LINE('',#3602,#3603);
#3602 = CARTESIAN_POINT('',(0.,8.));
#3603 = VECTOR('',#3604,1.);
#3604 = DIRECTION('',(1.,0.));
#3605 = ( GEOMETRIC_REPRESENTATION_CONTEXT(2) 
PARAMETRIC_REPRESENTATION_CONTEXT() REPRESENTATION_CONTEXT('2D SPACE',''
  ) );
#3606 = ADVANCED_FACE('',(#3607,#3633),#1200,.T.);
#3607 = FACE_BOUND('',#3608,.T.);
#3608 = EDGE_LOOP('',(#3609));
#3609 = ORIENTED_EDGE('',*,*,#3610,.T.);
#3610 = EDGE_CURVE('',#3611,#3611,#3613,.T.);
#3611 = VERTEX_POINT('',#3612);
#3612 = CARTESIAN_POINT('',(5.5,25.,-6.5));
#3613 = SURFACE_CURVE('',#3614,(#3619,#3626),.PCURVE_S1.);
#3614 = CIRCLE('',#3615,5.5);
#3615 = AXIS2_PLACEMENT_3D('',#3616,#3617,#3618);
#3616 = CARTESIAN_POINT('',(1.530808498934E-15,25.,-6.5));
#3617 = DIRECTION('',(0.,0.,1.));
#3618 = DIRECTION('',(1.,0.,-0.));
#3619 = PCURVE('',#1200,#3620);
#3620 = DEFINITIONAL_REPRESENTATION('',(#3621),#3625);
#3621 = CIRCLE('',#3622,5.5);
#3622 = AXIS2_PLACEMENT_2D('',#3623,#3624);
#3623 = CARTESIAN_POINT('',(0.,0.));
#3624 = DIRECTION('',(1.,0.));
#3625 = ( GEOMETRIC_REPRESENTATION_CONTEXT(2) 
PARAMETRIC_REPRESENTATION_CONTEXT() REPRESENTATION_CONTEXT('2D SPACE',''
  ) );
#3626 = PCURVE('',#3564,#3627);
#3627 = DEFINITIONAL_REPRESENTATION('',(#3628),#3632);
#3628 = LINE('',#3629,#3630);
#3629 = CARTESIAN_POINT('',(0.,0.));
#3630 = VECTOR('',#3631,1.);
#3631 = DIRECTION('',(1.,0.));
#3632 = ( GEOMETRIC_REPRESENTATION_CONTEXT(2) 
PARAMETRIC_REPRESENTATION_CONTEXT() REPRESENTATION_CONTEXT('2D SPACE',''
  ) );
#3633 = FACE_BOUND('',#3634,.T.);
#3634 = EDGE_LOOP('',(#3635));
#3635 = ORIENTED_EDGE('',*,*,#1185,.F.);
#3636 = ADVANCED_FACE('',(#3637),#1851,.T.);
#3637 = FACE_BOUND('',#3638,.T.);
#3638 = EDGE_LOOP('',(#3639,#3640));
#3639 = ORIENTED_EDGE('',*,*,#1834,.T.);
#3640 = ORIENTED_EDGE('',*,*,#2451,.F.);
#3641 = ADVANCED_FACE('',(#3642),#1512,.T.);
#3642 = FACE_BOUND('',#3643,.T.);
#3643 = EDGE_LOOP('',(#3644,#3645));
#3644 = ORIENTED_EDGE('',*,*,#2495,.T.);
#3645 = ORIENTED_EDGE('',*,*,#1495,.T.);
#3646 = ADVANCED_FACE('',(#3647),#2059,.T.);
#3647 = FACE_BOUND('',#3648,.F.);
#3648 = EDGE_LOOP('',(#3649));
#3649 = ORIENTED_EDGE('',*,*,#2044,.F.);
#3650 = ADVANCED_FACE('',(#3651),#2141,.F.);
#3651 = FACE_BOUND('',#3652,.F.);
#3652 = EDGE_LOOP('',(#3653,#3654,#3675,#3676,#3677,#3699,#3700,#3701,
    #3723,#3724));
#3653 = ORIENTED_EDGE('',*,*,#2124,.F.);
#3654 = ORIENTED_EDGE('',*,*,#3655,.F.);
#3655 = EDGE_CURVE('',#2682,#2125,#3656,.T.);
#3656 = SEAM_CURVE('',#3657,(#3661,#3668),.PCURVE_S1.);
#3657 = LINE('',#3658,#3659);
#3658 = CARTESIAN_POINT('',(26.,6.,-14.6));
#3659 = VECTOR('',#3660,1.);
#3660 = DIRECTION('',(0.,1.,0.));
#3661 = PCURVE('',#2141,#3662);
#3662 = DEFINITIONAL_REPRESENTATION('',(#3663),#3667);
#3663 = LINE('',#3664,#3665);
#3664 = CARTESIAN_POINT('',(6.28318530718,-0.));
#3665 = VECTOR('',#3666,1.);
#3666 = DIRECTION('',(0.,1.));
#3667 = ( GEOMETRIC_REPRESENTATION_CONTEXT(2) 
PARAMETRIC_REPRESENTATION_CONTEXT() REPRESENTATION_CONTEXT('2D SPACE',''
  ) );
#3668 = PCURVE('',#2141,#3669);
#3669 = DEFINITIONAL_REPRESENTATION('',(#3670),#3674);
#3670 = LINE('',#3671,#3672);
#3671 = CARTESIAN_POINT('',(0.,-0.));
#3672 = VECTOR('',#3673,1.);
#3673 = DIRECTION('',(0.,1.));
#3674 = ( GEOMETRIC_REPRESENTATION_CONTEXT(2) 
PARAMETRIC_REPRESENTATION_CONTEXT() REPRESENTATION_CONTEXT('2D SPACE',''
  ) );
#3675 = ORIENTED_EDGE('',*,*,#2681,.F.);
#3676 = ORIENTED_EDGE('',*,*,#3331,.F.);
#3677 = ORIENTED_EDGE('',*,*,#3678,.T.);
#3678 = EDGE_CURVE('',#3306,#3256,#3679,.T.);
#3679 = SURFACE_CURVE('',#3680,(#3685,#3692),.PCURVE_S1.);
#3680 = CIRCLE('',#3681,4.4);
#3681 = AXIS2_PLACEMENT_3D('',#3682,#3683,#3684);
#3682 = CARTESIAN_POINT('',(26.,6.,-19.));
#3683 = DIRECTION('',(0.,1.,0.));
#3684 = DIRECTION('',(0.,-0.,1.));
#3685 = PCURVE('',#2141,#3686);
#3686 = DEFINITIONAL_REPRESENTATION('',(#3687),#3691);
#3687 = LINE('',#3688,#3689);
#3688 = CARTESIAN_POINT('',(0.,0.));
#3689 = VECTOR('',#3690,1.);
#3690 = DIRECTION('',(1.,0.));
#3691 = ( GEOMETRIC_REPRESENTATION_CONTEXT(2) 
PARAMETRIC_REPRESENTATION_CONTEXT() REPRESENTATION_CONTEXT('2D SPACE',''
  ) );
#3692 = PCURVE('',#3320,#3693);
#3693 = DEFINITIONAL_REPRESENTATION('',(#3694),#3698);
#3694 = CIRCLE('',#3695,4.4);
#3695 = AXIS2_PLACEMENT_2D('',#3696,#3697);
#3696 = CARTESIAN_POINT('',(0.,0.));
#3697 = DIRECTION('',(1.,0.));
#3698 = ( GEOMETRIC_REPRESENTATION_CONTEXT(2) 
PARAMETRIC_REPRESENTATION_CONTEXT() REPRESENTATION_CONTEXT('2D SPACE',''
  ) );
#3699 = ORIENTED_EDGE('',*,*,#3255,.T.);
#3700 = ORIENTED_EDGE('',*,*,#2972,.T.);
#3701 = ORIENTED_EDGE('',*,*,#3702,.T.);
#3702 = EDGE_CURVE('',#2947,#2792,#3703,.T.);
#3703 = SURFACE_CURVE('',#3704,(#3709,#3716),.PCURVE_S1.);
#3704 = CIRCLE('',#3705,4.4);
#3705 = AXIS2_PLACEMENT_3D('',#3706,#3707,#3708);
#3706 = CARTESIAN_POINT('',(26.,6.,-19.));
#3707 = DIRECTION('',(0.,1.,0.));
#3708 = DIRECTION('',(0.,-0.,1.));
#3709 = PCURVE('',#2141,#3710);
#3710 = DEFINITIONAL_REPRESENTATION('',(#3711),#3715);
#3711 = LINE('',#3712,#3713);
#3712 = CARTESIAN_POINT('',(0.,0.));
#3713 = VECTOR('',#3714,1.);
#3714 = DIRECTION('',(1.,0.));
#3715 = ( GEOMETRIC_REPRESENTATION_CONTEXT(2) 
PARAMETRIC_REPRESENTATION_CONTEXT() REPRESENTATION_CONTEXT('2D SPACE',''
  ) );
#3716 = PCURVE('',#2961,#3717);
#3717 = DEFINITIONAL_REPRESENTATION('',(#3718),#3722);
#3718 = CIRCLE('',#3719,4.4);
#3719 = AXIS2_PLACEMENT_2D('',#3720,#3721);
#3720 = CARTESIAN_POINT('',(0.,0.));
#3721 = DIRECTION('',(1.,0.));
#3722 = ( GEOMETRIC_REPRESENTATION_CONTEXT(2) 
PARAMETRIC_REPRESENTATION_CONTEXT() REPRESENTATION_CONTEXT('2D SPACE',''
  ) );
#3723 = ORIENTED_EDGE('',*,*,#2791,.F.);
#3724 = ORIENTED_EDGE('',*,*,#3655,.T.);
#3725 = ADVANCED_FACE('',(#3726),#2250,.F.);
#3726 = FACE_BOUND('',#3727,.F.);
#3727 = EDGE_LOOP('',(#3728));
#3728 = ORIENTED_EDGE('',*,*,#2233,.T.);
#3729 = ADVANCED_FACE('',(#3730),#2305,.F.);
#3730 = FACE_BOUND('',#3731,.F.);
#3731 = EDGE_LOOP('',(#3732));
#3732 = ORIENTED_EDGE('',*,*,#2288,.T.);
#3733 = ADVANCED_FACE('',(#3734,#3760),#2360,.T.);
#3734 = FACE_BOUND('',#3735,.T.);
#3735 = EDGE_LOOP('',(#3736));
#3736 = ORIENTED_EDGE('',*,*,#3737,.T.);
#3737 = EDGE_CURVE('',#3738,#3738,#3740,.T.);
#3738 = VERTEX_POINT('',#3739);
#3739 = CARTESIAN_POINT('',(-19.5,1.714505518806E-15,-6.5));
#3740 = SURFACE_CURVE('',#3741,(#3746,#3753),.PCURVE_S1.);
#3741 = CIRCLE('',#3742,5.5);
#3742 = AXIS2_PLACEMENT_3D('',#3743,#3744,#3745);
#3743 = CARTESIAN_POINT('',(-25.,3.061616997868E-15,-6.5));
#3744 = DIRECTION('',(0.,0.,1.));
#3745 = DIRECTION('',(1.,0.,-0.));
#3746 = PCURVE('',#2360,#3747);
#3747 = DEFINITIONAL_REPRESENTATION('',(#3748),#3752);
#3748 = CIRCLE('',#3749,5.5);
#3749 = AXIS2_PLACEMENT_2D('',#3750,#3751);
#3750 = CARTESIAN_POINT('',(0.,0.));
#3751 = DIRECTION('',(1.,0.));
#3752 = ( GEOMETRIC_REPRESENTATION_CONTEXT(2) 
PARAMETRIC_REPRESENTATION_CONTEXT() REPRESENTATION_CONTEXT('2D SPACE',''
  ) );
#3753 = PCURVE('',#3471,#3754);
#3754 = DEFINITIONAL_REPRESENTATION('',(#3755),#3759);
#3755 = LINE('',#3756,#3757);
#3756 = CARTESIAN_POINT('',(0.,0.));
#3757 = VECTOR('',#3758,1.);
#3758 = DIRECTION('',(1.,0.));
#3759 = ( GEOMETRIC_REPRESENTATION_CONTEXT(2) 
PARAMETRIC_REPRESENTATION_CONTEXT() REPRESENTATION_CONTEXT('2D SPACE',''
  ) );
#3760 = FACE_BOUND('',#3761,.T.);
#3761 = EDGE_LOOP('',(#3762));
#3762 = ORIENTED_EDGE('',*,*,#2343,.F.);
#3763 = ADVANCED_FACE('',(#3764),#2436,.F.);
#3764 = FACE_BOUND('',#3765,.F.);
#3765 = EDGE_LOOP('',(#3766));
#3766 = ORIENTED_EDGE('',*,*,#2421,.T.);
#3767 = ADVANCED_FACE('',(#3768,#3794),#2535,.T.);
#3768 = FACE_BOUND('',#3769,.T.);
#3769 = EDGE_LOOP('',(#3770));
#3770 = ORIENTED_EDGE('',*,*,#3771,.T.);
#3771 = EDGE_CURVE('',#3772,#3772,#3774,.T.);
#3772 = VERTEX_POINT('',#3773);
#3773 = CARTESIAN_POINT('',(15.75,-3.857637417314E-15,3.));
#3774 = SURFACE_CURVE('',#3775,(#3780,#3787),.PCURVE_S1.);
#3775 = CIRCLE('',#3776,15.75);
#3776 = AXIS2_PLACEMENT_3D('',#3777,#3778,#3779);
#3777 = CARTESIAN_POINT('',(0.,0.,3.));
#3778 = DIRECTION('',(0.,0.,1.));
#3779 = DIRECTION('',(1.,0.,-0.));
#3780 = PCURVE('',#2535,#3781);
#3781 = DEFINITIONAL_REPRESENTATION('',(#3782),#3786);
#3782 = CIRCLE('',#3783,15.75);
#3783 = AXIS2_PLACEMENT_2D('',#3784,#3785);
#3784 = CARTESIAN_POINT('',(0.,0.));
#3785 = DIRECTION('',(1.,0.));
#3786 = ( GEOMETRIC_REPRESENTATION_CONTEXT(2) 
PARAMETRIC_REPRESENTATION_CONTEXT() REPRESENTATION_CONTEXT('2D SPACE',''
  ) );
#3787 = PCURVE('',#3502,#3788);
#3788 = DEFINITIONAL_REPRESENTATION('',(#3789),#3793);
#3789 = LINE('',#3790,#3791);
#3790 = CARTESIAN_POINT('',(0.,3.));
#3791 = VECTOR('',#3792,1.);
#3792 = DIRECTION('',(1.,0.));
#3793 = ( GEOMETRIC_REPRESENTATION_CONTEXT(2) 
PARAMETRIC_REPRESENTATION_CONTEXT() REPRESENTATION_CONTEXT('2D SPACE',''
  ) );
#3794 = FACE_BOUND('',#3795,.T.);
#3795 = EDGE_LOOP('',(#3796));
#3796 = ORIENTED_EDGE('',*,*,#2518,.F.);
#3797 = ADVANCED_FACE('',(#3798,#3824),#2590,.T.);
#3798 = FACE_BOUND('',#3799,.T.);
#3799 = EDGE_LOOP('',(#3800));
#3800 = ORIENTED_EDGE('',*,*,#3801,.T.);
#3801 = EDGE_CURVE('',#3802,#3802,#3804,.T.);
#3802 = VERTEX_POINT('',#3803);
#3803 = CARTESIAN_POINT('',(30.5,-1.347111479062E-15,-6.5));
#3804 = SURFACE_CURVE('',#3805,(#3810,#3817),.PCURVE_S1.);
#3805 = CIRCLE('',#3806,5.5);
#3806 = AXIS2_PLACEMENT_3D('',#3807,#3808,#3809);
#3807 = CARTESIAN_POINT('',(25.,0.,-6.5));
#3808 = DIRECTION('',(0.,0.,1.));
#3809 = DIRECTION('',(1.,0.,-0.));
#3810 = PCURVE('',#2590,#3811);
#3811 = DEFINITIONAL_REPRESENTATION('',(#3812),#3816);
#3812 = CIRCLE('',#3813,5.5);
#3813 = AXIS2_PLACEMENT_2D('',#3814,#3815);
#3814 = CARTESIAN_POINT('',(0.,0.));
#3815 = DIRECTION('',(1.,0.));
#3816 = ( GEOMETRIC_REPRESENTATION_CONTEXT(2) 
PARAMETRIC_REPRESENTATION_CONTEXT() REPRESENTATION_CONTEXT('2D SPACE',''
  ) );
#3817 = PCURVE('',#3533,#3818);
#3818 = DEFINITIONAL_REPRESENTATION('',(#3819),#3823);
#3819 = LINE('',#3820,#3821);
#3820 = CARTESIAN_POINT('',(0.,0.));
#3821 = VECTOR('',#3822,1.);
#3822 = DIRECTION('',(1.,0.));
#3823 = ( GEOMETRIC_REPRESENTATION_CONTEXT(2) 
PARAMETRIC_REPRESENTATION_CONTEXT() REPRESENTATION_CONTEXT('2D SPACE',''
  ) );
#3824 = FACE_BOUND('',#3825,.T.);
#3825 = EDGE_LOOP('',(#3826));
#3826 = ORIENTED_EDGE('',*,*,#2573,.F.);
#3827 = ADVANCED_FACE('',(#3828),#3320,.T.);
#3828 = FACE_BOUND('',#3829,.T.);
#3829 = EDGE_LOOP('',(#3830,#3831));
#3830 = ORIENTED_EDGE('',*,*,#3305,.T.);
#3831 = ORIENTED_EDGE('',*,*,#3678,.T.);
#3832 = ADVANCED_FACE('',(#3833),#2961,.T.);
#3833 = FACE_BOUND('',#3834,.T.);
#3834 = EDGE_LOOP('',(#3835,#3836));
#3835 = ORIENTED_EDGE('',*,*,#3702,.T.);
#3836 = ORIENTED_EDGE('',*,*,#2946,.F.);
#3837 = ADVANCED_FACE('',(#3838),#2668,.F.);
#3838 = FACE_BOUND('',#3839,.F.);
#3839 = EDGE_LOOP('',(#3840));
#3840 = ORIENTED_EDGE('',*,*,#2653,.T.);
#3841 = ADVANCED_FACE('',(#3842),#3399,.F.);
#3842 = FACE_BOUND('',#3843,.F.);
#3843 = EDGE_LOOP('',(#3844,#3845,#3866,#3867));
#3844 = ORIENTED_EDGE('',*,*,#3428,.F.);
#3845 = ORIENTED_EDGE('',*,*,#3846,.F.);
#3846 = EDGE_CURVE('',#3383,#3429,#3847,.T.);
#3847 = SEAM_CURVE('',#3848,(#3852,#3859),.PCURVE_S1.);
#3848 = LINE('',#3849,#3850);
#3849 = CARTESIAN_POINT('',(5.5,-25.,-6.5));
#3850 = VECTOR('',#3851,1.);
#3851 = DIRECTION('',(0.,0.,1.));
#3852 = PCURVE('',#3399,#3853);
#3853 = DEFINITIONAL_REPRESENTATION('',(#3854),#3858);
#3854 = LINE('',#3855,#3856);
#3855 = CARTESIAN_POINT('',(6.28318530718,-0.));
#3856 = VECTOR('',#3857,1.);
#3857 = DIRECTION('',(0.,1.));
#3858 = ( GEOMETRIC_REPRESENTATION_CONTEXT(2) 
PARAMETRIC_REPRESENTATION_CONTEXT() REPRESENTATION_CONTEXT('2D SPACE',''
  ) );
#3859 = PCURVE('',#3399,#3860);
#3860 = DEFINITIONAL_REPRESENTATION('',(#3861),#3865);
#3861 = LINE('',#3862,#3863);
#3862 = CARTESIAN_POINT('',(0.,-0.));
#3863 = VECTOR('',#3864,1.);
#3864 = DIRECTION('',(0.,1.));
#3865 = ( GEOMETRIC_REPRESENTATION_CONTEXT(2) 
PARAMETRIC_REPRESENTATION_CONTEXT() REPRESENTATION_CONTEXT('2D SPACE',''
  ) );
#3866 = ORIENTED_EDGE('',*,*,#3382,.T.);
#3867 = ORIENTED_EDGE('',*,*,#3846,.T.);
#3868 = ADVANCED_FACE('',(#3869),#3471,.F.);
#3869 = FACE_BOUND('',#3870,.F.);
#3870 = EDGE_LOOP('',(#3871,#3872,#3893,#3894));
#3871 = ORIENTED_EDGE('',*,*,#3454,.F.);
#3872 = ORIENTED_EDGE('',*,*,#3873,.F.);
#3873 = EDGE_CURVE('',#3738,#3455,#3874,.T.);
#3874 = SEAM_CURVE('',#3875,(#3879,#3886),.PCURVE_S1.);
#3875 = LINE('',#3876,#3877);
#3876 = CARTESIAN_POINT('',(-19.5,1.714505518806E-15,-6.5));
#3877 = VECTOR('',#3878,1.);
#3878 = DIRECTION('',(0.,0.,1.));
#3879 = PCURVE('',#3471,#3880);
#3880 = DEFINITIONAL_REPRESENTATION('',(#3881),#3885);
#3881 = LINE('',#3882,#3883);
#3882 = CARTESIAN_POINT('',(6.28318530718,-0.));
#3883 = VECTOR('',#3884,1.);
#3884 = DIRECTION('',(0.,1.));
#3885 = ( GEOMETRIC_REPRESENTATION_CONTEXT(2) 
PARAMETRIC_REPRESENTATION_CONTEXT() REPRESENTATION_CONTEXT('2D SPACE',''
  ) );
#3886 = PCURVE('',#3471,#3887);
#3887 = DEFINITIONAL_REPRESENTATION('',(#3888),#3892);
#3888 = LINE('',#3889,#3890);
#3889 = CARTESIAN_POINT('',(0.,-0.));
#3890 = VECTOR('',#3891,1.);
#3891 = DIRECTION('',(0.,1.));
#3892 = ( GEOMETRIC_REPRESENTATION_CONTEXT(2) 
PARAMETRIC_REPRESENTATION_CONTEXT() REPRESENTATION_CONTEXT('2D SPACE',''
  ) );
#3893 = ORIENTED_EDGE('',*,*,#3737,.T.);
#3894 = ORIENTED_EDGE('',*,*,#3873,.T.);
#3895 = ADVANCED_FACE('',(#3896),#3502,.T.);
#3896 = FACE_BOUND('',#3897,.T.);
#3897 = EDGE_LOOP('',(#3898,#3899,#3920,#3921));
#3898 = ORIENTED_EDGE('',*,*,#3771,.F.);
#3899 = ORIENTED_EDGE('',*,*,#3900,.F.);
#3900 = EDGE_CURVE('',#3486,#3772,#3901,.T.);
#3901 = SEAM_CURVE('',#3902,(#3906,#3913),.PCURVE_S1.);
#3902 = LINE('',#3903,#3904);
#3903 = CARTESIAN_POINT('',(15.75,-3.857637417314E-15,0.));
#3904 = VECTOR('',#3905,1.);
#3905 = DIRECTION('',(0.,0.,1.));
#3906 = PCURVE('',#3502,#3907);
#3907 = DEFINITIONAL_REPRESENTATION('',(#3908),#3912);
#3908 = LINE('',#3909,#3910);
#3909 = CARTESIAN_POINT('',(6.28318530718,-0.));
#3910 = VECTOR('',#3911,1.);
#3911 = DIRECTION('',(0.,1.));
#3912 = ( GEOMETRIC_REPRESENTATION_CONTEXT(2) 
PARAMETRIC_REPRESENTATION_CONTEXT() REPRESENTATION_CONTEXT('2D SPACE',''
  ) );
#3913 = PCURVE('',#3502,#3914);
#3914 = DEFINITIONAL_REPRESENTATION('',(#3915),#3919);
#3915 = LINE('',#3916,#3917);
#3916 = CARTESIAN_POINT('',(0.,-0.));
#3917 = VECTOR('',#3918,1.);
#3918 = DIRECTION('',(0.,1.));
#3919 = ( GEOMETRIC_REPRESENTATION_CONTEXT(2) 
PARAMETRIC_REPRESENTATION_CONTEXT() REPRESENTATION_CONTEXT('2D SPACE',''
  ) );
#3920 = ORIENTED_EDGE('',*,*,#3485,.T.);
#3921 = ORIENTED_EDGE('',*,*,#3900,.T.);
#3922 = ADVANCED_FACE('',(#3923),#3533,.F.);
#3923 = FACE_BOUND('',#3924,.F.);
#3924 = EDGE_LOOP('',(#3925,#3926,#3947,#3948));
#3925 = ORIENTED_EDGE('',*,*,#3516,.F.);
#3926 = ORIENTED_EDGE('',*,*,#3927,.F.);
#3927 = EDGE_CURVE('',#3802,#3517,#3928,.T.);
#3928 = SEAM_CURVE('',#3929,(#3933,#3940),.PCURVE_S1.);
#3929 = LINE('',#3930,#3931);
#3930 = CARTESIAN_POINT('',(30.5,-1.347111479062E-15,-6.5));
#3931 = VECTOR('',#3932,1.);
#3932 = DIRECTION('',(0.,0.,1.));
#3933 = PCURVE('',#3533,#3934);
#3934 = DEFINITIONAL_REPRESENTATION('',(#3935),#3939);
#3935 = LINE('',#3936,#3937);
#3936 = CARTESIAN_POINT('',(6.28318530718,-0.));
#3937 = VECTOR('',#3938,1.);
#3938 = DIRECTION('',(0.,1.));
#3939 = ( GEOMETRIC_REPRESENTATION_CONTEXT(2) 
PARAMETRIC_REPRESENTATION_CONTEXT() REPRESENTATION_CONTEXT('2D SPACE',''
  ) );
#3940 = PCURVE('',#3533,#3941);
#3941 = DEFINITIONAL_REPRESENTATION('',(#3942),#3946);
#3942 = LINE('',#3943,#3944);
#3943 = CARTESIAN_POINT('',(0.,-0.));
#3944 = VECTOR('',#3945,1.);
#3945 = DIRECTION('',(0.,1.));
#3946 = ( GEOMETRIC_REPRESENTATION_CONTEXT(2) 
PARAMETRIC_REPRESENTATION_CONTEXT() REPRESENTATION_CONTEXT('2D SPACE',''
  ) );
#3947 = ORIENTED_EDGE('',*,*,#3801,.T.);
#3948 = ORIENTED_EDGE('',*,*,#3927,.T.);
#3949 = ADVANCED_FACE('',(#3950),#3564,.F.);
#3950 = FACE_BOUND('',#3951,.F.);
#3951 = EDGE_LOOP('',(#3952,#3953,#3974,#3975));
#3952 = ORIENTED_EDGE('',*,*,#3547,.F.);
#3953 = ORIENTED_EDGE('',*,*,#3954,.F.);
#3954 = EDGE_CURVE('',#3611,#3548,#3955,.T.);
#3955 = SEAM_CURVE('',#3956,(#3960,#3967),.PCURVE_S1.);
#3956 = LINE('',#3957,#3958);
#3957 = CARTESIAN_POINT('',(5.5,25.,-6.5));
#3958 = VECTOR('',#3959,1.);
#3959 = DIRECTION('',(0.,0.,1.));
#3960 = PCURVE('',#3564,#3961);
#3961 = DEFINITIONAL_REPRESENTATION('',(#3962),#3966);
#3962 = LINE('',#3963,#3964);
#3963 = CARTESIAN_POINT('',(6.28318530718,-0.));
#3964 = VECTOR('',#3965,1.);
#3965 = DIRECTION('',(0.,1.));
#3966 = ( GEOMETRIC_REPRESENTATION_CONTEXT(2) 
PARAMETRIC_REPRESENTATION_CONTEXT() REPRESENTATION_CONTEXT('2D SPACE',''
  ) );
#3967 = PCURVE('',#3564,#3968);
#3968 = DEFINITIONAL_REPRESENTATION('',(#3969),#3973);
#3969 = LINE('',#3970,#3971);
#3970 = CARTESIAN_POINT('',(0.,-0.));
#3971 = VECTOR('',#3972,1.);
#3972 = DIRECTION('',(0.,1.));
#3973 = ( GEOMETRIC_REPRESENTATION_CONTEXT(2) 
PARAMETRIC_REPRESENTATION_CONTEXT() REPRESENTATION_CONTEXT('2D SPACE',''
  ) );
#3974 = ORIENTED_EDGE('',*,*,#3610,.T.);
#3975 = ORIENTED_EDGE('',*,*,#3954,.T.);
#3976 = ADVANCED_FACE('',(#3977),#3595,.F.);
#3977 = FACE_BOUND('',#3978,.F.);
#3978 = EDGE_LOOP('',(#3979,#3980,#4003,#4030));
#3979 = ORIENTED_EDGE('',*,*,#3578,.F.);
#3980 = ORIENTED_EDGE('',*,*,#3981,.F.);
#3981 = EDGE_CURVE('',#3982,#3579,#3984,.T.);
#3982 = VERTEX_POINT('',#3983);
#3983 = CARTESIAN_POINT('',(20.677669529664,17.677669529664,-8.));
#3984 = SEAM_CURVE('',#3985,(#3989,#3996),.PCURVE_S1.);
#3985 = LINE('',#3986,#3987);
#3986 = CARTESIAN_POINT('',(20.677669529664,17.677669529664,-8.));
#3987 = VECTOR('',#3988,1.);
#3988 = DIRECTION('',(0.,0.,1.));
#3989 = PCURVE('',#3595,#3990);
#3990 = DEFINITIONAL_REPRESENTATION('',(#3991),#3995);
#3991 = LINE('',#3992,#3993);
#3992 = CARTESIAN_POINT('',(6.28318530718,-0.));
#3993 = VECTOR('',#3994,1.);
#3994 = DIRECTION('',(0.,1.));
#3995 = ( GEOMETRIC_REPRESENTATION_CONTEXT(2) 
PARAMETRIC_REPRESENTATION_CONTEXT() REPRESENTATION_CONTEXT('2D SPACE',''
  ) );
#3996 = PCURVE('',#3595,#3997);
#3997 = DEFINITIONAL_REPRESENTATION('',(#3998),#4002);
#3998 = LINE('',#3999,#4000);
#3999 = CARTESIAN_POINT('',(0.,-0.));
#4000 = VECTOR('',#4001,1.);
#4001 = DIRECTION('',(0.,1.));
#4002 = ( GEOMETRIC_REPRESENTATION_CONTEXT(2) 
PARAMETRIC_REPRESENTATION_CONTEXT() REPRESENTATION_CONTEXT('2D SPACE',''
  ) );
#4003 = ORIENTED_EDGE('',*,*,#4004,.T.);
#4004 = EDGE_CURVE('',#3982,#3982,#4005,.T.);
#4005 = SURFACE_CURVE('',#4006,(#4011,#4018),.PCURVE_S1.);
#4006 = CIRCLE('',#4007,3.);
#4007 = AXIS2_PLACEMENT_3D('',#4008,#4009,#4010);
#4008 = CARTESIAN_POINT('',(17.677669529664,17.677669529664,-8.));
#4009 = DIRECTION('',(0.,0.,1.));
#4010 = DIRECTION('',(1.,0.,-0.));
#4011 = PCURVE('',#3595,#4012);
#4012 = DEFINITIONAL_REPRESENTATION('',(#4013),#4017);
#4013 = LINE('',#4014,#4015);
#4014 = CARTESIAN_POINT('',(0.,0.));
#4015 = VECTOR('',#4016,1.);
#4016 = DIRECTION('',(1.,0.));
#4017 = ( GEOMETRIC_REPRESENTATION_CONTEXT(2) 
PARAMETRIC_REPRESENTATION_CONTEXT() REPRESENTATION_CONTEXT('2D SPACE',''
  ) );
#4018 = PCURVE('',#4019,#4024);
#4019 = PLANE('',#4020);
#4020 = AXIS2_PLACEMENT_3D('',#4021,#4022,#4023);
#4021 = CARTESIAN_POINT('',(17.677669529664,17.677669529664,-8.));
#4022 = DIRECTION('',(0.,0.,1.));
#4023 = DIRECTION('',(1.,0.,-0.));
#4024 = DEFINITIONAL_REPRESENTATION('',(#4025),#4029);
#4025 = CIRCLE('',#4026,3.);
#4026 = AXIS2_PLACEMENT_2D('',#4027,#4028);
#4027 = CARTESIAN_POINT('',(0.,0.));
#4028 = DIRECTION('',(1.,0.));
#4029 = ( GEOMETRIC_REPRESENTATION_CONTEXT(2) 
PARAMETRIC_REPRESENTATION_CONTEXT() REPRESENTATION_CONTEXT('2D SPACE',''
  ) );
#4030 = ORIENTED_EDGE('',*,*,#3981,.T.);
#4031 = ADVANCED_FACE('',(#4032),#4019,.T.);
#4032 = FACE_BOUND('',#4033,.F.);
#4033 = EDGE_LOOP('',(#4034));
#4034 = ORIENTED_EDGE('',*,*,#4004,.F.);
#4035 = ( GEOMETRIC_REPRESENTATION_CONTEXT(3) 
GLOBAL_UNCERTAINTY_ASSIGNED_CONTEXT((#4039)) 
GLOBAL_UNIT_ASSIGNED_CONTEXT((#4036,#4037,#4038)) REPRESENTATION_CONTEXT
('Context #1','3D Context with UNIT and UNCERTAINTY') );
#4036 = ( LENGTH_UNIT() NAMED_UNIT(*) SI_UNIT(.MILLI.,.METRE.) );
#4037 = ( NAMED_UNIT(*) PLANE_ANGLE_UNIT() SI_UNIT($,.RADIAN.) );
#4038 = ( NAMED_UNIT(*) SI_UNIT($,.STERADIAN.) SOLID_ANGLE_UNIT() );
#4039 = UNCERTAINTY_MEASURE_WITH_UNIT(LENGTH_MEASURE(1.E-07),#4036,
  'distance_accuracy_value','confusion accuracy');
#4040 = CONTEXT_DEPENDENT_SHAPE_REPRESENTATION(#4041,#4043);
#4041 = ( REPRESENTATION_RELATIONSHIP('','',#76,#10) 
REPRESENTATION_RELATIONSHIP_WITH_TRANSFORMATION(#4042) 
SHAPE_REPRESENTATION_RELATIONSHIP() );
#4042 = ITEM_DEFINED_TRANSFORMATION('','',#11,#15);
#4043 = PRODUCT_DEFINITION_SHAPE('Placement','Placement of an item',
  #4044);
#4044 = NEXT_ASSEMBLY_USAGE_OCCURRENCE('15','','',#5,#71,$);
#4045 = PRODUCT_RELATED_PRODUCT_CATEGORY('part',$,(#73));
#4046 = SHAPE_DEFINITION_REPRESENTATION(#4047,#4053);
#4047 = PRODUCT_DEFINITION_SHAPE('','',#4048);
#4048 = PRODUCT_DEFINITION('design','',#4049,#4052);
#4049 = PRODUCT_DEFINITION_FORMATION('','',#4050);
#4050 = PRODUCT('Open CASCADE STEP translator 7.9 13.2',
  'Open CASCADE STEP translator 7.9 13.2','',(#4051));
#4051 = PRODUCT_CONTEXT('',#2,'mechanical');
#4052 = PRODUCT_DEFINITION_CONTEXT('part definition',#2,'design');
#4053 = ADVANCED_BREP_SHAPE_REPRESENTATION('',(#11,#4054),#5200);
#4054 = MANIFOLD_SOLID_BREP('',#4055);
#4055 = CLOSED_SHELL('',(#4056,#4176,#4358,#4469,#4604,#4693,#4700,#4809
    ,#4836,#4915,#4922,#4977,#5032,#5059,#5086,#5136,#5186,#5193));
#4056 = ADVANCED_FACE('',(#4057),#4071,.F.);
#4057 = FACE_BOUND('',#4058,.F.);
#4058 = EDGE_LOOP('',(#4059,#4094,#4122,#4150));
#4059 = ORIENTED_EDGE('',*,*,#4060,.F.);
#4060 = EDGE_CURVE('',#4061,#4063,#4065,.T.);
#4061 = VERTEX_POINT('',#4062);
#4062 = CARTESIAN_POINT('',(-38.,-13.,-113.));
#4063 = VERTEX_POINT('',#4064);
#4064 = CARTESIAN_POINT('',(-38.,-13.,-28.));
#4065 = SURFACE_CURVE('',#4066,(#4070,#4082),.PCURVE_S1.);
#4066 = LINE('',#4067,#4068);
#4067 = CARTESIAN_POINT('',(-38.,-13.,-113.));
#4068 = VECTOR('',#4069,1.);
#4069 = DIRECTION('',(0.,0.,1.));
#4070 = PCURVE('',#4071,#4076);
#4071 = PLANE('',#4072);
#4072 = AXIS2_PLACEMENT_3D('',#4073,#4074,#4075);
#4073 = CARTESIAN_POINT('',(-38.,-13.,-113.));
#4074 = DIRECTION('',(1.,0.,-0.));
#4075 = DIRECTION('',(0.,0.,1.));
#4076 = DEFINITIONAL_REPRESENTATION('',(#4077),#4081);
#4077 = LINE('',#4078,#4079);
#4078 = CARTESIAN_POINT('',(0.,0.));
#4079 = VECTOR('',#4080,1.);
#4080 = DIRECTION('',(1.,0.));
#4081 = ( GEOMETRIC_REPRESENTATION_CONTEXT(2) 
PARAMETRIC_REPRESENTATION_CONTEXT() REPRESENTATION_CONTEXT('2D SPACE',''
  ) );
#4082 = PCURVE('',#4083,#4088);
#4083 = PLANE('',#4084);
#4084 = AXIS2_PLACEMENT_3D('',#4085,#4086,#4087);
#4085 = CARTESIAN_POINT('',(-38.,-13.,-113.));
#4086 = DIRECTION('',(-0.,1.,0.));
#4087 = DIRECTION('',(0.,0.,1.));
#4088 = DEFINITIONAL_REPRESENTATION('',(#4089),#4093);
#4089 = LINE('',#4090,#4091);
#4090 = CARTESIAN_POINT('',(0.,0.));
#4091 = VECTOR('',#4092,1.);
#4092 = DIRECTION('',(1.,0.));
#4093 = ( GEOMETRIC_REPRESENTATION_CONTEXT(2) 
PARAMETRIC_REPRESENTATION_CONTEXT() REPRESENTATION_CONTEXT('2D SPACE',''
  ) );
#4094 = ORIENTED_EDGE('',*,*,#4095,.T.);
#4095 = EDGE_CURVE('',#4061,#4096,#4098,.T.);
#4096 = VERTEX_POINT('',#4097);
#4097 = CARTESIAN_POINT('',(-38.,13.,-113.));
#4098 = SURFACE_CURVE('',#4099,(#4103,#4110),.PCURVE_S1.);
#4099 = LINE('',#4100,#4101);
#4100 = CARTESIAN_POINT('',(-38.,-13.,-113.));
#4101 = VECTOR('',#4102,1.);
#4102 = DIRECTION('',(-0.,1.,0.));
#4103 = PCURVE('',#4071,#4104);
#4104 = DEFINITIONAL_REPRESENTATION('',(#4105),#4109);
#4105 = LINE('',#4106,#4107);
#4106 = CARTESIAN_POINT('',(0.,0.));
#4107 = VECTOR('',#4108,1.);
#4108 = DIRECTION('',(0.,-1.));
#4109 = ( GEOMETRIC_REPRESENTATION_CONTEXT(2) 
PARAMETRIC_REPRESENTATION_CONTEXT() REPRESENTATION_CONTEXT('2D SPACE',''
  ) );
#4110 = PCURVE('',#4111,#4116);
#4111 = PLANE('',#4112);
#4112 = AXIS2_PLACEMENT_3D('',#4113,#4114,#4115);
#4113 = CARTESIAN_POINT('',(-38.,-13.,-113.));
#4114 = DIRECTION('',(0.,0.,1.));
#4115 = DIRECTION('',(1.,0.,-0.));
#4116 = DEFINITIONAL_REPRESENTATION('',(#4117),#4121);
#4117 = LINE('',#4118,#4119);
#4118 = CARTESIAN_POINT('',(0.,0.));
#4119 = VECTOR('',#4120,1.);
#4120 = DIRECTION('',(0.,1.));
#4121 = ( GEOMETRIC_REPRESENTATION_CONTEXT(2) 
PARAMETRIC_REPRESENTATION_CONTEXT() REPRESENTATION_CONTEXT('2D SPACE',''
  ) );
#4122 = ORIENTED_EDGE('',*,*,#4123,.T.);
#4123 = EDGE_CURVE('',#4096,#4124,#4126,.T.);
#4124 = VERTEX_POINT('',#4125);
#4125 = CARTESIAN_POINT('',(-38.,13.,-28.));
#4126 = SURFACE_CURVE('',#4127,(#4131,#4138),.PCURVE_S1.);
#4127 = LINE('',#4128,#4129);
#4128 = CARTESIAN_POINT('',(-38.,13.,-113.));
#4129 = VECTOR('',#4130,1.);
#4130 = DIRECTION('',(0.,0.,1.));
#4131 = PCURVE('',#4071,#4132);
#4132 = DEFINITIONAL_REPRESENTATION('',(#4133),#4137);
#4133 = LINE('',#4134,#4135);
#4134 = CARTESIAN_POINT('',(0.,-26.));
#4135 = VECTOR('',#4136,1.);
#4136 = DIRECTION('',(1.,0.));
#4137 = ( GEOMETRIC_REPRESENTATION_CONTEXT(2) 
PARAMETRIC_REPRESENTATION_CONTEXT() REPRESENTATION_CONTEXT('2D SPACE',''
  ) );
#4138 = PCURVE('',#4139,#4144);
#4139 = PLANE('',#4140);
#4140 = AXIS2_PLACEMENT_3D('',#4141,#4142,#4143);
#4141 = CARTESIAN_POINT('',(-38.,13.,-113.));
#4142 = DIRECTION('',(-0.,1.,0.));
#4143 = DIRECTION('',(0.,0.,1.));
#4144 = DEFINITIONAL_REPRESENTATION('',(#4145),#4149);
#4145 = LINE('',#4146,#4147);
#4146 = CARTESIAN_POINT('',(0.,0.));
#4147 = VECTOR('',#4148,1.);
#4148 = DIRECTION('',(1.,0.));
#4149 = ( GEOMETRIC_REPRESENTATION_CONTEXT(2) 
PARAMETRIC_REPRESENTATION_CONTEXT() REPRESENTATION_CONTEXT('2D SPACE',''
  ) );
#4150 = ORIENTED_EDGE('',*,*,#4151,.F.);
#4151 = EDGE_CURVE('',#4063,#4124,#4152,.T.);
#4152 = SURFACE_CURVE('',#4153,(#4157,#4164),.PCURVE_S1.);
#4153 = LINE('',#4154,#4155);
#4154 = CARTESIAN_POINT('',(-38.,-13.,-28.));
#4155 = VECTOR('',#4156,1.);
#4156 = DIRECTION('',(-0.,1.,0.));
#4157 = PCURVE('',#4071,#4158);
#4158 = DEFINITIONAL_REPRESENTATION('',(#4159),#4163);
#4159 = LINE('',#4160,#4161);
#4160 = CARTESIAN_POINT('',(85.,0.));
#4161 = VECTOR('',#4162,1.);
#4162 = DIRECTION('',(0.,-1.));
#4163 = ( GEOMETRIC_REPRESENTATION_CONTEXT(2) 
PARAMETRIC_REPRESENTATION_CONTEXT() REPRESENTATION_CONTEXT('2D SPACE',''
  ) );
#4164 = PCURVE('',#4165,#4170);
#4165 = PLANE('',#4166);
#4166 = AXIS2_PLACEMENT_3D('',#4167,#4168,#4169);
#4167 = CARTESIAN_POINT('',(-38.,-13.,-28.));
#4168 = DIRECTION('',(0.,0.,1.));
#4169 = DIRECTION('',(1.,0.,-0.));
#4170 = DEFINITIONAL_REPRESENTATION('',(#4171),#4175);
#4171 = LINE('',#4172,#4173);
#4172 = CARTESIAN_POINT('',(0.,0.));
#4173 = VECTOR('',#4174,1.);
#4174 = DIRECTION('',(0.,1.));
#4175 = ( GEOMETRIC_REPRESENTATION_CONTEXT(2) 
PARAMETRIC_REPRESENTATION_CONTEXT() REPRESENTATION_CONTEXT('2D SPACE',''
  ) );
#4176 = ADVANCED_FACE('',(#4177,#4252),#4083,.F.);
#4177 = FACE_BOUND('',#4178,.F.);
#4178 = EDGE_LOOP('',(#4179,#4202,#4203,#4226));
#4179 = ORIENTED_EDGE('',*,*,#4180,.F.);
#4180 = EDGE_CURVE('',#4061,#4181,#4183,.T.);
#4181 = VERTEX_POINT('',#4182);
#4182 = CARTESIAN_POINT('',(-14.,-13.,-113.));
#4183 = SURFACE_CURVE('',#4184,(#4188,#4195),.PCURVE_S1.);
#4184 = LINE('',#4185,#4186);
#4185 = CARTESIAN_POINT('',(-38.,-13.,-113.));
#4186 = VECTOR('',#4187,1.);
#4187 = DIRECTION('',(1.,0.,-0.));
#4188 = PCURVE('',#4083,#4189);
#4189 = DEFINITIONAL_REPRESENTATION('',(#4190),#4194);
#4190 = LINE('',#4191,#4192);
#4191 = CARTESIAN_POINT('',(0.,0.));
#4192 = VECTOR('',#4193,1.);
#4193 = DIRECTION('',(0.,1.));
#4194 = ( GEOMETRIC_REPRESENTATION_CONTEXT(2) 
PARAMETRIC_REPRESENTATION_CONTEXT() REPRESENTATION_CONTEXT('2D SPACE',''
  ) );
#4195 = PCURVE('',#4111,#4196);
#4196 = DEFINITIONAL_REPRESENTATION('',(#4197),#4201);
#4197 = LINE('',#4198,#4199);
#4198 = CARTESIAN_POINT('',(0.,0.));
#4199 = VECTOR('',#4200,1.);
#4200 = DIRECTION('',(1.,0.));
#4201 = ( GEOMETRIC_REPRESENTATION_CONTEXT(2) 
PARAMETRIC_REPRESENTATION_CONTEXT() REPRESENTATION_CONTEXT('2D SPACE',''
  ) );
#4202 = ORIENTED_EDGE('',*,*,#4060,.T.);
#4203 = ORIENTED_EDGE('',*,*,#4204,.T.);
#4204 = EDGE_CURVE('',#4063,#4205,#4207,.T.);
#4205 = VERTEX_POINT('',#4206);
#4206 = CARTESIAN_POINT('',(-14.,-13.,-28.));
#4207 = SURFACE_CURVE('',#4208,(#4212,#4219),.PCURVE_S1.);
#4208 = LINE('',#4209,#4210);
#4209 = CARTESIAN_POINT('',(-38.,-13.,-28.));
#4210 = VECTOR('',#4211,1.);
#4211 = DIRECTION('',(1.,0.,-0.));
#4212 = PCURVE('',#4083,#4213);
#4213 = DEFINITIONAL_REPRESENTATION('',(#4214),#4218);
#4214 = LINE('',#4215,#4216);
#4215 = CARTESIAN_POINT('',(85.,0.));
#4216 = VECTOR('',#4217,1.);
#4217 = DIRECTION('',(0.,1.));
#4218 = ( GEOMETRIC_REPRESENTATION_CONTEXT(2) 
PARAMETRIC_REPRESENTATION_CONTEXT() REPRESENTATION_CONTEXT('2D SPACE',''
  ) );
#4219 = PCURVE('',#4165,#4220);
#4220 = DEFINITIONAL_REPRESENTATION('',(#4221),#4225);
#4221 = LINE('',#4222,#4223);
#4222 = CARTESIAN_POINT('',(0.,0.));
#4223 = VECTOR('',#4224,1.);
#4224 = DIRECTION('',(1.,0.));
#4225 = ( GEOMETRIC_REPRESENTATION_CONTEXT(2) 
PARAMETRIC_REPRESENTATION_CONTEXT() REPRESENTATION_CONTEXT('2D SPACE',''
  ) );
#4226 = ORIENTED_EDGE('',*,*,#4227,.F.);
#4227 = EDGE_CURVE('',#4181,#4205,#4228,.T.);
#4228 = SURFACE_CURVE('',#4229,(#4233,#4240),.PCURVE_S1.);
#4229 = LINE('',#4230,#4231);
#4230 = CARTESIAN_POINT('',(-14.,-13.,-113.));
#4231 = VECTOR('',#4232,1.);
#4232 = DIRECTION('',(0.,0.,1.));
#4233 = PCURVE('',#4083,#4234);
#4234 = DEFINITIONAL_REPRESENTATION('',(#4235),#4239);
#4235 = LINE('',#4236,#4237);
#4236 = CARTESIAN_POINT('',(0.,24.));
#4237 = VECTOR('',#4238,1.);
#4238 = DIRECTION('',(1.,0.));
#4239 = ( GEOMETRIC_REPRESENTATION_CONTEXT(2) 
PARAMETRIC_REPRESENTATION_CONTEXT() REPRESENTATION_CONTEXT('2D SPACE',''
  ) );
#4240 = PCURVE('',#4241,#4246);
#4241 = PLANE('',#4242);
#4242 = AXIS2_PLACEMENT_3D('',#4243,#4244,#4245);
#4243 = CARTESIAN_POINT('',(-14.,-13.,-113.));
#4244 = DIRECTION('',(1.,0.,-0.));
#4245 = DIRECTION('',(0.,0.,1.));
#4246 = DEFINITIONAL_REPRESENTATION('',(#4247),#4251);
#4247 = LINE('',#4248,#4249);
#4248 = CARTESIAN_POINT('',(0.,0.));
#4249 = VECTOR('',#4250,1.);
#4250 = DIRECTION('',(1.,0.));
#4251 = ( GEOMETRIC_REPRESENTATION_CONTEXT(2) 
PARAMETRIC_REPRESENTATION_CONTEXT() REPRESENTATION_CONTEXT('2D SPACE',''
  ) );
#4252 = FACE_BOUND('',#4253,.F.);
#4253 = EDGE_LOOP('',(#4254,#4282,#4308,#4334));
#4254 = ORIENTED_EDGE('',*,*,#4255,.F.);
#4255 = EDGE_CURVE('',#4256,#4258,#4260,.T.);
#4256 = VERTEX_POINT('',#4257);
#4257 = CARTESIAN_POINT('',(-33.,-13.,-40.5));
#4258 = VERTEX_POINT('',#4259);
#4259 = CARTESIAN_POINT('',(-19.,-13.,-40.5));
#4260 = SURFACE_CURVE('',#4261,(#4265,#4271),.PCURVE_S1.);
#4261 = LINE('',#4262,#4263);
#4262 = CARTESIAN_POINT('',(-35.5,-13.,-40.5));
#4263 = VECTOR('',#4264,1.);
#4264 = DIRECTION('',(1.,0.,-0.));
#4265 = PCURVE('',#4083,#4266);
#4266 = DEFINITIONAL_REPRESENTATION('',(#4267),#4270);
#4267 = B_SPLINE_CURVE_WITH_KNOTS('',1,(#4268,#4269),.UNSPECIFIED.,.F.,
  .F.,(2,2),(2.5,16.5),.PIECEWISE_BEZIER_KNOTS.);
#4268 = CARTESIAN_POINT('',(72.5,5.));
#4269 = CARTESIAN_POINT('',(72.5,19.));
#4270 = ( GEOMETRIC_REPRESENTATION_CONTEXT(2) 
PARAMETRIC_REPRESENTATION_CONTEXT() REPRESENTATION_CONTEXT('2D SPACE',''
  ) );
#4271 = PCURVE('',#4272,#4277);
#4272 = PLANE('',#4273);
#4273 = AXIS2_PLACEMENT_3D('',#4274,#4275,#4276);
#4274 = CARTESIAN_POINT('',(-33.,-14.,-40.5));
#4275 = DIRECTION('',(0.,0.,1.));
#4276 = DIRECTION('',(1.,0.,-0.));
#4277 = DEFINITIONAL_REPRESENTATION('',(#4278),#4281);
#4278 = B_SPLINE_CURVE_WITH_KNOTS('',1,(#4279,#4280),.UNSPECIFIED.,.F.,
  .F.,(2,2),(2.5,16.5),.PIECEWISE_BEZIER_KNOTS.);
#4279 = CARTESIAN_POINT('',(0.,1.));
#4280 = CARTESIAN_POINT('',(14.,1.));
#4281 = ( GEOMETRIC_REPRESENTATION_CONTEXT(2) 
PARAMETRIC_REPRESENTATION_CONTEXT() REPRESENTATION_CONTEXT('2D SPACE',''
  ) );
#4282 = ORIENTED_EDGE('',*,*,#4283,.T.);
#4283 = EDGE_CURVE('',#4256,#4284,#4286,.T.);
#4284 = VERTEX_POINT('',#4285);
#4285 = CARTESIAN_POINT('',(-33.,-13.,-100.5));
#4286 = SURFACE_CURVE('',#4287,(#4291,#4297),.PCURVE_S1.);
#4287 = LINE('',#4288,#4289);
#4288 = CARTESIAN_POINT('',(-33.,-13.,-106.75));
#4289 = VECTOR('',#4290,1.);
#4290 = DIRECTION('',(-0.,0.,-1.));
#4291 = PCURVE('',#4083,#4292);
#4292 = DEFINITIONAL_REPRESENTATION('',(#4293),#4296);
#4293 = B_SPLINE_CURVE_WITH_KNOTS('',1,(#4294,#4295),.UNSPECIFIED.,.F.,
  .F.,(2,2),(-66.25,-6.25),.PIECEWISE_BEZIER_KNOTS.);
#4294 = CARTESIAN_POINT('',(72.5,5.));
#4295 = CARTESIAN_POINT('',(12.5,5.));
#4296 = ( GEOMETRIC_REPRESENTATION_CONTEXT(2) 
PARAMETRIC_REPRESENTATION_CONTEXT() REPRESENTATION_CONTEXT('2D SPACE',''
  ) );
#4297 = PCURVE('',#4298,#4303);
#4298 = PLANE('',#4299);
#4299 = AXIS2_PLACEMENT_3D('',#4300,#4301,#4302);
#4300 = CARTESIAN_POINT('',(-33.,-14.,-100.5));
#4301 = DIRECTION('',(1.,0.,-0.));
#4302 = DIRECTION('',(0.,0.,1.));
#4303 = DEFINITIONAL_REPRESENTATION('',(#4304),#4307);
#4304 = B_SPLINE_CURVE_WITH_KNOTS('',1,(#4305,#4306),.UNSPECIFIED.,.F.,
  .F.,(2,2),(-66.25,-6.25),.PIECEWISE_BEZIER_KNOTS.);
#4305 = CARTESIAN_POINT('',(60.,-1.));
#4306 = CARTESIAN_POINT('',(0.,-1.));
#4307 = ( GEOMETRIC_REPRESENTATION_CONTEXT(2) 
PARAMETRIC_REPRESENTATION_CONTEXT() REPRESENTATION_CONTEXT('2D SPACE',''
  ) );
#4308 = ORIENTED_EDGE('',*,*,#4309,.T.);
#4309 = EDGE_CURVE('',#4284,#4310,#4312,.T.);
#4310 = VERTEX_POINT('',#4311);
#4311 = CARTESIAN_POINT('',(-19.,-13.,-100.5));
#4312 = SURFACE_CURVE('',#4313,(#4317,#4323),.PCURVE_S1.);
#4313 = LINE('',#4314,#4315);
#4314 = CARTESIAN_POINT('',(-35.5,-13.,-100.5));
#4315 = VECTOR('',#4316,1.);
#4316 = DIRECTION('',(1.,0.,-0.));
#4317 = PCURVE('',#4083,#4318);
#4318 = DEFINITIONAL_REPRESENTATION('',(#4319),#4322);
#4319 = B_SPLINE_CURVE_WITH_KNOTS('',1,(#4320,#4321),.UNSPECIFIED.,.F.,
  .F.,(2,2),(2.5,16.5),.PIECEWISE_BEZIER_KNOTS.);
#4320 = CARTESIAN_POINT('',(12.5,5.));
#4321 = CARTESIAN_POINT('',(12.5,19.));
#4322 = ( GEOMETRIC_REPRESENTATION_CONTEXT(2) 
PARAMETRIC_REPRESENTATION_CONTEXT() REPRESENTATION_CONTEXT('2D SPACE',''
  ) );
#4323 = PCURVE('',#4324,#4329);
#4324 = PLANE('',#4325);
#4325 = AXIS2_PLACEMENT_3D('',#4326,#4327,#4328);
#4326 = CARTESIAN_POINT('',(-33.,-14.,-100.5));
#4327 = DIRECTION('',(0.,0.,1.));
#4328 = DIRECTION('',(1.,0.,-0.));
#4329 = DEFINITIONAL_REPRESENTATION('',(#4330),#4333);
#4330 = B_SPLINE_CURVE_WITH_KNOTS('',1,(#4331,#4332),.UNSPECIFIED.,.F.,
  .F.,(2,2),(2.5,16.5),.PIECEWISE_BEZIER_KNOTS.);
#4331 = CARTESIAN_POINT('',(0.,1.));
#4332 = CARTESIAN_POINT('',(14.,1.));
#4333 = ( GEOMETRIC_REPRESENTATION_CONTEXT(2) 
PARAMETRIC_REPRESENTATION_CONTEXT() REPRESENTATION_CONTEXT('2D SPACE',''
  ) );
#4334 = ORIENTED_EDGE('',*,*,#4335,.F.);
#4335 = EDGE_CURVE('',#4258,#4310,#4336,.T.);
#4336 = SURFACE_CURVE('',#4337,(#4341,#4347),.PCURVE_S1.);
#4337 = LINE('',#4338,#4339);
#4338 = CARTESIAN_POINT('',(-19.,-13.,-106.75));
#4339 = VECTOR('',#4340,1.);
#4340 = DIRECTION('',(-0.,0.,-1.));
#4341 = PCURVE('',#4083,#4342);
#4342 = DEFINITIONAL_REPRESENTATION('',(#4343),#4346);
#4343 = B_SPLINE_CURVE_WITH_KNOTS('',1,(#4344,#4345),.UNSPECIFIED.,.F.,
  .F.,(2,2),(-66.25,-6.25),.PIECEWISE_BEZIER_KNOTS.);
#4344 = CARTESIAN_POINT('',(72.5,19.));
#4345 = CARTESIAN_POINT('',(12.5,19.));
#4346 = ( GEOMETRIC_REPRESENTATION_CONTEXT(2) 
PARAMETRIC_REPRESENTATION_CONTEXT() REPRESENTATION_CONTEXT('2D SPACE',''
  ) );
#4347 = PCURVE('',#4348,#4353);
#4348 = PLANE('',#4349);
#4349 = AXIS2_PLACEMENT_3D('',#4350,#4351,#4352);
#4350 = CARTESIAN_POINT('',(-19.,-14.,-100.5));
#4351 = DIRECTION('',(1.,0.,-0.));
#4352 = DIRECTION('',(0.,0.,1.));
#4353 = DEFINITIONAL_REPRESENTATION('',(#4354),#4357);
#4354 = B_SPLINE_CURVE_WITH_KNOTS('',1,(#4355,#4356),.UNSPECIFIED.,.F.,
  .F.,(2,2),(-66.25,-6.25),.PIECEWISE_BEZIER_KNOTS.);
#4355 = CARTESIAN_POINT('',(60.,-1.));
#4356 = CARTESIAN_POINT('',(0.,-1.));
#4357 = ( GEOMETRIC_REPRESENTATION_CONTEXT(2) 
PARAMETRIC_REPRESENTATION_CONTEXT() REPRESENTATION_CONTEXT('2D SPACE',''
  ) );
#4358 = ADVANCED_FACE('',(#4359,#4407,#4438),#4165,.T.);
#4359 = FACE_BOUND('',#4360,.T.);
#4360 = EDGE_LOOP('',(#4361,#4362,#4363,#4386));
#4361 = ORIENTED_EDGE('',*,*,#4151,.F.);
#4362 = ORIENTED_EDGE('',*,*,#4204,.T.);
#4363 = ORIENTED_EDGE('',*,*,#4364,.T.);
#4364 = EDGE_CURVE('',#4205,#4365,#4367,.T.);
#4365 = VERTEX_POINT('',#4366);
#4366 = CARTESIAN_POINT('',(-14.,13.,-28.));
#4367 = SURFACE_CURVE('',#4368,(#4372,#4379),.PCURVE_S1.);
#4368 = LINE('',#4369,#4370);
#4369 = CARTESIAN_POINT('',(-14.,-13.,-28.));
#4370 = VECTOR('',#4371,1.);
#4371 = DIRECTION('',(-0.,1.,0.));
#4372 = PCURVE('',#4165,#4373);
#4373 = DEFINITIONAL_REPRESENTATION('',(#4374),#4378);
#4374 = LINE('',#4375,#4376);
#4375 = CARTESIAN_POINT('',(24.,0.));
#4376 = VECTOR('',#4377,1.);
#4377 = DIRECTION('',(0.,1.));
#4378 = ( GEOMETRIC_REPRESENTATION_CONTEXT(2) 
PARAMETRIC_REPRESENTATION_CONTEXT() REPRESENTATION_CONTEXT('2D SPACE',''
  ) );
#4379 = PCURVE('',#4241,#4380);
#4380 = DEFINITIONAL_REPRESENTATION('',(#4381),#4385);
#4381 = LINE('',#4382,#4383);
#4382 = CARTESIAN_POINT('',(85.,0.));
#4383 = VECTOR('',#4384,1.);
#4384 = DIRECTION('',(0.,-1.));
#4385 = ( GEOMETRIC_REPRESENTATION_CONTEXT(2) 
PARAMETRIC_REPRESENTATION_CONTEXT() REPRESENTATION_CONTEXT('2D SPACE',''
  ) );
#4386 = ORIENTED_EDGE('',*,*,#4387,.F.);
#4387 = EDGE_CURVE('',#4124,#4365,#4388,.T.);
#4388 = SURFACE_CURVE('',#4389,(#4393,#4400),.PCURVE_S1.);
#4389 = LINE('',#4390,#4391);
#4390 = CARTESIAN_POINT('',(-38.,13.,-28.));
#4391 = VECTOR('',#4392,1.);
#4392 = DIRECTION('',(1.,0.,-0.));
#4393 = PCURVE('',#4165,#4394);
#4394 = DEFINITIONAL_REPRESENTATION('',(#4395),#4399);
#4395 = LINE('',#4396,#4397);
#4396 = CARTESIAN_POINT('',(0.,26.));
#4397 = VECTOR('',#4398,1.);
#4398 = DIRECTION('',(1.,0.));
#4399 = ( GEOMETRIC_REPRESENTATION_CONTEXT(2) 
PARAMETRIC_REPRESENTATION_CONTEXT() REPRESENTATION_CONTEXT('2D SPACE',''
  ) );
#4400 = PCURVE('',#4139,#4401);
#4401 = DEFINITIONAL_REPRESENTATION('',(#4402),#4406);
#4402 = LINE('',#4403,#4404);
#4403 = CARTESIAN_POINT('',(85.,0.));
#4404 = VECTOR('',#4405,1.);
#4405 = DIRECTION('',(0.,1.));
#4406 = ( GEOMETRIC_REPRESENTATION_CONTEXT(2) 
PARAMETRIC_REPRESENTATION_CONTEXT() REPRESENTATION_CONTEXT('2D SPACE',''
  ) );
#4407 = FACE_BOUND('',#4408,.T.);
#4408 = EDGE_LOOP('',(#4409));
#4409 = ORIENTED_EDGE('',*,*,#4410,.F.);
#4410 = EDGE_CURVE('',#4411,#4411,#4413,.T.);
#4411 = VERTEX_POINT('',#4412);
#4412 = CARTESIAN_POINT('',(-21.25,-7.,-28.));
#4413 = SURFACE_CURVE('',#4414,(#4419,#4426),.PCURVE_S1.);
#4414 = CIRCLE('',#4415,4.75);
#4415 = AXIS2_PLACEMENT_3D('',#4416,#4417,#4418);
#4416 = CARTESIAN_POINT('',(-26.,-7.,-28.));
#4417 = DIRECTION('',(0.,0.,1.));
#4418 = DIRECTION('',(1.,0.,-0.));
#4419 = PCURVE('',#4165,#4420);
#4420 = DEFINITIONAL_REPRESENTATION('',(#4421),#4425);
#4421 = CIRCLE('',#4422,4.75);
#4422 = AXIS2_PLACEMENT_2D('',#4423,#4424);
#4423 = CARTESIAN_POINT('',(12.,6.));
#4424 = DIRECTION('',(1.,0.));
#4425 = ( GEOMETRIC_REPRESENTATION_CONTEXT(2) 
PARAMETRIC_REPRESENTATION_CONTEXT() REPRESENTATION_CONTEXT('2D SPACE',''
  ) );
#4426 = PCURVE('',#4427,#4432);
#4427 = CYLINDRICAL_SURFACE('',#4428,4.75);
#4428 = AXIS2_PLACEMENT_3D('',#4429,#4430,#4431);
#4429 = CARTESIAN_POINT('',(-26.,-7.,-33.5));
#4430 = DIRECTION('',(0.,0.,1.));
#4431 = DIRECTION('',(1.,0.,-0.));
#4432 = DEFINITIONAL_REPRESENTATION('',(#4433),#4437);
#4433 = LINE('',#4434,#4435);
#4434 = CARTESIAN_POINT('',(0.,5.5));
#4435 = VECTOR('',#4436,1.);
#4436 = DIRECTION('',(1.,0.));
#4437 = ( GEOMETRIC_REPRESENTATION_CONTEXT(2) 
PARAMETRIC_REPRESENTATION_CONTEXT() REPRESENTATION_CONTEXT('2D SPACE',''
  ) );
#4438 = FACE_BOUND('',#4439,.T.);
#4439 = EDGE_LOOP('',(#4440));
#4440 = ORIENTED_EDGE('',*,*,#4441,.F.);
#4441 = EDGE_CURVE('',#4442,#4442,#4444,.T.);
#4442 = VERTEX_POINT('',#4443);
#4443 = CARTESIAN_POINT('',(-21.25,7.,-28.));
#4444 = SURFACE_CURVE('',#4445,(#4450,#4457),.PCURVE_S1.);
#4445 = CIRCLE('',#4446,4.75);
#4446 = AXIS2_PLACEMENT_3D('',#4447,#4448,#4449);
#4447 = CARTESIAN_POINT('',(-26.,7.,-28.));
#4448 = DIRECTION('',(0.,0.,1.));
#4449 = DIRECTION('',(1.,0.,-0.));
#4450 = PCURVE('',#4165,#4451);
#4451 = DEFINITIONAL_REPRESENTATION('',(#4452),#4456);
#4452 = CIRCLE('',#4453,4.75);
#4453 = AXIS2_PLACEMENT_2D('',#4454,#4455);
#4454 = CARTESIAN_POINT('',(12.,20.));
#4455 = DIRECTION('',(1.,0.));
#4456 = ( GEOMETRIC_REPRESENTATION_CONTEXT(2) 
PARAMETRIC_REPRESENTATION_CONTEXT() REPRESENTATION_CONTEXT('2D SPACE',''
  ) );
#4457 = PCURVE('',#4458,#4463);
#4458 = CYLINDRICAL_SURFACE('',#4459,4.75);
#4459 = AXIS2_PLACEMENT_3D('',#4460,#4461,#4462);
#4460 = CARTESIAN_POINT('',(-26.,7.,-33.5));
#4461 = DIRECTION('',(0.,0.,1.));
#4462 = DIRECTION('',(1.,0.,-0.));
#4463 = DEFINITIONAL_REPRESENTATION('',(#4464),#4468);
#4464 = LINE('',#4465,#4466);
#4465 = CARTESIAN_POINT('',(0.,5.5));
#4466 = VECTOR('',#4467,1.);
#4467 = DIRECTION('',(1.,0.));
#4468 = ( GEOMETRIC_REPRESENTATION_CONTEXT(2) 
PARAMETRIC_REPRESENTATION_CONTEXT() REPRESENTATION_CONTEXT('2D SPACE',''
  ) );
#4469 = ADVANCED_FACE('',(#4470,#4518),#4139,.T.);
#4470 = FACE_BOUND('',#4471,.T.);
#4471 = EDGE_LOOP('',(#4472,#4495,#4496,#4497));
#4472 = ORIENTED_EDGE('',*,*,#4473,.F.);
#4473 = EDGE_CURVE('',#4096,#4474,#4476,.T.);
#4474 = VERTEX_POINT('',#4475);
#4475 = CARTESIAN_POINT('',(-14.,13.,-113.));
#4476 = SURFACE_CURVE('',#4477,(#4481,#4488),.PCURVE_S1.);
#4477 = LINE('',#4478,#4479);
#4478 = CARTESIAN_POINT('',(-38.,13.,-113.));
#4479 = VECTOR('',#4480,1.);
#4480 = DIRECTION('',(1.,0.,-0.));
#4481 = PCURVE('',#4139,#4482);
#4482 = DEFINITIONAL_REPRESENTATION('',(#4483),#4487);
#4483 = LINE('',#4484,#4485);
#4484 = CARTESIAN_POINT('',(0.,0.));
#4485 = VECTOR('',#4486,1.);
#4486 = DIRECTION('',(0.,1.));
#4487 = ( GEOMETRIC_REPRESENTATION_CONTEXT(2) 
PARAMETRIC_REPRESENTATION_CONTEXT() REPRESENTATION_CONTEXT('2D SPACE',''
  ) );
#4488 = PCURVE('',#4111,#4489);
#4489 = DEFINITIONAL_REPRESENTATION('',(#4490),#4494);
#4490 = LINE('',#4491,#4492);
#4491 = CARTESIAN_POINT('',(0.,26.));
#4492 = VECTOR('',#4493,1.);
#4493 = DIRECTION('',(1.,0.));
#4494 = ( GEOMETRIC_REPRESENTATION_CONTEXT(2) 
PARAMETRIC_REPRESENTATION_CONTEXT() REPRESENTATION_CONTEXT('2D SPACE',''
  ) );
#4495 = ORIENTED_EDGE('',*,*,#4123,.T.);
#4496 = ORIENTED_EDGE('',*,*,#4387,.T.);
#4497 = ORIENTED_EDGE('',*,*,#4498,.F.);
#4498 = EDGE_CURVE('',#4474,#4365,#4499,.T.);
#4499 = SURFACE_CURVE('',#4500,(#4504,#4511),.PCURVE_S1.);
#4500 = LINE('',#4501,#4502);
#4501 = CARTESIAN_POINT('',(-14.,13.,-113.));
#4502 = VECTOR('',#4503,1.);
#4503 = DIRECTION('',(0.,0.,1.));
#4504 = PCURVE('',#4139,#4505);
#4505 = DEFINITIONAL_REPRESENTATION('',(#4506),#4510);
#4506 = LINE('',#4507,#4508);
#4507 = CARTESIAN_POINT('',(0.,24.));
#4508 = VECTOR('',#4509,1.);
#4509 = DIRECTION('',(1.,0.));
#4510 = ( GEOMETRIC_REPRESENTATION_CONTEXT(2) 
PARAMETRIC_REPRESENTATION_CONTEXT() REPRESENTATION_CONTEXT('2D SPACE',''
  ) );
#4511 = PCURVE('',#4241,#4512);
#4512 = DEFINITIONAL_REPRESENTATION('',(#4513),#4517);
#4513 = LINE('',#4514,#4515);
#4514 = CARTESIAN_POINT('',(0.,-26.));
#4515 = VECTOR('',#4516,1.);
#4516 = DIRECTION('',(1.,0.));
#4517 = ( GEOMETRIC_REPRESENTATION_CONTEXT(2) 
PARAMETRIC_REPRESENTATION_CONTEXT() REPRESENTATION_CONTEXT('2D SPACE',''
  ) );
#4518 = FACE_BOUND('',#4519,.T.);
#4519 = EDGE_LOOP('',(#4520,#4543,#4564,#4585));
#4520 = ORIENTED_EDGE('',*,*,#4521,.F.);
#4521 = EDGE_CURVE('',#4522,#4524,#4526,.T.);
#4522 = VERTEX_POINT('',#4523);
#4523 = CARTESIAN_POINT('',(-33.,13.,-40.5));
#4524 = VERTEX_POINT('',#4525);
#4525 = CARTESIAN_POINT('',(-19.,13.,-40.5));
#4526 = SURFACE_CURVE('',#4527,(#4531,#4537),.PCURVE_S1.);
#4527 = LINE('',#4528,#4529);
#4528 = CARTESIAN_POINT('',(-35.5,13.,-40.5));
#4529 = VECTOR('',#4530,1.);
#4530 = DIRECTION('',(1.,0.,-0.));
#4531 = PCURVE('',#4139,#4532);
#4532 = DEFINITIONAL_REPRESENTATION('',(#4533),#4536);
#4533 = B_SPLINE_CURVE_WITH_KNOTS('',1,(#4534,#4535),.UNSPECIFIED.,.F.,
  .F.,(2,2),(2.5,16.5),.PIECEWISE_BEZIER_KNOTS.);
#4534 = CARTESIAN_POINT('',(72.5,5.));
#4535 = CARTESIAN_POINT('',(72.5,19.));
#4536 = ( GEOMETRIC_REPRESENTATION_CONTEXT(2) 
PARAMETRIC_REPRESENTATION_CONTEXT() REPRESENTATION_CONTEXT('2D SPACE',''
  ) );
#4537 = PCURVE('',#4272,#4538);
#4538 = DEFINITIONAL_REPRESENTATION('',(#4539),#4542);
#4539 = B_SPLINE_CURVE_WITH_KNOTS('',1,(#4540,#4541),.UNSPECIFIED.,.F.,
  .F.,(2,2),(2.5,16.5),.PIECEWISE_BEZIER_KNOTS.);
#4540 = CARTESIAN_POINT('',(0.,27.));
#4541 = CARTESIAN_POINT('',(14.,27.));
#4542 = ( GEOMETRIC_REPRESENTATION_CONTEXT(2) 
PARAMETRIC_REPRESENTATION_CONTEXT() REPRESENTATION_CONTEXT('2D SPACE',''
  ) );
#4543 = ORIENTED_EDGE('',*,*,#4544,.T.);
#4544 = EDGE_CURVE('',#4522,#4545,#4547,.T.);
#4545 = VERTEX_POINT('',#4546);
#4546 = CARTESIAN_POINT('',(-33.,13.,-100.5));
#4547 = SURFACE_CURVE('',#4548,(#4552,#4558),.PCURVE_S1.);
#4548 = LINE('',#4549,#4550);
#4549 = CARTESIAN_POINT('',(-33.,13.,-106.75));
#4550 = VECTOR('',#4551,1.);
#4551 = DIRECTION('',(-0.,0.,-1.));
#4552 = PCURVE('',#4139,#4553);
#4553 = DEFINITIONAL_REPRESENTATION('',(#4554),#4557);
#4554 = B_SPLINE_CURVE_WITH_KNOTS('',1,(#4555,#4556),.UNSPECIFIED.,.F.,
  .F.,(2,2),(-66.25,-6.25),.PIECEWISE_BEZIER_KNOTS.);
#4555 = CARTESIAN_POINT('',(72.5,5.));
#4556 = CARTESIAN_POINT('',(12.5,5.));
#4557 = ( GEOMETRIC_REPRESENTATION_CONTEXT(2) 
PARAMETRIC_REPRESENTATION_CONTEXT() REPRESENTATION_CONTEXT('2D SPACE',''
  ) );
#4558 = PCURVE('',#4298,#4559);
#4559 = DEFINITIONAL_REPRESENTATION('',(#4560),#4563);
#4560 = B_SPLINE_CURVE_WITH_KNOTS('',1,(#4561,#4562),.UNSPECIFIED.,.F.,
  .F.,(2,2),(-66.25,-6.25),.PIECEWISE_BEZIER_KNOTS.);
#4561 = CARTESIAN_POINT('',(60.,-27.));
#4562 = CARTESIAN_POINT('',(0.,-27.));
#4563 = ( GEOMETRIC_REPRESENTATION_CONTEXT(2) 
PARAMETRIC_REPRESENTATION_CONTEXT() REPRESENTATION_CONTEXT('2D SPACE',''
  ) );
#4564 = ORIENTED_EDGE('',*,*,#4565,.T.);
#4565 = EDGE_CURVE('',#4545,#4566,#4568,.T.);
#4566 = VERTEX_POINT('',#4567);
#4567 = CARTESIAN_POINT('',(-19.,13.,-100.5));
#4568 = SURFACE_CURVE('',#4569,(#4573,#4579),.PCURVE_S1.);
#4569 = LINE('',#4570,#4571);
#4570 = CARTESIAN_POINT('',(-35.5,13.,-100.5));
#4571 = VECTOR('',#4572,1.);
#4572 = DIRECTION('',(1.,0.,-0.));
#4573 = PCURVE('',#4139,#4574);
#4574 = DEFINITIONAL_REPRESENTATION('',(#4575),#4578);
#4575 = B_SPLINE_CURVE_WITH_KNOTS('',1,(#4576,#4577),.UNSPECIFIED.,.F.,
  .F.,(2,2),(2.5,16.5),.PIECEWISE_BEZIER_KNOTS.);
#4576 = CARTESIAN_POINT('',(12.5,5.));
#4577 = CARTESIAN_POINT('',(12.5,19.));
#4578 = ( GEOMETRIC_REPRESENTATION_CONTEXT(2) 
PARAMETRIC_REPRESENTATION_CONTEXT() REPRESENTATION_CONTEXT('2D SPACE',''
  ) );
#4579 = PCURVE('',#4324,#4580);
#4580 = DEFINITIONAL_REPRESENTATION('',(#4581),#4584);
#4581 = B_SPLINE_CURVE_WITH_KNOTS('',1,(#4582,#4583),.UNSPECIFIED.,.F.,
  .F.,(2,2),(2.5,16.5),.PIECEWISE_BEZIER_KNOTS.);
#4582 = CARTESIAN_POINT('',(0.,27.));
#4583 = CARTESIAN_POINT('',(14.,27.));
#4584 = ( GEOMETRIC_REPRESENTATION_CONTEXT(2) 
PARAMETRIC_REPRESENTATION_CONTEXT() REPRESENTATION_CONTEXT('2D SPACE',''
  ) );
#4585 = ORIENTED_EDGE('',*,*,#4586,.F.);
#4586 = EDGE_CURVE('',#4524,#4566,#4587,.T.);
#4587 = SURFACE_CURVE('',#4588,(#4592,#4598),.PCURVE_S1.);
#4588 = LINE('',#4589,#4590);
#4589 = CARTESIAN_POINT('',(-19.,13.,-106.75));
#4590 = VECTOR('',#4591,1.);
#4591 = DIRECTION('',(-0.,0.,-1.));
#4592 = PCURVE('',#4139,#4593);
#4593 = DEFINITIONAL_REPRESENTATION('',(#4594),#4597);
#4594 = B_SPLINE_CURVE_WITH_KNOTS('',1,(#4595,#4596),.UNSPECIFIED.,.F.,
  .F.,(2,2),(-66.25,-6.25),.PIECEWISE_BEZIER_KNOTS.);
#4595 = CARTESIAN_POINT('',(72.5,19.));
#4596 = CARTESIAN_POINT('',(12.5,19.));
#4597 = ( GEOMETRIC_REPRESENTATION_CONTEXT(2) 
PARAMETRIC_REPRESENTATION_CONTEXT() REPRESENTATION_CONTEXT('2D SPACE',''
  ) );
#4598 = PCURVE('',#4348,#4599);
#4599 = DEFINITIONAL_REPRESENTATION('',(#4600),#4603);
#4600 = B_SPLINE_CURVE_WITH_KNOTS('',1,(#4601,#4602),.UNSPECIFIED.,.F.,
  .F.,(2,2),(-66.25,-6.25),.PIECEWISE_BEZIER_KNOTS.);
#4601 = CARTESIAN_POINT('',(60.,-27.));
#4602 = CARTESIAN_POINT('',(0.,-27.));
#4603 = ( GEOMETRIC_REPRESENTATION_CONTEXT(2) 
PARAMETRIC_REPRESENTATION_CONTEXT() REPRESENTATION_CONTEXT('2D SPACE',''
  ) );
#4604 = ADVANCED_FACE('',(#4605,#4631,#4662),#4111,.F.);
#4605 = FACE_BOUND('',#4606,.F.);
#4606 = EDGE_LOOP('',(#4607,#4608,#4609,#4630));
#4607 = ORIENTED_EDGE('',*,*,#4095,.F.);
#4608 = ORIENTED_EDGE('',*,*,#4180,.T.);
#4609 = ORIENTED_EDGE('',*,*,#4610,.T.);
#4610 = EDGE_CURVE('',#4181,#4474,#4611,.T.);
#4611 = SURFACE_CURVE('',#4612,(#4616,#4623),.PCURVE_S1.);
#4612 = LINE('',#4613,#4614);
#4613 = CARTESIAN_POINT('',(-14.,-13.,-113.));
#4614 = VECTOR('',#4615,1.);
#4615 = DIRECTION('',(-0.,1.,0.));
#4616 = PCURVE('',#4111,#4617);
#4617 = DEFINITIONAL_REPRESENTATION('',(#4618),#4622);
#4618 = LINE('',#4619,#4620);
#4619 = CARTESIAN_POINT('',(24.,0.));
#4620 = VECTOR('',#4621,1.);
#4621 = DIRECTION('',(0.,1.));
#4622 = ( GEOMETRIC_REPRESENTATION_CONTEXT(2) 
PARAMETRIC_REPRESENTATION_CONTEXT() REPRESENTATION_CONTEXT('2D SPACE',''
  ) );
#4623 = PCURVE('',#4241,#4624);
#4624 = DEFINITIONAL_REPRESENTATION('',(#4625),#4629);
#4625 = LINE('',#4626,#4627);
#4626 = CARTESIAN_POINT('',(0.,0.));
#4627 = VECTOR('',#4628,1.);
#4628 = DIRECTION('',(0.,-1.));
#4629 = ( GEOMETRIC_REPRESENTATION_CONTEXT(2) 
PARAMETRIC_REPRESENTATION_CONTEXT() REPRESENTATION_CONTEXT('2D SPACE',''
  ) );
#4630 = ORIENTED_EDGE('',*,*,#4473,.F.);
#4631 = FACE_BOUND('',#4632,.F.);
#4632 = EDGE_LOOP('',(#4633));
#4633 = ORIENTED_EDGE('',*,*,#4634,.F.);
#4634 = EDGE_CURVE('',#4635,#4635,#4637,.T.);
#4635 = VERTEX_POINT('',#4636);
#4636 = CARTESIAN_POINT('',(-23.25,-7.,-113.));
#4637 = SURFACE_CURVE('',#4638,(#4643,#4650),.PCURVE_S1.);
#4638 = CIRCLE('',#4639,2.75);
#4639 = AXIS2_PLACEMENT_3D('',#4640,#4641,#4642);
#4640 = CARTESIAN_POINT('',(-26.,-7.,-113.));
#4641 = DIRECTION('',(0.,0.,1.));
#4642 = DIRECTION('',(1.,0.,-0.));
#4643 = PCURVE('',#4111,#4644);
#4644 = DEFINITIONAL_REPRESENTATION('',(#4645),#4649);
#4645 = CIRCLE('',#4646,2.75);
#4646 = AXIS2_PLACEMENT_2D('',#4647,#4648);
#4647 = CARTESIAN_POINT('',(12.,6.));
#4648 = DIRECTION('',(1.,0.));
#4649 = ( GEOMETRIC_REPRESENTATION_CONTEXT(2) 
PARAMETRIC_REPRESENTATION_CONTEXT() REPRESENTATION_CONTEXT('2D SPACE',''
  ) );
#4650 = PCURVE('',#4651,#4656);
#4651 = CYLINDRICAL_SURFACE('',#4652,2.75);
#4652 = AXIS2_PLACEMENT_3D('',#4653,#4654,#4655);
#4653 = CARTESIAN_POINT('',(-26.,-7.,-115.));
#4654 = DIRECTION('',(0.,0.,1.));
#4655 = DIRECTION('',(1.,0.,-0.));
#4656 = DEFINITIONAL_REPRESENTATION('',(#4657),#4661);
#4657 = LINE('',#4658,#4659);
#4658 = CARTESIAN_POINT('',(0.,2.));
#4659 = VECTOR('',#4660,1.);
#4660 = DIRECTION('',(1.,0.));
#4661 = ( GEOMETRIC_REPRESENTATION_CONTEXT(2) 
PARAMETRIC_REPRESENTATION_CONTEXT() REPRESENTATION_CONTEXT('2D SPACE',''
  ) );
#4662 = FACE_BOUND('',#4663,.F.);
#4663 = EDGE_LOOP('',(#4664));
#4664 = ORIENTED_EDGE('',*,*,#4665,.F.);
#4665 = EDGE_CURVE('',#4666,#4666,#4668,.T.);
#4666 = VERTEX_POINT('',#4667);
#4667 = CARTESIAN_POINT('',(-23.25,7.,-113.));
#4668 = SURFACE_CURVE('',#4669,(#4674,#4681),.PCURVE_S1.);
#4669 = CIRCLE('',#4670,2.75);
#4670 = AXIS2_PLACEMENT_3D('',#4671,#4672,#4673);
#4671 = CARTESIAN_POINT('',(-26.,7.,-113.));
#4672 = DIRECTION('',(0.,0.,1.));
#4673 = DIRECTION('',(1.,0.,-0.));
#4674 = PCURVE('',#4111,#4675);
#4675 = DEFINITIONAL_REPRESENTATION('',(#4676),#4680);
#4676 = CIRCLE('',#4677,2.75);
#4677 = AXIS2_PLACEMENT_2D('',#4678,#4679);
#4678 = CARTESIAN_POINT('',(12.,20.));
#4679 = DIRECTION('',(1.,0.));
#4680 = ( GEOMETRIC_REPRESENTATION_CONTEXT(2) 
PARAMETRIC_REPRESENTATION_CONTEXT() REPRESENTATION_CONTEXT('2D SPACE',''
  ) );
#4681 = PCURVE('',#4682,#4687);
#4682 = CYLINDRICAL_SURFACE('',#4683,2.75);
#4683 = AXIS2_PLACEMENT_3D('',#4684,#4685,#4686);
#4684 = CARTESIAN_POINT('',(-26.,7.,-115.));
#4685 = DIRECTION('',(0.,0.,1.));
#4686 = DIRECTION('',(1.,0.,-0.));
#4687 = DEFINITIONAL_REPRESENTATION('',(#4688),#4692);
#4688 = LINE('',#4689,#4690);
#4689 = CARTESIAN_POINT('',(0.,2.));
#4690 = VECTOR('',#4691,1.);
#4691 = DIRECTION('',(1.,0.));
#4692 = ( GEOMETRIC_REPRESENTATION_CONTEXT(2) 
PARAMETRIC_REPRESENTATION_CONTEXT() REPRESENTATION_CONTEXT('2D SPACE',''
  ) );
#4693 = ADVANCED_FACE('',(#4694),#4241,.T.);
#4694 = FACE_BOUND('',#4695,.T.);
#4695 = EDGE_LOOP('',(#4696,#4697,#4698,#4699));
#4696 = ORIENTED_EDGE('',*,*,#4227,.F.);
#4697 = ORIENTED_EDGE('',*,*,#4610,.T.);
#4698 = ORIENTED_EDGE('',*,*,#4498,.T.);
#4699 = ORIENTED_EDGE('',*,*,#4364,.F.);
#4700 = ADVANCED_FACE('',(#4701,#4747,#4778),#4272,.F.);
#4701 = FACE_BOUND('',#4702,.F.);
#4702 = EDGE_LOOP('',(#4703,#4724,#4725,#4746));
#4703 = ORIENTED_EDGE('',*,*,#4704,.F.);
#4704 = EDGE_CURVE('',#4256,#4522,#4705,.T.);
#4705 = SURFACE_CURVE('',#4706,(#4710,#4717),.PCURVE_S1.);
#4706 = LINE('',#4707,#4708);
#4707 = CARTESIAN_POINT('',(-33.,-14.,-40.5));
#4708 = VECTOR('',#4709,1.);
#4709 = DIRECTION('',(-0.,1.,0.));
#4710 = PCURVE('',#4272,#4711);
#4711 = DEFINITIONAL_REPRESENTATION('',(#4712),#4716);
#4712 = LINE('',#4713,#4714);
#4713 = CARTESIAN_POINT('',(0.,0.));
#4714 = VECTOR('',#4715,1.);
#4715 = DIRECTION('',(0.,1.));
#4716 = ( GEOMETRIC_REPRESENTATION_CONTEXT(2) 
PARAMETRIC_REPRESENTATION_CONTEXT() REPRESENTATION_CONTEXT('2D SPACE',''
  ) );
#4717 = PCURVE('',#4298,#4718);
#4718 = DEFINITIONAL_REPRESENTATION('',(#4719),#4723);
#4719 = LINE('',#4720,#4721);
#4720 = CARTESIAN_POINT('',(60.,0.));
#4721 = VECTOR('',#4722,1.);
#4722 = DIRECTION('',(0.,-1.));
#4723 = ( GEOMETRIC_REPRESENTATION_CONTEXT(2) 
PARAMETRIC_REPRESENTATION_CONTEXT() REPRESENTATION_CONTEXT('2D SPACE',''
  ) );
#4724 = ORIENTED_EDGE('',*,*,#4255,.T.);
#4725 = ORIENTED_EDGE('',*,*,#4726,.T.);
#4726 = EDGE_CURVE('',#4258,#4524,#4727,.T.);
#4727 = SURFACE_CURVE('',#4728,(#4732,#4739),.PCURVE_S1.);
#4728 = LINE('',#4729,#4730);
#4729 = CARTESIAN_POINT('',(-19.,-14.,-40.5));
#4730 = VECTOR('',#4731,1.);
#4731 = DIRECTION('',(-0.,1.,0.));
#4732 = PCURVE('',#4272,#4733);
#4733 = DEFINITIONAL_REPRESENTATION('',(#4734),#4738);
#4734 = LINE('',#4735,#4736);
#4735 = CARTESIAN_POINT('',(14.,0.));
#4736 = VECTOR('',#4737,1.);
#4737 = DIRECTION('',(0.,1.));
#4738 = ( GEOMETRIC_REPRESENTATION_CONTEXT(2) 
PARAMETRIC_REPRESENTATION_CONTEXT() REPRESENTATION_CONTEXT('2D SPACE',''
  ) );
#4739 = PCURVE('',#4348,#4740);
#4740 = DEFINITIONAL_REPRESENTATION('',(#4741),#4745);
#4741 = LINE('',#4742,#4743);
#4742 = CARTESIAN_POINT('',(60.,0.));
#4743 = VECTOR('',#4744,1.);
#4744 = DIRECTION('',(0.,-1.));
#4745 = ( GEOMETRIC_REPRESENTATION_CONTEXT(2) 
PARAMETRIC_REPRESENTATION_CONTEXT() REPRESENTATION_CONTEXT('2D SPACE',''
  ) );
#4746 = ORIENTED_EDGE('',*,*,#4521,.F.);
#4747 = FACE_BOUND('',#4748,.F.);
#4748 = EDGE_LOOP('',(#4749));
#4749 = ORIENTED_EDGE('',*,*,#4750,.F.);
#4750 = EDGE_CURVE('',#4751,#4751,#4753,.T.);
#4751 = VERTEX_POINT('',#4752);
#4752 = CARTESIAN_POINT('',(-23.25,-7.,-40.5));
#4753 = SURFACE_CURVE('',#4754,(#4759,#4766),.PCURVE_S1.);
#4754 = CIRCLE('',#4755,2.75);
#4755 = AXIS2_PLACEMENT_3D('',#4756,#4757,#4758);
#4756 = CARTESIAN_POINT('',(-26.,-7.,-40.5));
#4757 = DIRECTION('',(0.,0.,1.));
#4758 = DIRECTION('',(1.,0.,-0.));
#4759 = PCURVE('',#4272,#4760);
#4760 = DEFINITIONAL_REPRESENTATION('',(#4761),#4765);
#4761 = CIRCLE('',#4762,2.75);
#4762 = AXIS2_PLACEMENT_2D('',#4763,#4764);
#4763 = CARTESIAN_POINT('',(7.,7.));
#4764 = DIRECTION('',(1.,0.));
#4765 = ( GEOMETRIC_REPRESENTATION_CONTEXT(2) 
PARAMETRIC_REPRESENTATION_CONTEXT() REPRESENTATION_CONTEXT('2D SPACE',''
  ) );
#4766 = PCURVE('',#4767,#4772);
#4767 = CYLINDRICAL_SURFACE('',#4768,2.75);
#4768 = AXIS2_PLACEMENT_3D('',#4769,#4770,#4771);
#4769 = CARTESIAN_POINT('',(-26.,-7.,-115.));
#4770 = DIRECTION('',(0.,0.,1.));
#4771 = DIRECTION('',(1.,0.,-0.));
#4772 = DEFINITIONAL_REPRESENTATION('',(#4773),#4777);
#4773 = LINE('',#4774,#4775);
#4774 = CARTESIAN_POINT('',(0.,74.5));
#4775 = VECTOR('',#4776,1.);
#4776 = DIRECTION('',(1.,0.));
#4777 = ( GEOMETRIC_REPRESENTATION_CONTEXT(2) 
PARAMETRIC_REPRESENTATION_CONTEXT() REPRESENTATION_CONTEXT('2D SPACE',''
  ) );
#4778 = FACE_BOUND('',#4779,.F.);
#4779 = EDGE_LOOP('',(#4780));
#4780 = ORIENTED_EDGE('',*,*,#4781,.F.);
#4781 = EDGE_CURVE('',#4782,#4782,#4784,.T.);
#4782 = VERTEX_POINT('',#4783);
#4783 = CARTESIAN_POINT('',(-23.25,7.,-40.5));
#4784 = SURFACE_CURVE('',#4785,(#4790,#4797),.PCURVE_S1.);
#4785 = CIRCLE('',#4786,2.75);
#4786 = AXIS2_PLACEMENT_3D('',#4787,#4788,#4789);
#4787 = CARTESIAN_POINT('',(-26.,7.,-40.5));
#4788 = DIRECTION('',(0.,0.,1.));
#4789 = DIRECTION('',(1.,0.,-0.));
#4790 = PCURVE('',#4272,#4791);
#4791 = DEFINITIONAL_REPRESENTATION('',(#4792),#4796);
#4792 = CIRCLE('',#4793,2.75);
#4793 = AXIS2_PLACEMENT_2D('',#4794,#4795);
#4794 = CARTESIAN_POINT('',(7.,21.));
#4795 = DIRECTION('',(1.,0.));
#4796 = ( GEOMETRIC_REPRESENTATION_CONTEXT(2) 
PARAMETRIC_REPRESENTATION_CONTEXT() REPRESENTATION_CONTEXT('2D SPACE',''
  ) );
#4797 = PCURVE('',#4798,#4803);
#4798 = CYLINDRICAL_SURFACE('',#4799,2.75);
#4799 = AXIS2_PLACEMENT_3D('',#4800,#4801,#4802);
#4800 = CARTESIAN_POINT('',(-26.,7.,-115.));
#4801 = DIRECTION('',(0.,0.,1.));
#4802 = DIRECTION('',(1.,0.,-0.));
#4803 = DEFINITIONAL_REPRESENTATION('',(#4804),#4808);
#4804 = LINE('',#4805,#4806);
#4805 = CARTESIAN_POINT('',(0.,74.5));
#4806 = VECTOR('',#4807,1.);
#4807 = DIRECTION('',(1.,0.));
#4808 = ( GEOMETRIC_REPRESENTATION_CONTEXT(2) 
PARAMETRIC_REPRESENTATION_CONTEXT() REPRESENTATION_CONTEXT('2D SPACE',''
  ) );
#4809 = ADVANCED_FACE('',(#4810),#4348,.F.);
#4810 = FACE_BOUND('',#4811,.F.);
#4811 = EDGE_LOOP('',(#4812,#4813,#4814,#4835));
#4812 = ORIENTED_EDGE('',*,*,#4726,.F.);
#4813 = ORIENTED_EDGE('',*,*,#4335,.T.);
#4814 = ORIENTED_EDGE('',*,*,#4815,.T.);
#4815 = EDGE_CURVE('',#4310,#4566,#4816,.T.);
#4816 = SURFACE_CURVE('',#4817,(#4821,#4828),.PCURVE_S1.);
#4817 = LINE('',#4818,#4819);
#4818 = CARTESIAN_POINT('',(-19.,-14.,-100.5));
#4819 = VECTOR('',#4820,1.);
#4820 = DIRECTION('',(-0.,1.,0.));
#4821 = PCURVE('',#4348,#4822);
#4822 = DEFINITIONAL_REPRESENTATION('',(#4823),#4827);
#4823 = LINE('',#4824,#4825);
#4824 = CARTESIAN_POINT('',(0.,0.));
#4825 = VECTOR('',#4826,1.);
#4826 = DIRECTION('',(0.,-1.));
#4827 = ( GEOMETRIC_REPRESENTATION_CONTEXT(2) 
PARAMETRIC_REPRESENTATION_CONTEXT() REPRESENTATION_CONTEXT('2D SPACE',''
  ) );
#4828 = PCURVE('',#4324,#4829);
#4829 = DEFINITIONAL_REPRESENTATION('',(#4830),#4834);
#4830 = LINE('',#4831,#4832);
#4831 = CARTESIAN_POINT('',(14.,0.));
#4832 = VECTOR('',#4833,1.);
#4833 = DIRECTION('',(0.,1.));
#4834 = ( GEOMETRIC_REPRESENTATION_CONTEXT(2) 
PARAMETRIC_REPRESENTATION_CONTEXT() REPRESENTATION_CONTEXT('2D SPACE',''
  ) );
#4835 = ORIENTED_EDGE('',*,*,#4586,.F.);
#4836 = ADVANCED_FACE('',(#4837,#4863,#4889),#4324,.T.);
#4837 = FACE_BOUND('',#4838,.T.);
#4838 = EDGE_LOOP('',(#4839,#4860,#4861,#4862));
#4839 = ORIENTED_EDGE('',*,*,#4840,.F.);
#4840 = EDGE_CURVE('',#4284,#4545,#4841,.T.);
#4841 = SURFACE_CURVE('',#4842,(#4846,#4853),.PCURVE_S1.);
#4842 = LINE('',#4843,#4844);
#4843 = CARTESIAN_POINT('',(-33.,-14.,-100.5));
#4844 = VECTOR('',#4845,1.);
#4845 = DIRECTION('',(-0.,1.,0.));
#4846 = PCURVE('',#4324,#4847);
#4847 = DEFINITIONAL_REPRESENTATION('',(#4848),#4852);
#4848 = LINE('',#4849,#4850);
#4849 = CARTESIAN_POINT('',(0.,0.));
#4850 = VECTOR('',#4851,1.);
#4851 = DIRECTION('',(0.,1.));
#4852 = ( GEOMETRIC_REPRESENTATION_CONTEXT(2) 
PARAMETRIC_REPRESENTATION_CONTEXT() REPRESENTATION_CONTEXT('2D SPACE',''
  ) );
#4853 = PCURVE('',#4298,#4854);
#4854 = DEFINITIONAL_REPRESENTATION('',(#4855),#4859);
#4855 = LINE('',#4856,#4857);
#4856 = CARTESIAN_POINT('',(0.,0.));
#4857 = VECTOR('',#4858,1.);
#4858 = DIRECTION('',(0.,-1.));
#4859 = ( GEOMETRIC_REPRESENTATION_CONTEXT(2) 
PARAMETRIC_REPRESENTATION_CONTEXT() REPRESENTATION_CONTEXT('2D SPACE',''
  ) );
#4860 = ORIENTED_EDGE('',*,*,#4309,.T.);
#4861 = ORIENTED_EDGE('',*,*,#4815,.T.);
#4862 = ORIENTED_EDGE('',*,*,#4565,.F.);
#4863 = FACE_BOUND('',#4864,.T.);
#4864 = EDGE_LOOP('',(#4865));
#4865 = ORIENTED_EDGE('',*,*,#4866,.F.);
#4866 = EDGE_CURVE('',#4867,#4867,#4869,.T.);
#4867 = VERTEX_POINT('',#4868);
#4868 = CARTESIAN_POINT('',(-23.25,-7.,-100.5));
#4869 = SURFACE_CURVE('',#4870,(#4875,#4882),.PCURVE_S1.);
#4870 = CIRCLE('',#4871,2.75);
#4871 = AXIS2_PLACEMENT_3D('',#4872,#4873,#4874);
#4872 = CARTESIAN_POINT('',(-26.,-7.,-100.5));
#4873 = DIRECTION('',(0.,0.,1.));
#4874 = DIRECTION('',(1.,0.,-0.));
#4875 = PCURVE('',#4324,#4876);
#4876 = DEFINITIONAL_REPRESENTATION('',(#4877),#4881);
#4877 = CIRCLE('',#4878,2.75);
#4878 = AXIS2_PLACEMENT_2D('',#4879,#4880);
#4879 = CARTESIAN_POINT('',(7.,7.));
#4880 = DIRECTION('',(1.,0.));
#4881 = ( GEOMETRIC_REPRESENTATION_CONTEXT(2) 
PARAMETRIC_REPRESENTATION_CONTEXT() REPRESENTATION_CONTEXT('2D SPACE',''
  ) );
#4882 = PCURVE('',#4651,#4883);
#4883 = DEFINITIONAL_REPRESENTATION('',(#4884),#4888);
#4884 = LINE('',#4885,#4886);
#4885 = CARTESIAN_POINT('',(0.,14.5));
#4886 = VECTOR('',#4887,1.);
#4887 = DIRECTION('',(1.,0.));
#4888 = ( GEOMETRIC_REPRESENTATION_CONTEXT(2) 
PARAMETRIC_REPRESENTATION_CONTEXT() REPRESENTATION_CONTEXT('2D SPACE',''
  ) );
#4889 = FACE_BOUND('',#4890,.T.);
#4890 = EDGE_LOOP('',(#4891));
#4891 = ORIENTED_EDGE('',*,*,#4892,.F.);
#4892 = EDGE_CURVE('',#4893,#4893,#4895,.T.);
#4893 = VERTEX_POINT('',#4894);
#4894 = CARTESIAN_POINT('',(-23.25,7.,-100.5));
#4895 = SURFACE_CURVE('',#4896,(#4901,#4908),.PCURVE_S1.);
#4896 = CIRCLE('',#4897,2.75);
#4897 = AXIS2_PLACEMENT_3D('',#4898,#4899,#4900);
#4898 = CARTESIAN_POINT('',(-26.,7.,-100.5));
#4899 = DIRECTION('',(0.,0.,1.));
#4900 = DIRECTION('',(1.,0.,-0.));
#4901 = PCURVE('',#4324,#4902);
#4902 = DEFINITIONAL_REPRESENTATION('',(#4903),#4907);
#4903 = CIRCLE('',#4904,2.75);
#4904 = AXIS2_PLACEMENT_2D('',#4905,#4906);
#4905 = CARTESIAN_POINT('',(7.,21.));
#4906 = DIRECTION('',(1.,0.));
#4907 = ( GEOMETRIC_REPRESENTATION_CONTEXT(2) 
PARAMETRIC_REPRESENTATION_CONTEXT() REPRESENTATION_CONTEXT('2D SPACE',''
  ) );
#4908 = PCURVE('',#4682,#4909);
#4909 = DEFINITIONAL_REPRESENTATION('',(#4910),#4914);
#4910 = LINE('',#4911,#4912);
#4911 = CARTESIAN_POINT('',(0.,14.5));
#4912 = VECTOR('',#4913,1.);
#4913 = DIRECTION('',(1.,0.));
#4914 = ( GEOMETRIC_REPRESENTATION_CONTEXT(2) 
PARAMETRIC_REPRESENTATION_CONTEXT() REPRESENTATION_CONTEXT('2D SPACE',''
  ) );
#4915 = ADVANCED_FACE('',(#4916),#4298,.T.);
#4916 = FACE_BOUND('',#4917,.T.);
#4917 = EDGE_LOOP('',(#4918,#4919,#4920,#4921));
#4918 = ORIENTED_EDGE('',*,*,#4704,.F.);
#4919 = ORIENTED_EDGE('',*,*,#4283,.T.);
#4920 = ORIENTED_EDGE('',*,*,#4840,.T.);
#4921 = ORIENTED_EDGE('',*,*,#4544,.F.);
#4922 = ADVANCED_FACE('',(#4923),#4427,.F.);
#4923 = FACE_BOUND('',#4924,.F.);
#4924 = EDGE_LOOP('',(#4925,#4926,#4949,#4976));
#4925 = ORIENTED_EDGE('',*,*,#4410,.F.);
#4926 = ORIENTED_EDGE('',*,*,#4927,.F.);
#4927 = EDGE_CURVE('',#4928,#4411,#4930,.T.);
#4928 = VERTEX_POINT('',#4929);
#4929 = CARTESIAN_POINT('',(-21.25,-7.,-33.5));
#4930 = SEAM_CURVE('',#4931,(#4935,#4942),.PCURVE_S1.);
#4931 = LINE('',#4932,#4933);
#4932 = CARTESIAN_POINT('',(-21.25,-7.,-33.5));
#4933 = VECTOR('',#4934,1.);
#4934 = DIRECTION('',(0.,0.,1.));
#4935 = PCURVE('',#4427,#4936);
#4936 = DEFINITIONAL_REPRESENTATION('',(#4937),#4941);
#4937 = LINE('',#4938,#4939);
#4938 = CARTESIAN_POINT('',(6.28318530718,-0.));
#4939 = VECTOR('',#4940,1.);
#4940 = DIRECTION('',(0.,1.));
#4941 = ( GEOMETRIC_REPRESENTATION_CONTEXT(2) 
PARAMETRIC_REPRESENTATION_CONTEXT() REPRESENTATION_CONTEXT('2D SPACE',''
  ) );
#4942 = PCURVE('',#4427,#4943);
#4943 = DEFINITIONAL_REPRESENTATION('',(#4944),#4948);
#4944 = LINE('',#4945,#4946);
#4945 = CARTESIAN_POINT('',(0.,-0.));
#4946 = VECTOR('',#4947,1.);
#4947 = DIRECTION('',(0.,1.));
#4948 = ( GEOMETRIC_REPRESENTATION_CONTEXT(2) 
PARAMETRIC_REPRESENTATION_CONTEXT() REPRESENTATION_CONTEXT('2D SPACE',''
  ) );
#4949 = ORIENTED_EDGE('',*,*,#4950,.T.);
#4950 = EDGE_CURVE('',#4928,#4928,#4951,.T.);
#4951 = SURFACE_CURVE('',#4952,(#4957,#4964),.PCURVE_S1.);
#4952 = CIRCLE('',#4953,4.75);
#4953 = AXIS2_PLACEMENT_3D('',#4954,#4955,#4956);
#4954 = CARTESIAN_POINT('',(-26.,-7.,-33.5));
#4955 = DIRECTION('',(0.,0.,1.));
#4956 = DIRECTION('',(1.,0.,-0.));
#4957 = PCURVE('',#4427,#4958);
#4958 = DEFINITIONAL_REPRESENTATION('',(#4959),#4963);
#4959 = LINE('',#4960,#4961);
#4960 = CARTESIAN_POINT('',(0.,0.));
#4961 = VECTOR('',#4962,1.);
#4962 = DIRECTION('',(1.,0.));
#4963 = ( GEOMETRIC_REPRESENTATION_CONTEXT(2) 
PARAMETRIC_REPRESENTATION_CONTEXT() REPRESENTATION_CONTEXT('2D SPACE',''
  ) );
#4964 = PCURVE('',#4965,#4970);
#4965 = PLANE('',#4966);
#4966 = AXIS2_PLACEMENT_3D('',#4967,#4968,#4969);
#4967 = CARTESIAN_POINT('',(-26.,-7.,-33.5));
#4968 = DIRECTION('',(0.,0.,1.));
#4969 = DIRECTION('',(1.,0.,-0.));
#4970 = DEFINITIONAL_REPRESENTATION('',(#4971),#4975);
#4971 = CIRCLE('',#4972,4.75);
#4972 = AXIS2_PLACEMENT_2D('',#4973,#4974);
#4973 = CARTESIAN_POINT('',(0.,0.));
#4974 = DIRECTION('',(1.,0.));
#4975 = ( GEOMETRIC_REPRESENTATION_CONTEXT(2) 
PARAMETRIC_REPRESENTATION_CONTEXT() REPRESENTATION_CONTEXT('2D SPACE',''
  ) );
#4976 = ORIENTED_EDGE('',*,*,#4927,.T.);
#4977 = ADVANCED_FACE('',(#4978),#4458,.F.);
#4978 = FACE_BOUND('',#4979,.F.);
#4979 = EDGE_LOOP('',(#4980,#4981,#5004,#5031));
#4980 = ORIENTED_EDGE('',*,*,#4441,.F.);
#4981 = ORIENTED_EDGE('',*,*,#4982,.F.);
#4982 = EDGE_CURVE('',#4983,#4442,#4985,.T.);
#4983 = VERTEX_POINT('',#4984);
#4984 = CARTESIAN_POINT('',(-21.25,7.,-33.5));
#4985 = SEAM_CURVE('',#4986,(#4990,#4997),.PCURVE_S1.);
#4986 = LINE('',#4987,#4988);
#4987 = CARTESIAN_POINT('',(-21.25,7.,-33.5));
#4988 = VECTOR('',#4989,1.);
#4989 = DIRECTION('',(0.,0.,1.));
#4990 = PCURVE('',#4458,#4991);
#4991 = DEFINITIONAL_REPRESENTATION('',(#4992),#4996);
#4992 = LINE('',#4993,#4994);
#4993 = CARTESIAN_POINT('',(6.28318530718,-0.));
#4994 = VECTOR('',#4995,1.);
#4995 = DIRECTION('',(0.,1.));
#4996 = ( GEOMETRIC_REPRESENTATION_CONTEXT(2) 
PARAMETRIC_REPRESENTATION_CONTEXT() REPRESENTATION_CONTEXT('2D SPACE',''
  ) );
#4997 = PCURVE('',#4458,#4998);
#4998 = DEFINITIONAL_REPRESENTATION('',(#4999),#5003);
#4999 = LINE('',#5000,#5001);
#5000 = CARTESIAN_POINT('',(0.,-0.));
#5001 = VECTOR('',#5002,1.);
#5002 = DIRECTION('',(0.,1.));
#5003 = ( GEOMETRIC_REPRESENTATION_CONTEXT(2) 
PARAMETRIC_REPRESENTATION_CONTEXT() REPRESENTATION_CONTEXT('2D SPACE',''
  ) );
#5004 = ORIENTED_EDGE('',*,*,#5005,.T.);
#5005 = EDGE_CURVE('',#4983,#4983,#5006,.T.);
#5006 = SURFACE_CURVE('',#5007,(#5012,#5019),.PCURVE_S1.);
#5007 = CIRCLE('',#5008,4.75);
#5008 = AXIS2_PLACEMENT_3D('',#5009,#5010,#5011);
#5009 = CARTESIAN_POINT('',(-26.,7.,-33.5));
#5010 = DIRECTION('',(0.,0.,1.));
#5011 = DIRECTION('',(1.,0.,-0.));
#5012 = PCURVE('',#4458,#5013);
#5013 = DEFINITIONAL_REPRESENTATION('',(#5014),#5018);
#5014 = LINE('',#5015,#5016);
#5015 = CARTESIAN_POINT('',(0.,0.));
#5016 = VECTOR('',#5017,1.);
#5017 = DIRECTION('',(1.,0.));
#5018 = ( GEOMETRIC_REPRESENTATION_CONTEXT(2) 
PARAMETRIC_REPRESENTATION_CONTEXT() REPRESENTATION_CONTEXT('2D SPACE',''
  ) );
#5019 = PCURVE('',#5020,#5025);
#5020 = PLANE('',#5021);
#5021 = AXIS2_PLACEMENT_3D('',#5022,#5023,#5024);
#5022 = CARTESIAN_POINT('',(-26.,7.,-33.5));
#5023 = DIRECTION('',(0.,0.,1.));
#5024 = DIRECTION('',(1.,0.,-0.));
#5025 = DEFINITIONAL_REPRESENTATION('',(#5026),#5030);
#5026 = CIRCLE('',#5027,4.75);
#5027 = AXIS2_PLACEMENT_2D('',#5028,#5029);
#5028 = CARTESIAN_POINT('',(0.,0.));
#5029 = DIRECTION('',(1.,0.));
#5030 = ( GEOMETRIC_REPRESENTATION_CONTEXT(2) 
PARAMETRIC_REPRESENTATION_CONTEXT() REPRESENTATION_CONTEXT('2D SPACE',''
  ) );
#5031 = ORIENTED_EDGE('',*,*,#4982,.T.);
#5032 = ADVANCED_FACE('',(#5033),#4651,.F.);
#5033 = FACE_BOUND('',#5034,.F.);
#5034 = EDGE_LOOP('',(#5035,#5036,#5057,#5058));
#5035 = ORIENTED_EDGE('',*,*,#4634,.T.);
#5036 = ORIENTED_EDGE('',*,*,#5037,.T.);
#5037 = EDGE_CURVE('',#4635,#4867,#5038,.T.);
#5038 = SEAM_CURVE('',#5039,(#5043,#5050),.PCURVE_S1.);
#5039 = LINE('',#5040,#5041);
#5040 = CARTESIAN_POINT('',(-23.25,-7.,-115.));
#5041 = VECTOR('',#5042,1.);
#5042 = DIRECTION('',(0.,0.,1.));
#5043 = PCURVE('',#4651,#5044);
#5044 = DEFINITIONAL_REPRESENTATION('',(#5045),#5049);
#5045 = LINE('',#5046,#5047);
#5046 = CARTESIAN_POINT('',(0.,-0.));
#5047 = VECTOR('',#5048,1.);
#5048 = DIRECTION('',(0.,1.));
#5049 = ( GEOMETRIC_REPRESENTATION_CONTEXT(2) 
PARAMETRIC_REPRESENTATION_CONTEXT() REPRESENTATION_CONTEXT('2D SPACE',''
  ) );
#5050 = PCURVE('',#4651,#5051);
#5051 = DEFINITIONAL_REPRESENTATION('',(#5052),#5056);
#5052 = LINE('',#5053,#5054);
#5053 = CARTESIAN_POINT('',(6.28318530718,-0.));
#5054 = VECTOR('',#5055,1.);
#5055 = DIRECTION('',(0.,1.));
#5056 = ( GEOMETRIC_REPRESENTATION_CONTEXT(2) 
PARAMETRIC_REPRESENTATION_CONTEXT() REPRESENTATION_CONTEXT('2D SPACE',''
  ) );
#5057 = ORIENTED_EDGE('',*,*,#4866,.F.);
#5058 = ORIENTED_EDGE('',*,*,#5037,.F.);
#5059 = ADVANCED_FACE('',(#5060),#4682,.F.);
#5060 = FACE_BOUND('',#5061,.F.);
#5061 = EDGE_LOOP('',(#5062,#5063,#5084,#5085));
#5062 = ORIENTED_EDGE('',*,*,#4665,.T.);
#5063 = ORIENTED_EDGE('',*,*,#5064,.T.);
#5064 = EDGE_CURVE('',#4666,#4893,#5065,.T.);
#5065 = SEAM_CURVE('',#5066,(#5070,#5077),.PCURVE_S1.);
#5066 = LINE('',#5067,#5068);
#5067 = CARTESIAN_POINT('',(-23.25,7.,-115.));
#5068 = VECTOR('',#5069,1.);
#5069 = DIRECTION('',(0.,0.,1.));
#5070 = PCURVE('',#4682,#5071);
#5071 = DEFINITIONAL_REPRESENTATION('',(#5072),#5076);
#5072 = LINE('',#5073,#5074);
#5073 = CARTESIAN_POINT('',(0.,-0.));
#5074 = VECTOR('',#5075,1.);
#5075 = DIRECTION('',(0.,1.));
#5076 = ( GEOMETRIC_REPRESENTATION_CONTEXT(2) 
PARAMETRIC_REPRESENTATION_CONTEXT() REPRESENTATION_CONTEXT('2D SPACE',''
  ) );
#5077 = PCURVE('',#4682,#5078);
#5078 = DEFINITIONAL_REPRESENTATION('',(#5079),#5083);
#5079 = LINE('',#5080,#5081);
#5080 = CARTESIAN_POINT('',(6.28318530718,-0.));
#5081 = VECTOR('',#5082,1.);
#5082 = DIRECTION('',(0.,1.));
#5083 = ( GEOMETRIC_REPRESENTATION_CONTEXT(2) 
PARAMETRIC_REPRESENTATION_CONTEXT() REPRESENTATION_CONTEXT('2D SPACE',''
  ) );
#5084 = ORIENTED_EDGE('',*,*,#4892,.F.);
#5085 = ORIENTED_EDGE('',*,*,#5064,.F.);
#5086 = ADVANCED_FACE('',(#5087),#4767,.F.);
#5087 = FACE_BOUND('',#5088,.F.);
#5088 = EDGE_LOOP('',(#5089,#5090,#5113,#5135));
#5089 = ORIENTED_EDGE('',*,*,#4750,.T.);
#5090 = ORIENTED_EDGE('',*,*,#5091,.T.);
#5091 = EDGE_CURVE('',#4751,#5092,#5094,.T.);
#5092 = VERTEX_POINT('',#5093);
#5093 = CARTESIAN_POINT('',(-23.25,-7.,-33.5));
#5094 = SEAM_CURVE('',#5095,(#5099,#5106),.PCURVE_S1.);
#5095 = LINE('',#5096,#5097);
#5096 = CARTESIAN_POINT('',(-23.25,-7.,-115.));
#5097 = VECTOR('',#5098,1.);
#5098 = DIRECTION('',(0.,0.,1.));
#5099 = PCURVE('',#4767,#5100);
#5100 = DEFINITIONAL_REPRESENTATION('',(#5101),#5105);
#5101 = LINE('',#5102,#5103);
#5102 = CARTESIAN_POINT('',(0.,-0.));
#5103 = VECTOR('',#5104,1.);
#5104 = DIRECTION('',(0.,1.));
#5105 = ( GEOMETRIC_REPRESENTATION_CONTEXT(2) 
PARAMETRIC_REPRESENTATION_CONTEXT() REPRESENTATION_CONTEXT('2D SPACE',''
  ) );
#5106 = PCURVE('',#4767,#5107);
#5107 = DEFINITIONAL_REPRESENTATION('',(#5108),#5112);
#5108 = LINE('',#5109,#5110);
#5109 = CARTESIAN_POINT('',(6.28318530718,-0.));
#5110 = VECTOR('',#5111,1.);
#5111 = DIRECTION('',(0.,1.));
#5112 = ( GEOMETRIC_REPRESENTATION_CONTEXT(2) 
PARAMETRIC_REPRESENTATION_CONTEXT() REPRESENTATION_CONTEXT('2D SPACE',''
  ) );
#5113 = ORIENTED_EDGE('',*,*,#5114,.F.);
#5114 = EDGE_CURVE('',#5092,#5092,#5115,.T.);
#5115 = SURFACE_CURVE('',#5116,(#5121,#5128),.PCURVE_S1.);
#5116 = CIRCLE('',#5117,2.75);
#5117 = AXIS2_PLACEMENT_3D('',#5118,#5119,#5120);
#5118 = CARTESIAN_POINT('',(-26.,-7.,-33.5));
#5119 = DIRECTION('',(0.,0.,1.));
#5120 = DIRECTION('',(1.,0.,-0.));
#5121 = PCURVE('',#4767,#5122);
#5122 = DEFINITIONAL_REPRESENTATION('',(#5123),#5127);
#5123 = LINE('',#5124,#5125);
#5124 = CARTESIAN_POINT('',(0.,81.5));
#5125 = VECTOR('',#5126,1.);
#5126 = DIRECTION('',(1.,0.));
#5127 = ( GEOMETRIC_REPRESENTATION_CONTEXT(2) 
PARAMETRIC_REPRESENTATION_CONTEXT() REPRESENTATION_CONTEXT('2D SPACE',''
  ) );
#5128 = PCURVE('',#4965,#5129);
#5129 = DEFINITIONAL_REPRESENTATION('',(#5130),#5134);
#5130 = CIRCLE('',#5131,2.75);
#5131 = AXIS2_PLACEMENT_2D('',#5132,#5133);
#5132 = CARTESIAN_POINT('',(0.,0.));
#5133 = DIRECTION('',(1.,0.));
#5134 = ( GEOMETRIC_REPRESENTATION_CONTEXT(2) 
PARAMETRIC_REPRESENTATION_CONTEXT() REPRESENTATION_CONTEXT('2D SPACE',''
  ) );
#5135 = ORIENTED_EDGE('',*,*,#5091,.F.);
#5136 = ADVANCED_FACE('',(#5137),#4798,.F.);
#5137 = FACE_BOUND('',#5138,.F.);
#5138 = EDGE_LOOP('',(#5139,#5140,#5163,#5185));
#5139 = ORIENTED_EDGE('',*,*,#4781,.T.);
#5140 = ORIENTED_EDGE('',*,*,#5141,.T.);
#5141 = EDGE_CURVE('',#4782,#5142,#5144,.T.);
#5142 = VERTEX_POINT('',#5143);
#5143 = CARTESIAN_POINT('',(-23.25,7.,-33.5));
#5144 = SEAM_CURVE('',#5145,(#5149,#5156),.PCURVE_S1.);
#5145 = LINE('',#5146,#5147);
#5146 = CARTESIAN_POINT('',(-23.25,7.,-115.));
#5147 = VECTOR('',#5148,1.);
#5148 = DIRECTION('',(0.,0.,1.));
#5149 = PCURVE('',#4798,#5150);
#5150 = DEFINITIONAL_REPRESENTATION('',(#5151),#5155);
#5151 = LINE('',#5152,#5153);
#5152 = CARTESIAN_POINT('',(0.,-0.));
#5153 = VECTOR('',#5154,1.);
#5154 = DIRECTION('',(0.,1.));
#5155 = ( GEOMETRIC_REPRESENTATION_CONTEXT(2) 
PARAMETRIC_REPRESENTATION_CONTEXT() REPRESENTATION_CONTEXT('2D SPACE',''
  ) );
#5156 = PCURVE('',#4798,#5157);
#5157 = DEFINITIONAL_REPRESENTATION('',(#5158),#5162);
#5158 = LINE('',#5159,#5160);
#5159 = CARTESIAN_POINT('',(6.28318530718,-0.));
#5160 = VECTOR('',#5161,1.);
#5161 = DIRECTION('',(0.,1.));
#5162 = ( GEOMETRIC_REPRESENTATION_CONTEXT(2) 
PARAMETRIC_REPRESENTATION_CONTEXT() REPRESENTATION_CONTEXT('2D SPACE',''
  ) );
#5163 = ORIENTED_EDGE('',*,*,#5164,.F.);
#5164 = EDGE_CURVE('',#5142,#5142,#5165,.T.);
#5165 = SURFACE_CURVE('',#5166,(#5171,#5178),.PCURVE_S1.);
#5166 = CIRCLE('',#5167,2.75);
#5167 = AXIS2_PLACEMENT_3D('',#5168,#5169,#5170);
#5168 = CARTESIAN_POINT('',(-26.,7.,-33.5));
#5169 = DIRECTION('',(0.,0.,1.));
#5170 = DIRECTION('',(1.,0.,-0.));
#5171 = PCURVE('',#4798,#5172);
#5172 = DEFINITIONAL_REPRESENTATION('',(#5173),#5177);
#5173 = LINE('',#5174,#5175);
#5174 = CARTESIAN_POINT('',(0.,81.5));
#5175 = VECTOR('',#5176,1.);
#5176 = DIRECTION('',(1.,0.));
#5177 = ( GEOMETRIC_REPRESENTATION_CONTEXT(2) 
PARAMETRIC_REPRESENTATION_CONTEXT() REPRESENTATION_CONTEXT('2D SPACE',''
  ) );
#5178 = PCURVE('',#5020,#5179);
#5179 = DEFINITIONAL_REPRESENTATION('',(#5180),#5184);
#5180 = CIRCLE('',#5181,2.75);
#5181 = AXIS2_PLACEMENT_2D('',#5182,#5183);
#5182 = CARTESIAN_POINT('',(0.,0.));
#5183 = DIRECTION('',(1.,0.));
#5184 = ( GEOMETRIC_REPRESENTATION_CONTEXT(2) 
PARAMETRIC_REPRESENTATION_CONTEXT() REPRESENTATION_CONTEXT('2D SPACE',''
  ) );
#5185 = ORIENTED_EDGE('',*,*,#5141,.F.);
#5186 = ADVANCED_FACE('',(#5187,#5190),#4965,.T.);
#5187 = FACE_BOUND('',#5188,.T.);
#5188 = EDGE_LOOP('',(#5189));
#5189 = ORIENTED_EDGE('',*,*,#4950,.T.);
#5190 = FACE_BOUND('',#5191,.T.);
#5191 = EDGE_LOOP('',(#5192));
#5192 = ORIENTED_EDGE('',*,*,#5114,.F.);
#5193 = ADVANCED_FACE('',(#5194,#5197),#5020,.T.);
#5194 = FACE_BOUND('',#5195,.T.);
#5195 = EDGE_LOOP('',(#5196));
#5196 = ORIENTED_EDGE('',*,*,#5005,.T.);
#5197 = FACE_BOUND('',#5198,.T.);
#5198 = EDGE_LOOP('',(#5199));
#5199 = ORIENTED_EDGE('',*,*,#5164,.F.);
#5200 = ( GEOMETRIC_REPRESENTATION_CONTEXT(3) 
GLOBAL_UNCERTAINTY_ASSIGNED_CONTEXT((#5204)) 
GLOBAL_UNIT_ASSIGNED_CONTEXT((#5201,#5202,#5203)) REPRESENTATION_CONTEXT
('Context #1','3D Context with UNIT and UNCERTAINTY') );
#5201 = ( LENGTH_UNIT() NAMED_UNIT(*) SI_UNIT(.MILLI.,.METRE.) );
#5202 = ( NAMED_UNIT(*) PLANE_ANGLE_UNIT() SI_UNIT($,.RADIAN.) );
#5203 = ( NAMED_UNIT(*) SI_UNIT($,.STERADIAN.) SOLID_ANGLE_UNIT() );
#5204 = UNCERTAINTY_MEASURE_WITH_UNIT(LENGTH_MEASURE(1.E-07),#5201,
  'distance_accuracy_value','confusion accuracy');
#5205 = CONTEXT_DEPENDENT_SHAPE_REPRESENTATION(#5206,#5208);
#5206 = ( REPRESENTATION_RELATIONSHIP('','',#4053,#10) 
REPRESENTATION_RELATIONSHIP_WITH_TRANSFORMATION(#5207) 
SHAPE_REPRESENTATION_RELATIONSHIP() );
#5207 = ITEM_DEFINED_TRANSFORMATION('','',#11,#19);
#5208 = PRODUCT_DEFINITION_SHAPE('Placement','Placement of an item',
  #5209);
#5209 = NEXT_ASSEMBLY_USAGE_OCCURRENCE('16','','',#5,#4048,$);
#5210 = PRODUCT_RELATED_PRODUCT_CATEGORY('part',$,(#4050));
#5211 = SHAPE_DEFINITION_REPRESENTATION(#5212,#5218);
#5212 = PRODUCT_DEFINITION_SHAPE('','',#5213);
#5213 = PRODUCT_DEFINITION('design','',#5214,#5217);
#5214 = PRODUCT_DEFINITION_FORMATION('','',#5215);
#5215 = PRODUCT('Open CASCADE STEP translator 7.9 13.3',
  'Open CASCADE STEP translator 7.9 13.3','',(#5216));
#5216 = PRODUCT_CONTEXT('',#2,'mechanical');
#5217 = PRODUCT_DEFINITION_CONTEXT('part definition',#2,'design');
#5218 = ADVANCED_BREP_SHAPE_REPRESENTATION('',(#11,#5219),#7549);
#5219 = MANIFOLD_SOLID_BREP('',#5220);
#5220 = CLOSED_SHELL('',(#5221,#5442,#5585,#5848,#5895,#6101,#6150,#6199
    ,#6226,#6253,#6260,#6412,#6461,#6576,#6603,#6628,#6762,#6842,#6849,
    #6876,#6923,#7098,#7191,#7240,#7289,#7316,#7323,#7370,#7397,#7424,
    #7431,#7486,#7541,#7545));
#5221 = ADVANCED_FACE('',(#5222),#5236,.F.);
#5222 = FACE_BOUND('',#5223,.F.);
#5223 = EDGE_LOOP('',(#5224,#5259,#5287,#5315,#5343,#5366,#5392,#5418));
#5224 = ORIENTED_EDGE('',*,*,#5225,.F.);
#5225 = EDGE_CURVE('',#5226,#5228,#5230,.T.);
#5226 = VERTEX_POINT('',#5227);
#5227 = CARTESIAN_POINT('',(-17.,-9.,-164.));
#5228 = VERTEX_POINT('',#5229);
#5229 = CARTESIAN_POINT('',(-17.,-8.,-164.));
#5230 = SURFACE_CURVE('',#5231,(#5235,#5247),.PCURVE_S1.);
#5231 = LINE('',#5232,#5233);
#5232 = CARTESIAN_POINT('',(-17.,-9.,-164.));
#5233 = VECTOR('',#5234,1.);
#5234 = DIRECTION('',(-0.,1.,0.));
#5235 = PCURVE('',#5236,#5241);
#5236 = PLANE('',#5237);
#5237 = AXIS2_PLACEMENT_3D('',#5238,#5239,#5240);
#5238 = CARTESIAN_POINT('',(-17.,-9.,-172.));
#5239 = DIRECTION('',(1.,0.,-0.));
#5240 = DIRECTION('',(0.,0.,1.));
#5241 = DEFINITIONAL_REPRESENTATION('',(#5242),#5246);
#5242 = LINE('',#5243,#5244);
#5243 = CARTESIAN_POINT('',(8.,0.));
#5244 = VECTOR('',#5245,1.);
#5245 = DIRECTION('',(0.,-1.));
#5246 = ( GEOMETRIC_REPRESENTATION_CONTEXT(2) 
PARAMETRIC_REPRESENTATION_CONTEXT() REPRESENTATION_CONTEXT('2D SPACE',''
  ) );
#5247 = PCURVE('',#5248,#5253);
#5248 = PLANE('',#5249);
#5249 = AXIS2_PLACEMENT_3D('',#5250,#5251,#5252);
#5250 = CARTESIAN_POINT('',(-17.,-9.,-164.));
#5251 = DIRECTION('',(0.,0.,1.));
#5252 = DIRECTION('',(1.,0.,-0.));
#5253 = DEFINITIONAL_REPRESENTATION('',(#5254),#5258);
#5254 = LINE('',#5255,#5256);
#5255 = CARTESIAN_POINT('',(0.,0.));
#5256 = VECTOR('',#5257,1.);
#5257 = DIRECTION('',(0.,1.));
#5258 = ( GEOMETRIC_REPRESENTATION_CONTEXT(2) 
PARAMETRIC_REPRESENTATION_CONTEXT() REPRESENTATION_CONTEXT('2D SPACE',''
  ) );
#5259 = ORIENTED_EDGE('',*,*,#5260,.F.);
#5260 = EDGE_CURVE('',#5261,#5226,#5263,.T.);
#5261 = VERTEX_POINT('',#5262);
#5262 = CARTESIAN_POINT('',(-17.,-9.,-172.));
#5263 = SURFACE_CURVE('',#5264,(#5268,#5275),.PCURVE_S1.);
#5264 = LINE('',#5265,#5266);
#5265 = CARTESIAN_POINT('',(-17.,-9.,-172.));
#5266 = VECTOR('',#5267,1.);
#5267 = DIRECTION('',(0.,0.,1.));
#5268 = PCURVE('',#5236,#5269);
#5269 = DEFINITIONAL_REPRESENTATION('',(#5270),#5274);
#5270 = LINE('',#5271,#5272);
#5271 = CARTESIAN_POINT('',(0.,0.));
#5272 = VECTOR('',#5273,1.);
#5273 = DIRECTION('',(1.,0.));
#5274 = ( GEOMETRIC_REPRESENTATION_CONTEXT(2) 
PARAMETRIC_REPRESENTATION_CONTEXT() REPRESENTATION_CONTEXT('2D SPACE',''
  ) );
#5275 = PCURVE('',#5276,#5281);
#5276 = PLANE('',#5277);
#5277 = AXIS2_PLACEMENT_3D('',#5278,#5279,#5280);
#5278 = CARTESIAN_POINT('',(-17.,-9.,-172.));
#5279 = DIRECTION('',(-0.,1.,0.));
#5280 = DIRECTION('',(0.,0.,1.));
#5281 = DEFINITIONAL_REPRESENTATION('',(#5282),#5286);
#5282 = LINE('',#5283,#5284);
#5283 = CARTESIAN_POINT('',(0.,0.));
#5284 = VECTOR('',#5285,1.);
#5285 = DIRECTION('',(1.,0.));
#5286 = ( GEOMETRIC_REPRESENTATION_CONTEXT(2) 
PARAMETRIC_REPRESENTATION_CONTEXT() REPRESENTATION_CONTEXT('2D SPACE',''
  ) );
#5287 = ORIENTED_EDGE('',*,*,#5288,.T.);
#5288 = EDGE_CURVE('',#5261,#5289,#5291,.T.);
#5289 = VERTEX_POINT('',#5290);
#5290 = CARTESIAN_POINT('',(-17.,9.,-172.));
#5291 = SURFACE_CURVE('',#5292,(#5296,#5303),.PCURVE_S1.);
#5292 = LINE('',#5293,#5294);
#5293 = CARTESIAN_POINT('',(-17.,-9.,-172.));
#5294 = VECTOR('',#5295,1.);
#5295 = DIRECTION('',(-0.,1.,0.));
#5296 = PCURVE('',#5236,#5297);
#5297 = DEFINITIONAL_REPRESENTATION('',(#5298),#5302);
#5298 = LINE('',#5299,#5300);
#5299 = CARTESIAN_POINT('',(0.,0.));
#5300 = VECTOR('',#5301,1.);
#5301 = DIRECTION('',(0.,-1.));
#5302 = ( GEOMETRIC_REPRESENTATION_CONTEXT(2) 
PARAMETRIC_REPRESENTATION_CONTEXT() REPRESENTATION_CONTEXT('2D SPACE',''
  ) );
#5303 = PCURVE('',#5304,#5309);
#5304 = PLANE('',#5305);
#5305 = AXIS2_PLACEMENT_3D('',#5306,#5307,#5308);
#5306 = CARTESIAN_POINT('',(-17.,-9.,-172.));
#5307 = DIRECTION('',(0.,0.,1.));
#5308 = DIRECTION('',(1.,0.,-0.));
#5309 = DEFINITIONAL_REPRESENTATION('',(#5310),#5314);
#5310 = LINE('',#5311,#5312);
#5311 = CARTESIAN_POINT('',(0.,0.));
#5312 = VECTOR('',#5313,1.);
#5313 = DIRECTION('',(0.,1.));
#5314 = ( GEOMETRIC_REPRESENTATION_CONTEXT(2) 
PARAMETRIC_REPRESENTATION_CONTEXT() REPRESENTATION_CONTEXT('2D SPACE',''
  ) );
#5315 = ORIENTED_EDGE('',*,*,#5316,.T.);
#5316 = EDGE_CURVE('',#5289,#5317,#5319,.T.);
#5317 = VERTEX_POINT('',#5318);
#5318 = CARTESIAN_POINT('',(-17.,9.,-164.));
#5319 = SURFACE_CURVE('',#5320,(#5324,#5331),.PCURVE_S1.);
#5320 = LINE('',#5321,#5322);
#5321 = CARTESIAN_POINT('',(-17.,9.,-172.));
#5322 = VECTOR('',#5323,1.);
#5323 = DIRECTION('',(0.,0.,1.));
#5324 = PCURVE('',#5236,#5325);
#5325 = DEFINITIONAL_REPRESENTATION('',(#5326),#5330);
#5326 = LINE('',#5327,#5328);
#5327 = CARTESIAN_POINT('',(0.,-18.));
#5328 = VECTOR('',#5329,1.);
#5329 = DIRECTION('',(1.,0.));
#5330 = ( GEOMETRIC_REPRESENTATION_CONTEXT(2) 
PARAMETRIC_REPRESENTATION_CONTEXT() REPRESENTATION_CONTEXT('2D SPACE',''
  ) );
#5331 = PCURVE('',#5332,#5337);
#5332 = PLANE('',#5333);
#5333 = AXIS2_PLACEMENT_3D('',#5334,#5335,#5336);
#5334 = CARTESIAN_POINT('',(-17.,9.,-172.));
#5335 = DIRECTION('',(-0.,1.,0.));
#5336 = DIRECTION('',(0.,0.,1.));
#5337 = DEFINITIONAL_REPRESENTATION('',(#5338),#5342);
#5338 = LINE('',#5339,#5340);
#5339 = CARTESIAN_POINT('',(0.,0.));
#5340 = VECTOR('',#5341,1.);
#5341 = DIRECTION('',(1.,0.));
#5342 = ( GEOMETRIC_REPRESENTATION_CONTEXT(2) 
PARAMETRIC_REPRESENTATION_CONTEXT() REPRESENTATION_CONTEXT('2D SPACE',''
  ) );
#5343 = ORIENTED_EDGE('',*,*,#5344,.F.);
#5344 = EDGE_CURVE('',#5345,#5317,#5347,.T.);
#5345 = VERTEX_POINT('',#5346);
#5346 = CARTESIAN_POINT('',(-17.,8.,-164.));
#5347 = SURFACE_CURVE('',#5348,(#5352,#5359),.PCURVE_S1.);
#5348 = LINE('',#5349,#5350);
#5349 = CARTESIAN_POINT('',(-17.,-9.,-164.));
#5350 = VECTOR('',#5351,1.);
#5351 = DIRECTION('',(-0.,1.,0.));
#5352 = PCURVE('',#5236,#5353);
#5353 = DEFINITIONAL_REPRESENTATION('',(#5354),#5358);
#5354 = LINE('',#5355,#5356);
#5355 = CARTESIAN_POINT('',(8.,0.));
#5356 = VECTOR('',#5357,1.);
#5357 = DIRECTION('',(0.,-1.));
#5358 = ( GEOMETRIC_REPRESENTATION_CONTEXT(2) 
PARAMETRIC_REPRESENTATION_CONTEXT() REPRESENTATION_CONTEXT('2D SPACE',''
  ) );
#5359 = PCURVE('',#5248,#5360);
#5360 = DEFINITIONAL_REPRESENTATION('',(#5361),#5365);
#5361 = LINE('',#5362,#5363);
#5362 = CARTESIAN_POINT('',(0.,0.));
#5363 = VECTOR('',#5364,1.);
#5364 = DIRECTION('',(0.,1.));
#5365 = ( GEOMETRIC_REPRESENTATION_CONTEXT(2) 
PARAMETRIC_REPRESENTATION_CONTEXT() REPRESENTATION_CONTEXT('2D SPACE',''
  ) );
#5366 = ORIENTED_EDGE('',*,*,#5367,.T.);
#5367 = EDGE_CURVE('',#5345,#5368,#5370,.T.);
#5368 = VERTEX_POINT('',#5369);
#5369 = CARTESIAN_POINT('',(-17.,8.,-166.));
#5370 = SURFACE_CURVE('',#5371,(#5375,#5381),.PCURVE_S1.);
#5371 = LINE('',#5372,#5373);
#5372 = CARTESIAN_POINT('',(-17.,8.,-169.));
#5373 = VECTOR('',#5374,1.);
#5374 = DIRECTION('',(-0.,0.,-1.));
#5375 = PCURVE('',#5236,#5376);
#5376 = DEFINITIONAL_REPRESENTATION('',(#5377),#5380);
#5377 = B_SPLINE_CURVE_WITH_KNOTS('',1,(#5378,#5379),.UNSPECIFIED.,.F.,
  .F.,(2,2),(-5.,-3.),.PIECEWISE_BEZIER_KNOTS.);
#5378 = CARTESIAN_POINT('',(8.,-17.));
#5379 = CARTESIAN_POINT('',(6.,-17.));
#5380 = ( GEOMETRIC_REPRESENTATION_CONTEXT(2) 
PARAMETRIC_REPRESENTATION_CONTEXT() REPRESENTATION_CONTEXT('2D SPACE',''
  ) );
#5381 = PCURVE('',#5382,#5387);
#5382 = PLANE('',#5383);
#5383 = AXIS2_PLACEMENT_3D('',#5384,#5385,#5386);
#5384 = CARTESIAN_POINT('',(-43.,8.,-166.));
#5385 = DIRECTION('',(-0.,1.,0.));
#5386 = DIRECTION('',(0.,0.,1.));
#5387 = DEFINITIONAL_REPRESENTATION('',(#5388),#5391);
#5388 = B_SPLINE_CURVE_WITH_KNOTS('',1,(#5389,#5390),.UNSPECIFIED.,.F.,
  .F.,(2,2),(-5.,-3.),.PIECEWISE_BEZIER_KNOTS.);
#5389 = CARTESIAN_POINT('',(2.,26.));
#5390 = CARTESIAN_POINT('',(0.,26.));
#5391 = ( GEOMETRIC_REPRESENTATION_CONTEXT(2) 
PARAMETRIC_REPRESENTATION_CONTEXT() REPRESENTATION_CONTEXT('2D SPACE',''
  ) );
#5392 = ORIENTED_EDGE('',*,*,#5393,.F.);
#5393 = EDGE_CURVE('',#5394,#5368,#5396,.T.);
#5394 = VERTEX_POINT('',#5395);
#5395 = CARTESIAN_POINT('',(-17.,-8.,-166.));
#5396 = SURFACE_CURVE('',#5397,(#5401,#5407),.PCURVE_S1.);
#5397 = LINE('',#5398,#5399);
#5398 = CARTESIAN_POINT('',(-17.,-8.5,-166.));
#5399 = VECTOR('',#5400,1.);
#5400 = DIRECTION('',(-0.,1.,0.));
#5401 = PCURVE('',#5236,#5402);
#5402 = DEFINITIONAL_REPRESENTATION('',(#5403),#5406);
#5403 = B_SPLINE_CURVE_WITH_KNOTS('',1,(#5404,#5405),.UNSPECIFIED.,.F.,
  .F.,(2,2),(0.5,16.5),.PIECEWISE_BEZIER_KNOTS.);
#5404 = CARTESIAN_POINT('',(6.,-1.));
#5405 = CARTESIAN_POINT('',(6.,-17.));
#5406 = ( GEOMETRIC_REPRESENTATION_CONTEXT(2) 
PARAMETRIC_REPRESENTATION_CONTEXT() REPRESENTATION_CONTEXT('2D SPACE',''
  ) );
#5407 = PCURVE('',#5408,#5413);
#5408 = PLANE('',#5409);
#5409 = AXIS2_PLACEMENT_3D('',#5410,#5411,#5412);
#5410 = CARTESIAN_POINT('',(-43.,-8.,-166.));
#5411 = DIRECTION('',(0.,0.,1.));
#5412 = DIRECTION('',(1.,0.,-0.));
#5413 = DEFINITIONAL_REPRESENTATION('',(#5414),#5417);
#5414 = B_SPLINE_CURVE_WITH_KNOTS('',1,(#5415,#5416),.UNSPECIFIED.,.F.,
  .F.,(2,2),(0.5,16.5),.PIECEWISE_BEZIER_KNOTS.);
#5415 = CARTESIAN_POINT('',(26.,0.));
#5416 = CARTESIAN_POINT('',(26.,16.));
#5417 = ( GEOMETRIC_REPRESENTATION_CONTEXT(2) 
PARAMETRIC_REPRESENTATION_CONTEXT() REPRESENTATION_CONTEXT('2D SPACE',''
  ) );
#5418 = ORIENTED_EDGE('',*,*,#5419,.F.);
#5419 = EDGE_CURVE('',#5228,#5394,#5420,.T.);
#5420 = SURFACE_CURVE('',#5421,(#5425,#5431),.PCURVE_S1.);
#5421 = LINE('',#5422,#5423);
#5422 = CARTESIAN_POINT('',(-17.,-8.,-169.));
#5423 = VECTOR('',#5424,1.);
#5424 = DIRECTION('',(-0.,0.,-1.));
#5425 = PCURVE('',#5236,#5426);
#5426 = DEFINITIONAL_REPRESENTATION('',(#5427),#5430);
#5427 = B_SPLINE_CURVE_WITH_KNOTS('',1,(#5428,#5429),.UNSPECIFIED.,.F.,
  .F.,(2,2),(-5.,-3.),.PIECEWISE_BEZIER_KNOTS.);
#5428 = CARTESIAN_POINT('',(8.,-1.));
#5429 = CARTESIAN_POINT('',(6.,-1.));
#5430 = ( GEOMETRIC_REPRESENTATION_CONTEXT(2) 
PARAMETRIC_REPRESENTATION_CONTEXT() REPRESENTATION_CONTEXT('2D SPACE',''
  ) );
#5431 = PCURVE('',#5432,#5437);
#5432 = PLANE('',#5433);
#5433 = AXIS2_PLACEMENT_3D('',#5434,#5435,#5436);
#5434 = CARTESIAN_POINT('',(-43.,-8.,-166.));
#5435 = DIRECTION('',(-0.,1.,0.));
#5436 = DIRECTION('',(0.,0.,1.));
#5437 = DEFINITIONAL_REPRESENTATION('',(#5438),#5441);
#5438 = B_SPLINE_CURVE_WITH_KNOTS('',1,(#5439,#5440),.UNSPECIFIED.,.F.,
  .F.,(2,2),(-5.,-3.),.PIECEWISE_BEZIER_KNOTS.);
#5439 = CARTESIAN_POINT('',(2.,26.));
#5440 = CARTESIAN_POINT('',(0.,26.));
#5441 = ( GEOMETRIC_REPRESENTATION_CONTEXT(2) 
PARAMETRIC_REPRESENTATION_CONTEXT() REPRESENTATION_CONTEXT('2D SPACE',''
  ) );
#5442 = ADVANCED_FACE('',(#5443),#5248,.T.);
#5443 = FACE_BOUND('',#5444,.T.);
#5444 = EDGE_LOOP('',(#5445,#5446,#5469,#5497,#5518,#5519,#5540,#5566));
#5445 = ORIENTED_EDGE('',*,*,#5225,.F.);
#5446 = ORIENTED_EDGE('',*,*,#5447,.T.);
#5447 = EDGE_CURVE('',#5226,#5448,#5450,.T.);
#5448 = VERTEX_POINT('',#5449);
#5449 = CARTESIAN_POINT('',(-7.,-9.,-164.));
#5450 = SURFACE_CURVE('',#5451,(#5455,#5462),.PCURVE_S1.);
#5451 = LINE('',#5452,#5453);
#5452 = CARTESIAN_POINT('',(-17.,-9.,-164.));
#5453 = VECTOR('',#5454,1.);
#5454 = DIRECTION('',(1.,0.,-0.));
#5455 = PCURVE('',#5248,#5456);
#5456 = DEFINITIONAL_REPRESENTATION('',(#5457),#5461);
#5457 = LINE('',#5458,#5459);
#5458 = CARTESIAN_POINT('',(0.,0.));
#5459 = VECTOR('',#5460,1.);
#5460 = DIRECTION('',(1.,0.));
#5461 = ( GEOMETRIC_REPRESENTATION_CONTEXT(2) 
PARAMETRIC_REPRESENTATION_CONTEXT() REPRESENTATION_CONTEXT('2D SPACE',''
  ) );
#5462 = PCURVE('',#5276,#5463);
#5463 = DEFINITIONAL_REPRESENTATION('',(#5464),#5468);
#5464 = LINE('',#5465,#5466);
#5465 = CARTESIAN_POINT('',(8.,0.));
#5466 = VECTOR('',#5467,1.);
#5467 = DIRECTION('',(0.,1.));
#5468 = ( GEOMETRIC_REPRESENTATION_CONTEXT(2) 
PARAMETRIC_REPRESENTATION_CONTEXT() REPRESENTATION_CONTEXT('2D SPACE',''
  ) );
#5469 = ORIENTED_EDGE('',*,*,#5470,.T.);
#5470 = EDGE_CURVE('',#5448,#5471,#5473,.T.);
#5471 = VERTEX_POINT('',#5472);
#5472 = CARTESIAN_POINT('',(-7.,9.,-164.));
#5473 = SURFACE_CURVE('',#5474,(#5478,#5485),.PCURVE_S1.);
#5474 = LINE('',#5475,#5476);
#5475 = CARTESIAN_POINT('',(-7.,-9.,-164.));
#5476 = VECTOR('',#5477,1.);
#5477 = DIRECTION('',(-0.,1.,0.));
#5478 = PCURVE('',#5248,#5479);
#5479 = DEFINITIONAL_REPRESENTATION('',(#5480),#5484);
#5480 = LINE('',#5481,#5482);
#5481 = CARTESIAN_POINT('',(10.,0.));
#5482 = VECTOR('',#5483,1.);
#5483 = DIRECTION('',(0.,1.));
#5484 = ( GEOMETRIC_REPRESENTATION_CONTEXT(2) 
PARAMETRIC_REPRESENTATION_CONTEXT() REPRESENTATION_CONTEXT('2D SPACE',''
  ) );
#5485 = PCURVE('',#5486,#5491);
#5486 = PLANE('',#5487);
#5487 = AXIS2_PLACEMENT_3D('',#5488,#5489,#5490);
#5488 = CARTESIAN_POINT('',(-7.,-9.,-172.));
#5489 = DIRECTION('',(1.,0.,-0.));
#5490 = DIRECTION('',(0.,0.,1.));
#5491 = DEFINITIONAL_REPRESENTATION('',(#5492),#5496);
#5492 = LINE('',#5493,#5494);
#5493 = CARTESIAN_POINT('',(8.,0.));
#5494 = VECTOR('',#5495,1.);
#5495 = DIRECTION('',(0.,-1.));
#5496 = ( GEOMETRIC_REPRESENTATION_CONTEXT(2) 
PARAMETRIC_REPRESENTATION_CONTEXT() REPRESENTATION_CONTEXT('2D SPACE',''
  ) );
#5497 = ORIENTED_EDGE('',*,*,#5498,.F.);
#5498 = EDGE_CURVE('',#5317,#5471,#5499,.T.);
#5499 = SURFACE_CURVE('',#5500,(#5504,#5511),.PCURVE_S1.);
#5500 = LINE('',#5501,#5502);
#5501 = CARTESIAN_POINT('',(-17.,9.,-164.));
#5502 = VECTOR('',#5503,1.);
#5503 = DIRECTION('',(1.,0.,-0.));
#5504 = PCURVE('',#5248,#5505);
#5505 = DEFINITIONAL_REPRESENTATION('',(#5506),#5510);
#5506 = LINE('',#5507,#5508);
#5507 = CARTESIAN_POINT('',(0.,18.));
#5508 = VECTOR('',#5509,1.);
#5509 = DIRECTION('',(1.,0.));
#5510 = ( GEOMETRIC_REPRESENTATION_CONTEXT(2) 
PARAMETRIC_REPRESENTATION_CONTEXT() REPRESENTATION_CONTEXT('2D SPACE',''
  ) );
#5511 = PCURVE('',#5332,#5512);
#5512 = DEFINITIONAL_REPRESENTATION('',(#5513),#5517);
#5513 = LINE('',#5514,#5515);
#5514 = CARTESIAN_POINT('',(8.,0.));
#5515 = VECTOR('',#5516,1.);
#5516 = DIRECTION('',(0.,1.));
#5517 = ( GEOMETRIC_REPRESENTATION_CONTEXT(2) 
PARAMETRIC_REPRESENTATION_CONTEXT() REPRESENTATION_CONTEXT('2D SPACE',''
  ) );
#5518 = ORIENTED_EDGE('',*,*,#5344,.F.);
#5519 = ORIENTED_EDGE('',*,*,#5520,.T.);
#5520 = EDGE_CURVE('',#5345,#5521,#5523,.T.);
#5521 = VERTEX_POINT('',#5522);
#5522 = CARTESIAN_POINT('',(-9.,8.,-164.));
#5523 = SURFACE_CURVE('',#5524,(#5528,#5534),.PCURVE_S1.);
#5524 = LINE('',#5525,#5526);
#5525 = CARTESIAN_POINT('',(-30.,8.,-164.));
#5526 = VECTOR('',#5527,1.);
#5527 = DIRECTION('',(1.,0.,-0.));
#5528 = PCURVE('',#5248,#5529);
#5529 = DEFINITIONAL_REPRESENTATION('',(#5530),#5533);
#5530 = B_SPLINE_CURVE_WITH_KNOTS('',1,(#5531,#5532),.UNSPECIFIED.,.F.,
  .F.,(2,2),(13.,21.),.PIECEWISE_BEZIER_KNOTS.);
#5531 = CARTESIAN_POINT('',(0.,17.));
#5532 = CARTESIAN_POINT('',(8.,17.));
#5533 = ( GEOMETRIC_REPRESENTATION_CONTEXT(2) 
PARAMETRIC_REPRESENTATION_CONTEXT() REPRESENTATION_CONTEXT('2D SPACE',''
  ) );
#5534 = PCURVE('',#5382,#5535);
#5535 = DEFINITIONAL_REPRESENTATION('',(#5536),#5539);
#5536 = B_SPLINE_CURVE_WITH_KNOTS('',1,(#5537,#5538),.UNSPECIFIED.,.F.,
  .F.,(2,2),(13.,21.),.PIECEWISE_BEZIER_KNOTS.);
#5537 = CARTESIAN_POINT('',(2.,26.));
#5538 = CARTESIAN_POINT('',(2.,34.));
#5539 = ( GEOMETRIC_REPRESENTATION_CONTEXT(2) 
PARAMETRIC_REPRESENTATION_CONTEXT() REPRESENTATION_CONTEXT('2D SPACE',''
  ) );
#5540 = ORIENTED_EDGE('',*,*,#5541,.T.);
#5541 = EDGE_CURVE('',#5521,#5542,#5544,.T.);
#5542 = VERTEX_POINT('',#5543);
#5543 = CARTESIAN_POINT('',(-9.,-8.,-164.));
#5544 = SURFACE_CURVE('',#5545,(#5549,#5555),.PCURVE_S1.);
#5545 = LINE('',#5546,#5547);
#5546 = CARTESIAN_POINT('',(-9.,-8.5,-164.));
#5547 = VECTOR('',#5548,1.);
#5548 = DIRECTION('',(0.,-1.,0.));
#5549 = PCURVE('',#5248,#5550);
#5550 = DEFINITIONAL_REPRESENTATION('',(#5551),#5554);
#5551 = B_SPLINE_CURVE_WITH_KNOTS('',1,(#5552,#5553),.UNSPECIFIED.,.F.,
  .F.,(2,2),(-16.5,-0.5),.PIECEWISE_BEZIER_KNOTS.);
#5552 = CARTESIAN_POINT('',(8.,17.));
#5553 = CARTESIAN_POINT('',(8.,1.));
#5554 = ( GEOMETRIC_REPRESENTATION_CONTEXT(2) 
PARAMETRIC_REPRESENTATION_CONTEXT() REPRESENTATION_CONTEXT('2D SPACE',''
  ) );
#5555 = PCURVE('',#5556,#5561);
#5556 = PLANE('',#5557);
#5557 = AXIS2_PLACEMENT_3D('',#5558,#5559,#5560);
#5558 = CARTESIAN_POINT('',(-9.,-8.,-166.));
#5559 = DIRECTION('',(1.,0.,-0.));
#5560 = DIRECTION('',(0.,0.,1.));
#5561 = DEFINITIONAL_REPRESENTATION('',(#5562),#5565);
#5562 = B_SPLINE_CURVE_WITH_KNOTS('',1,(#5563,#5564),.UNSPECIFIED.,.F.,
  .F.,(2,2),(-16.5,-0.5),.PIECEWISE_BEZIER_KNOTS.);
#5563 = CARTESIAN_POINT('',(2.,-16.));
#5564 = CARTESIAN_POINT('',(2.,0.));
#5565 = ( GEOMETRIC_REPRESENTATION_CONTEXT(2) 
PARAMETRIC_REPRESENTATION_CONTEXT() REPRESENTATION_CONTEXT('2D SPACE',''
  ) );
#5566 = ORIENTED_EDGE('',*,*,#5567,.F.);
#5567 = EDGE_CURVE('',#5228,#5542,#5568,.T.);
#5568 = SURFACE_CURVE('',#5569,(#5573,#5579),.PCURVE_S1.);
#5569 = LINE('',#5570,#5571);
#5570 = CARTESIAN_POINT('',(-30.,-8.,-164.));
#5571 = VECTOR('',#5572,1.);
#5572 = DIRECTION('',(1.,0.,-0.));
#5573 = PCURVE('',#5248,#5574);
#5574 = DEFINITIONAL_REPRESENTATION('',(#5575),#5578);
#5575 = B_SPLINE_CURVE_WITH_KNOTS('',1,(#5576,#5577),.UNSPECIFIED.,.F.,
  .F.,(2,2),(13.,21.),.PIECEWISE_BEZIER_KNOTS.);
#5576 = CARTESIAN_POINT('',(0.,1.));
#5577 = CARTESIAN_POINT('',(8.,1.));
#5578 = ( GEOMETRIC_REPRESENTATION_CONTEXT(2) 
PARAMETRIC_REPRESENTATION_CONTEXT() REPRESENTATION_CONTEXT('2D SPACE',''
  ) );
#5579 = PCURVE('',#5432,#5580);
#5580 = DEFINITIONAL_REPRESENTATION('',(#5581),#5584);
#5581 = B_SPLINE_CURVE_WITH_KNOTS('',1,(#5582,#5583),.UNSPECIFIED.,.F.,
  .F.,(2,2),(13.,21.),.PIECEWISE_BEZIER_KNOTS.);
#5582 = CARTESIAN_POINT('',(2.,26.));
#5583 = CARTESIAN_POINT('',(2.,34.));
#5584 = ( GEOMETRIC_REPRESENTATION_CONTEXT(2) 
PARAMETRIC_REPRESENTATION_CONTEXT() REPRESENTATION_CONTEXT('2D SPACE',''
  ) );
#5585 = ADVANCED_FACE('',(#5586),#5432,.F.);
#5586 = FACE_BOUND('',#5587,.F.);
#5587 = EDGE_LOOP('',(#5588,#5616,#5644,#5665,#5666,#5667,#5690,#5716,
    #5742,#5770,#5798,#5824));
#5588 = ORIENTED_EDGE('',*,*,#5589,.T.);
#5589 = EDGE_CURVE('',#5590,#5592,#5594,.T.);
#5590 = VERTEX_POINT('',#5591);
#5591 = CARTESIAN_POINT('',(-10.,-8.,-161.));
#5592 = VERTEX_POINT('',#5593);
#5593 = CARTESIAN_POINT('',(-10.,-8.,-160.));
#5594 = SURFACE_CURVE('',#5595,(#5599,#5605),.PCURVE_S1.);
#5595 = LINE('',#5596,#5597);
#5596 = CARTESIAN_POINT('',(-10.,-8.,-163.5));
#5597 = VECTOR('',#5598,1.);
#5598 = DIRECTION('',(0.,0.,1.));
#5599 = PCURVE('',#5432,#5600);
#5600 = DEFINITIONAL_REPRESENTATION('',(#5601),#5604);
#5601 = B_SPLINE_CURVE_WITH_KNOTS('',1,(#5602,#5603),.UNSPECIFIED.,.F.,
  .F.,(2,2),(2.5,3.5),.PIECEWISE_BEZIER_KNOTS.);
#5602 = CARTESIAN_POINT('',(5.,33.));
#5603 = CARTESIAN_POINT('',(6.,33.));
#5604 = ( GEOMETRIC_REPRESENTATION_CONTEXT(2) 
PARAMETRIC_REPRESENTATION_CONTEXT() REPRESENTATION_CONTEXT('2D SPACE',''
  ) );
#5605 = PCURVE('',#5606,#5611);
#5606 = PLANE('',#5607);
#5607 = AXIS2_PLACEMENT_3D('',#5608,#5609,#5610);
#5608 = CARTESIAN_POINT('',(-10.,-12.,-161.));
#5609 = DIRECTION('',(1.,0.,-0.));
#5610 = DIRECTION('',(0.,0.,1.));
#5611 = DEFINITIONAL_REPRESENTATION('',(#5612),#5615);
#5612 = B_SPLINE_CURVE_WITH_KNOTS('',1,(#5613,#5614),.UNSPECIFIED.,.F.,
  .F.,(2,2),(2.5,3.5),.PIECEWISE_BEZIER_KNOTS.);
#5613 = CARTESIAN_POINT('',(0.,-4.));
#5614 = CARTESIAN_POINT('',(1.,-4.));
#5615 = ( GEOMETRIC_REPRESENTATION_CONTEXT(2) 
PARAMETRIC_REPRESENTATION_CONTEXT() REPRESENTATION_CONTEXT('2D SPACE',''
  ) );
#5616 = ORIENTED_EDGE('',*,*,#5617,.T.);
#5617 = EDGE_CURVE('',#5592,#5618,#5620,.T.);
#5618 = VERTEX_POINT('',#5619);
#5619 = CARTESIAN_POINT('',(-9.,-8.,-160.));
#5620 = SURFACE_CURVE('',#5621,(#5625,#5632),.PCURVE_S1.);
#5621 = LINE('',#5622,#5623);
#5622 = CARTESIAN_POINT('',(-43.,-8.,-160.));
#5623 = VECTOR('',#5624,1.);
#5624 = DIRECTION('',(1.,0.,-0.));
#5625 = PCURVE('',#5432,#5626);
#5626 = DEFINITIONAL_REPRESENTATION('',(#5627),#5631);
#5627 = LINE('',#5628,#5629);
#5628 = CARTESIAN_POINT('',(6.,0.));
#5629 = VECTOR('',#5630,1.);
#5630 = DIRECTION('',(0.,1.));
#5631 = ( GEOMETRIC_REPRESENTATION_CONTEXT(2) 
PARAMETRIC_REPRESENTATION_CONTEXT() REPRESENTATION_CONTEXT('2D SPACE',''
  ) );
#5632 = PCURVE('',#5633,#5638);
#5633 = PLANE('',#5634);
#5634 = AXIS2_PLACEMENT_3D('',#5635,#5636,#5637);
#5635 = CARTESIAN_POINT('',(-43.,-8.,-160.));
#5636 = DIRECTION('',(0.,0.,1.));
#5637 = DIRECTION('',(1.,0.,-0.));
#5638 = DEFINITIONAL_REPRESENTATION('',(#5639),#5643);
#5639 = LINE('',#5640,#5641);
#5640 = CARTESIAN_POINT('',(0.,0.));
#5641 = VECTOR('',#5642,1.);
#5642 = DIRECTION('',(1.,0.));
#5643 = ( GEOMETRIC_REPRESENTATION_CONTEXT(2) 
PARAMETRIC_REPRESENTATION_CONTEXT() REPRESENTATION_CONTEXT('2D SPACE',''
  ) );
#5644 = ORIENTED_EDGE('',*,*,#5645,.F.);
#5645 = EDGE_CURVE('',#5542,#5618,#5646,.T.);
#5646 = SURFACE_CURVE('',#5647,(#5651,#5658),.PCURVE_S1.);
#5647 = LINE('',#5648,#5649);
#5648 = CARTESIAN_POINT('',(-9.,-8.,-166.));
#5649 = VECTOR('',#5650,1.);
#5650 = DIRECTION('',(0.,0.,1.));
#5651 = PCURVE('',#5432,#5652);
#5652 = DEFINITIONAL_REPRESENTATION('',(#5653),#5657);
#5653 = LINE('',#5654,#5655);
#5654 = CARTESIAN_POINT('',(0.,34.));
#5655 = VECTOR('',#5656,1.);
#5656 = DIRECTION('',(1.,0.));
#5657 = ( GEOMETRIC_REPRESENTATION_CONTEXT(2) 
PARAMETRIC_REPRESENTATION_CONTEXT() REPRESENTATION_CONTEXT('2D SPACE',''
  ) );
#5658 = PCURVE('',#5556,#5659);
#5659 = DEFINITIONAL_REPRESENTATION('',(#5660),#5664);
#5660 = LINE('',#5661,#5662);
#5661 = CARTESIAN_POINT('',(0.,0.));
#5662 = VECTOR('',#5663,1.);
#5663 = DIRECTION('',(1.,0.));
#5664 = ( GEOMETRIC_REPRESENTATION_CONTEXT(2) 
PARAMETRIC_REPRESENTATION_CONTEXT() REPRESENTATION_CONTEXT('2D SPACE',''
  ) );
#5665 = ORIENTED_EDGE('',*,*,#5567,.F.);
#5666 = ORIENTED_EDGE('',*,*,#5419,.T.);
#5667 = ORIENTED_EDGE('',*,*,#5668,.F.);
#5668 = EDGE_CURVE('',#5669,#5394,#5671,.T.);
#5669 = VERTEX_POINT('',#5670);
#5670 = CARTESIAN_POINT('',(-35.,-8.,-166.));
#5671 = SURFACE_CURVE('',#5672,(#5676,#5683),.PCURVE_S1.);
#5672 = LINE('',#5673,#5674);
#5673 = CARTESIAN_POINT('',(-43.,-8.,-166.));
#5674 = VECTOR('',#5675,1.);
#5675 = DIRECTION('',(1.,0.,-0.));
#5676 = PCURVE('',#5432,#5677);
#5677 = DEFINITIONAL_REPRESENTATION('',(#5678),#5682);
#5678 = LINE('',#5679,#5680);
#5679 = CARTESIAN_POINT('',(0.,0.));
#5680 = VECTOR('',#5681,1.);
#5681 = DIRECTION('',(0.,1.));
#5682 = ( GEOMETRIC_REPRESENTATION_CONTEXT(2) 
PARAMETRIC_REPRESENTATION_CONTEXT() REPRESENTATION_CONTEXT('2D SPACE',''
  ) );
#5683 = PCURVE('',#5408,#5684);
#5684 = DEFINITIONAL_REPRESENTATION('',(#5685),#5689);
#5685 = LINE('',#5686,#5687);
#5686 = CARTESIAN_POINT('',(0.,0.));
#5687 = VECTOR('',#5688,1.);
#5688 = DIRECTION('',(1.,0.));
#5689 = ( GEOMETRIC_REPRESENTATION_CONTEXT(2) 
PARAMETRIC_REPRESENTATION_CONTEXT() REPRESENTATION_CONTEXT('2D SPACE',''
  ) );
#5690 = ORIENTED_EDGE('',*,*,#5691,.F.);
#5691 = EDGE_CURVE('',#5692,#5669,#5694,.T.);
#5692 = VERTEX_POINT('',#5693);
#5693 = CARTESIAN_POINT('',(-35.,-8.,-164.));
#5694 = SURFACE_CURVE('',#5695,(#5699,#5705),.PCURVE_S1.);
#5695 = LINE('',#5696,#5697);
#5696 = CARTESIAN_POINT('',(-35.,-8.,-169.));
#5697 = VECTOR('',#5698,1.);
#5698 = DIRECTION('',(-0.,0.,-1.));
#5699 = PCURVE('',#5432,#5700);
#5700 = DEFINITIONAL_REPRESENTATION('',(#5701),#5704);
#5701 = B_SPLINE_CURVE_WITH_KNOTS('',1,(#5702,#5703),.UNSPECIFIED.,.F.,
  .F.,(2,2),(-5.,-3.),.PIECEWISE_BEZIER_KNOTS.);
#5702 = CARTESIAN_POINT('',(2.,8.));
#5703 = CARTESIAN_POINT('',(0.,8.));
#5704 = ( GEOMETRIC_REPRESENTATION_CONTEXT(2) 
PARAMETRIC_REPRESENTATION_CONTEXT() REPRESENTATION_CONTEXT('2D SPACE',''
  ) );
#5705 = PCURVE('',#5706,#5711);
#5706 = PLANE('',#5707);
#5707 = AXIS2_PLACEMENT_3D('',#5708,#5709,#5710);
#5708 = CARTESIAN_POINT('',(-35.,-9.,-172.));
#5709 = DIRECTION('',(1.,0.,-0.));
#5710 = DIRECTION('',(0.,0.,1.));
#5711 = DEFINITIONAL_REPRESENTATION('',(#5712),#5715);
#5712 = B_SPLINE_CURVE_WITH_KNOTS('',1,(#5713,#5714),.UNSPECIFIED.,.F.,
  .F.,(2,2),(-5.,-3.),.PIECEWISE_BEZIER_KNOTS.);
#5713 = CARTESIAN_POINT('',(8.,-1.));
#5714 = CARTESIAN_POINT('',(6.,-1.));
#5715 = ( GEOMETRIC_REPRESENTATION_CONTEXT(2) 
PARAMETRIC_REPRESENTATION_CONTEXT() REPRESENTATION_CONTEXT('2D SPACE',''
  ) );
#5716 = ORIENTED_EDGE('',*,*,#5717,.F.);
#5717 = EDGE_CURVE('',#5718,#5692,#5720,.T.);
#5718 = VERTEX_POINT('',#5719);
#5719 = CARTESIAN_POINT('',(-43.,-8.,-164.));
#5720 = SURFACE_CURVE('',#5721,(#5725,#5731),.PCURVE_S1.);
#5721 = LINE('',#5722,#5723);
#5722 = CARTESIAN_POINT('',(-44.,-8.,-164.));
#5723 = VECTOR('',#5724,1.);
#5724 = DIRECTION('',(1.,0.,-0.));
#5725 = PCURVE('',#5432,#5726);
#5726 = DEFINITIONAL_REPRESENTATION('',(#5727),#5730);
#5727 = B_SPLINE_CURVE_WITH_KNOTS('',1,(#5728,#5729),.UNSPECIFIED.,.F.,
  .F.,(2,2),(1.,9.),.PIECEWISE_BEZIER_KNOTS.);
#5728 = CARTESIAN_POINT('',(2.,0.));
#5729 = CARTESIAN_POINT('',(2.,8.));
#5730 = ( GEOMETRIC_REPRESENTATION_CONTEXT(2) 
PARAMETRIC_REPRESENTATION_CONTEXT() REPRESENTATION_CONTEXT('2D SPACE',''
  ) );
#5731 = PCURVE('',#5732,#5737);
#5732 = PLANE('',#5733);
#5733 = AXIS2_PLACEMENT_3D('',#5734,#5735,#5736);
#5734 = CARTESIAN_POINT('',(-45.,-9.,-164.));
#5735 = DIRECTION('',(0.,0.,1.));
#5736 = DIRECTION('',(1.,0.,-0.));
#5737 = DEFINITIONAL_REPRESENTATION('',(#5738),#5741);
#5738 = B_SPLINE_CURVE_WITH_KNOTS('',1,(#5739,#5740),.UNSPECIFIED.,.F.,
  .F.,(2,2),(1.,9.),.PIECEWISE_BEZIER_KNOTS.);
#5739 = CARTESIAN_POINT('',(2.,1.));
#5740 = CARTESIAN_POINT('',(10.,1.));
#5741 = ( GEOMETRIC_REPRESENTATION_CONTEXT(2) 
PARAMETRIC_REPRESENTATION_CONTEXT() REPRESENTATION_CONTEXT('2D SPACE',''
  ) );
#5742 = ORIENTED_EDGE('',*,*,#5743,.T.);
#5743 = EDGE_CURVE('',#5718,#5744,#5746,.T.);
#5744 = VERTEX_POINT('',#5745);
#5745 = CARTESIAN_POINT('',(-43.,-8.,-160.));
#5746 = SURFACE_CURVE('',#5747,(#5751,#5758),.PCURVE_S1.);
#5747 = LINE('',#5748,#5749);
#5748 = CARTESIAN_POINT('',(-43.,-8.,-166.));
#5749 = VECTOR('',#5750,1.);
#5750 = DIRECTION('',(0.,0.,1.));
#5751 = PCURVE('',#5432,#5752);
#5752 = DEFINITIONAL_REPRESENTATION('',(#5753),#5757);
#5753 = LINE('',#5754,#5755);
#5754 = CARTESIAN_POINT('',(0.,0.));
#5755 = VECTOR('',#5756,1.);
#5756 = DIRECTION('',(1.,0.));
#5757 = ( GEOMETRIC_REPRESENTATION_CONTEXT(2) 
PARAMETRIC_REPRESENTATION_CONTEXT() REPRESENTATION_CONTEXT('2D SPACE',''
  ) );
#5758 = PCURVE('',#5759,#5764);
#5759 = PLANE('',#5760);
#5760 = AXIS2_PLACEMENT_3D('',#5761,#5762,#5763);
#5761 = CARTESIAN_POINT('',(-43.,-8.,-166.));
#5762 = DIRECTION('',(1.,0.,-0.));
#5763 = DIRECTION('',(0.,0.,1.));
#5764 = DEFINITIONAL_REPRESENTATION('',(#5765),#5769);
#5765 = LINE('',#5766,#5767);
#5766 = CARTESIAN_POINT('',(0.,0.));
#5767 = VECTOR('',#5768,1.);
#5768 = DIRECTION('',(1.,0.));
#5769 = ( GEOMETRIC_REPRESENTATION_CONTEXT(2) 
PARAMETRIC_REPRESENTATION_CONTEXT() REPRESENTATION_CONTEXT('2D SPACE',''
  ) );
#5770 = ORIENTED_EDGE('',*,*,#5771,.T.);
#5771 = EDGE_CURVE('',#5744,#5772,#5774,.T.);
#5772 = VERTEX_POINT('',#5773);
#5773 = CARTESIAN_POINT('',(-42.,-8.,-160.));
#5774 = SURFACE_CURVE('',#5775,(#5779,#5786),.PCURVE_S1.);
#5775 = LINE('',#5776,#5777);
#5776 = CARTESIAN_POINT('',(-43.,-8.,-160.));
#5777 = VECTOR('',#5778,1.);
#5778 = DIRECTION('',(1.,0.,-0.));
#5779 = PCURVE('',#5432,#5780);
#5780 = DEFINITIONAL_REPRESENTATION('',(#5781),#5785);
#5781 = LINE('',#5782,#5783);
#5782 = CARTESIAN_POINT('',(6.,0.));
#5783 = VECTOR('',#5784,1.);
#5784 = DIRECTION('',(0.,1.));
#5785 = ( GEOMETRIC_REPRESENTATION_CONTEXT(2) 
PARAMETRIC_REPRESENTATION_CONTEXT() REPRESENTATION_CONTEXT('2D SPACE',''
  ) );
#5786 = PCURVE('',#5787,#5792);
#5787 = PLANE('',#5788);
#5788 = AXIS2_PLACEMENT_3D('',#5789,#5790,#5791);
#5789 = CARTESIAN_POINT('',(-43.,-8.,-160.));
#5790 = DIRECTION('',(0.,0.,1.));
#5791 = DIRECTION('',(1.,0.,-0.));
#5792 = DEFINITIONAL_REPRESENTATION('',(#5793),#5797);
#5793 = LINE('',#5794,#5795);
#5794 = CARTESIAN_POINT('',(0.,0.));
#5795 = VECTOR('',#5796,1.);
#5796 = DIRECTION('',(1.,0.));
#5797 = ( GEOMETRIC_REPRESENTATION_CONTEXT(2) 
PARAMETRIC_REPRESENTATION_CONTEXT() REPRESENTATION_CONTEXT('2D SPACE',''
  ) );
#5798 = ORIENTED_EDGE('',*,*,#5799,.F.);
#5799 = EDGE_CURVE('',#5800,#5772,#5802,.T.);
#5800 = VERTEX_POINT('',#5801);
#5801 = CARTESIAN_POINT('',(-42.,-8.,-161.));
#5802 = SURFACE_CURVE('',#5803,(#5807,#5813),.PCURVE_S1.);
#5803 = LINE('',#5804,#5805);
#5804 = CARTESIAN_POINT('',(-42.,-8.,-163.5));
#5805 = VECTOR('',#5806,1.);
#5806 = DIRECTION('',(0.,0.,1.));
#5807 = PCURVE('',#5432,#5808);
#5808 = DEFINITIONAL_REPRESENTATION('',(#5809),#5812);
#5809 = B_SPLINE_CURVE_WITH_KNOTS('',1,(#5810,#5811),.UNSPECIFIED.,.F.,
  .F.,(2,2),(2.5,3.5),.PIECEWISE_BEZIER_KNOTS.);
#5810 = CARTESIAN_POINT('',(5.,1.));
#5811 = CARTESIAN_POINT('',(6.,1.));
#5812 = ( GEOMETRIC_REPRESENTATION_CONTEXT(2) 
PARAMETRIC_REPRESENTATION_CONTEXT() REPRESENTATION_CONTEXT('2D SPACE',''
  ) );
#5813 = PCURVE('',#5814,#5819);
#5814 = PLANE('',#5815);
#5815 = AXIS2_PLACEMENT_3D('',#5816,#5817,#5818);
#5816 = CARTESIAN_POINT('',(-42.,-12.,-161.));
#5817 = DIRECTION('',(1.,0.,-0.));
#5818 = DIRECTION('',(0.,0.,1.));
#5819 = DEFINITIONAL_REPRESENTATION('',(#5820),#5823);
#5820 = B_SPLINE_CURVE_WITH_KNOTS('',1,(#5821,#5822),.UNSPECIFIED.,.F.,
  .F.,(2,2),(2.5,3.5),.PIECEWISE_BEZIER_KNOTS.);
#5821 = CARTESIAN_POINT('',(0.,-4.));
#5822 = CARTESIAN_POINT('',(1.,-4.));
#5823 = ( GEOMETRIC_REPRESENTATION_CONTEXT(2) 
PARAMETRIC_REPRESENTATION_CONTEXT() REPRESENTATION_CONTEXT('2D SPACE',''
  ) );
#5824 = ORIENTED_EDGE('',*,*,#5825,.F.);
#5825 = EDGE_CURVE('',#5590,#5800,#5826,.T.);
#5826 = SURFACE_CURVE('',#5827,(#5831,#5837),.PCURVE_S1.);
#5827 = LINE('',#5828,#5829);
#5828 = CARTESIAN_POINT('',(-42.5,-8.,-161.));
#5829 = VECTOR('',#5830,1.);
#5830 = DIRECTION('',(-1.,-0.,0.));
#5831 = PCURVE('',#5432,#5832);
#5832 = DEFINITIONAL_REPRESENTATION('',(#5833),#5836);
#5833 = B_SPLINE_CURVE_WITH_KNOTS('',1,(#5834,#5835),.UNSPECIFIED.,.F.,
  .F.,(2,2),(-32.5,-0.5),.PIECEWISE_BEZIER_KNOTS.);
#5834 = CARTESIAN_POINT('',(5.,33.));
#5835 = CARTESIAN_POINT('',(5.,1.));
#5836 = ( GEOMETRIC_REPRESENTATION_CONTEXT(2) 
PARAMETRIC_REPRESENTATION_CONTEXT() REPRESENTATION_CONTEXT('2D SPACE',''
  ) );
#5837 = PCURVE('',#5838,#5843);
#5838 = PLANE('',#5839);
#5839 = AXIS2_PLACEMENT_3D('',#5840,#5841,#5842);
#5840 = CARTESIAN_POINT('',(-42.,-12.,-161.));
#5841 = DIRECTION('',(0.,0.,1.));
#5842 = DIRECTION('',(1.,0.,-0.));
#5843 = DEFINITIONAL_REPRESENTATION('',(#5844),#5847);
#5844 = B_SPLINE_CURVE_WITH_KNOTS('',1,(#5845,#5846),.UNSPECIFIED.,.F.,
  .F.,(2,2),(-32.5,-0.5),.PIECEWISE_BEZIER_KNOTS.);
#5845 = CARTESIAN_POINT('',(32.,4.));
#5846 = CARTESIAN_POINT('',(0.,4.));
#5847 = ( GEOMETRIC_REPRESENTATION_CONTEXT(2) 
PARAMETRIC_REPRESENTATION_CONTEXT() REPRESENTATION_CONTEXT('2D SPACE',''
  ) );
#5848 = ADVANCED_FACE('',(#5849),#5408,.F.);
#5849 = FACE_BOUND('',#5850,.F.);
#5850 = EDGE_LOOP('',(#5851,#5874,#5893,#5894));
#5851 = ORIENTED_EDGE('',*,*,#5852,.F.);
#5852 = EDGE_CURVE('',#5853,#5368,#5855,.T.);
#5853 = VERTEX_POINT('',#5854);
#5854 = CARTESIAN_POINT('',(-35.,8.,-166.));
#5855 = SURFACE_CURVE('',#5856,(#5860,#5867),.PCURVE_S1.);
#5856 = LINE('',#5857,#5858);
#5857 = CARTESIAN_POINT('',(-43.,8.,-166.));
#5858 = VECTOR('',#5859,1.);
#5859 = DIRECTION('',(1.,0.,-0.));
#5860 = PCURVE('',#5408,#5861);
#5861 = DEFINITIONAL_REPRESENTATION('',(#5862),#5866);
#5862 = LINE('',#5863,#5864);
#5863 = CARTESIAN_POINT('',(0.,16.));
#5864 = VECTOR('',#5865,1.);
#5865 = DIRECTION('',(1.,0.));
#5866 = ( GEOMETRIC_REPRESENTATION_CONTEXT(2) 
PARAMETRIC_REPRESENTATION_CONTEXT() REPRESENTATION_CONTEXT('2D SPACE',''
  ) );
#5867 = PCURVE('',#5382,#5868);
#5868 = DEFINITIONAL_REPRESENTATION('',(#5869),#5873);
#5869 = LINE('',#5870,#5871);
#5870 = CARTESIAN_POINT('',(0.,0.));
#5871 = VECTOR('',#5872,1.);
#5872 = DIRECTION('',(0.,1.));
#5873 = ( GEOMETRIC_REPRESENTATION_CONTEXT(2) 
PARAMETRIC_REPRESENTATION_CONTEXT() REPRESENTATION_CONTEXT('2D SPACE',''
  ) );
#5874 = ORIENTED_EDGE('',*,*,#5875,.F.);
#5875 = EDGE_CURVE('',#5669,#5853,#5876,.T.);
#5876 = SURFACE_CURVE('',#5877,(#5881,#5887),.PCURVE_S1.);
#5877 = LINE('',#5878,#5879);
#5878 = CARTESIAN_POINT('',(-35.,-8.5,-166.));
#5879 = VECTOR('',#5880,1.);
#5880 = DIRECTION('',(-0.,1.,0.));
#5881 = PCURVE('',#5408,#5882);
#5882 = DEFINITIONAL_REPRESENTATION('',(#5883),#5886);
#5883 = B_SPLINE_CURVE_WITH_KNOTS('',1,(#5884,#5885),.UNSPECIFIED.,.F.,
  .F.,(2,2),(0.5,16.5),.PIECEWISE_BEZIER_KNOTS.);
#5884 = CARTESIAN_POINT('',(8.,0.));
#5885 = CARTESIAN_POINT('',(8.,16.));
#5886 = ( GEOMETRIC_REPRESENTATION_CONTEXT(2) 
PARAMETRIC_REPRESENTATION_CONTEXT() REPRESENTATION_CONTEXT('2D SPACE',''
  ) );
#5887 = PCURVE('',#5706,#5888);
#5888 = DEFINITIONAL_REPRESENTATION('',(#5889),#5892);
#5889 = B_SPLINE_CURVE_WITH_KNOTS('',1,(#5890,#5891),.UNSPECIFIED.,.F.,
  .F.,(2,2),(0.5,16.5),.PIECEWISE_BEZIER_KNOTS.);
#5890 = CARTESIAN_POINT('',(6.,-1.));
#5891 = CARTESIAN_POINT('',(6.,-17.));
#5892 = ( GEOMETRIC_REPRESENTATION_CONTEXT(2) 
PARAMETRIC_REPRESENTATION_CONTEXT() REPRESENTATION_CONTEXT('2D SPACE',''
  ) );
#5893 = ORIENTED_EDGE('',*,*,#5668,.T.);
#5894 = ORIENTED_EDGE('',*,*,#5393,.T.);
#5895 = ADVANCED_FACE('',(#5896),#5382,.T.);
#5896 = FACE_BOUND('',#5897,.T.);
#5897 = EDGE_LOOP('',(#5898,#5921,#5944,#5965,#5966,#5967,#5968,#5989,
    #6010,#6033,#6056,#6077));
#5898 = ORIENTED_EDGE('',*,*,#5899,.T.);
#5899 = EDGE_CURVE('',#5900,#5902,#5904,.T.);
#5900 = VERTEX_POINT('',#5901);
#5901 = CARTESIAN_POINT('',(-10.,8.,-161.));
#5902 = VERTEX_POINT('',#5903);
#5903 = CARTESIAN_POINT('',(-10.,8.,-160.));
#5904 = SURFACE_CURVE('',#5905,(#5909,#5915),.PCURVE_S1.);
#5905 = LINE('',#5906,#5907);
#5906 = CARTESIAN_POINT('',(-10.,8.,-163.5));
#5907 = VECTOR('',#5908,1.);
#5908 = DIRECTION('',(0.,0.,1.));
#5909 = PCURVE('',#5382,#5910);
#5910 = DEFINITIONAL_REPRESENTATION('',(#5911),#5914);
#5911 = B_SPLINE_CURVE_WITH_KNOTS('',1,(#5912,#5913),.UNSPECIFIED.,.F.,
  .F.,(2,2),(2.5,3.5),.PIECEWISE_BEZIER_KNOTS.);
#5912 = CARTESIAN_POINT('',(5.,33.));
#5913 = CARTESIAN_POINT('',(6.,33.));
#5914 = ( GEOMETRIC_REPRESENTATION_CONTEXT(2) 
PARAMETRIC_REPRESENTATION_CONTEXT() REPRESENTATION_CONTEXT('2D SPACE',''
  ) );
#5915 = PCURVE('',#5606,#5916);
#5916 = DEFINITIONAL_REPRESENTATION('',(#5917),#5920);
#5917 = B_SPLINE_CURVE_WITH_KNOTS('',1,(#5918,#5919),.UNSPECIFIED.,.F.,
  .F.,(2,2),(2.5,3.5),.PIECEWISE_BEZIER_KNOTS.);
#5918 = CARTESIAN_POINT('',(0.,-20.));
#5919 = CARTESIAN_POINT('',(1.,-20.));
#5920 = ( GEOMETRIC_REPRESENTATION_CONTEXT(2) 
PARAMETRIC_REPRESENTATION_CONTEXT() REPRESENTATION_CONTEXT('2D SPACE',''
  ) );
#5921 = ORIENTED_EDGE('',*,*,#5922,.T.);
#5922 = EDGE_CURVE('',#5902,#5923,#5925,.T.);
#5923 = VERTEX_POINT('',#5924);
#5924 = CARTESIAN_POINT('',(-9.,8.,-160.));
#5925 = SURFACE_CURVE('',#5926,(#5930,#5937),.PCURVE_S1.);
#5926 = LINE('',#5927,#5928);
#5927 = CARTESIAN_POINT('',(-43.,8.,-160.));
#5928 = VECTOR('',#5929,1.);
#5929 = DIRECTION('',(1.,0.,-0.));
#5930 = PCURVE('',#5382,#5931);
#5931 = DEFINITIONAL_REPRESENTATION('',(#5932),#5936);
#5932 = LINE('',#5933,#5934);
#5933 = CARTESIAN_POINT('',(6.,0.));
#5934 = VECTOR('',#5935,1.);
#5935 = DIRECTION('',(0.,1.));
#5936 = ( GEOMETRIC_REPRESENTATION_CONTEXT(2) 
PARAMETRIC_REPRESENTATION_CONTEXT() REPRESENTATION_CONTEXT('2D SPACE',''
  ) );
#5937 = PCURVE('',#5633,#5938);
#5938 = DEFINITIONAL_REPRESENTATION('',(#5939),#5943);
#5939 = LINE('',#5940,#5941);
#5940 = CARTESIAN_POINT('',(0.,16.));
#5941 = VECTOR('',#5942,1.);
#5942 = DIRECTION('',(1.,0.));
#5943 = ( GEOMETRIC_REPRESENTATION_CONTEXT(2) 
PARAMETRIC_REPRESENTATION_CONTEXT() REPRESENTATION_CONTEXT('2D SPACE',''
  ) );
#5944 = ORIENTED_EDGE('',*,*,#5945,.F.);
#5945 = EDGE_CURVE('',#5521,#5923,#5946,.T.);
#5946 = SURFACE_CURVE('',#5947,(#5951,#5958),.PCURVE_S1.);
#5947 = LINE('',#5948,#5949);
#5948 = CARTESIAN_POINT('',(-9.,8.,-166.));
#5949 = VECTOR('',#5950,1.);
#5950 = DIRECTION('',(0.,0.,1.));
#5951 = PCURVE('',#5382,#5952);
#5952 = DEFINITIONAL_REPRESENTATION('',(#5953),#5957);
#5953 = LINE('',#5954,#5955);
#5954 = CARTESIAN_POINT('',(0.,34.));
#5955 = VECTOR('',#5956,1.);
#5956 = DIRECTION('',(1.,0.));
#5957 = ( GEOMETRIC_REPRESENTATION_CONTEXT(2) 
PARAMETRIC_REPRESENTATION_CONTEXT() REPRESENTATION_CONTEXT('2D SPACE',''
  ) );
#5958 = PCURVE('',#5556,#5959);
#5959 = DEFINITIONAL_REPRESENTATION('',(#5960),#5964);
#5960 = LINE('',#5961,#5962);
#5961 = CARTESIAN_POINT('',(0.,-16.));
#5962 = VECTOR('',#5963,1.);
#5963 = DIRECTION('',(1.,0.));
#5964 = ( GEOMETRIC_REPRESENTATION_CONTEXT(2) 
PARAMETRIC_REPRESENTATION_CONTEXT() REPRESENTATION_CONTEXT('2D SPACE',''
  ) );
#5965 = ORIENTED_EDGE('',*,*,#5520,.F.);
#5966 = ORIENTED_EDGE('',*,*,#5367,.T.);
#5967 = ORIENTED_EDGE('',*,*,#5852,.F.);
#5968 = ORIENTED_EDGE('',*,*,#5969,.F.);
#5969 = EDGE_CURVE('',#5970,#5853,#5972,.T.);
#5970 = VERTEX_POINT('',#5971);
#5971 = CARTESIAN_POINT('',(-35.,8.,-164.));
#5972 = SURFACE_CURVE('',#5973,(#5977,#5983),.PCURVE_S1.);
#5973 = LINE('',#5974,#5975);
#5974 = CARTESIAN_POINT('',(-35.,8.,-169.));
#5975 = VECTOR('',#5976,1.);
#5976 = DIRECTION('',(-0.,0.,-1.));
#5977 = PCURVE('',#5382,#5978);
#5978 = DEFINITIONAL_REPRESENTATION('',(#5979),#5982);
#5979 = B_SPLINE_CURVE_WITH_KNOTS('',1,(#5980,#5981),.UNSPECIFIED.,.F.,
  .F.,(2,2),(-5.,-3.),.PIECEWISE_BEZIER_KNOTS.);
#5980 = CARTESIAN_POINT('',(2.,8.));
#5981 = CARTESIAN_POINT('',(0.,8.));
#5982 = ( GEOMETRIC_REPRESENTATION_CONTEXT(2) 
PARAMETRIC_REPRESENTATION_CONTEXT() REPRESENTATION_CONTEXT('2D SPACE',''
  ) );
#5983 = PCURVE('',#5706,#5984);
#5984 = DEFINITIONAL_REPRESENTATION('',(#5985),#5988);
#5985 = B_SPLINE_CURVE_WITH_KNOTS('',1,(#5986,#5987),.UNSPECIFIED.,.F.,
  .F.,(2,2),(-5.,-3.),.PIECEWISE_BEZIER_KNOTS.);
#5986 = CARTESIAN_POINT('',(8.,-17.));
#5987 = CARTESIAN_POINT('',(6.,-17.));
#5988 = ( GEOMETRIC_REPRESENTATION_CONTEXT(2) 
PARAMETRIC_REPRESENTATION_CONTEXT() REPRESENTATION_CONTEXT('2D SPACE',''
  ) );
#5989 = ORIENTED_EDGE('',*,*,#5990,.F.);
#5990 = EDGE_CURVE('',#5991,#5970,#5993,.T.);
#5991 = VERTEX_POINT('',#5992);
#5992 = CARTESIAN_POINT('',(-43.,8.,-164.));
#5993 = SURFACE_CURVE('',#5994,(#5998,#6004),.PCURVE_S1.);
#5994 = LINE('',#5995,#5996);
#5995 = CARTESIAN_POINT('',(-44.,8.,-164.));
#5996 = VECTOR('',#5997,1.);
#5997 = DIRECTION('',(1.,0.,-0.));
#5998 = PCURVE('',#5382,#5999);
#5999 = DEFINITIONAL_REPRESENTATION('',(#6000),#6003);
#6000 = B_SPLINE_CURVE_WITH_KNOTS('',1,(#6001,#6002),.UNSPECIFIED.,.F.,
  .F.,(2,2),(1.,9.),.PIECEWISE_BEZIER_KNOTS.);
#6001 = CARTESIAN_POINT('',(2.,0.));
#6002 = CARTESIAN_POINT('',(2.,8.));
#6003 = ( GEOMETRIC_REPRESENTATION_CONTEXT(2) 
PARAMETRIC_REPRESENTATION_CONTEXT() REPRESENTATION_CONTEXT('2D SPACE',''
  ) );
#6004 = PCURVE('',#5732,#6005);
#6005 = DEFINITIONAL_REPRESENTATION('',(#6006),#6009);
#6006 = B_SPLINE_CURVE_WITH_KNOTS('',1,(#6007,#6008),.UNSPECIFIED.,.F.,
  .F.,(2,2),(1.,9.),.PIECEWISE_BEZIER_KNOTS.);
#6007 = CARTESIAN_POINT('',(2.,17.));
#6008 = CARTESIAN_POINT('',(10.,17.));
#6009 = ( GEOMETRIC_REPRESENTATION_CONTEXT(2) 
PARAMETRIC_REPRESENTATION_CONTEXT() REPRESENTATION_CONTEXT('2D SPACE',''
  ) );
#6010 = ORIENTED_EDGE('',*,*,#6011,.T.);
#6011 = EDGE_CURVE('',#5991,#6012,#6014,.T.);
#6012 = VERTEX_POINT('',#6013);
#6013 = CARTESIAN_POINT('',(-43.,8.,-160.));
#6014 = SURFACE_CURVE('',#6015,(#6019,#6026),.PCURVE_S1.);
#6015 = LINE('',#6016,#6017);
#6016 = CARTESIAN_POINT('',(-43.,8.,-166.));
#6017 = VECTOR('',#6018,1.);
#6018 = DIRECTION('',(0.,0.,1.));
#6019 = PCURVE('',#5382,#6020);
#6020 = DEFINITIONAL_REPRESENTATION('',(#6021),#6025);
#6021 = LINE('',#6022,#6023);
#6022 = CARTESIAN_POINT('',(0.,0.));
#6023 = VECTOR('',#6024,1.);
#6024 = DIRECTION('',(1.,0.));
#6025 = ( GEOMETRIC_REPRESENTATION_CONTEXT(2) 
PARAMETRIC_REPRESENTATION_CONTEXT() REPRESENTATION_CONTEXT('2D SPACE',''
  ) );
#6026 = PCURVE('',#5759,#6027);
#6027 = DEFINITIONAL_REPRESENTATION('',(#6028),#6032);
#6028 = LINE('',#6029,#6030);
#6029 = CARTESIAN_POINT('',(0.,-16.));
#6030 = VECTOR('',#6031,1.);
#6031 = DIRECTION('',(1.,0.));
#6032 = ( GEOMETRIC_REPRESENTATION_CONTEXT(2) 
PARAMETRIC_REPRESENTATION_CONTEXT() REPRESENTATION_CONTEXT('2D SPACE',''
  ) );
#6033 = ORIENTED_EDGE('',*,*,#6034,.T.);
#6034 = EDGE_CURVE('',#6012,#6035,#6037,.T.);
#6035 = VERTEX_POINT('',#6036);
#6036 = CARTESIAN_POINT('',(-42.,8.,-160.));
#6037 = SURFACE_CURVE('',#6038,(#6042,#6049),.PCURVE_S1.);
#6038 = LINE('',#6039,#6040);
#6039 = CARTESIAN_POINT('',(-43.,8.,-160.));
#6040 = VECTOR('',#6041,1.);
#6041 = DIRECTION('',(1.,0.,-0.));
#6042 = PCURVE('',#5382,#6043);
#6043 = DEFINITIONAL_REPRESENTATION('',(#6044),#6048);
#6044 = LINE('',#6045,#6046);
#6045 = CARTESIAN_POINT('',(6.,0.));
#6046 = VECTOR('',#6047,1.);
#6047 = DIRECTION('',(0.,1.));
#6048 = ( GEOMETRIC_REPRESENTATION_CONTEXT(2) 
PARAMETRIC_REPRESENTATION_CONTEXT() REPRESENTATION_CONTEXT('2D SPACE',''
  ) );
#6049 = PCURVE('',#5787,#6050);
#6050 = DEFINITIONAL_REPRESENTATION('',(#6051),#6055);
#6051 = LINE('',#6052,#6053);
#6052 = CARTESIAN_POINT('',(0.,16.));
#6053 = VECTOR('',#6054,1.);
#6054 = DIRECTION('',(1.,0.));
#6055 = ( GEOMETRIC_REPRESENTATION_CONTEXT(2) 
PARAMETRIC_REPRESENTATION_CONTEXT() REPRESENTATION_CONTEXT('2D SPACE',''
  ) );
#6056 = ORIENTED_EDGE('',*,*,#6057,.F.);
#6057 = EDGE_CURVE('',#6058,#6035,#6060,.T.);
#6058 = VERTEX_POINT('',#6059);
#6059 = CARTESIAN_POINT('',(-42.,8.,-161.));
#6060 = SURFACE_CURVE('',#6061,(#6065,#6071),.PCURVE_S1.);
#6061 = LINE('',#6062,#6063);
#6062 = CARTESIAN_POINT('',(-42.,8.,-163.5));
#6063 = VECTOR('',#6064,1.);
#6064 = DIRECTION('',(0.,0.,1.));
#6065 = PCURVE('',#5382,#6066);
#6066 = DEFINITIONAL_REPRESENTATION('',(#6067),#6070);
#6067 = B_SPLINE_CURVE_WITH_KNOTS('',1,(#6068,#6069),.UNSPECIFIED.,.F.,
  .F.,(2,2),(2.5,3.5),.PIECEWISE_BEZIER_KNOTS.);
#6068 = CARTESIAN_POINT('',(5.,1.));
#6069 = CARTESIAN_POINT('',(6.,1.));
#6070 = ( GEOMETRIC_REPRESENTATION_CONTEXT(2) 
PARAMETRIC_REPRESENTATION_CONTEXT() REPRESENTATION_CONTEXT('2D SPACE',''
  ) );
#6071 = PCURVE('',#5814,#6072);
#6072 = DEFINITIONAL_REPRESENTATION('',(#6073),#6076);
#6073 = B_SPLINE_CURVE_WITH_KNOTS('',1,(#6074,#6075),.UNSPECIFIED.,.F.,
  .F.,(2,2),(2.5,3.5),.PIECEWISE_BEZIER_KNOTS.);
#6074 = CARTESIAN_POINT('',(0.,-20.));
#6075 = CARTESIAN_POINT('',(1.,-20.));
#6076 = ( GEOMETRIC_REPRESENTATION_CONTEXT(2) 
PARAMETRIC_REPRESENTATION_CONTEXT() REPRESENTATION_CONTEXT('2D SPACE',''
  ) );
#6077 = ORIENTED_EDGE('',*,*,#6078,.F.);
#6078 = EDGE_CURVE('',#5900,#6058,#6079,.T.);
#6079 = SURFACE_CURVE('',#6080,(#6084,#6090),.PCURVE_S1.);
#6080 = LINE('',#6081,#6082);
#6081 = CARTESIAN_POINT('',(-42.5,8.,-161.));
#6082 = VECTOR('',#6083,1.);
#6083 = DIRECTION('',(-1.,-0.,0.));
#6084 = PCURVE('',#5382,#6085);
#6085 = DEFINITIONAL_REPRESENTATION('',(#6086),#6089);
#6086 = B_SPLINE_CURVE_WITH_KNOTS('',1,(#6087,#6088),.UNSPECIFIED.,.F.,
  .F.,(2,2),(-32.5,-0.5),.PIECEWISE_BEZIER_KNOTS.);
#6087 = CARTESIAN_POINT('',(5.,33.));
#6088 = CARTESIAN_POINT('',(5.,1.));
#6089 = ( GEOMETRIC_REPRESENTATION_CONTEXT(2) 
PARAMETRIC_REPRESENTATION_CONTEXT() REPRESENTATION_CONTEXT('2D SPACE',''
  ) );
#6090 = PCURVE('',#6091,#6096);
#6091 = PLANE('',#6092);
#6092 = AXIS2_PLACEMENT_3D('',#6093,#6094,#6095);
#6093 = CARTESIAN_POINT('',(-42.,-12.,-161.));
#6094 = DIRECTION('',(0.,0.,1.));
#6095 = DIRECTION('',(1.,0.,-0.));
#6096 = DEFINITIONAL_REPRESENTATION('',(#6097),#6100);
#6097 = B_SPLINE_CURVE_WITH_KNOTS('',1,(#6098,#6099),.UNSPECIFIED.,.F.,
  .F.,(2,2),(-32.5,-0.5),.PIECEWISE_BEZIER_KNOTS.);
#6098 = CARTESIAN_POINT('',(32.,20.));
#6099 = CARTESIAN_POINT('',(0.,20.));
#6100 = ( GEOMETRIC_REPRESENTATION_CONTEXT(2) 
PARAMETRIC_REPRESENTATION_CONTEXT() REPRESENTATION_CONTEXT('2D SPACE',''
  ) );
#6101 = ADVANCED_FACE('',(#6102),#5332,.T.);
#6102 = FACE_BOUND('',#6103,.T.);
#6103 = EDGE_LOOP('',(#6104,#6127,#6128,#6129));
#6104 = ORIENTED_EDGE('',*,*,#6105,.F.);
#6105 = EDGE_CURVE('',#5289,#6106,#6108,.T.);
#6106 = VERTEX_POINT('',#6107);
#6107 = CARTESIAN_POINT('',(-7.,9.,-172.));
#6108 = SURFACE_CURVE('',#6109,(#6113,#6120),.PCURVE_S1.);
#6109 = LINE('',#6110,#6111);
#6110 = CARTESIAN_POINT('',(-17.,9.,-172.));
#6111 = VECTOR('',#6112,1.);
#6112 = DIRECTION('',(1.,0.,-0.));
#6113 = PCURVE('',#5332,#6114);
#6114 = DEFINITIONAL_REPRESENTATION('',(#6115),#6119);
#6115 = LINE('',#6116,#6117);
#6116 = CARTESIAN_POINT('',(0.,0.));
#6117 = VECTOR('',#6118,1.);
#6118 = DIRECTION('',(0.,1.));
#6119 = ( GEOMETRIC_REPRESENTATION_CONTEXT(2) 
PARAMETRIC_REPRESENTATION_CONTEXT() REPRESENTATION_CONTEXT('2D SPACE',''
  ) );
#6120 = PCURVE('',#5304,#6121);
#6121 = DEFINITIONAL_REPRESENTATION('',(#6122),#6126);
#6122 = LINE('',#6123,#6124);
#6123 = CARTESIAN_POINT('',(0.,18.));
#6124 = VECTOR('',#6125,1.);
#6125 = DIRECTION('',(1.,0.));
#6126 = ( GEOMETRIC_REPRESENTATION_CONTEXT(2) 
PARAMETRIC_REPRESENTATION_CONTEXT() REPRESENTATION_CONTEXT('2D SPACE',''
  ) );
#6127 = ORIENTED_EDGE('',*,*,#5316,.T.);
#6128 = ORIENTED_EDGE('',*,*,#5498,.T.);
#6129 = ORIENTED_EDGE('',*,*,#6130,.F.);
#6130 = EDGE_CURVE('',#6106,#5471,#6131,.T.);
#6131 = SURFACE_CURVE('',#6132,(#6136,#6143),.PCURVE_S1.);
#6132 = LINE('',#6133,#6134);
#6133 = CARTESIAN_POINT('',(-7.,9.,-172.));
#6134 = VECTOR('',#6135,1.);
#6135 = DIRECTION('',(0.,0.,1.));
#6136 = PCURVE('',#5332,#6137);
#6137 = DEFINITIONAL_REPRESENTATION('',(#6138),#6142);
#6138 = LINE('',#6139,#6140);
#6139 = CARTESIAN_POINT('',(0.,10.));
#6140 = VECTOR('',#6141,1.);
#6141 = DIRECTION('',(1.,0.));
#6142 = ( GEOMETRIC_REPRESENTATION_CONTEXT(2) 
PARAMETRIC_REPRESENTATION_CONTEXT() REPRESENTATION_CONTEXT('2D SPACE',''
  ) );
#6143 = PCURVE('',#5486,#6144);
#6144 = DEFINITIONAL_REPRESENTATION('',(#6145),#6149);
#6145 = LINE('',#6146,#6147);
#6146 = CARTESIAN_POINT('',(0.,-18.));
#6147 = VECTOR('',#6148,1.);
#6148 = DIRECTION('',(1.,0.));
#6149 = ( GEOMETRIC_REPRESENTATION_CONTEXT(2) 
PARAMETRIC_REPRESENTATION_CONTEXT() REPRESENTATION_CONTEXT('2D SPACE',''
  ) );
#6150 = ADVANCED_FACE('',(#6151),#5304,.F.);
#6151 = FACE_BOUND('',#6152,.F.);
#6152 = EDGE_LOOP('',(#6153,#6154,#6177,#6198));
#6153 = ORIENTED_EDGE('',*,*,#5288,.F.);
#6154 = ORIENTED_EDGE('',*,*,#6155,.T.);
#6155 = EDGE_CURVE('',#5261,#6156,#6158,.T.);
#6156 = VERTEX_POINT('',#6157);
#6157 = CARTESIAN_POINT('',(-7.,-9.,-172.));
#6158 = SURFACE_CURVE('',#6159,(#6163,#6170),.PCURVE_S1.);
#6159 = LINE('',#6160,#6161);
#6160 = CARTESIAN_POINT('',(-17.,-9.,-172.));
#6161 = VECTOR('',#6162,1.);
#6162 = DIRECTION('',(1.,0.,-0.));
#6163 = PCURVE('',#5304,#6164);
#6164 = DEFINITIONAL_REPRESENTATION('',(#6165),#6169);
#6165 = LINE('',#6166,#6167);
#6166 = CARTESIAN_POINT('',(0.,0.));
#6167 = VECTOR('',#6168,1.);
#6168 = DIRECTION('',(1.,0.));
#6169 = ( GEOMETRIC_REPRESENTATION_CONTEXT(2) 
PARAMETRIC_REPRESENTATION_CONTEXT() REPRESENTATION_CONTEXT('2D SPACE',''
  ) );
#6170 = PCURVE('',#5276,#6171);
#6171 = DEFINITIONAL_REPRESENTATION('',(#6172),#6176);
#6172 = LINE('',#6173,#6174);
#6173 = CARTESIAN_POINT('',(0.,0.));
#6174 = VECTOR('',#6175,1.);
#6175 = DIRECTION('',(0.,1.));
#6176 = ( GEOMETRIC_REPRESENTATION_CONTEXT(2) 
PARAMETRIC_REPRESENTATION_CONTEXT() REPRESENTATION_CONTEXT('2D SPACE',''
  ) );
#6177 = ORIENTED_EDGE('',*,*,#6178,.T.);
#6178 = EDGE_CURVE('',#6156,#6106,#6179,.T.);
#6179 = SURFACE_CURVE('',#6180,(#6184,#6191),.PCURVE_S1.);
#6180 = LINE('',#6181,#6182);
#6181 = CARTESIAN_POINT('',(-7.,-9.,-172.));
#6182 = VECTOR('',#6183,1.);
#6183 = DIRECTION('',(-0.,1.,0.));
#6184 = PCURVE('',#5304,#6185);
#6185 = DEFINITIONAL_REPRESENTATION('',(#6186),#6190);
#6186 = LINE('',#6187,#6188);
#6187 = CARTESIAN_POINT('',(10.,0.));
#6188 = VECTOR('',#6189,1.);
#6189 = DIRECTION('',(0.,1.));
#6190 = ( GEOMETRIC_REPRESENTATION_CONTEXT(2) 
PARAMETRIC_REPRESENTATION_CONTEXT() REPRESENTATION_CONTEXT('2D SPACE',''
  ) );
#6191 = PCURVE('',#5486,#6192);
#6192 = DEFINITIONAL_REPRESENTATION('',(#6193),#6197);
#6193 = LINE('',#6194,#6195);
#6194 = CARTESIAN_POINT('',(0.,0.));
#6195 = VECTOR('',#6196,1.);
#6196 = DIRECTION('',(0.,-1.));
#6197 = ( GEOMETRIC_REPRESENTATION_CONTEXT(2) 
PARAMETRIC_REPRESENTATION_CONTEXT() REPRESENTATION_CONTEXT('2D SPACE',''
  ) );
#6198 = ORIENTED_EDGE('',*,*,#6105,.F.);
#6199 = ADVANCED_FACE('',(#6200),#5276,.F.);
#6200 = FACE_BOUND('',#6201,.F.);
#6201 = EDGE_LOOP('',(#6202,#6203,#6204,#6205));
#6202 = ORIENTED_EDGE('',*,*,#6155,.F.);
#6203 = ORIENTED_EDGE('',*,*,#5260,.T.);
#6204 = ORIENTED_EDGE('',*,*,#5447,.T.);
#6205 = ORIENTED_EDGE('',*,*,#6206,.F.);
#6206 = EDGE_CURVE('',#6156,#5448,#6207,.T.);
#6207 = SURFACE_CURVE('',#6208,(#6212,#6219),.PCURVE_S1.);
#6208 = LINE('',#6209,#6210);
#6209 = CARTESIAN_POINT('',(-7.,-9.,-172.));
#6210 = VECTOR('',#6211,1.);
#6211 = DIRECTION('',(0.,0.,1.));
#6212 = PCURVE('',#5276,#6213);
#6213 = DEFINITIONAL_REPRESENTATION('',(#6214),#6218);
#6214 = LINE('',#6215,#6216);
#6215 = CARTESIAN_POINT('',(0.,10.));
#6216 = VECTOR('',#6217,1.);
#6217 = DIRECTION('',(1.,0.));
#6218 = ( GEOMETRIC_REPRESENTATION_CONTEXT(2) 
PARAMETRIC_REPRESENTATION_CONTEXT() REPRESENTATION_CONTEXT('2D SPACE',''
  ) );
#6219 = PCURVE('',#5486,#6220);
#6220 = DEFINITIONAL_REPRESENTATION('',(#6221),#6225);
#6221 = LINE('',#6222,#6223);
#6222 = CARTESIAN_POINT('',(0.,0.));
#6223 = VECTOR('',#6224,1.);
#6224 = DIRECTION('',(1.,0.));
#6225 = ( GEOMETRIC_REPRESENTATION_CONTEXT(2) 
PARAMETRIC_REPRESENTATION_CONTEXT() REPRESENTATION_CONTEXT('2D SPACE',''
  ) );
#6226 = ADVANCED_FACE('',(#6227),#5556,.T.);
#6227 = FACE_BOUND('',#6228,.T.);
#6228 = EDGE_LOOP('',(#6229,#6230,#6231,#6232));
#6229 = ORIENTED_EDGE('',*,*,#5645,.F.);
#6230 = ORIENTED_EDGE('',*,*,#5541,.F.);
#6231 = ORIENTED_EDGE('',*,*,#5945,.T.);
#6232 = ORIENTED_EDGE('',*,*,#6233,.F.);
#6233 = EDGE_CURVE('',#5618,#5923,#6234,.T.);
#6234 = SURFACE_CURVE('',#6235,(#6239,#6246),.PCURVE_S1.);
#6235 = LINE('',#6236,#6237);
#6236 = CARTESIAN_POINT('',(-9.,-8.,-160.));
#6237 = VECTOR('',#6238,1.);
#6238 = DIRECTION('',(-0.,1.,0.));
#6239 = PCURVE('',#5556,#6240);
#6240 = DEFINITIONAL_REPRESENTATION('',(#6241),#6245);
#6241 = LINE('',#6242,#6243);
#6242 = CARTESIAN_POINT('',(6.,0.));
#6243 = VECTOR('',#6244,1.);
#6244 = DIRECTION('',(0.,-1.));
#6245 = ( GEOMETRIC_REPRESENTATION_CONTEXT(2) 
PARAMETRIC_REPRESENTATION_CONTEXT() REPRESENTATION_CONTEXT('2D SPACE',''
  ) );
#6246 = PCURVE('',#5633,#6247);
#6247 = DEFINITIONAL_REPRESENTATION('',(#6248),#6252);
#6248 = LINE('',#6249,#6250);
#6249 = CARTESIAN_POINT('',(34.,0.));
#6250 = VECTOR('',#6251,1.);
#6251 = DIRECTION('',(0.,1.));
#6252 = ( GEOMETRIC_REPRESENTATION_CONTEXT(2) 
PARAMETRIC_REPRESENTATION_CONTEXT() REPRESENTATION_CONTEXT('2D SPACE',''
  ) );
#6253 = ADVANCED_FACE('',(#6254),#5486,.T.);
#6254 = FACE_BOUND('',#6255,.T.);
#6255 = EDGE_LOOP('',(#6256,#6257,#6258,#6259));
#6256 = ORIENTED_EDGE('',*,*,#6206,.F.);
#6257 = ORIENTED_EDGE('',*,*,#6178,.T.);
#6258 = ORIENTED_EDGE('',*,*,#6130,.T.);
#6259 = ORIENTED_EDGE('',*,*,#5470,.F.);
#6260 = ADVANCED_FACE('',(#6261),#5606,.T.);
#6261 = FACE_BOUND('',#6262,.T.);
#6262 = EDGE_LOOP('',(#6263,#6293,#6321,#6342,#6343,#6362,#6363,#6386));
#6263 = ORIENTED_EDGE('',*,*,#6264,.F.);
#6264 = EDGE_CURVE('',#6265,#6267,#6269,.T.);
#6265 = VERTEX_POINT('',#6266);
#6266 = CARTESIAN_POINT('',(-10.,-12.,-113.));
#6267 = VERTEX_POINT('',#6268);
#6268 = CARTESIAN_POINT('',(-10.,12.,-113.));
#6269 = SURFACE_CURVE('',#6270,(#6274,#6281),.PCURVE_S1.);
#6270 = LINE('',#6271,#6272);
#6271 = CARTESIAN_POINT('',(-10.,-12.,-113.));
#6272 = VECTOR('',#6273,1.);
#6273 = DIRECTION('',(-0.,1.,0.));
#6274 = PCURVE('',#5606,#6275);
#6275 = DEFINITIONAL_REPRESENTATION('',(#6276),#6280);
#6276 = LINE('',#6277,#6278);
#6277 = CARTESIAN_POINT('',(48.,0.));
#6278 = VECTOR('',#6279,1.);
#6279 = DIRECTION('',(0.,-1.));
#6280 = ( GEOMETRIC_REPRESENTATION_CONTEXT(2) 
PARAMETRIC_REPRESENTATION_CONTEXT() REPRESENTATION_CONTEXT('2D SPACE',''
  ) );
#6281 = PCURVE('',#6282,#6287);
#6282 = PLANE('',#6283);
#6283 = AXIS2_PLACEMENT_3D('',#6284,#6285,#6286);
#6284 = CARTESIAN_POINT('',(-42.,-12.,-113.));
#6285 = DIRECTION('',(0.,0.,1.));
#6286 = DIRECTION('',(1.,0.,-0.));
#6287 = DEFINITIONAL_REPRESENTATION('',(#6288),#6292);
#6288 = LINE('',#6289,#6290);
#6289 = CARTESIAN_POINT('',(32.,0.));
#6290 = VECTOR('',#6291,1.);
#6291 = DIRECTION('',(0.,1.));
#6292 = ( GEOMETRIC_REPRESENTATION_CONTEXT(2) 
PARAMETRIC_REPRESENTATION_CONTEXT() REPRESENTATION_CONTEXT('2D SPACE',''
  ) );
#6293 = ORIENTED_EDGE('',*,*,#6294,.F.);
#6294 = EDGE_CURVE('',#6295,#6265,#6297,.T.);
#6295 = VERTEX_POINT('',#6296);
#6296 = CARTESIAN_POINT('',(-10.,-12.,-161.));
#6297 = SURFACE_CURVE('',#6298,(#6302,#6309),.PCURVE_S1.);
#6298 = LINE('',#6299,#6300);
#6299 = CARTESIAN_POINT('',(-10.,-12.,-161.));
#6300 = VECTOR('',#6301,1.);
#6301 = DIRECTION('',(0.,0.,1.));
#6302 = PCURVE('',#5606,#6303);
#6303 = DEFINITIONAL_REPRESENTATION('',(#6304),#6308);
#6304 = LINE('',#6305,#6306);
#6305 = CARTESIAN_POINT('',(0.,0.));
#6306 = VECTOR('',#6307,1.);
#6307 = DIRECTION('',(1.,0.));
#6308 = ( GEOMETRIC_REPRESENTATION_CONTEXT(2) 
PARAMETRIC_REPRESENTATION_CONTEXT() REPRESENTATION_CONTEXT('2D SPACE',''
  ) );
#6309 = PCURVE('',#6310,#6315);
#6310 = PLANE('',#6311);
#6311 = AXIS2_PLACEMENT_3D('',#6312,#6313,#6314);
#6312 = CARTESIAN_POINT('',(-42.,-12.,-161.));
#6313 = DIRECTION('',(-0.,1.,0.));
#6314 = DIRECTION('',(0.,0.,1.));
#6315 = DEFINITIONAL_REPRESENTATION('',(#6316),#6320);
#6316 = LINE('',#6317,#6318);
#6317 = CARTESIAN_POINT('',(0.,32.));
#6318 = VECTOR('',#6319,1.);
#6319 = DIRECTION('',(1.,0.));
#6320 = ( GEOMETRIC_REPRESENTATION_CONTEXT(2) 
PARAMETRIC_REPRESENTATION_CONTEXT() REPRESENTATION_CONTEXT('2D SPACE',''
  ) );
#6321 = ORIENTED_EDGE('',*,*,#6322,.T.);
#6322 = EDGE_CURVE('',#6295,#5590,#6323,.T.);
#6323 = SURFACE_CURVE('',#6324,(#6328,#6335),.PCURVE_S1.);
#6324 = LINE('',#6325,#6326);
#6325 = CARTESIAN_POINT('',(-10.,-12.,-161.));
#6326 = VECTOR('',#6327,1.);
#6327 = DIRECTION('',(-0.,1.,0.));
#6328 = PCURVE('',#5606,#6329);
#6329 = DEFINITIONAL_REPRESENTATION('',(#6330),#6334);
#6330 = LINE('',#6331,#6332);
#6331 = CARTESIAN_POINT('',(0.,0.));
#6332 = VECTOR('',#6333,1.);
#6333 = DIRECTION('',(0.,-1.));
#6334 = ( GEOMETRIC_REPRESENTATION_CONTEXT(2) 
PARAMETRIC_REPRESENTATION_CONTEXT() REPRESENTATION_CONTEXT('2D SPACE',''
  ) );
#6335 = PCURVE('',#5838,#6336);
#6336 = DEFINITIONAL_REPRESENTATION('',(#6337),#6341);
#6337 = LINE('',#6338,#6339);
#6338 = CARTESIAN_POINT('',(32.,0.));
#6339 = VECTOR('',#6340,1.);
#6340 = DIRECTION('',(0.,1.));
#6341 = ( GEOMETRIC_REPRESENTATION_CONTEXT(2) 
PARAMETRIC_REPRESENTATION_CONTEXT() REPRESENTATION_CONTEXT('2D SPACE',''
  ) );
#6342 = ORIENTED_EDGE('',*,*,#5589,.T.);
#6343 = ORIENTED_EDGE('',*,*,#6344,.F.);
#6344 = EDGE_CURVE('',#5902,#5592,#6345,.T.);
#6345 = SURFACE_CURVE('',#6346,(#6350,#6356),.PCURVE_S1.);
#6346 = LINE('',#6347,#6348);
#6347 = CARTESIAN_POINT('',(-10.,-10.,-160.));
#6348 = VECTOR('',#6349,1.);
#6349 = DIRECTION('',(0.,-1.,0.));
#6350 = PCURVE('',#5606,#6351);
#6351 = DEFINITIONAL_REPRESENTATION('',(#6352),#6355);
#6352 = B_SPLINE_CURVE_WITH_KNOTS('',1,(#6353,#6354),.UNSPECIFIED.,.F.,
  .F.,(2,2),(-18.,-2.),.PIECEWISE_BEZIER_KNOTS.);
#6353 = CARTESIAN_POINT('',(1.,-20.));
#6354 = CARTESIAN_POINT('',(1.,-4.));
#6355 = ( GEOMETRIC_REPRESENTATION_CONTEXT(2) 
PARAMETRIC_REPRESENTATION_CONTEXT() REPRESENTATION_CONTEXT('2D SPACE',''
  ) );
#6356 = PCURVE('',#5633,#6357);
#6357 = DEFINITIONAL_REPRESENTATION('',(#6358),#6361);
#6358 = B_SPLINE_CURVE_WITH_KNOTS('',1,(#6359,#6360),.UNSPECIFIED.,.F.,
  .F.,(2,2),(-18.,-2.),.PIECEWISE_BEZIER_KNOTS.);
#6359 = CARTESIAN_POINT('',(33.,16.));
#6360 = CARTESIAN_POINT('',(33.,0.));
#6361 = ( GEOMETRIC_REPRESENTATION_CONTEXT(2) 
PARAMETRIC_REPRESENTATION_CONTEXT() REPRESENTATION_CONTEXT('2D SPACE',''
  ) );
#6362 = ORIENTED_EDGE('',*,*,#5899,.F.);
#6363 = ORIENTED_EDGE('',*,*,#6364,.T.);
#6364 = EDGE_CURVE('',#5900,#6365,#6367,.T.);
#6365 = VERTEX_POINT('',#6366);
#6366 = CARTESIAN_POINT('',(-10.,12.,-161.));
#6367 = SURFACE_CURVE('',#6368,(#6372,#6379),.PCURVE_S1.);
#6368 = LINE('',#6369,#6370);
#6369 = CARTESIAN_POINT('',(-10.,-12.,-161.));
#6370 = VECTOR('',#6371,1.);
#6371 = DIRECTION('',(-0.,1.,0.));
#6372 = PCURVE('',#5606,#6373);
#6373 = DEFINITIONAL_REPRESENTATION('',(#6374),#6378);
#6374 = LINE('',#6375,#6376);
#6375 = CARTESIAN_POINT('',(0.,0.));
#6376 = VECTOR('',#6377,1.);
#6377 = DIRECTION('',(0.,-1.));
#6378 = ( GEOMETRIC_REPRESENTATION_CONTEXT(2) 
PARAMETRIC_REPRESENTATION_CONTEXT() REPRESENTATION_CONTEXT('2D SPACE',''
  ) );
#6379 = PCURVE('',#6091,#6380);
#6380 = DEFINITIONAL_REPRESENTATION('',(#6381),#6385);
#6381 = LINE('',#6382,#6383);
#6382 = CARTESIAN_POINT('',(32.,0.));
#6383 = VECTOR('',#6384,1.);
#6384 = DIRECTION('',(0.,1.));
#6385 = ( GEOMETRIC_REPRESENTATION_CONTEXT(2) 
PARAMETRIC_REPRESENTATION_CONTEXT() REPRESENTATION_CONTEXT('2D SPACE',''
  ) );
#6386 = ORIENTED_EDGE('',*,*,#6387,.T.);
#6387 = EDGE_CURVE('',#6365,#6267,#6388,.T.);
#6388 = SURFACE_CURVE('',#6389,(#6393,#6400),.PCURVE_S1.);
#6389 = LINE('',#6390,#6391);
#6390 = CARTESIAN_POINT('',(-10.,12.,-161.));
#6391 = VECTOR('',#6392,1.);
#6392 = DIRECTION('',(0.,0.,1.));
#6393 = PCURVE('',#5606,#6394);
#6394 = DEFINITIONAL_REPRESENTATION('',(#6395),#6399);
#6395 = LINE('',#6396,#6397);
#6396 = CARTESIAN_POINT('',(0.,-24.));
#6397 = VECTOR('',#6398,1.);
#6398 = DIRECTION('',(1.,0.));
#6399 = ( GEOMETRIC_REPRESENTATION_CONTEXT(2) 
PARAMETRIC_REPRESENTATION_CONTEXT() REPRESENTATION_CONTEXT('2D SPACE',''
  ) );
#6400 = PCURVE('',#6401,#6406);
#6401 = PLANE('',#6402);
#6402 = AXIS2_PLACEMENT_3D('',#6403,#6404,#6405);
#6403 = CARTESIAN_POINT('',(-42.,12.,-161.));
#6404 = DIRECTION('',(-0.,1.,0.));
#6405 = DIRECTION('',(0.,0.,1.));
#6406 = DEFINITIONAL_REPRESENTATION('',(#6407),#6411);
#6407 = LINE('',#6408,#6409);
#6408 = CARTESIAN_POINT('',(0.,32.));
#6409 = VECTOR('',#6410,1.);
#6410 = DIRECTION('',(1.,0.));
#6411 = ( GEOMETRIC_REPRESENTATION_CONTEXT(2) 
PARAMETRIC_REPRESENTATION_CONTEXT() REPRESENTATION_CONTEXT('2D SPACE',''
  ) );
#6412 = ADVANCED_FACE('',(#6413),#5838,.F.);
#6413 = FACE_BOUND('',#6414,.F.);
#6414 = EDGE_LOOP('',(#6415,#6438,#6459,#6460));
#6415 = ORIENTED_EDGE('',*,*,#6416,.F.);
#6416 = EDGE_CURVE('',#6417,#5800,#6419,.T.);
#6417 = VERTEX_POINT('',#6418);
#6418 = CARTESIAN_POINT('',(-42.,-12.,-161.));
#6419 = SURFACE_CURVE('',#6420,(#6424,#6431),.PCURVE_S1.);
#6420 = LINE('',#6421,#6422);
#6421 = CARTESIAN_POINT('',(-42.,-12.,-161.));
#6422 = VECTOR('',#6423,1.);
#6423 = DIRECTION('',(-0.,1.,0.));
#6424 = PCURVE('',#5838,#6425);
#6425 = DEFINITIONAL_REPRESENTATION('',(#6426),#6430);
#6426 = LINE('',#6427,#6428);
#6427 = CARTESIAN_POINT('',(0.,0.));
#6428 = VECTOR('',#6429,1.);
#6429 = DIRECTION('',(0.,1.));
#6430 = ( GEOMETRIC_REPRESENTATION_CONTEXT(2) 
PARAMETRIC_REPRESENTATION_CONTEXT() REPRESENTATION_CONTEXT('2D SPACE',''
  ) );
#6431 = PCURVE('',#5814,#6432);
#6432 = DEFINITIONAL_REPRESENTATION('',(#6433),#6437);
#6433 = LINE('',#6434,#6435);
#6434 = CARTESIAN_POINT('',(0.,0.));
#6435 = VECTOR('',#6436,1.);
#6436 = DIRECTION('',(0.,-1.));
#6437 = ( GEOMETRIC_REPRESENTATION_CONTEXT(2) 
PARAMETRIC_REPRESENTATION_CONTEXT() REPRESENTATION_CONTEXT('2D SPACE',''
  ) );
#6438 = ORIENTED_EDGE('',*,*,#6439,.T.);
#6439 = EDGE_CURVE('',#6417,#6295,#6440,.T.);
#6440 = SURFACE_CURVE('',#6441,(#6445,#6452),.PCURVE_S1.);
#6441 = LINE('',#6442,#6443);
#6442 = CARTESIAN_POINT('',(-42.,-12.,-161.));
#6443 = VECTOR('',#6444,1.);
#6444 = DIRECTION('',(1.,0.,-0.));
#6445 = PCURVE('',#5838,#6446);
#6446 = DEFINITIONAL_REPRESENTATION('',(#6447),#6451);
#6447 = LINE('',#6448,#6449);
#6448 = CARTESIAN_POINT('',(0.,0.));
#6449 = VECTOR('',#6450,1.);
#6450 = DIRECTION('',(1.,0.));
#6451 = ( GEOMETRIC_REPRESENTATION_CONTEXT(2) 
PARAMETRIC_REPRESENTATION_CONTEXT() REPRESENTATION_CONTEXT('2D SPACE',''
  ) );
#6452 = PCURVE('',#6310,#6453);
#6453 = DEFINITIONAL_REPRESENTATION('',(#6454),#6458);
#6454 = LINE('',#6455,#6456);
#6455 = CARTESIAN_POINT('',(0.,0.));
#6456 = VECTOR('',#6457,1.);
#6457 = DIRECTION('',(0.,1.));
#6458 = ( GEOMETRIC_REPRESENTATION_CONTEXT(2) 
PARAMETRIC_REPRESENTATION_CONTEXT() REPRESENTATION_CONTEXT('2D SPACE',''
  ) );
#6459 = ORIENTED_EDGE('',*,*,#6322,.T.);
#6460 = ORIENTED_EDGE('',*,*,#5825,.T.);
#6461 = ADVANCED_FACE('',(#6462),#5814,.F.);
#6462 = FACE_BOUND('',#6463,.F.);
#6463 = EDGE_LOOP('',(#6464,#6489,#6510,#6511,#6512,#6531,#6532,#6555));
#6464 = ORIENTED_EDGE('',*,*,#6465,.F.);
#6465 = EDGE_CURVE('',#6466,#6468,#6470,.T.);
#6466 = VERTEX_POINT('',#6467);
#6467 = CARTESIAN_POINT('',(-42.,-12.,-113.));
#6468 = VERTEX_POINT('',#6469);
#6469 = CARTESIAN_POINT('',(-42.,12.,-113.));
#6470 = SURFACE_CURVE('',#6471,(#6475,#6482),.PCURVE_S1.);
#6471 = LINE('',#6472,#6473);
#6472 = CARTESIAN_POINT('',(-42.,-12.,-113.));
#6473 = VECTOR('',#6474,1.);
#6474 = DIRECTION('',(-0.,1.,0.));
#6475 = PCURVE('',#5814,#6476);
#6476 = DEFINITIONAL_REPRESENTATION('',(#6477),#6481);
#6477 = LINE('',#6478,#6479);
#6478 = CARTESIAN_POINT('',(48.,0.));
#6479 = VECTOR('',#6480,1.);
#6480 = DIRECTION('',(0.,-1.));
#6481 = ( GEOMETRIC_REPRESENTATION_CONTEXT(2) 
PARAMETRIC_REPRESENTATION_CONTEXT() REPRESENTATION_CONTEXT('2D SPACE',''
  ) );
#6482 = PCURVE('',#6282,#6483);
#6483 = DEFINITIONAL_REPRESENTATION('',(#6484),#6488);
#6484 = LINE('',#6485,#6486);
#6485 = CARTESIAN_POINT('',(0.,0.));
#6486 = VECTOR('',#6487,1.);
#6487 = DIRECTION('',(0.,1.));
#6488 = ( GEOMETRIC_REPRESENTATION_CONTEXT(2) 
PARAMETRIC_REPRESENTATION_CONTEXT() REPRESENTATION_CONTEXT('2D SPACE',''
  ) );
#6489 = ORIENTED_EDGE('',*,*,#6490,.F.);
#6490 = EDGE_CURVE('',#6417,#6466,#6491,.T.);
#6491 = SURFACE_CURVE('',#6492,(#6496,#6503),.PCURVE_S1.);
#6492 = LINE('',#6493,#6494);
#6493 = CARTESIAN_POINT('',(-42.,-12.,-161.));
#6494 = VECTOR('',#6495,1.);
#6495 = DIRECTION('',(0.,0.,1.));
#6496 = PCURVE('',#5814,#6497);
#6497 = DEFINITIONAL_REPRESENTATION('',(#6498),#6502);
#6498 = LINE('',#6499,#6500);
#6499 = CARTESIAN_POINT('',(0.,0.));
#6500 = VECTOR('',#6501,1.);
#6501 = DIRECTION('',(1.,0.));
#6502 = ( GEOMETRIC_REPRESENTATION_CONTEXT(2) 
PARAMETRIC_REPRESENTATION_CONTEXT() REPRESENTATION_CONTEXT('2D SPACE',''
  ) );
#6503 = PCURVE('',#6310,#6504);
#6504 = DEFINITIONAL_REPRESENTATION('',(#6505),#6509);
#6505 = LINE('',#6506,#6507);
#6506 = CARTESIAN_POINT('',(0.,0.));
#6507 = VECTOR('',#6508,1.);
#6508 = DIRECTION('',(1.,0.));
#6509 = ( GEOMETRIC_REPRESENTATION_CONTEXT(2) 
PARAMETRIC_REPRESENTATION_CONTEXT() REPRESENTATION_CONTEXT('2D SPACE',''
  ) );
#6510 = ORIENTED_EDGE('',*,*,#6416,.T.);
#6511 = ORIENTED_EDGE('',*,*,#5799,.T.);
#6512 = ORIENTED_EDGE('',*,*,#6513,.F.);
#6513 = EDGE_CURVE('',#6035,#5772,#6514,.T.);
#6514 = SURFACE_CURVE('',#6515,(#6519,#6525),.PCURVE_S1.);
#6515 = LINE('',#6516,#6517);
#6516 = CARTESIAN_POINT('',(-42.,-10.,-160.));
#6517 = VECTOR('',#6518,1.);
#6518 = DIRECTION('',(0.,-1.,0.));
#6519 = PCURVE('',#5814,#6520);
#6520 = DEFINITIONAL_REPRESENTATION('',(#6521),#6524);
#6521 = B_SPLINE_CURVE_WITH_KNOTS('',1,(#6522,#6523),.UNSPECIFIED.,.F.,
  .F.,(2,2),(-18.,-2.),.PIECEWISE_BEZIER_KNOTS.);
#6522 = CARTESIAN_POINT('',(1.,-20.));
#6523 = CARTESIAN_POINT('',(1.,-4.));
#6524 = ( GEOMETRIC_REPRESENTATION_CONTEXT(2) 
PARAMETRIC_REPRESENTATION_CONTEXT() REPRESENTATION_CONTEXT('2D SPACE',''
  ) );
#6525 = PCURVE('',#5787,#6526);
#6526 = DEFINITIONAL_REPRESENTATION('',(#6527),#6530);
#6527 = B_SPLINE_CURVE_WITH_KNOTS('',1,(#6528,#6529),.UNSPECIFIED.,.F.,
  .F.,(2,2),(-18.,-2.),.PIECEWISE_BEZIER_KNOTS.);
#6528 = CARTESIAN_POINT('',(1.,16.));
#6529 = CARTESIAN_POINT('',(1.,0.));
#6530 = ( GEOMETRIC_REPRESENTATION_CONTEXT(2) 
PARAMETRIC_REPRESENTATION_CONTEXT() REPRESENTATION_CONTEXT('2D SPACE',''
  ) );
#6531 = ORIENTED_EDGE('',*,*,#6057,.F.);
#6532 = ORIENTED_EDGE('',*,*,#6533,.T.);
#6533 = EDGE_CURVE('',#6058,#6534,#6536,.T.);
#6534 = VERTEX_POINT('',#6535);
#6535 = CARTESIAN_POINT('',(-42.,12.,-161.));
#6536 = SURFACE_CURVE('',#6537,(#6541,#6548),.PCURVE_S1.);
#6537 = LINE('',#6538,#6539);
#6538 = CARTESIAN_POINT('',(-42.,-12.,-161.));
#6539 = VECTOR('',#6540,1.);
#6540 = DIRECTION('',(-0.,1.,0.));
#6541 = PCURVE('',#5814,#6542);
#6542 = DEFINITIONAL_REPRESENTATION('',(#6543),#6547);
#6543 = LINE('',#6544,#6545);
#6544 = CARTESIAN_POINT('',(0.,0.));
#6545 = VECTOR('',#6546,1.);
#6546 = DIRECTION('',(0.,-1.));
#6547 = ( GEOMETRIC_REPRESENTATION_CONTEXT(2) 
PARAMETRIC_REPRESENTATION_CONTEXT() REPRESENTATION_CONTEXT('2D SPACE',''
  ) );
#6548 = PCURVE('',#6091,#6549);
#6549 = DEFINITIONAL_REPRESENTATION('',(#6550),#6554);
#6550 = LINE('',#6551,#6552);
#6551 = CARTESIAN_POINT('',(0.,0.));
#6552 = VECTOR('',#6553,1.);
#6553 = DIRECTION('',(0.,1.));
#6554 = ( GEOMETRIC_REPRESENTATION_CONTEXT(2) 
PARAMETRIC_REPRESENTATION_CONTEXT() REPRESENTATION_CONTEXT('2D SPACE',''
  ) );
#6555 = ORIENTED_EDGE('',*,*,#6556,.T.);
#6556 = EDGE_CURVE('',#6534,#6468,#6557,.T.);
#6557 = SURFACE_CURVE('',#6558,(#6562,#6569),.PCURVE_S1.);
#6558 = LINE('',#6559,#6560);
#6559 = CARTESIAN_POINT('',(-42.,12.,-161.));
#6560 = VECTOR('',#6561,1.);
#6561 = DIRECTION('',(0.,0.,1.));
#6562 = PCURVE('',#5814,#6563);
#6563 = DEFINITIONAL_REPRESENTATION('',(#6564),#6568);
#6564 = LINE('',#6565,#6566);
#6565 = CARTESIAN_POINT('',(0.,-24.));
#6566 = VECTOR('',#6567,1.);
#6567 = DIRECTION('',(1.,0.));
#6568 = ( GEOMETRIC_REPRESENTATION_CONTEXT(2) 
PARAMETRIC_REPRESENTATION_CONTEXT() REPRESENTATION_CONTEXT('2D SPACE',''
  ) );
#6569 = PCURVE('',#6401,#6570);
#6570 = DEFINITIONAL_REPRESENTATION('',(#6571),#6575);
#6571 = LINE('',#6572,#6573);
#6572 = CARTESIAN_POINT('',(0.,0.));
#6573 = VECTOR('',#6574,1.);
#6574 = DIRECTION('',(1.,0.));
#6575 = ( GEOMETRIC_REPRESENTATION_CONTEXT(2) 
PARAMETRIC_REPRESENTATION_CONTEXT() REPRESENTATION_CONTEXT('2D SPACE',''
  ) );
#6576 = ADVANCED_FACE('',(#6577),#5787,.T.);
#6577 = FACE_BOUND('',#6578,.T.);
#6578 = EDGE_LOOP('',(#6579,#6580,#6601,#6602));
#6579 = ORIENTED_EDGE('',*,*,#6034,.F.);
#6580 = ORIENTED_EDGE('',*,*,#6581,.F.);
#6581 = EDGE_CURVE('',#5744,#6012,#6582,.T.);
#6582 = SURFACE_CURVE('',#6583,(#6587,#6594),.PCURVE_S1.);
#6583 = LINE('',#6584,#6585);
#6584 = CARTESIAN_POINT('',(-43.,-8.,-160.));
#6585 = VECTOR('',#6586,1.);
#6586 = DIRECTION('',(-0.,1.,0.));
#6587 = PCURVE('',#5787,#6588);
#6588 = DEFINITIONAL_REPRESENTATION('',(#6589),#6593);
#6589 = LINE('',#6590,#6591);
#6590 = CARTESIAN_POINT('',(0.,0.));
#6591 = VECTOR('',#6592,1.);
#6592 = DIRECTION('',(0.,1.));
#6593 = ( GEOMETRIC_REPRESENTATION_CONTEXT(2) 
PARAMETRIC_REPRESENTATION_CONTEXT() REPRESENTATION_CONTEXT('2D SPACE',''
  ) );
#6594 = PCURVE('',#5759,#6595);
#6595 = DEFINITIONAL_REPRESENTATION('',(#6596),#6600);
#6596 = LINE('',#6597,#6598);
#6597 = CARTESIAN_POINT('',(6.,0.));
#6598 = VECTOR('',#6599,1.);
#6599 = DIRECTION('',(0.,-1.));
#6600 = ( GEOMETRIC_REPRESENTATION_CONTEXT(2) 
PARAMETRIC_REPRESENTATION_CONTEXT() REPRESENTATION_CONTEXT('2D SPACE',''
  ) );
#6601 = ORIENTED_EDGE('',*,*,#5771,.T.);
#6602 = ORIENTED_EDGE('',*,*,#6513,.F.);
#6603 = ADVANCED_FACE('',(#6604),#5759,.F.);
#6604 = FACE_BOUND('',#6605,.F.);
#6605 = EDGE_LOOP('',(#6606,#6607,#6626,#6627));
#6606 = ORIENTED_EDGE('',*,*,#5743,.F.);
#6607 = ORIENTED_EDGE('',*,*,#6608,.F.);
#6608 = EDGE_CURVE('',#5991,#5718,#6609,.T.);
#6609 = SURFACE_CURVE('',#6610,(#6614,#6620),.PCURVE_S1.);
#6610 = LINE('',#6611,#6612);
#6611 = CARTESIAN_POINT('',(-43.,-8.5,-164.));
#6612 = VECTOR('',#6613,1.);
#6613 = DIRECTION('',(0.,-1.,0.));
#6614 = PCURVE('',#5759,#6615);
#6615 = DEFINITIONAL_REPRESENTATION('',(#6616),#6619);
#6616 = B_SPLINE_CURVE_WITH_KNOTS('',1,(#6617,#6618),.UNSPECIFIED.,.F.,
  .F.,(2,2),(-16.5,-0.5),.PIECEWISE_BEZIER_KNOTS.);
#6617 = CARTESIAN_POINT('',(2.,-16.));
#6618 = CARTESIAN_POINT('',(2.,0.));
#6619 = ( GEOMETRIC_REPRESENTATION_CONTEXT(2) 
PARAMETRIC_REPRESENTATION_CONTEXT() REPRESENTATION_CONTEXT('2D SPACE',''
  ) );
#6620 = PCURVE('',#5732,#6621);
#6621 = DEFINITIONAL_REPRESENTATION('',(#6622),#6625);
#6622 = B_SPLINE_CURVE_WITH_KNOTS('',1,(#6623,#6624),.UNSPECIFIED.,.F.,
  .F.,(2,2),(-16.5,-0.5),.PIECEWISE_BEZIER_KNOTS.);
#6623 = CARTESIAN_POINT('',(2.,17.));
#6624 = CARTESIAN_POINT('',(2.,1.));
#6625 = ( GEOMETRIC_REPRESENTATION_CONTEXT(2) 
PARAMETRIC_REPRESENTATION_CONTEXT() REPRESENTATION_CONTEXT('2D SPACE',''
  ) );
#6626 = ORIENTED_EDGE('',*,*,#6011,.T.);
#6627 = ORIENTED_EDGE('',*,*,#6581,.F.);
#6628 = ADVANCED_FACE('',(#6629),#5732,.T.);
#6629 = FACE_BOUND('',#6630,.T.);
#6630 = EDGE_LOOP('',(#6631,#6661,#6689,#6717,#6738,#6739,#6740,#6741));
#6631 = ORIENTED_EDGE('',*,*,#6632,.F.);
#6632 = EDGE_CURVE('',#6633,#6635,#6637,.T.);
#6633 = VERTEX_POINT('',#6634);
#6634 = CARTESIAN_POINT('',(-45.,9.,-164.));
#6635 = VERTEX_POINT('',#6636);
#6636 = CARTESIAN_POINT('',(-35.,9.,-164.));
#6637 = SURFACE_CURVE('',#6638,(#6642,#6649),.PCURVE_S1.);
#6638 = LINE('',#6639,#6640);
#6639 = CARTESIAN_POINT('',(-45.,9.,-164.));
#6640 = VECTOR('',#6641,1.);
#6641 = DIRECTION('',(1.,0.,-0.));
#6642 = PCURVE('',#5732,#6643);
#6643 = DEFINITIONAL_REPRESENTATION('',(#6644),#6648);
#6644 = LINE('',#6645,#6646);
#6645 = CARTESIAN_POINT('',(0.,18.));
#6646 = VECTOR('',#6647,1.);
#6647 = DIRECTION('',(1.,0.));
#6648 = ( GEOMETRIC_REPRESENTATION_CONTEXT(2) 
PARAMETRIC_REPRESENTATION_CONTEXT() REPRESENTATION_CONTEXT('2D SPACE',''
  ) );
#6649 = PCURVE('',#6650,#6655);
#6650 = PLANE('',#6651);
#6651 = AXIS2_PLACEMENT_3D('',#6652,#6653,#6654);
#6652 = CARTESIAN_POINT('',(-45.,9.,-172.));
#6653 = DIRECTION('',(-0.,1.,0.));
#6654 = DIRECTION('',(0.,0.,1.));
#6655 = DEFINITIONAL_REPRESENTATION('',(#6656),#6660);
#6656 = LINE('',#6657,#6658);
#6657 = CARTESIAN_POINT('',(8.,0.));
#6658 = VECTOR('',#6659,1.);
#6659 = DIRECTION('',(0.,1.));
#6660 = ( GEOMETRIC_REPRESENTATION_CONTEXT(2) 
PARAMETRIC_REPRESENTATION_CONTEXT() REPRESENTATION_CONTEXT('2D SPACE',''
  ) );
#6661 = ORIENTED_EDGE('',*,*,#6662,.F.);
#6662 = EDGE_CURVE('',#6663,#6633,#6665,.T.);
#6663 = VERTEX_POINT('',#6664);
#6664 = CARTESIAN_POINT('',(-45.,-9.,-164.));
#6665 = SURFACE_CURVE('',#6666,(#6670,#6677),.PCURVE_S1.);
#6666 = LINE('',#6667,#6668);
#6667 = CARTESIAN_POINT('',(-45.,-9.,-164.));
#6668 = VECTOR('',#6669,1.);
#6669 = DIRECTION('',(-0.,1.,0.));
#6670 = PCURVE('',#5732,#6671);
#6671 = DEFINITIONAL_REPRESENTATION('',(#6672),#6676);
#6672 = LINE('',#6673,#6674);
#6673 = CARTESIAN_POINT('',(0.,0.));
#6674 = VECTOR('',#6675,1.);
#6675 = DIRECTION('',(0.,1.));
#6676 = ( GEOMETRIC_REPRESENTATION_CONTEXT(2) 
PARAMETRIC_REPRESENTATION_CONTEXT() REPRESENTATION_CONTEXT('2D SPACE',''
  ) );
#6677 = PCURVE('',#6678,#6683);
#6678 = PLANE('',#6679);
#6679 = AXIS2_PLACEMENT_3D('',#6680,#6681,#6682);
#6680 = CARTESIAN_POINT('',(-45.,-9.,-172.));
#6681 = DIRECTION('',(1.,0.,-0.));
#6682 = DIRECTION('',(0.,0.,1.));
#6683 = DEFINITIONAL_REPRESENTATION('',(#6684),#6688);
#6684 = LINE('',#6685,#6686);
#6685 = CARTESIAN_POINT('',(8.,0.));
#6686 = VECTOR('',#6687,1.);
#6687 = DIRECTION('',(0.,-1.));
#6688 = ( GEOMETRIC_REPRESENTATION_CONTEXT(2) 
PARAMETRIC_REPRESENTATION_CONTEXT() REPRESENTATION_CONTEXT('2D SPACE',''
  ) );
#6689 = ORIENTED_EDGE('',*,*,#6690,.T.);
#6690 = EDGE_CURVE('',#6663,#6691,#6693,.T.);
#6691 = VERTEX_POINT('',#6692);
#6692 = CARTESIAN_POINT('',(-35.,-9.,-164.));
#6693 = SURFACE_CURVE('',#6694,(#6698,#6705),.PCURVE_S1.);
#6694 = LINE('',#6695,#6696);
#6695 = CARTESIAN_POINT('',(-45.,-9.,-164.));
#6696 = VECTOR('',#6697,1.);
#6697 = DIRECTION('',(1.,0.,-0.));
#6698 = PCURVE('',#5732,#6699);
#6699 = DEFINITIONAL_REPRESENTATION('',(#6700),#6704);
#6700 = LINE('',#6701,#6702);
#6701 = CARTESIAN_POINT('',(0.,0.));
#6702 = VECTOR('',#6703,1.);
#6703 = DIRECTION('',(1.,0.));
#6704 = ( GEOMETRIC_REPRESENTATION_CONTEXT(2) 
PARAMETRIC_REPRESENTATION_CONTEXT() REPRESENTATION_CONTEXT('2D SPACE',''
  ) );
#6705 = PCURVE('',#6706,#6711);
#6706 = PLANE('',#6707);
#6707 = AXIS2_PLACEMENT_3D('',#6708,#6709,#6710);
#6708 = CARTESIAN_POINT('',(-45.,-9.,-172.));
#6709 = DIRECTION('',(-0.,1.,0.));
#6710 = DIRECTION('',(0.,0.,1.));
#6711 = DEFINITIONAL_REPRESENTATION('',(#6712),#6716);
#6712 = LINE('',#6713,#6714);
#6713 = CARTESIAN_POINT('',(8.,0.));
#6714 = VECTOR('',#6715,1.);
#6715 = DIRECTION('',(0.,1.));
#6716 = ( GEOMETRIC_REPRESENTATION_CONTEXT(2) 
PARAMETRIC_REPRESENTATION_CONTEXT() REPRESENTATION_CONTEXT('2D SPACE',''
  ) );
#6717 = ORIENTED_EDGE('',*,*,#6718,.T.);
#6718 = EDGE_CURVE('',#6691,#5692,#6719,.T.);
#6719 = SURFACE_CURVE('',#6720,(#6724,#6731),.PCURVE_S1.);
#6720 = LINE('',#6721,#6722);
#6721 = CARTESIAN_POINT('',(-35.,-9.,-164.));
#6722 = VECTOR('',#6723,1.);
#6723 = DIRECTION('',(-0.,1.,0.));
#6724 = PCURVE('',#5732,#6725);
#6725 = DEFINITIONAL_REPRESENTATION('',(#6726),#6730);
#6726 = LINE('',#6727,#6728);
#6727 = CARTESIAN_POINT('',(10.,0.));
#6728 = VECTOR('',#6729,1.);
#6729 = DIRECTION('',(0.,1.));
#6730 = ( GEOMETRIC_REPRESENTATION_CONTEXT(2) 
PARAMETRIC_REPRESENTATION_CONTEXT() REPRESENTATION_CONTEXT('2D SPACE',''
  ) );
#6731 = PCURVE('',#5706,#6732);
#6732 = DEFINITIONAL_REPRESENTATION('',(#6733),#6737);
#6733 = LINE('',#6734,#6735);
#6734 = CARTESIAN_POINT('',(8.,0.));
#6735 = VECTOR('',#6736,1.);
#6736 = DIRECTION('',(0.,-1.));
#6737 = ( GEOMETRIC_REPRESENTATION_CONTEXT(2) 
PARAMETRIC_REPRESENTATION_CONTEXT() REPRESENTATION_CONTEXT('2D SPACE',''
  ) );
#6738 = ORIENTED_EDGE('',*,*,#5717,.F.);
#6739 = ORIENTED_EDGE('',*,*,#6608,.F.);
#6740 = ORIENTED_EDGE('',*,*,#5990,.T.);
#6741 = ORIENTED_EDGE('',*,*,#6742,.T.);
#6742 = EDGE_CURVE('',#5970,#6635,#6743,.T.);
#6743 = SURFACE_CURVE('',#6744,(#6748,#6755),.PCURVE_S1.);
#6744 = LINE('',#6745,#6746);
#6745 = CARTESIAN_POINT('',(-35.,-9.,-164.));
#6746 = VECTOR('',#6747,1.);
#6747 = DIRECTION('',(-0.,1.,0.));
#6748 = PCURVE('',#5732,#6749);
#6749 = DEFINITIONAL_REPRESENTATION('',(#6750),#6754);
#6750 = LINE('',#6751,#6752);
#6751 = CARTESIAN_POINT('',(10.,0.));
#6752 = VECTOR('',#6753,1.);
#6753 = DIRECTION('',(0.,1.));
#6754 = ( GEOMETRIC_REPRESENTATION_CONTEXT(2) 
PARAMETRIC_REPRESENTATION_CONTEXT() REPRESENTATION_CONTEXT('2D SPACE',''
  ) );
#6755 = PCURVE('',#5706,#6756);
#6756 = DEFINITIONAL_REPRESENTATION('',(#6757),#6761);
#6757 = LINE('',#6758,#6759);
#6758 = CARTESIAN_POINT('',(8.,0.));
#6759 = VECTOR('',#6760,1.);
#6760 = DIRECTION('',(0.,-1.));
#6761 = ( GEOMETRIC_REPRESENTATION_CONTEXT(2) 
PARAMETRIC_REPRESENTATION_CONTEXT() REPRESENTATION_CONTEXT('2D SPACE',''
  ) );
#6762 = ADVANCED_FACE('',(#6763),#5706,.T.);
#6763 = FACE_BOUND('',#6764,.T.);
#6764 = EDGE_LOOP('',(#6765,#6766,#6789,#6817,#6838,#6839,#6840,#6841));
#6765 = ORIENTED_EDGE('',*,*,#6718,.F.);
#6766 = ORIENTED_EDGE('',*,*,#6767,.F.);
#6767 = EDGE_CURVE('',#6768,#6691,#6770,.T.);
#6768 = VERTEX_POINT('',#6769);
#6769 = CARTESIAN_POINT('',(-35.,-9.,-172.));
#6770 = SURFACE_CURVE('',#6771,(#6775,#6782),.PCURVE_S1.);
#6771 = LINE('',#6772,#6773);
#6772 = CARTESIAN_POINT('',(-35.,-9.,-172.));
#6773 = VECTOR('',#6774,1.);
#6774 = DIRECTION('',(0.,0.,1.));
#6775 = PCURVE('',#5706,#6776);
#6776 = DEFINITIONAL_REPRESENTATION('',(#6777),#6781);
#6777 = LINE('',#6778,#6779);
#6778 = CARTESIAN_POINT('',(0.,0.));
#6779 = VECTOR('',#6780,1.);
#6780 = DIRECTION('',(1.,0.));
#6781 = ( GEOMETRIC_REPRESENTATION_CONTEXT(2) 
PARAMETRIC_REPRESENTATION_CONTEXT() REPRESENTATION_CONTEXT('2D SPACE',''
  ) );
#6782 = PCURVE('',#6706,#6783);
#6783 = DEFINITIONAL_REPRESENTATION('',(#6784),#6788);
#6784 = LINE('',#6785,#6786);
#6785 = CARTESIAN_POINT('',(0.,10.));
#6786 = VECTOR('',#6787,1.);
#6787 = DIRECTION('',(1.,0.));
#6788 = ( GEOMETRIC_REPRESENTATION_CONTEXT(2) 
PARAMETRIC_REPRESENTATION_CONTEXT() REPRESENTATION_CONTEXT('2D SPACE',''
  ) );
#6789 = ORIENTED_EDGE('',*,*,#6790,.T.);
#6790 = EDGE_CURVE('',#6768,#6791,#6793,.T.);
#6791 = VERTEX_POINT('',#6792);
#6792 = CARTESIAN_POINT('',(-35.,9.,-172.));
#6793 = SURFACE_CURVE('',#6794,(#6798,#6805),.PCURVE_S1.);
#6794 = LINE('',#6795,#6796);
#6795 = CARTESIAN_POINT('',(-35.,-9.,-172.));
#6796 = VECTOR('',#6797,1.);
#6797 = DIRECTION('',(-0.,1.,0.));
#6798 = PCURVE('',#5706,#6799);
#6799 = DEFINITIONAL_REPRESENTATION('',(#6800),#6804);
#6800 = LINE('',#6801,#6802);
#6801 = CARTESIAN_POINT('',(0.,0.));
#6802 = VECTOR('',#6803,1.);
#6803 = DIRECTION('',(0.,-1.));
#6804 = ( GEOMETRIC_REPRESENTATION_CONTEXT(2) 
PARAMETRIC_REPRESENTATION_CONTEXT() REPRESENTATION_CONTEXT('2D SPACE',''
  ) );
#6805 = PCURVE('',#6806,#6811);
#6806 = PLANE('',#6807);
#6807 = AXIS2_PLACEMENT_3D('',#6808,#6809,#6810);
#6808 = CARTESIAN_POINT('',(-45.,-9.,-172.));
#6809 = DIRECTION('',(0.,0.,1.));
#6810 = DIRECTION('',(1.,0.,-0.));
#6811 = DEFINITIONAL_REPRESENTATION('',(#6812),#6816);
#6812 = LINE('',#6813,#6814);
#6813 = CARTESIAN_POINT('',(10.,0.));
#6814 = VECTOR('',#6815,1.);
#6815 = DIRECTION('',(0.,1.));
#6816 = ( GEOMETRIC_REPRESENTATION_CONTEXT(2) 
PARAMETRIC_REPRESENTATION_CONTEXT() REPRESENTATION_CONTEXT('2D SPACE',''
  ) );
#6817 = ORIENTED_EDGE('',*,*,#6818,.T.);
#6818 = EDGE_CURVE('',#6791,#6635,#6819,.T.);
#6819 = SURFACE_CURVE('',#6820,(#6824,#6831),.PCURVE_S1.);
#6820 = LINE('',#6821,#6822);
#6821 = CARTESIAN_POINT('',(-35.,9.,-172.));
#6822 = VECTOR('',#6823,1.);
#6823 = DIRECTION('',(0.,0.,1.));
#6824 = PCURVE('',#5706,#6825);
#6825 = DEFINITIONAL_REPRESENTATION('',(#6826),#6830);
#6826 = LINE('',#6827,#6828);
#6827 = CARTESIAN_POINT('',(0.,-18.));
#6828 = VECTOR('',#6829,1.);
#6829 = DIRECTION('',(1.,0.));
#6830 = ( GEOMETRIC_REPRESENTATION_CONTEXT(2) 
PARAMETRIC_REPRESENTATION_CONTEXT() REPRESENTATION_CONTEXT('2D SPACE',''
  ) );
#6831 = PCURVE('',#6650,#6832);
#6832 = DEFINITIONAL_REPRESENTATION('',(#6833),#6837);
#6833 = LINE('',#6834,#6835);
#6834 = CARTESIAN_POINT('',(0.,10.));
#6835 = VECTOR('',#6836,1.);
#6836 = DIRECTION('',(1.,0.));
#6837 = ( GEOMETRIC_REPRESENTATION_CONTEXT(2) 
PARAMETRIC_REPRESENTATION_CONTEXT() REPRESENTATION_CONTEXT('2D SPACE',''
  ) );
#6838 = ORIENTED_EDGE('',*,*,#6742,.F.);
#6839 = ORIENTED_EDGE('',*,*,#5969,.T.);
#6840 = ORIENTED_EDGE('',*,*,#5875,.F.);
#6841 = ORIENTED_EDGE('',*,*,#5691,.F.);
#6842 = ADVANCED_FACE('',(#6843),#5633,.T.);
#6843 = FACE_BOUND('',#6844,.T.);
#6844 = EDGE_LOOP('',(#6845,#6846,#6847,#6848));
#6845 = ORIENTED_EDGE('',*,*,#5922,.F.);
#6846 = ORIENTED_EDGE('',*,*,#6344,.T.);
#6847 = ORIENTED_EDGE('',*,*,#5617,.T.);
#6848 = ORIENTED_EDGE('',*,*,#6233,.T.);
#6849 = ADVANCED_FACE('',(#6850),#6091,.F.);
#6850 = FACE_BOUND('',#6851,.F.);
#6851 = EDGE_LOOP('',(#6852,#6853,#6854,#6855));
#6852 = ORIENTED_EDGE('',*,*,#6533,.F.);
#6853 = ORIENTED_EDGE('',*,*,#6078,.F.);
#6854 = ORIENTED_EDGE('',*,*,#6364,.T.);
#6855 = ORIENTED_EDGE('',*,*,#6856,.F.);
#6856 = EDGE_CURVE('',#6534,#6365,#6857,.T.);
#6857 = SURFACE_CURVE('',#6858,(#6862,#6869),.PCURVE_S1.);
#6858 = LINE('',#6859,#6860);
#6859 = CARTESIAN_POINT('',(-42.,12.,-161.));
#6860 = VECTOR('',#6861,1.);
#6861 = DIRECTION('',(1.,0.,-0.));
#6862 = PCURVE('',#6091,#6863);
#6863 = DEFINITIONAL_REPRESENTATION('',(#6864),#6868);
#6864 = LINE('',#6865,#6866);
#6865 = CARTESIAN_POINT('',(0.,24.));
#6866 = VECTOR('',#6867,1.);
#6867 = DIRECTION('',(1.,0.));
#6868 = ( GEOMETRIC_REPRESENTATION_CONTEXT(2) 
PARAMETRIC_REPRESENTATION_CONTEXT() REPRESENTATION_CONTEXT('2D SPACE',''
  ) );
#6869 = PCURVE('',#6401,#6870);
#6870 = DEFINITIONAL_REPRESENTATION('',(#6871),#6875);
#6871 = LINE('',#6872,#6873);
#6872 = CARTESIAN_POINT('',(0.,0.));
#6873 = VECTOR('',#6874,1.);
#6874 = DIRECTION('',(0.,1.));
#6875 = ( GEOMETRIC_REPRESENTATION_CONTEXT(2) 
PARAMETRIC_REPRESENTATION_CONTEXT() REPRESENTATION_CONTEXT('2D SPACE',''
  ) );
#6876 = ADVANCED_FACE('',(#6877),#6282,.T.);
#6877 = FACE_BOUND('',#6878,.T.);
#6878 = EDGE_LOOP('',(#6879,#6880,#6901,#6902));
#6879 = ORIENTED_EDGE('',*,*,#6465,.F.);
#6880 = ORIENTED_EDGE('',*,*,#6881,.T.);
#6881 = EDGE_CURVE('',#6466,#6265,#6882,.T.);
#6882 = SURFACE_CURVE('',#6883,(#6887,#6894),.PCURVE_S1.);
#6883 = LINE('',#6884,#6885);
#6884 = CARTESIAN_POINT('',(-42.,-12.,-113.));
#6885 = VECTOR('',#6886,1.);
#6886 = DIRECTION('',(1.,0.,-0.));
#6887 = PCURVE('',#6282,#6888);
#6888 = DEFINITIONAL_REPRESENTATION('',(#6889),#6893);
#6889 = LINE('',#6890,#6891);
#6890 = CARTESIAN_POINT('',(0.,0.));
#6891 = VECTOR('',#6892,1.);
#6892 = DIRECTION('',(1.,0.));
#6893 = ( GEOMETRIC_REPRESENTATION_CONTEXT(2) 
PARAMETRIC_REPRESENTATION_CONTEXT() REPRESENTATION_CONTEXT('2D SPACE',''
  ) );
#6894 = PCURVE('',#6310,#6895);
#6895 = DEFINITIONAL_REPRESENTATION('',(#6896),#6900);
#6896 = LINE('',#6897,#6898);
#6897 = CARTESIAN_POINT('',(48.,0.));
#6898 = VECTOR('',#6899,1.);
#6899 = DIRECTION('',(0.,1.));
#6900 = ( GEOMETRIC_REPRESENTATION_CONTEXT(2) 
PARAMETRIC_REPRESENTATION_CONTEXT() REPRESENTATION_CONTEXT('2D SPACE',''
  ) );
#6901 = ORIENTED_EDGE('',*,*,#6264,.T.);
#6902 = ORIENTED_EDGE('',*,*,#6903,.F.);
#6903 = EDGE_CURVE('',#6468,#6267,#6904,.T.);
#6904 = SURFACE_CURVE('',#6905,(#6909,#6916),.PCURVE_S1.);
#6905 = LINE('',#6906,#6907);
#6906 = CARTESIAN_POINT('',(-42.,12.,-113.));
#6907 = VECTOR('',#6908,1.);
#6908 = DIRECTION('',(1.,0.,-0.));
#6909 = PCURVE('',#6282,#6910);
#6910 = DEFINITIONAL_REPRESENTATION('',(#6911),#6915);
#6911 = LINE('',#6912,#6913);
#6912 = CARTESIAN_POINT('',(0.,24.));
#6913 = VECTOR('',#6914,1.);
#6914 = DIRECTION('',(1.,0.));
#6915 = ( GEOMETRIC_REPRESENTATION_CONTEXT(2) 
PARAMETRIC_REPRESENTATION_CONTEXT() REPRESENTATION_CONTEXT('2D SPACE',''
  ) );
#6916 = PCURVE('',#6401,#6917);
#6917 = DEFINITIONAL_REPRESENTATION('',(#6918),#6922);
#6918 = LINE('',#6919,#6920);
#6919 = CARTESIAN_POINT('',(48.,0.));
#6920 = VECTOR('',#6921,1.);
#6921 = DIRECTION('',(0.,1.));
#6922 = ( GEOMETRIC_REPRESENTATION_CONTEXT(2) 
PARAMETRIC_REPRESENTATION_CONTEXT() REPRESENTATION_CONTEXT('2D SPACE',''
  ) );
#6923 = ADVANCED_FACE('',(#6924,#6930,#7036,#7067),#6401,.T.);
#6924 = FACE_BOUND('',#6925,.T.);
#6925 = EDGE_LOOP('',(#6926,#6927,#6928,#6929));
#6926 = ORIENTED_EDGE('',*,*,#6856,.F.);
#6927 = ORIENTED_EDGE('',*,*,#6556,.T.);
#6928 = ORIENTED_EDGE('',*,*,#6903,.T.);
#6929 = ORIENTED_EDGE('',*,*,#6387,.F.);
#6930 = FACE_BOUND('',#6931,.T.);
#6931 = EDGE_LOOP('',(#6932,#6960,#6986,#7012));
#6932 = ORIENTED_EDGE('',*,*,#6933,.F.);
#6933 = EDGE_CURVE('',#6934,#6936,#6938,.T.);
#6934 = VERTEX_POINT('',#6935);
#6935 = CARTESIAN_POINT('',(-41.,12.,-117.));
#6936 = VERTEX_POINT('',#6937);
#6937 = CARTESIAN_POINT('',(-37.,12.,-117.));
#6938 = SURFACE_CURVE('',#6939,(#6943,#6949),.PCURVE_S1.);
#6939 = LINE('',#6940,#6941);
#6940 = CARTESIAN_POINT('',(-41.5,12.,-117.));
#6941 = VECTOR('',#6942,1.);
#6942 = DIRECTION('',(1.,0.,-0.));
#6943 = PCURVE('',#6401,#6944);
#6944 = DEFINITIONAL_REPRESENTATION('',(#6945),#6948);
#6945 = B_SPLINE_CURVE_WITH_KNOTS('',1,(#6946,#6947),.UNSPECIFIED.,.F.,
  .F.,(2,2),(0.5,4.5),.PIECEWISE_BEZIER_KNOTS.);
#6946 = CARTESIAN_POINT('',(44.,1.));
#6947 = CARTESIAN_POINT('',(44.,5.));
#6948 = ( GEOMETRIC_REPRESENTATION_CONTEXT(2) 
PARAMETRIC_REPRESENTATION_CONTEXT() REPRESENTATION_CONTEXT('2D SPACE',''
  ) );
#6949 = PCURVE('',#6950,#6955);
#6950 = PLANE('',#6951);
#6951 = AXIS2_PLACEMENT_3D('',#6952,#6953,#6954);
#6952 = CARTESIAN_POINT('',(-41.,-13.,-117.));
#6953 = DIRECTION('',(0.,0.,1.));
#6954 = DIRECTION('',(1.,0.,-0.));
#6955 = DEFINITIONAL_REPRESENTATION('',(#6956),#6959);
#6956 = B_SPLINE_CURVE_WITH_KNOTS('',1,(#6957,#6958),.UNSPECIFIED.,.F.,
  .F.,(2,2),(0.5,4.5),.PIECEWISE_BEZIER_KNOTS.);
#6957 = CARTESIAN_POINT('',(0.,25.));
#6958 = CARTESIAN_POINT('',(4.,25.));
#6959 = ( GEOMETRIC_REPRESENTATION_CONTEXT(2) 
PARAMETRIC_REPRESENTATION_CONTEXT() REPRESENTATION_CONTEXT('2D SPACE',''
  ) );
#6960 = ORIENTED_EDGE('',*,*,#6961,.T.);
#6961 = EDGE_CURVE('',#6934,#6962,#6964,.T.);
#6962 = VERTEX_POINT('',#6963);
#6963 = CARTESIAN_POINT('',(-41.,12.,-157.));
#6964 = SURFACE_CURVE('',#6965,(#6969,#6975),.PCURVE_S1.);
#6965 = LINE('',#6966,#6967);
#6966 = CARTESIAN_POINT('',(-41.,12.,-159.));
#6967 = VECTOR('',#6968,1.);
#6968 = DIRECTION('',(-0.,0.,-1.));
#6969 = PCURVE('',#6401,#6970);
#6970 = DEFINITIONAL_REPRESENTATION('',(#6971),#6974);
#6971 = B_SPLINE_CURVE_WITH_KNOTS('',1,(#6972,#6973),.UNSPECIFIED.,.F.,
  .F.,(2,2),(-42.,-2.),.PIECEWISE_BEZIER_KNOTS.);
#6972 = CARTESIAN_POINT('',(44.,1.));
#6973 = CARTESIAN_POINT('',(4.,1.));
#6974 = ( GEOMETRIC_REPRESENTATION_CONTEXT(2) 
PARAMETRIC_REPRESENTATION_CONTEXT() REPRESENTATION_CONTEXT('2D SPACE',''
  ) );
#6975 = PCURVE('',#6976,#6981);
#6976 = PLANE('',#6977);
#6977 = AXIS2_PLACEMENT_3D('',#6978,#6979,#6980);
#6978 = CARTESIAN_POINT('',(-41.,-13.,-157.));
#6979 = DIRECTION('',(1.,0.,-0.));
#6980 = DIRECTION('',(0.,0.,1.));
#6981 = DEFINITIONAL_REPRESENTATION('',(#6982),#6985);
#6982 = B_SPLINE_CURVE_WITH_KNOTS('',1,(#6983,#6984),.UNSPECIFIED.,.F.,
  .F.,(2,2),(-42.,-2.),.PIECEWISE_BEZIER_KNOTS.);
#6983 = CARTESIAN_POINT('',(40.,-25.));
#6984 = CARTESIAN_POINT('',(0.,-25.));
#6985 = ( GEOMETRIC_REPRESENTATION_CONTEXT(2) 
PARAMETRIC_REPRESENTATION_CONTEXT() REPRESENTATION_CONTEXT('2D SPACE',''
  ) );
#6986 = ORIENTED_EDGE('',*,*,#6987,.T.);
#6987 = EDGE_CURVE('',#6962,#6988,#6990,.T.);
#6988 = VERTEX_POINT('',#6989);
#6989 = CARTESIAN_POINT('',(-37.,12.,-157.));
#6990 = SURFACE_CURVE('',#6991,(#6995,#7001),.PCURVE_S1.);
#6991 = LINE('',#6992,#6993);
#6992 = CARTESIAN_POINT('',(-41.5,12.,-157.));
#6993 = VECTOR('',#6994,1.);
#6994 = DIRECTION('',(1.,0.,-0.));
#6995 = PCURVE('',#6401,#6996);
#6996 = DEFINITIONAL_REPRESENTATION('',(#6997),#7000);
#6997 = B_SPLINE_CURVE_WITH_KNOTS('',1,(#6998,#6999),.UNSPECIFIED.,.F.,
  .F.,(2,2),(0.5,4.5),.PIECEWISE_BEZIER_KNOTS.);
#6998 = CARTESIAN_POINT('',(4.,1.));
#6999 = CARTESIAN_POINT('',(4.,5.));
#7000 = ( GEOMETRIC_REPRESENTATION_CONTEXT(2) 
PARAMETRIC_REPRESENTATION_CONTEXT() REPRESENTATION_CONTEXT('2D SPACE',''
  ) );
#7001 = PCURVE('',#7002,#7007);
#7002 = PLANE('',#7003);
#7003 = AXIS2_PLACEMENT_3D('',#7004,#7005,#7006);
#7004 = CARTESIAN_POINT('',(-41.,-13.,-157.));
#7005 = DIRECTION('',(0.,0.,1.));
#7006 = DIRECTION('',(1.,0.,-0.));
#7007 = DEFINITIONAL_REPRESENTATION('',(#7008),#7011);
#7008 = B_SPLINE_CURVE_WITH_KNOTS('',1,(#7009,#7010),.UNSPECIFIED.,.F.,
  .F.,(2,2),(0.5,4.5),.PIECEWISE_BEZIER_KNOTS.);
#7009 = CARTESIAN_POINT('',(0.,25.));
#7010 = CARTESIAN_POINT('',(4.,25.));
#7011 = ( GEOMETRIC_REPRESENTATION_CONTEXT(2) 
PARAMETRIC_REPRESENTATION_CONTEXT() REPRESENTATION_CONTEXT('2D SPACE',''
  ) );
#7012 = ORIENTED_EDGE('',*,*,#7013,.F.);
#7013 = EDGE_CURVE('',#6936,#6988,#7014,.T.);
#7014 = SURFACE_CURVE('',#7015,(#7019,#7025),.PCURVE_S1.);
#7015 = LINE('',#7016,#7017);
#7016 = CARTESIAN_POINT('',(-37.,12.,-159.));
#7017 = VECTOR('',#7018,1.);
#7018 = DIRECTION('',(-0.,0.,-1.));
#7019 = PCURVE('',#6401,#7020);
#7020 = DEFINITIONAL_REPRESENTATION('',(#7021),#7024);
#7021 = B_SPLINE_CURVE_WITH_KNOTS('',1,(#7022,#7023),.UNSPECIFIED.,.F.,
  .F.,(2,2),(-42.,-2.),.PIECEWISE_BEZIER_KNOTS.);
#7022 = CARTESIAN_POINT('',(44.,5.));
#7023 = CARTESIAN_POINT('',(4.,5.));
#7024 = ( GEOMETRIC_REPRESENTATION_CONTEXT(2) 
PARAMETRIC_REPRESENTATION_CONTEXT() REPRESENTATION_CONTEXT('2D SPACE',''
  ) );
#7025 = PCURVE('',#7026,#7031);
#7026 = PLANE('',#7027);
#7027 = AXIS2_PLACEMENT_3D('',#7028,#7029,#7030);
#7028 = CARTESIAN_POINT('',(-37.,-13.,-157.));
#7029 = DIRECTION('',(1.,0.,-0.));
#7030 = DIRECTION('',(0.,0.,1.));
#7031 = DEFINITIONAL_REPRESENTATION('',(#7032),#7035);
#7032 = B_SPLINE_CURVE_WITH_KNOTS('',1,(#7033,#7034),.UNSPECIFIED.,.F.,
  .F.,(2,2),(-42.,-2.),.PIECEWISE_BEZIER_KNOTS.);
#7033 = CARTESIAN_POINT('',(40.,-25.));
#7034 = CARTESIAN_POINT('',(0.,-25.));
#7035 = ( GEOMETRIC_REPRESENTATION_CONTEXT(2) 
PARAMETRIC_REPRESENTATION_CONTEXT() REPRESENTATION_CONTEXT('2D SPACE',''
  ) );
#7036 = FACE_BOUND('',#7037,.T.);
#7037 = EDGE_LOOP('',(#7038));
#7038 = ORIENTED_EDGE('',*,*,#7039,.F.);
#7039 = EDGE_CURVE('',#7040,#7040,#7042,.T.);
#7040 = VERTEX_POINT('',#7041);
#7041 = CARTESIAN_POINT('',(-26.,12.,-146.9));
#7042 = SURFACE_CURVE('',#7043,(#7048,#7055),.PCURVE_S1.);
#7043 = CIRCLE('',#7044,2.1);
#7044 = AXIS2_PLACEMENT_3D('',#7045,#7046,#7047);
#7045 = CARTESIAN_POINT('',(-26.,12.,-149.));
#7046 = DIRECTION('',(0.,1.,0.));
#7047 = DIRECTION('',(0.,-0.,1.));
#7048 = PCURVE('',#6401,#7049);
#7049 = DEFINITIONAL_REPRESENTATION('',(#7050),#7054);
#7050 = CIRCLE('',#7051,2.1);
#7051 = AXIS2_PLACEMENT_2D('',#7052,#7053);
#7052 = CARTESIAN_POINT('',(12.,16.));
#7053 = DIRECTION('',(1.,0.));
#7054 = ( GEOMETRIC_REPRESENTATION_CONTEXT(2) 
PARAMETRIC_REPRESENTATION_CONTEXT() REPRESENTATION_CONTEXT('2D SPACE',''
  ) );
#7055 = PCURVE('',#7056,#7061);
#7056 = CYLINDRICAL_SURFACE('',#7057,2.1);
#7057 = AXIS2_PLACEMENT_3D('',#7058,#7059,#7060);
#7058 = CARTESIAN_POINT('',(-26.,0.5,-149.));
#7059 = DIRECTION('',(0.,1.,0.));
#7060 = DIRECTION('',(0.,-0.,1.));
#7061 = DEFINITIONAL_REPRESENTATION('',(#7062),#7066);
#7062 = LINE('',#7063,#7064);
#7063 = CARTESIAN_POINT('',(0.,11.5));
#7064 = VECTOR('',#7065,1.);
#7065 = DIRECTION('',(1.,0.));
#7066 = ( GEOMETRIC_REPRESENTATION_CONTEXT(2) 
PARAMETRIC_REPRESENTATION_CONTEXT() REPRESENTATION_CONTEXT('2D SPACE',''
  ) );
#7067 = FACE_BOUND('',#7068,.T.);
#7068 = EDGE_LOOP('',(#7069));
#7069 = ORIENTED_EDGE('',*,*,#7070,.F.);
#7070 = EDGE_CURVE('',#7071,#7071,#7073,.T.);
#7071 = VERTEX_POINT('',#7072);
#7072 = CARTESIAN_POINT('',(-26.,12.,-122.9));
#7073 = SURFACE_CURVE('',#7074,(#7079,#7086),.PCURVE_S1.);
#7074 = CIRCLE('',#7075,2.1);
#7075 = AXIS2_PLACEMENT_3D('',#7076,#7077,#7078);
#7076 = CARTESIAN_POINT('',(-26.,12.,-125.));
#7077 = DIRECTION('',(0.,1.,0.));
#7078 = DIRECTION('',(0.,-0.,1.));
#7079 = PCURVE('',#6401,#7080);
#7080 = DEFINITIONAL_REPRESENTATION('',(#7081),#7085);
#7081 = CIRCLE('',#7082,2.1);
#7082 = AXIS2_PLACEMENT_2D('',#7083,#7084);
#7083 = CARTESIAN_POINT('',(36.,16.));
#7084 = DIRECTION('',(1.,0.));
#7085 = ( GEOMETRIC_REPRESENTATION_CONTEXT(2) 
PARAMETRIC_REPRESENTATION_CONTEXT() REPRESENTATION_CONTEXT('2D SPACE',''
  ) );
#7086 = PCURVE('',#7087,#7092);
#7087 = CYLINDRICAL_SURFACE('',#7088,2.1);
#7088 = AXIS2_PLACEMENT_3D('',#7089,#7090,#7091);
#7089 = CARTESIAN_POINT('',(-26.,0.5,-125.));
#7090 = DIRECTION('',(0.,1.,0.));
#7091 = DIRECTION('',(0.,-0.,1.));
#7092 = DEFINITIONAL_REPRESENTATION('',(#7093),#7097);
#7093 = LINE('',#7094,#7095);
#7094 = CARTESIAN_POINT('',(0.,11.5));
#7095 = VECTOR('',#7096,1.);
#7096 = DIRECTION('',(1.,0.));
#7097 = ( GEOMETRIC_REPRESENTATION_CONTEXT(2) 
PARAMETRIC_REPRESENTATION_CONTEXT() REPRESENTATION_CONTEXT('2D SPACE',''
  ) );
#7098 = ADVANCED_FACE('',(#7099,#7105),#6310,.F.);
#7099 = FACE_BOUND('',#7100,.F.);
#7100 = EDGE_LOOP('',(#7101,#7102,#7103,#7104));
#7101 = ORIENTED_EDGE('',*,*,#6439,.F.);
#7102 = ORIENTED_EDGE('',*,*,#6490,.T.);
#7103 = ORIENTED_EDGE('',*,*,#6881,.T.);
#7104 = ORIENTED_EDGE('',*,*,#6294,.F.);
#7105 = FACE_BOUND('',#7106,.F.);
#7106 = EDGE_LOOP('',(#7107,#7130,#7151,#7172));
#7107 = ORIENTED_EDGE('',*,*,#7108,.F.);
#7108 = EDGE_CURVE('',#7109,#7111,#7113,.T.);
#7109 = VERTEX_POINT('',#7110);
#7110 = CARTESIAN_POINT('',(-41.,-12.,-117.));
#7111 = VERTEX_POINT('',#7112);
#7112 = CARTESIAN_POINT('',(-37.,-12.,-117.));
#7113 = SURFACE_CURVE('',#7114,(#7118,#7124),.PCURVE_S1.);
#7114 = LINE('',#7115,#7116);
#7115 = CARTESIAN_POINT('',(-41.5,-12.,-117.));
#7116 = VECTOR('',#7117,1.);
#7117 = DIRECTION('',(1.,0.,-0.));
#7118 = PCURVE('',#6310,#7119);
#7119 = DEFINITIONAL_REPRESENTATION('',(#7120),#7123);
#7120 = B_SPLINE_CURVE_WITH_KNOTS('',1,(#7121,#7122),.UNSPECIFIED.,.F.,
  .F.,(2,2),(0.5,4.5),.PIECEWISE_BEZIER_KNOTS.);
#7121 = CARTESIAN_POINT('',(44.,1.));
#7122 = CARTESIAN_POINT('',(44.,5.));
#7123 = ( GEOMETRIC_REPRESENTATION_CONTEXT(2) 
PARAMETRIC_REPRESENTATION_CONTEXT() REPRESENTATION_CONTEXT('2D SPACE',''
  ) );
#7124 = PCURVE('',#6950,#7125);
#7125 = DEFINITIONAL_REPRESENTATION('',(#7126),#7129);
#7126 = B_SPLINE_CURVE_WITH_KNOTS('',1,(#7127,#7128),.UNSPECIFIED.,.F.,
  .F.,(2,2),(0.5,4.5),.PIECEWISE_BEZIER_KNOTS.);
#7127 = CARTESIAN_POINT('',(0.,1.));
#7128 = CARTESIAN_POINT('',(4.,1.));
#7129 = ( GEOMETRIC_REPRESENTATION_CONTEXT(2) 
PARAMETRIC_REPRESENTATION_CONTEXT() REPRESENTATION_CONTEXT('2D SPACE',''
  ) );
#7130 = ORIENTED_EDGE('',*,*,#7131,.T.);
#7131 = EDGE_CURVE('',#7109,#7132,#7134,.T.);
#7132 = VERTEX_POINT('',#7133);
#7133 = CARTESIAN_POINT('',(-41.,-12.,-157.));
#7134 = SURFACE_CURVE('',#7135,(#7139,#7145),.PCURVE_S1.);
#7135 = LINE('',#7136,#7137);
#7136 = CARTESIAN_POINT('',(-41.,-12.,-159.));
#7137 = VECTOR('',#7138,1.);
#7138 = DIRECTION('',(-0.,0.,-1.));
#7139 = PCURVE('',#6310,#7140);
#7140 = DEFINITIONAL_REPRESENTATION('',(#7141),#7144);
#7141 = B_SPLINE_CURVE_WITH_KNOTS('',1,(#7142,#7143),.UNSPECIFIED.,.F.,
  .F.,(2,2),(-42.,-2.),.PIECEWISE_BEZIER_KNOTS.);
#7142 = CARTESIAN_POINT('',(44.,1.));
#7143 = CARTESIAN_POINT('',(4.,1.));
#7144 = ( GEOMETRIC_REPRESENTATION_CONTEXT(2) 
PARAMETRIC_REPRESENTATION_CONTEXT() REPRESENTATION_CONTEXT('2D SPACE',''
  ) );
#7145 = PCURVE('',#6976,#7146);
#7146 = DEFINITIONAL_REPRESENTATION('',(#7147),#7150);
#7147 = B_SPLINE_CURVE_WITH_KNOTS('',1,(#7148,#7149),.UNSPECIFIED.,.F.,
  .F.,(2,2),(-42.,-2.),.PIECEWISE_BEZIER_KNOTS.);
#7148 = CARTESIAN_POINT('',(40.,-1.));
#7149 = CARTESIAN_POINT('',(0.,-1.));
#7150 = ( GEOMETRIC_REPRESENTATION_CONTEXT(2) 
PARAMETRIC_REPRESENTATION_CONTEXT() REPRESENTATION_CONTEXT('2D SPACE',''
  ) );
#7151 = ORIENTED_EDGE('',*,*,#7152,.T.);
#7152 = EDGE_CURVE('',#7132,#7153,#7155,.T.);
#7153 = VERTEX_POINT('',#7154);
#7154 = CARTESIAN_POINT('',(-37.,-12.,-157.));
#7155 = SURFACE_CURVE('',#7156,(#7160,#7166),.PCURVE_S1.);
#7156 = LINE('',#7157,#7158);
#7157 = CARTESIAN_POINT('',(-41.5,-12.,-157.));
#7158 = VECTOR('',#7159,1.);
#7159 = DIRECTION('',(1.,0.,-0.));
#7160 = PCURVE('',#6310,#7161);
#7161 = DEFINITIONAL_REPRESENTATION('',(#7162),#7165);
#7162 = B_SPLINE_CURVE_WITH_KNOTS('',1,(#7163,#7164),.UNSPECIFIED.,.F.,
  .F.,(2,2),(0.5,4.5),.PIECEWISE_BEZIER_KNOTS.);
#7163 = CARTESIAN_POINT('',(4.,1.));
#7164 = CARTESIAN_POINT('',(4.,5.));
#7165 = ( GEOMETRIC_REPRESENTATION_CONTEXT(2) 
PARAMETRIC_REPRESENTATION_CONTEXT() REPRESENTATION_CONTEXT('2D SPACE',''
  ) );
#7166 = PCURVE('',#7002,#7167);
#7167 = DEFINITIONAL_REPRESENTATION('',(#7168),#7171);
#7168 = B_SPLINE_CURVE_WITH_KNOTS('',1,(#7169,#7170),.UNSPECIFIED.,.F.,
  .F.,(2,2),(0.5,4.5),.PIECEWISE_BEZIER_KNOTS.);
#7169 = CARTESIAN_POINT('',(0.,1.));
#7170 = CARTESIAN_POINT('',(4.,1.));
#7171 = ( GEOMETRIC_REPRESENTATION_CONTEXT(2) 
PARAMETRIC_REPRESENTATION_CONTEXT() REPRESENTATION_CONTEXT('2D SPACE',''
  ) );
#7172 = ORIENTED_EDGE('',*,*,#7173,.F.);
#7173 = EDGE_CURVE('',#7111,#7153,#7174,.T.);
#7174 = SURFACE_CURVE('',#7175,(#7179,#7185),.PCURVE_S1.);
#7175 = LINE('',#7176,#7177);
#7176 = CARTESIAN_POINT('',(-37.,-12.,-159.));
#7177 = VECTOR('',#7178,1.);
#7178 = DIRECTION('',(-0.,0.,-1.));
#7179 = PCURVE('',#6310,#7180);
#7180 = DEFINITIONAL_REPRESENTATION('',(#7181),#7184);
#7181 = B_SPLINE_CURVE_WITH_KNOTS('',1,(#7182,#7183),.UNSPECIFIED.,.F.,
  .F.,(2,2),(-42.,-2.),.PIECEWISE_BEZIER_KNOTS.);
#7182 = CARTESIAN_POINT('',(44.,5.));
#7183 = CARTESIAN_POINT('',(4.,5.));
#7184 = ( GEOMETRIC_REPRESENTATION_CONTEXT(2) 
PARAMETRIC_REPRESENTATION_CONTEXT() REPRESENTATION_CONTEXT('2D SPACE',''
  ) );
#7185 = PCURVE('',#7026,#7186);
#7186 = DEFINITIONAL_REPRESENTATION('',(#7187),#7190);
#7187 = B_SPLINE_CURVE_WITH_KNOTS('',1,(#7188,#7189),.UNSPECIFIED.,.F.,
  .F.,(2,2),(-42.,-2.),.PIECEWISE_BEZIER_KNOTS.);
#7188 = CARTESIAN_POINT('',(40.,-1.));
#7189 = CARTESIAN_POINT('',(0.,-1.));
#7190 = ( GEOMETRIC_REPRESENTATION_CONTEXT(2) 
PARAMETRIC_REPRESENTATION_CONTEXT() REPRESENTATION_CONTEXT('2D SPACE',''
  ) );
#7191 = ADVANCED_FACE('',(#7192),#6650,.T.);
#7192 = FACE_BOUND('',#7193,.T.);
#7193 = EDGE_LOOP('',(#7194,#7217,#7238,#7239));
#7194 = ORIENTED_EDGE('',*,*,#7195,.F.);
#7195 = EDGE_CURVE('',#7196,#6791,#7198,.T.);
#7196 = VERTEX_POINT('',#7197);
#7197 = CARTESIAN_POINT('',(-45.,9.,-172.));
#7198 = SURFACE_CURVE('',#7199,(#7203,#7210),.PCURVE_S1.);
#7199 = LINE('',#7200,#7201);
#7200 = CARTESIAN_POINT('',(-45.,9.,-172.));
#7201 = VECTOR('',#7202,1.);
#7202 = DIRECTION('',(1.,0.,-0.));
#7203 = PCURVE('',#6650,#7204);
#7204 = DEFINITIONAL_REPRESENTATION('',(#7205),#7209);
#7205 = LINE('',#7206,#7207);
#7206 = CARTESIAN_POINT('',(0.,0.));
#7207 = VECTOR('',#7208,1.);
#7208 = DIRECTION('',(0.,1.));
#7209 = ( GEOMETRIC_REPRESENTATION_CONTEXT(2) 
PARAMETRIC_REPRESENTATION_CONTEXT() REPRESENTATION_CONTEXT('2D SPACE',''
  ) );
#7210 = PCURVE('',#6806,#7211);
#7211 = DEFINITIONAL_REPRESENTATION('',(#7212),#7216);
#7212 = LINE('',#7213,#7214);
#7213 = CARTESIAN_POINT('',(0.,18.));
#7214 = VECTOR('',#7215,1.);
#7215 = DIRECTION('',(1.,0.));
#7216 = ( GEOMETRIC_REPRESENTATION_CONTEXT(2) 
PARAMETRIC_REPRESENTATION_CONTEXT() REPRESENTATION_CONTEXT('2D SPACE',''
  ) );
#7217 = ORIENTED_EDGE('',*,*,#7218,.T.);
#7218 = EDGE_CURVE('',#7196,#6633,#7219,.T.);
#7219 = SURFACE_CURVE('',#7220,(#7224,#7231),.PCURVE_S1.);
#7220 = LINE('',#7221,#7222);
#7221 = CARTESIAN_POINT('',(-45.,9.,-172.));
#7222 = VECTOR('',#7223,1.);
#7223 = DIRECTION('',(0.,0.,1.));
#7224 = PCURVE('',#6650,#7225);
#7225 = DEFINITIONAL_REPRESENTATION('',(#7226),#7230);
#7226 = LINE('',#7227,#7228);
#7227 = CARTESIAN_POINT('',(0.,0.));
#7228 = VECTOR('',#7229,1.);
#7229 = DIRECTION('',(1.,0.));
#7230 = ( GEOMETRIC_REPRESENTATION_CONTEXT(2) 
PARAMETRIC_REPRESENTATION_CONTEXT() REPRESENTATION_CONTEXT('2D SPACE',''
  ) );
#7231 = PCURVE('',#6678,#7232);
#7232 = DEFINITIONAL_REPRESENTATION('',(#7233),#7237);
#7233 = LINE('',#7234,#7235);
#7234 = CARTESIAN_POINT('',(0.,-18.));
#7235 = VECTOR('',#7236,1.);
#7236 = DIRECTION('',(1.,0.));
#7237 = ( GEOMETRIC_REPRESENTATION_CONTEXT(2) 
PARAMETRIC_REPRESENTATION_CONTEXT() REPRESENTATION_CONTEXT('2D SPACE',''
  ) );
#7238 = ORIENTED_EDGE('',*,*,#6632,.T.);
#7239 = ORIENTED_EDGE('',*,*,#6818,.F.);
#7240 = ADVANCED_FACE('',(#7241),#6706,.F.);
#7241 = FACE_BOUND('',#7242,.F.);
#7242 = EDGE_LOOP('',(#7243,#7266,#7287,#7288));
#7243 = ORIENTED_EDGE('',*,*,#7244,.F.);
#7244 = EDGE_CURVE('',#7245,#6768,#7247,.T.);
#7245 = VERTEX_POINT('',#7246);
#7246 = CARTESIAN_POINT('',(-45.,-9.,-172.));
#7247 = SURFACE_CURVE('',#7248,(#7252,#7259),.PCURVE_S1.);
#7248 = LINE('',#7249,#7250);
#7249 = CARTESIAN_POINT('',(-45.,-9.,-172.));
#7250 = VECTOR('',#7251,1.);
#7251 = DIRECTION('',(1.,0.,-0.));
#7252 = PCURVE('',#6706,#7253);
#7253 = DEFINITIONAL_REPRESENTATION('',(#7254),#7258);
#7254 = LINE('',#7255,#7256);
#7255 = CARTESIAN_POINT('',(0.,0.));
#7256 = VECTOR('',#7257,1.);
#7257 = DIRECTION('',(0.,1.));
#7258 = ( GEOMETRIC_REPRESENTATION_CONTEXT(2) 
PARAMETRIC_REPRESENTATION_CONTEXT() REPRESENTATION_CONTEXT('2D SPACE',''
  ) );
#7259 = PCURVE('',#6806,#7260);
#7260 = DEFINITIONAL_REPRESENTATION('',(#7261),#7265);
#7261 = LINE('',#7262,#7263);
#7262 = CARTESIAN_POINT('',(0.,0.));
#7263 = VECTOR('',#7264,1.);
#7264 = DIRECTION('',(1.,0.));
#7265 = ( GEOMETRIC_REPRESENTATION_CONTEXT(2) 
PARAMETRIC_REPRESENTATION_CONTEXT() REPRESENTATION_CONTEXT('2D SPACE',''
  ) );
#7266 = ORIENTED_EDGE('',*,*,#7267,.T.);
#7267 = EDGE_CURVE('',#7245,#6663,#7268,.T.);
#7268 = SURFACE_CURVE('',#7269,(#7273,#7280),.PCURVE_S1.);
#7269 = LINE('',#7270,#7271);
#7270 = CARTESIAN_POINT('',(-45.,-9.,-172.));
#7271 = VECTOR('',#7272,1.);
#7272 = DIRECTION('',(0.,0.,1.));
#7273 = PCURVE('',#6706,#7274);
#7274 = DEFINITIONAL_REPRESENTATION('',(#7275),#7279);
#7275 = LINE('',#7276,#7277);
#7276 = CARTESIAN_POINT('',(0.,0.));
#7277 = VECTOR('',#7278,1.);
#7278 = DIRECTION('',(1.,0.));
#7279 = ( GEOMETRIC_REPRESENTATION_CONTEXT(2) 
PARAMETRIC_REPRESENTATION_CONTEXT() REPRESENTATION_CONTEXT('2D SPACE',''
  ) );
#7280 = PCURVE('',#6678,#7281);
#7281 = DEFINITIONAL_REPRESENTATION('',(#7282),#7286);
#7282 = LINE('',#7283,#7284);
#7283 = CARTESIAN_POINT('',(0.,0.));
#7284 = VECTOR('',#7285,1.);
#7285 = DIRECTION('',(1.,0.));
#7286 = ( GEOMETRIC_REPRESENTATION_CONTEXT(2) 
PARAMETRIC_REPRESENTATION_CONTEXT() REPRESENTATION_CONTEXT('2D SPACE',''
  ) );
#7287 = ORIENTED_EDGE('',*,*,#6690,.T.);
#7288 = ORIENTED_EDGE('',*,*,#6767,.F.);
#7289 = ADVANCED_FACE('',(#7290),#6678,.F.);
#7290 = FACE_BOUND('',#7291,.F.);
#7291 = EDGE_LOOP('',(#7292,#7293,#7314,#7315));
#7292 = ORIENTED_EDGE('',*,*,#7267,.F.);
#7293 = ORIENTED_EDGE('',*,*,#7294,.T.);
#7294 = EDGE_CURVE('',#7245,#7196,#7295,.T.);
#7295 = SURFACE_CURVE('',#7296,(#7300,#7307),.PCURVE_S1.);
#7296 = LINE('',#7297,#7298);
#7297 = CARTESIAN_POINT('',(-45.,-9.,-172.));
#7298 = VECTOR('',#7299,1.);
#7299 = DIRECTION('',(-0.,1.,0.));
#7300 = PCURVE('',#6678,#7301);
#7301 = DEFINITIONAL_REPRESENTATION('',(#7302),#7306);
#7302 = LINE('',#7303,#7304);
#7303 = CARTESIAN_POINT('',(0.,0.));
#7304 = VECTOR('',#7305,1.);
#7305 = DIRECTION('',(0.,-1.));
#7306 = ( GEOMETRIC_REPRESENTATION_CONTEXT(2) 
PARAMETRIC_REPRESENTATION_CONTEXT() REPRESENTATION_CONTEXT('2D SPACE',''
  ) );
#7307 = PCURVE('',#6806,#7308);
#7308 = DEFINITIONAL_REPRESENTATION('',(#7309),#7313);
#7309 = LINE('',#7310,#7311);
#7310 = CARTESIAN_POINT('',(0.,0.));
#7311 = VECTOR('',#7312,1.);
#7312 = DIRECTION('',(0.,1.));
#7313 = ( GEOMETRIC_REPRESENTATION_CONTEXT(2) 
PARAMETRIC_REPRESENTATION_CONTEXT() REPRESENTATION_CONTEXT('2D SPACE',''
  ) );
#7314 = ORIENTED_EDGE('',*,*,#7218,.T.);
#7315 = ORIENTED_EDGE('',*,*,#6662,.F.);
#7316 = ADVANCED_FACE('',(#7317),#6806,.F.);
#7317 = FACE_BOUND('',#7318,.F.);
#7318 = EDGE_LOOP('',(#7319,#7320,#7321,#7322));
#7319 = ORIENTED_EDGE('',*,*,#7294,.F.);
#7320 = ORIENTED_EDGE('',*,*,#7244,.T.);
#7321 = ORIENTED_EDGE('',*,*,#6790,.T.);
#7322 = ORIENTED_EDGE('',*,*,#7195,.F.);
#7323 = ADVANCED_FACE('',(#7324),#6950,.F.);
#7324 = FACE_BOUND('',#7325,.F.);
#7325 = EDGE_LOOP('',(#7326,#7347,#7348,#7369));
#7326 = ORIENTED_EDGE('',*,*,#7327,.F.);
#7327 = EDGE_CURVE('',#7109,#6934,#7328,.T.);
#7328 = SURFACE_CURVE('',#7329,(#7333,#7340),.PCURVE_S1.);
#7329 = LINE('',#7330,#7331);
#7330 = CARTESIAN_POINT('',(-41.,-13.,-117.));
#7331 = VECTOR('',#7332,1.);
#7332 = DIRECTION('',(-0.,1.,0.));
#7333 = PCURVE('',#6950,#7334);
#7334 = DEFINITIONAL_REPRESENTATION('',(#7335),#7339);
#7335 = LINE('',#7336,#7337);
#7336 = CARTESIAN_POINT('',(0.,0.));
#7337 = VECTOR('',#7338,1.);
#7338 = DIRECTION('',(0.,1.));
#7339 = ( GEOMETRIC_REPRESENTATION_CONTEXT(2) 
PARAMETRIC_REPRESENTATION_CONTEXT() REPRESENTATION_CONTEXT('2D SPACE',''
  ) );
#7340 = PCURVE('',#6976,#7341);
#7341 = DEFINITIONAL_REPRESENTATION('',(#7342),#7346);
#7342 = LINE('',#7343,#7344);
#7343 = CARTESIAN_POINT('',(40.,0.));
#7344 = VECTOR('',#7345,1.);
#7345 = DIRECTION('',(0.,-1.));
#7346 = ( GEOMETRIC_REPRESENTATION_CONTEXT(2) 
PARAMETRIC_REPRESENTATION_CONTEXT() REPRESENTATION_CONTEXT('2D SPACE',''
  ) );
#7347 = ORIENTED_EDGE('',*,*,#7108,.T.);
#7348 = ORIENTED_EDGE('',*,*,#7349,.T.);
#7349 = EDGE_CURVE('',#7111,#6936,#7350,.T.);
#7350 = SURFACE_CURVE('',#7351,(#7355,#7362),.PCURVE_S1.);
#7351 = LINE('',#7352,#7353);
#7352 = CARTESIAN_POINT('',(-37.,-13.,-117.));
#7353 = VECTOR('',#7354,1.);
#7354 = DIRECTION('',(-0.,1.,0.));
#7355 = PCURVE('',#6950,#7356);
#7356 = DEFINITIONAL_REPRESENTATION('',(#7357),#7361);
#7357 = LINE('',#7358,#7359);
#7358 = CARTESIAN_POINT('',(4.,0.));
#7359 = VECTOR('',#7360,1.);
#7360 = DIRECTION('',(0.,1.));
#7361 = ( GEOMETRIC_REPRESENTATION_CONTEXT(2) 
PARAMETRIC_REPRESENTATION_CONTEXT() REPRESENTATION_CONTEXT('2D SPACE',''
  ) );
#7362 = PCURVE('',#7026,#7363);
#7363 = DEFINITIONAL_REPRESENTATION('',(#7364),#7368);
#7364 = LINE('',#7365,#7366);
#7365 = CARTESIAN_POINT('',(40.,0.));
#7366 = VECTOR('',#7367,1.);
#7367 = DIRECTION('',(0.,-1.));
#7368 = ( GEOMETRIC_REPRESENTATION_CONTEXT(2) 
PARAMETRIC_REPRESENTATION_CONTEXT() REPRESENTATION_CONTEXT('2D SPACE',''
  ) );
#7369 = ORIENTED_EDGE('',*,*,#6933,.F.);
#7370 = ADVANCED_FACE('',(#7371),#6976,.T.);
#7371 = FACE_BOUND('',#7372,.T.);
#7372 = EDGE_LOOP('',(#7373,#7374,#7375,#7396));
#7373 = ORIENTED_EDGE('',*,*,#7327,.F.);
#7374 = ORIENTED_EDGE('',*,*,#7131,.T.);
#7375 = ORIENTED_EDGE('',*,*,#7376,.T.);
#7376 = EDGE_CURVE('',#7132,#6962,#7377,.T.);
#7377 = SURFACE_CURVE('',#7378,(#7382,#7389),.PCURVE_S1.);
#7378 = LINE('',#7379,#7380);
#7379 = CARTESIAN_POINT('',(-41.,-13.,-157.));
#7380 = VECTOR('',#7381,1.);
#7381 = DIRECTION('',(-0.,1.,0.));
#7382 = PCURVE('',#6976,#7383);
#7383 = DEFINITIONAL_REPRESENTATION('',(#7384),#7388);
#7384 = LINE('',#7385,#7386);
#7385 = CARTESIAN_POINT('',(0.,0.));
#7386 = VECTOR('',#7387,1.);
#7387 = DIRECTION('',(0.,-1.));
#7388 = ( GEOMETRIC_REPRESENTATION_CONTEXT(2) 
PARAMETRIC_REPRESENTATION_CONTEXT() REPRESENTATION_CONTEXT('2D SPACE',''
  ) );
#7389 = PCURVE('',#7002,#7390);
#7390 = DEFINITIONAL_REPRESENTATION('',(#7391),#7395);
#7391 = LINE('',#7392,#7393);
#7392 = CARTESIAN_POINT('',(0.,0.));
#7393 = VECTOR('',#7394,1.);
#7394 = DIRECTION('',(0.,1.));
#7395 = ( GEOMETRIC_REPRESENTATION_CONTEXT(2) 
PARAMETRIC_REPRESENTATION_CONTEXT() REPRESENTATION_CONTEXT('2D SPACE',''
  ) );
#7396 = ORIENTED_EDGE('',*,*,#6961,.F.);
#7397 = ADVANCED_FACE('',(#7398),#7026,.F.);
#7398 = FACE_BOUND('',#7399,.F.);
#7399 = EDGE_LOOP('',(#7400,#7401,#7402,#7423));
#7400 = ORIENTED_EDGE('',*,*,#7349,.F.);
#7401 = ORIENTED_EDGE('',*,*,#7173,.T.);
#7402 = ORIENTED_EDGE('',*,*,#7403,.T.);
#7403 = EDGE_CURVE('',#7153,#6988,#7404,.T.);
#7404 = SURFACE_CURVE('',#7405,(#7409,#7416),.PCURVE_S1.);
#7405 = LINE('',#7406,#7407);
#7406 = CARTESIAN_POINT('',(-37.,-13.,-157.));
#7407 = VECTOR('',#7408,1.);
#7408 = DIRECTION('',(-0.,1.,0.));
#7409 = PCURVE('',#7026,#7410);
#7410 = DEFINITIONAL_REPRESENTATION('',(#7411),#7415);
#7411 = LINE('',#7412,#7413);
#7412 = CARTESIAN_POINT('',(0.,0.));
#7413 = VECTOR('',#7414,1.);
#7414 = DIRECTION('',(0.,-1.));
#7415 = ( GEOMETRIC_REPRESENTATION_CONTEXT(2) 
PARAMETRIC_REPRESENTATION_CONTEXT() REPRESENTATION_CONTEXT('2D SPACE',''
  ) );
#7416 = PCURVE('',#7002,#7417);
#7417 = DEFINITIONAL_REPRESENTATION('',(#7418),#7422);
#7418 = LINE('',#7419,#7420);
#7419 = CARTESIAN_POINT('',(4.,0.));
#7420 = VECTOR('',#7421,1.);
#7421 = DIRECTION('',(0.,1.));
#7422 = ( GEOMETRIC_REPRESENTATION_CONTEXT(2) 
PARAMETRIC_REPRESENTATION_CONTEXT() REPRESENTATION_CONTEXT('2D SPACE',''
  ) );
#7423 = ORIENTED_EDGE('',*,*,#7013,.F.);
#7424 = ADVANCED_FACE('',(#7425),#7002,.T.);
#7425 = FACE_BOUND('',#7426,.T.);
#7426 = EDGE_LOOP('',(#7427,#7428,#7429,#7430));
#7427 = ORIENTED_EDGE('',*,*,#7376,.F.);
#7428 = ORIENTED_EDGE('',*,*,#7152,.T.);
#7429 = ORIENTED_EDGE('',*,*,#7403,.T.);
#7430 = ORIENTED_EDGE('',*,*,#6987,.F.);
#7431 = ADVANCED_FACE('',(#7432),#7056,.F.);
#7432 = FACE_BOUND('',#7433,.F.);
#7433 = EDGE_LOOP('',(#7434,#7435,#7458,#7485));
#7434 = ORIENTED_EDGE('',*,*,#7039,.F.);
#7435 = ORIENTED_EDGE('',*,*,#7436,.F.);
#7436 = EDGE_CURVE('',#7437,#7040,#7439,.T.);
#7437 = VERTEX_POINT('',#7438);
#7438 = CARTESIAN_POINT('',(-26.,0.5,-146.9));
#7439 = SEAM_CURVE('',#7440,(#7444,#7451),.PCURVE_S1.);
#7440 = LINE('',#7441,#7442);
#7441 = CARTESIAN_POINT('',(-26.,0.5,-146.9));
#7442 = VECTOR('',#7443,1.);
#7443 = DIRECTION('',(0.,1.,0.));
#7444 = PCURVE('',#7056,#7445);
#7445 = DEFINITIONAL_REPRESENTATION('',(#7446),#7450);
#7446 = LINE('',#7447,#7448);
#7447 = CARTESIAN_POINT('',(6.28318530718,-0.));
#7448 = VECTOR('',#7449,1.);
#7449 = DIRECTION('',(0.,1.));
#7450 = ( GEOMETRIC_REPRESENTATION_CONTEXT(2) 
PARAMETRIC_REPRESENTATION_CONTEXT() REPRESENTATION_CONTEXT('2D SPACE',''
  ) );
#7451 = PCURVE('',#7056,#7452);
#7452 = DEFINITIONAL_REPRESENTATION('',(#7453),#7457);
#7453 = LINE('',#7454,#7455);
#7454 = CARTESIAN_POINT('',(0.,-0.));
#7455 = VECTOR('',#7456,1.);
#7456 = DIRECTION('',(0.,1.));
#7457 = ( GEOMETRIC_REPRESENTATION_CONTEXT(2) 
PARAMETRIC_REPRESENTATION_CONTEXT() REPRESENTATION_CONTEXT('2D SPACE',''
  ) );
#7458 = ORIENTED_EDGE('',*,*,#7459,.T.);
#7459 = EDGE_CURVE('',#7437,#7437,#7460,.T.);
#7460 = SURFACE_CURVE('',#7461,(#7466,#7473),.PCURVE_S1.);
#7461 = CIRCLE('',#7462,2.1);
#7462 = AXIS2_PLACEMENT_3D('',#7463,#7464,#7465);
#7463 = CARTESIAN_POINT('',(-26.,0.5,-149.));
#7464 = DIRECTION('',(0.,1.,0.));
#7465 = DIRECTION('',(0.,-0.,1.));
#7466 = PCURVE('',#7056,#7467);
#7467 = DEFINITIONAL_REPRESENTATION('',(#7468),#7472);
#7468 = LINE('',#7469,#7470);
#7469 = CARTESIAN_POINT('',(0.,0.));
#7470 = VECTOR('',#7471,1.);
#7471 = DIRECTION('',(1.,0.));
#7472 = ( GEOMETRIC_REPRESENTATION_CONTEXT(2) 
PARAMETRIC_REPRESENTATION_CONTEXT() REPRESENTATION_CONTEXT('2D SPACE',''
  ) );
#7473 = PCURVE('',#7474,#7479);
#7474 = PLANE('',#7475);
#7475 = AXIS2_PLACEMENT_3D('',#7476,#7477,#7478);
#7476 = CARTESIAN_POINT('',(-26.,0.5,-149.));
#7477 = DIRECTION('',(0.,1.,0.));
#7478 = DIRECTION('',(0.,-0.,1.));
#7479 = DEFINITIONAL_REPRESENTATION('',(#7480),#7484);
#7480 = CIRCLE('',#7481,2.1);
#7481 = AXIS2_PLACEMENT_2D('',#7482,#7483);
#7482 = CARTESIAN_POINT('',(0.,0.));
#7483 = DIRECTION('',(1.,0.));
#7484 = ( GEOMETRIC_REPRESENTATION_CONTEXT(2) 
PARAMETRIC_REPRESENTATION_CONTEXT() REPRESENTATION_CONTEXT('2D SPACE',''
  ) );
#7485 = ORIENTED_EDGE('',*,*,#7436,.T.);
#7486 = ADVANCED_FACE('',(#7487),#7087,.F.);
#7487 = FACE_BOUND('',#7488,.F.);
#7488 = EDGE_LOOP('',(#7489,#7490,#7513,#7540));
#7489 = ORIENTED_EDGE('',*,*,#7070,.F.);
#7490 = ORIENTED_EDGE('',*,*,#7491,.F.);
#7491 = EDGE_CURVE('',#7492,#7071,#7494,.T.);
#7492 = VERTEX_POINT('',#7493);
#7493 = CARTESIAN_POINT('',(-26.,0.5,-122.9));
#7494 = SEAM_CURVE('',#7495,(#7499,#7506),.PCURVE_S1.);
#7495 = LINE('',#7496,#7497);
#7496 = CARTESIAN_POINT('',(-26.,0.5,-122.9));
#7497 = VECTOR('',#7498,1.);
#7498 = DIRECTION('',(0.,1.,0.));
#7499 = PCURVE('',#7087,#7500);
#7500 = DEFINITIONAL_REPRESENTATION('',(#7501),#7505);
#7501 = LINE('',#7502,#7503);
#7502 = CARTESIAN_POINT('',(6.28318530718,-0.));
#7503 = VECTOR('',#7504,1.);
#7504 = DIRECTION('',(0.,1.));
#7505 = ( GEOMETRIC_REPRESENTATION_CONTEXT(2) 
PARAMETRIC_REPRESENTATION_CONTEXT() REPRESENTATION_CONTEXT('2D SPACE',''
  ) );
#7506 = PCURVE('',#7087,#7507);
#7507 = DEFINITIONAL_REPRESENTATION('',(#7508),#7512);
#7508 = LINE('',#7509,#7510);
#7509 = CARTESIAN_POINT('',(0.,-0.));
#7510 = VECTOR('',#7511,1.);
#7511 = DIRECTION('',(0.,1.));
#7512 = ( GEOMETRIC_REPRESENTATION_CONTEXT(2) 
PARAMETRIC_REPRESENTATION_CONTEXT() REPRESENTATION_CONTEXT('2D SPACE',''
  ) );
#7513 = ORIENTED_EDGE('',*,*,#7514,.T.);
#7514 = EDGE_CURVE('',#7492,#7492,#7515,.T.);
#7515 = SURFACE_CURVE('',#7516,(#7521,#7528),.PCURVE_S1.);
#7516 = CIRCLE('',#7517,2.1);
#7517 = AXIS2_PLACEMENT_3D('',#7518,#7519,#7520);
#7518 = CARTESIAN_POINT('',(-26.,0.5,-125.));
#7519 = DIRECTION('',(0.,1.,0.));
#7520 = DIRECTION('',(0.,-0.,1.));
#7521 = PCURVE('',#7087,#7522);
#7522 = DEFINITIONAL_REPRESENTATION('',(#7523),#7527);
#7523 = LINE('',#7524,#7525);
#7524 = CARTESIAN_POINT('',(0.,0.));
#7525 = VECTOR('',#7526,1.);
#7526 = DIRECTION('',(1.,0.));
#7527 = ( GEOMETRIC_REPRESENTATION_CONTEXT(2) 
PARAMETRIC_REPRESENTATION_CONTEXT() REPRESENTATION_CONTEXT('2D SPACE',''
  ) );
#7528 = PCURVE('',#7529,#7534);
#7529 = PLANE('',#7530);
#7530 = AXIS2_PLACEMENT_3D('',#7531,#7532,#7533);
#7531 = CARTESIAN_POINT('',(-26.,0.5,-125.));
#7532 = DIRECTION('',(0.,1.,0.));
#7533 = DIRECTION('',(0.,-0.,1.));
#7534 = DEFINITIONAL_REPRESENTATION('',(#7535),#7539);
#7535 = CIRCLE('',#7536,2.1);
#7536 = AXIS2_PLACEMENT_2D('',#7537,#7538);
#7537 = CARTESIAN_POINT('',(0.,0.));
#7538 = DIRECTION('',(1.,0.));
#7539 = ( GEOMETRIC_REPRESENTATION_CONTEXT(2) 
PARAMETRIC_REPRESENTATION_CONTEXT() REPRESENTATION_CONTEXT('2D SPACE',''
  ) );
#7540 = ORIENTED_EDGE('',*,*,#7491,.T.);
#7541 = ADVANCED_FACE('',(#7542),#7474,.T.);
#7542 = FACE_BOUND('',#7543,.F.);
#7543 = EDGE_LOOP('',(#7544));
#7544 = ORIENTED_EDGE('',*,*,#7459,.F.);
#7545 = ADVANCED_FACE('',(#7546),#7529,.T.);
#7546 = FACE_BOUND('',#7547,.F.);
#7547 = EDGE_LOOP('',(#7548));
#7548 = ORIENTED_EDGE('',*,*,#7514,.F.);
#7549 = ( GEOMETRIC_REPRESENTATION_CONTEXT(3) 
GLOBAL_UNCERTAINTY_ASSIGNED_CONTEXT((#7553)) 
GLOBAL_UNIT_ASSIGNED_CONTEXT((#7550,#7551,#7552)) REPRESENTATION_CONTEXT
('Context #1','3D Context with UNIT and UNCERTAINTY') );
#7550 = ( LENGTH_UNIT() NAMED_UNIT(*) SI_UNIT(.MILLI.,.METRE.) );
#7551 = ( NAMED_UNIT(*) PLANE_ANGLE_UNIT() SI_UNIT($,.RADIAN.) );
#7552 = ( NAMED_UNIT(*) SI_UNIT($,.STERADIAN.) SOLID_ANGLE_UNIT() );
#7553 = UNCERTAINTY_MEASURE_WITH_UNIT(LENGTH_MEASURE(1.E-07),#7550,
  'distance_accuracy_value','confusion accuracy');
#7554 = CONTEXT_DEPENDENT_SHAPE_REPRESENTATION(#7555,#7557);
#7555 = ( REPRESENTATION_RELATIONSHIP('','',#5218,#10) 
REPRESENTATION_RELATIONSHIP_WITH_TRANSFORMATION(#7556) 
SHAPE_REPRESENTATION_RELATIONSHIP() );
#7556 = ITEM_DEFINED_TRANSFORMATION('','',#11,#23);
#7557 = PRODUCT_DEFINITION_SHAPE('Placement','Placement of an item',
  #7558);
#7558 = NEXT_ASSEMBLY_USAGE_OCCURRENCE('17','','',#5,#5213,$);
#7559 = PRODUCT_RELATED_PRODUCT_CATEGORY('part',$,(#5215));
#7560 = SHAPE_DEFINITION_REPRESENTATION(#7561,#7567);
#7561 = PRODUCT_DEFINITION_SHAPE('','',#7562);
#7562 = PRODUCT_DEFINITION('design','',#7563,#7566);
#7563 = PRODUCT_DEFINITION_FORMATION('','',#7564);
#7564 = PRODUCT('Open CASCADE STEP translator 7.9 13.4',
  'Open CASCADE STEP translator 7.9 13.4','',(#7565));
#7565 = PRODUCT_CONTEXT('',#2,'mechanical');
#7566 = PRODUCT_DEFINITION_CONTEXT('part definition',#2,'design');
#7567 = ADVANCED_BREP_SHAPE_REPRESENTATION('',(#11,#7568),#8212);
#7568 = MANIFOLD_SOLID_BREP('',#7569);
#7569 = CLOSED_SHELL('',(#7570,#7690,#7766,#7815,#7864,#7891,#8004,#8080
    ,#8129,#8178,#8205));
#7570 = ADVANCED_FACE('',(#7571),#7585,.F.);
#7571 = FACE_BOUND('',#7572,.F.);
#7572 = EDGE_LOOP('',(#7573,#7608,#7636,#7664));
#7573 = ORIENTED_EDGE('',*,*,#7574,.F.);
#7574 = EDGE_CURVE('',#7575,#7577,#7579,.T.);
#7575 = VERTEX_POINT('',#7576);
#7576 = CARTESIAN_POINT('',(-42.75,-9.,-200.));
#7577 = VERTEX_POINT('',#7578);
#7578 = CARTESIAN_POINT('',(-42.75,-9.,-168.));
#7579 = SURFACE_CURVE('',#7580,(#7584,#7596),.PCURVE_S1.);
#7580 = LINE('',#7581,#7582);
#7581 = CARTESIAN_POINT('',(-42.75,-9.,-200.));
#7582 = VECTOR('',#7583,1.);
#7583 = DIRECTION('',(0.,0.,1.));
#7584 = PCURVE('',#7585,#7590);
#7585 = PLANE('',#7586);
#7586 = AXIS2_PLACEMENT_3D('',#7587,#7588,#7589);
#7587 = CARTESIAN_POINT('',(-42.75,-9.,-200.));
#7588 = DIRECTION('',(1.,0.,-0.));
#7589 = DIRECTION('',(0.,0.,1.));
#7590 = DEFINITIONAL_REPRESENTATION('',(#7591),#7595);
#7591 = LINE('',#7592,#7593);
#7592 = CARTESIAN_POINT('',(0.,0.));
#7593 = VECTOR('',#7594,1.);
#7594 = DIRECTION('',(1.,0.));
#7595 = ( GEOMETRIC_REPRESENTATION_CONTEXT(2) 
PARAMETRIC_REPRESENTATION_CONTEXT() REPRESENTATION_CONTEXT('2D SPACE',''
  ) );
#7596 = PCURVE('',#7597,#7602);
#7597 = PLANE('',#7598);
#7598 = AXIS2_PLACEMENT_3D('',#7599,#7600,#7601);
#7599 = CARTESIAN_POINT('',(-42.75,-9.,-200.));
#7600 = DIRECTION('',(-0.,1.,0.));
#7601 = DIRECTION('',(0.,0.,1.));
#7602 = DEFINITIONAL_REPRESENTATION('',(#7603),#7607);
#7603 = LINE('',#7604,#7605);
#7604 = CARTESIAN_POINT('',(0.,0.));
#7605 = VECTOR('',#7606,1.);
#7606 = DIRECTION('',(1.,0.));
#7607 = ( GEOMETRIC_REPRESENTATION_CONTEXT(2) 
PARAMETRIC_REPRESENTATION_CONTEXT() REPRESENTATION_CONTEXT('2D SPACE',''
  ) );
#7608 = ORIENTED_EDGE('',*,*,#7609,.T.);
#7609 = EDGE_CURVE('',#7575,#7610,#7612,.T.);
#7610 = VERTEX_POINT('',#7611);
#7611 = CARTESIAN_POINT('',(-42.75,9.,-200.));
#7612 = SURFACE_CURVE('',#7613,(#7617,#7624),.PCURVE_S1.);
#7613 = LINE('',#7614,#7615);
#7614 = CARTESIAN_POINT('',(-42.75,-9.,-200.));
#7615 = VECTOR('',#7616,1.);
#7616 = DIRECTION('',(-0.,1.,0.));
#7617 = PCURVE('',#7585,#7618);
#7618 = DEFINITIONAL_REPRESENTATION('',(#7619),#7623);
#7619 = LINE('',#7620,#7621);
#7620 = CARTESIAN_POINT('',(0.,0.));
#7621 = VECTOR('',#7622,1.);
#7622 = DIRECTION('',(0.,-1.));
#7623 = ( GEOMETRIC_REPRESENTATION_CONTEXT(2) 
PARAMETRIC_REPRESENTATION_CONTEXT() REPRESENTATION_CONTEXT('2D SPACE',''
  ) );
#7624 = PCURVE('',#7625,#7630);
#7625 = PLANE('',#7626);
#7626 = AXIS2_PLACEMENT_3D('',#7627,#7628,#7629);
#7627 = CARTESIAN_POINT('',(-42.75,-9.,-200.));
#7628 = DIRECTION('',(0.,0.,1.));
#7629 = DIRECTION('',(1.,0.,-0.));
#7630 = DEFINITIONAL_REPRESENTATION('',(#7631),#7635);
#7631 = LINE('',#7632,#7633);
#7632 = CARTESIAN_POINT('',(0.,0.));
#7633 = VECTOR('',#7634,1.);
#7634 = DIRECTION('',(0.,1.));
#7635 = ( GEOMETRIC_REPRESENTATION_CONTEXT(2) 
PARAMETRIC_REPRESENTATION_CONTEXT() REPRESENTATION_CONTEXT('2D SPACE',''
  ) );
#7636 = ORIENTED_EDGE('',*,*,#7637,.T.);
#7637 = EDGE_CURVE('',#7610,#7638,#7640,.T.);
#7638 = VERTEX_POINT('',#7639);
#7639 = CARTESIAN_POINT('',(-42.75,9.,-168.));
#7640 = SURFACE_CURVE('',#7641,(#7645,#7652),.PCURVE_S1.);
#7641 = LINE('',#7642,#7643);
#7642 = CARTESIAN_POINT('',(-42.75,9.,-200.));
#7643 = VECTOR('',#7644,1.);
#7644 = DIRECTION('',(0.,0.,1.));
#7645 = PCURVE('',#7585,#7646);
#7646 = DEFINITIONAL_REPRESENTATION('',(#7647),#7651);
#7647 = LINE('',#7648,#7649);
#7648 = CARTESIAN_POINT('',(0.,-18.));
#7649 = VECTOR('',#7650,1.);
#7650 = DIRECTION('',(1.,0.));
#7651 = ( GEOMETRIC_REPRESENTATION_CONTEXT(2) 
PARAMETRIC_REPRESENTATION_CONTEXT() REPRESENTATION_CONTEXT('2D SPACE',''
  ) );
#7652 = PCURVE('',#7653,#7658);
#7653 = PLANE('',#7654);
#7654 = AXIS2_PLACEMENT_3D('',#7655,#7656,#7657);
#7655 = CARTESIAN_POINT('',(-42.75,9.,-200.));
#7656 = DIRECTION('',(-0.,1.,0.));
#7657 = DIRECTION('',(0.,0.,1.));
#7658 = DEFINITIONAL_REPRESENTATION('',(#7659),#7663);
#7659 = LINE('',#7660,#7661);
#7660 = CARTESIAN_POINT('',(0.,0.));
#7661 = VECTOR('',#7662,1.);
#7662 = DIRECTION('',(1.,0.));
#7663 = ( GEOMETRIC_REPRESENTATION_CONTEXT(2) 
PARAMETRIC_REPRESENTATION_CONTEXT() REPRESENTATION_CONTEXT('2D SPACE',''
  ) );
#7664 = ORIENTED_EDGE('',*,*,#7665,.F.);
#7665 = EDGE_CURVE('',#7577,#7638,#7666,.T.);
#7666 = SURFACE_CURVE('',#7667,(#7671,#7678),.PCURVE_S1.);
#7667 = LINE('',#7668,#7669);
#7668 = CARTESIAN_POINT('',(-42.75,-9.,-168.));
#7669 = VECTOR('',#7670,1.);
#7670 = DIRECTION('',(-0.,1.,0.));
#7671 = PCURVE('',#7585,#7672);
#7672 = DEFINITIONAL_REPRESENTATION('',(#7673),#7677);
#7673 = LINE('',#7674,#7675);
#7674 = CARTESIAN_POINT('',(32.,0.));
#7675 = VECTOR('',#7676,1.);
#7676 = DIRECTION('',(0.,-1.));
#7677 = ( GEOMETRIC_REPRESENTATION_CONTEXT(2) 
PARAMETRIC_REPRESENTATION_CONTEXT() REPRESENTATION_CONTEXT('2D SPACE',''
  ) );
#7678 = PCURVE('',#7679,#7684);
#7679 = PLANE('',#7680);
#7680 = AXIS2_PLACEMENT_3D('',#7681,#7682,#7683);
#7681 = CARTESIAN_POINT('',(-42.75,-9.,-168.));
#7682 = DIRECTION('',(0.,0.,1.));
#7683 = DIRECTION('',(1.,0.,-0.));
#7684 = DEFINITIONAL_REPRESENTATION('',(#7685),#7689);
#7685 = LINE('',#7686,#7687);
#7686 = CARTESIAN_POINT('',(0.,0.));
#7687 = VECTOR('',#7688,1.);
#7688 = DIRECTION('',(0.,1.));
#7689 = ( GEOMETRIC_REPRESENTATION_CONTEXT(2) 
PARAMETRIC_REPRESENTATION_CONTEXT() REPRESENTATION_CONTEXT('2D SPACE',''
  ) );
#7690 = ADVANCED_FACE('',(#7691),#7597,.F.);
#7691 = FACE_BOUND('',#7692,.F.);
#7692 = EDGE_LOOP('',(#7693,#7716,#7717,#7740));
#7693 = ORIENTED_EDGE('',*,*,#7694,.F.);
#7694 = EDGE_CURVE('',#7575,#7695,#7697,.T.);
#7695 = VERTEX_POINT('',#7696);
#7696 = CARTESIAN_POINT('',(-37.25,-9.,-200.));
#7697 = SURFACE_CURVE('',#7698,(#7702,#7709),.PCURVE_S1.);
#7698 = LINE('',#7699,#7700);
#7699 = CARTESIAN_POINT('',(-42.75,-9.,-200.));
#7700 = VECTOR('',#7701,1.);
#7701 = DIRECTION('',(1.,0.,-0.));
#7702 = PCURVE('',#7597,#7703);
#7703 = DEFINITIONAL_REPRESENTATION('',(#7704),#7708);
#7704 = LINE('',#7705,#7706);
#7705 = CARTESIAN_POINT('',(0.,0.));
#7706 = VECTOR('',#7707,1.);
#7707 = DIRECTION('',(0.,1.));
#7708 = ( GEOMETRIC_REPRESENTATION_CONTEXT(2) 
PARAMETRIC_REPRESENTATION_CONTEXT() REPRESENTATION_CONTEXT('2D SPACE',''
  ) );
#7709 = PCURVE('',#7625,#7710);
#7710 = DEFINITIONAL_REPRESENTATION('',(#7711),#7715);
#7711 = LINE('',#7712,#7713);
#7712 = CARTESIAN_POINT('',(0.,0.));
#7713 = VECTOR('',#7714,1.);
#7714 = DIRECTION('',(1.,0.));
#7715 = ( GEOMETRIC_REPRESENTATION_CONTEXT(2) 
PARAMETRIC_REPRESENTATION_CONTEXT() REPRESENTATION_CONTEXT('2D SPACE',''
  ) );
#7716 = ORIENTED_EDGE('',*,*,#7574,.T.);
#7717 = ORIENTED_EDGE('',*,*,#7718,.T.);
#7718 = EDGE_CURVE('',#7577,#7719,#7721,.T.);
#7719 = VERTEX_POINT('',#7720);
#7720 = CARTESIAN_POINT('',(-37.25,-9.,-168.));
#7721 = SURFACE_CURVE('',#7722,(#7726,#7733),.PCURVE_S1.);
#7722 = LINE('',#7723,#7724);
#7723 = CARTESIAN_POINT('',(-42.75,-9.,-168.));
#7724 = VECTOR('',#7725,1.);
#7725 = DIRECTION('',(1.,0.,-0.));
#7726 = PCURVE('',#7597,#7727);
#7727 = DEFINITIONAL_REPRESENTATION('',(#7728),#7732);
#7728 = LINE('',#7729,#7730);
#7729 = CARTESIAN_POINT('',(32.,0.));
#7730 = VECTOR('',#7731,1.);
#7731 = DIRECTION('',(0.,1.));
#7732 = ( GEOMETRIC_REPRESENTATION_CONTEXT(2) 
PARAMETRIC_REPRESENTATION_CONTEXT() REPRESENTATION_CONTEXT('2D SPACE',''
  ) );
#7733 = PCURVE('',#7679,#7734);
#7734 = DEFINITIONAL_REPRESENTATION('',(#7735),#7739);
#7735 = LINE('',#7736,#7737);
#7736 = CARTESIAN_POINT('',(0.,0.));
#7737 = VECTOR('',#7738,1.);
#7738 = DIRECTION('',(1.,0.));
#7739 = ( GEOMETRIC_REPRESENTATION_CONTEXT(2) 
PARAMETRIC_REPRESENTATION_CONTEXT() REPRESENTATION_CONTEXT('2D SPACE',''
  ) );
#7740 = ORIENTED_EDGE('',*,*,#7741,.F.);
#7741 = EDGE_CURVE('',#7695,#7719,#7742,.T.);
#7742 = SURFACE_CURVE('',#7743,(#7747,#7754),.PCURVE_S1.);
#7743 = LINE('',#7744,#7745);
#7744 = CARTESIAN_POINT('',(-37.25,-9.,-200.));
#7745 = VECTOR('',#7746,1.);
#7746 = DIRECTION('',(0.,0.,1.));
#7747 = PCURVE('',#7597,#7748);
#7748 = DEFINITIONAL_REPRESENTATION('',(#7749),#7753);
#7749 = LINE('',#7750,#7751);
#7750 = CARTESIAN_POINT('',(0.,5.5));
#7751 = VECTOR('',#7752,1.);
#7752 = DIRECTION('',(1.,0.));
#7753 = ( GEOMETRIC_REPRESENTATION_CONTEXT(2) 
PARAMETRIC_REPRESENTATION_CONTEXT() REPRESENTATION_CONTEXT('2D SPACE',''
  ) );
#7754 = PCURVE('',#7755,#7760);
#7755 = PLANE('',#7756);
#7756 = AXIS2_PLACEMENT_3D('',#7757,#7758,#7759);
#7757 = CARTESIAN_POINT('',(-37.25,-9.,-200.));
#7758 = DIRECTION('',(1.,0.,-0.));
#7759 = DIRECTION('',(0.,0.,1.));
#7760 = DEFINITIONAL_REPRESENTATION('',(#7761),#7765);
#7761 = LINE('',#7762,#7763);
#7762 = CARTESIAN_POINT('',(0.,0.));
#7763 = VECTOR('',#7764,1.);
#7764 = DIRECTION('',(1.,0.));
#7765 = ( GEOMETRIC_REPRESENTATION_CONTEXT(2) 
PARAMETRIC_REPRESENTATION_CONTEXT() REPRESENTATION_CONTEXT('2D SPACE',''
  ) );
#7766 = ADVANCED_FACE('',(#7767),#7679,.T.);
#7767 = FACE_BOUND('',#7768,.T.);
#7768 = EDGE_LOOP('',(#7769,#7770,#7771,#7794));
#7769 = ORIENTED_EDGE('',*,*,#7665,.F.);
#7770 = ORIENTED_EDGE('',*,*,#7718,.T.);
#7771 = ORIENTED_EDGE('',*,*,#7772,.T.);
#7772 = EDGE_CURVE('',#7719,#7773,#7775,.T.);
#7773 = VERTEX_POINT('',#7774);
#7774 = CARTESIAN_POINT('',(-37.25,9.,-168.));
#7775 = SURFACE_CURVE('',#7776,(#7780,#7787),.PCURVE_S1.);
#7776 = LINE('',#7777,#7778);
#7777 = CARTESIAN_POINT('',(-37.25,-9.,-168.));
#7778 = VECTOR('',#7779,1.);
#7779 = DIRECTION('',(-0.,1.,0.));
#7780 = PCURVE('',#7679,#7781);
#7781 = DEFINITIONAL_REPRESENTATION('',(#7782),#7786);
#7782 = LINE('',#7783,#7784);
#7783 = CARTESIAN_POINT('',(5.5,0.));
#7784 = VECTOR('',#7785,1.);
#7785 = DIRECTION('',(0.,1.));
#7786 = ( GEOMETRIC_REPRESENTATION_CONTEXT(2) 
PARAMETRIC_REPRESENTATION_CONTEXT() REPRESENTATION_CONTEXT('2D SPACE',''
  ) );
#7787 = PCURVE('',#7755,#7788);
#7788 = DEFINITIONAL_REPRESENTATION('',(#7789),#7793);
#7789 = LINE('',#7790,#7791);
#7790 = CARTESIAN_POINT('',(32.,0.));
#7791 = VECTOR('',#7792,1.);
#7792 = DIRECTION('',(0.,-1.));
#7793 = ( GEOMETRIC_REPRESENTATION_CONTEXT(2) 
PARAMETRIC_REPRESENTATION_CONTEXT() REPRESENTATION_CONTEXT('2D SPACE',''
  ) );
#7794 = ORIENTED_EDGE('',*,*,#7795,.F.);
#7795 = EDGE_CURVE('',#7638,#7773,#7796,.T.);
#7796 = SURFACE_CURVE('',#7797,(#7801,#7808),.PCURVE_S1.);
#7797 = LINE('',#7798,#7799);
#7798 = CARTESIAN_POINT('',(-42.75,9.,-168.));
#7799 = VECTOR('',#7800,1.);
#7800 = DIRECTION('',(1.,0.,-0.));
#7801 = PCURVE('',#7679,#7802);
#7802 = DEFINITIONAL_REPRESENTATION('',(#7803),#7807);
#7803 = LINE('',#7804,#7805);
#7804 = CARTESIAN_POINT('',(0.,18.));
#7805 = VECTOR('',#7806,1.);
#7806 = DIRECTION('',(1.,0.));
#7807 = ( GEOMETRIC_REPRESENTATION_CONTEXT(2) 
PARAMETRIC_REPRESENTATION_CONTEXT() REPRESENTATION_CONTEXT('2D SPACE',''
  ) );
#7808 = PCURVE('',#7653,#7809);
#7809 = DEFINITIONAL_REPRESENTATION('',(#7810),#7814);
#7810 = LINE('',#7811,#7812);
#7811 = CARTESIAN_POINT('',(32.,0.));
#7812 = VECTOR('',#7813,1.);
#7813 = DIRECTION('',(0.,1.));
#7814 = ( GEOMETRIC_REPRESENTATION_CONTEXT(2) 
PARAMETRIC_REPRESENTATION_CONTEXT() REPRESENTATION_CONTEXT('2D SPACE',''
  ) );
#7815 = ADVANCED_FACE('',(#7816),#7653,.T.);
#7816 = FACE_BOUND('',#7817,.T.);
#7817 = EDGE_LOOP('',(#7818,#7841,#7842,#7843));
#7818 = ORIENTED_EDGE('',*,*,#7819,.F.);
#7819 = EDGE_CURVE('',#7610,#7820,#7822,.T.);
#7820 = VERTEX_POINT('',#7821);
#7821 = CARTESIAN_POINT('',(-37.25,9.,-200.));
#7822 = SURFACE_CURVE('',#7823,(#7827,#7834),.PCURVE_S1.);
#7823 = LINE('',#7824,#7825);
#7824 = CARTESIAN_POINT('',(-42.75,9.,-200.));
#7825 = VECTOR('',#7826,1.);
#7826 = DIRECTION('',(1.,0.,-0.));
#7827 = PCURVE('',#7653,#7828);
#7828 = DEFINITIONAL_REPRESENTATION('',(#7829),#7833);
#7829 = LINE('',#7830,#7831);
#7830 = CARTESIAN_POINT('',(0.,0.));
#7831 = VECTOR('',#7832,1.);
#7832 = DIRECTION('',(0.,1.));
#7833 = ( GEOMETRIC_REPRESENTATION_CONTEXT(2) 
PARAMETRIC_REPRESENTATION_CONTEXT() REPRESENTATION_CONTEXT('2D SPACE',''
  ) );
#7834 = PCURVE('',#7625,#7835);
#7835 = DEFINITIONAL_REPRESENTATION('',(#7836),#7840);
#7836 = LINE('',#7837,#7838);
#7837 = CARTESIAN_POINT('',(0.,18.));
#7838 = VECTOR('',#7839,1.);
#7839 = DIRECTION('',(1.,0.));
#7840 = ( GEOMETRIC_REPRESENTATION_CONTEXT(2) 
PARAMETRIC_REPRESENTATION_CONTEXT() REPRESENTATION_CONTEXT('2D SPACE',''
  ) );
#7841 = ORIENTED_EDGE('',*,*,#7637,.T.);
#7842 = ORIENTED_EDGE('',*,*,#7795,.T.);
#7843 = ORIENTED_EDGE('',*,*,#7844,.F.);
#7844 = EDGE_CURVE('',#7820,#7773,#7845,.T.);
#7845 = SURFACE_CURVE('',#7846,(#7850,#7857),.PCURVE_S1.);
#7846 = LINE('',#7847,#7848);
#7847 = CARTESIAN_POINT('',(-37.25,9.,-200.));
#7848 = VECTOR('',#7849,1.);
#7849 = DIRECTION('',(0.,0.,1.));
#7850 = PCURVE('',#7653,#7851);
#7851 = DEFINITIONAL_REPRESENTATION('',(#7852),#7856);
#7852 = LINE('',#7853,#7854);
#7853 = CARTESIAN_POINT('',(0.,5.5));
#7854 = VECTOR('',#7855,1.);
#7855 = DIRECTION('',(1.,0.));
#7856 = ( GEOMETRIC_REPRESENTATION_CONTEXT(2) 
PARAMETRIC_REPRESENTATION_CONTEXT() REPRESENTATION_CONTEXT('2D SPACE',''
  ) );
#7857 = PCURVE('',#7755,#7858);
#7858 = DEFINITIONAL_REPRESENTATION('',(#7859),#7863);
#7859 = LINE('',#7860,#7861);
#7860 = CARTESIAN_POINT('',(0.,-18.));
#7861 = VECTOR('',#7862,1.);
#7862 = DIRECTION('',(1.,0.));
#7863 = ( GEOMETRIC_REPRESENTATION_CONTEXT(2) 
PARAMETRIC_REPRESENTATION_CONTEXT() REPRESENTATION_CONTEXT('2D SPACE',''
  ) );
#7864 = ADVANCED_FACE('',(#7865),#7625,.F.);
#7865 = FACE_BOUND('',#7866,.F.);
#7866 = EDGE_LOOP('',(#7867,#7868,#7869,#7890));
#7867 = ORIENTED_EDGE('',*,*,#7609,.F.);
#7868 = ORIENTED_EDGE('',*,*,#7694,.T.);
#7869 = ORIENTED_EDGE('',*,*,#7870,.T.);
#7870 = EDGE_CURVE('',#7695,#7820,#7871,.T.);
#7871 = SURFACE_CURVE('',#7872,(#7876,#7883),.PCURVE_S1.);
#7872 = LINE('',#7873,#7874);
#7873 = CARTESIAN_POINT('',(-37.25,-9.,-200.));
#7874 = VECTOR('',#7875,1.);
#7875 = DIRECTION('',(-0.,1.,0.));
#7876 = PCURVE('',#7625,#7877);
#7877 = DEFINITIONAL_REPRESENTATION('',(#7878),#7882);
#7878 = LINE('',#7879,#7880);
#7879 = CARTESIAN_POINT('',(5.5,0.));
#7880 = VECTOR('',#7881,1.);
#7881 = DIRECTION('',(0.,1.));
#7882 = ( GEOMETRIC_REPRESENTATION_CONTEXT(2) 
PARAMETRIC_REPRESENTATION_CONTEXT() REPRESENTATION_CONTEXT('2D SPACE',''
  ) );
#7883 = PCURVE('',#7755,#7884);
#7884 = DEFINITIONAL_REPRESENTATION('',(#7885),#7889);
#7885 = LINE('',#7886,#7887);
#7886 = CARTESIAN_POINT('',(0.,0.));
#7887 = VECTOR('',#7888,1.);
#7888 = DIRECTION('',(0.,-1.));
#7889 = ( GEOMETRIC_REPRESENTATION_CONTEXT(2) 
PARAMETRIC_REPRESENTATION_CONTEXT() REPRESENTATION_CONTEXT('2D SPACE',''
  ) );
#7890 = ORIENTED_EDGE('',*,*,#7819,.F.);
#7891 = ADVANCED_FACE('',(#7892,#7898),#7755,.T.);
#7892 = FACE_BOUND('',#7893,.T.);
#7893 = EDGE_LOOP('',(#7894,#7895,#7896,#7897));
#7894 = ORIENTED_EDGE('',*,*,#7741,.F.);
#7895 = ORIENTED_EDGE('',*,*,#7870,.T.);
#7896 = ORIENTED_EDGE('',*,*,#7844,.T.);
#7897 = ORIENTED_EDGE('',*,*,#7772,.F.);
#7898 = FACE_BOUND('',#7899,.T.);
#7899 = EDGE_LOOP('',(#7900,#7928,#7954,#7980));
#7900 = ORIENTED_EDGE('',*,*,#7901,.T.);
#7901 = EDGE_CURVE('',#7902,#7904,#7906,.T.);
#7902 = VERTEX_POINT('',#7903);
#7903 = CARTESIAN_POINT('',(-37.25,8.,-198.));
#7904 = VERTEX_POINT('',#7905);
#7905 = CARTESIAN_POINT('',(-37.25,-8.,-198.));
#7906 = SURFACE_CURVE('',#7907,(#7911,#7917),.PCURVE_S1.);
#7907 = LINE('',#7908,#7909);
#7908 = CARTESIAN_POINT('',(-37.25,-8.5,-198.));
#7909 = VECTOR('',#7910,1.);
#7910 = DIRECTION('',(0.,-1.,0.));
#7911 = PCURVE('',#7755,#7912);
#7912 = DEFINITIONAL_REPRESENTATION('',(#7913),#7916);
#7913 = B_SPLINE_CURVE_WITH_KNOTS('',1,(#7914,#7915),.UNSPECIFIED.,.F.,
  .F.,(2,2),(-16.5,-0.5),.PIECEWISE_BEZIER_KNOTS.);
#7914 = CARTESIAN_POINT('',(2.,-17.));
#7915 = CARTESIAN_POINT('',(2.,-1.));
#7916 = ( GEOMETRIC_REPRESENTATION_CONTEXT(2) 
PARAMETRIC_REPRESENTATION_CONTEXT() REPRESENTATION_CONTEXT('2D SPACE',''
  ) );
#7917 = PCURVE('',#7918,#7923);
#7918 = PLANE('',#7919);
#7919 = AXIS2_PLACEMENT_3D('',#7920,#7921,#7922);
#7920 = CARTESIAN_POINT('',(-38.4,-8.,-198.));
#7921 = DIRECTION('',(0.,0.,1.));
#7922 = DIRECTION('',(1.,0.,-0.));
#7923 = DEFINITIONAL_REPRESENTATION('',(#7924),#7927);
#7924 = B_SPLINE_CURVE_WITH_KNOTS('',1,(#7925,#7926),.UNSPECIFIED.,.F.,
  .F.,(2,2),(-16.5,-0.5),.PIECEWISE_BEZIER_KNOTS.);
#7925 = CARTESIAN_POINT('',(1.15,16.));
#7926 = CARTESIAN_POINT('',(1.15,0.));
#7927 = ( GEOMETRIC_REPRESENTATION_CONTEXT(2) 
PARAMETRIC_REPRESENTATION_CONTEXT() REPRESENTATION_CONTEXT('2D SPACE',''
  ) );
#7928 = ORIENTED_EDGE('',*,*,#7929,.T.);
#7929 = EDGE_CURVE('',#7904,#7930,#7932,.T.);
#7930 = VERTEX_POINT('',#7931);
#7931 = CARTESIAN_POINT('',(-37.25,-8.,-172.));
#7932 = SURFACE_CURVE('',#7933,(#7937,#7943),.PCURVE_S1.);
#7933 = LINE('',#7934,#7935);
#7934 = CARTESIAN_POINT('',(-37.25,-8.,-199.));
#7935 = VECTOR('',#7936,1.);
#7936 = DIRECTION('',(0.,0.,1.));
#7937 = PCURVE('',#7755,#7938);
#7938 = DEFINITIONAL_REPRESENTATION('',(#7939),#7942);
#7939 = B_SPLINE_CURVE_WITH_KNOTS('',1,(#7940,#7941),.UNSPECIFIED.,.F.,
  .F.,(2,2),(1.,27.),.PIECEWISE_BEZIER_KNOTS.);
#7940 = CARTESIAN_POINT('',(2.,-1.));
#7941 = CARTESIAN_POINT('',(28.,-1.));
#7942 = ( GEOMETRIC_REPRESENTATION_CONTEXT(2) 
PARAMETRIC_REPRESENTATION_CONTEXT() REPRESENTATION_CONTEXT('2D SPACE',''
  ) );
#7943 = PCURVE('',#7944,#7949);
#7944 = PLANE('',#7945);
#7945 = AXIS2_PLACEMENT_3D('',#7946,#7947,#7948);
#7946 = CARTESIAN_POINT('',(-38.4,-8.,-198.));
#7947 = DIRECTION('',(-0.,1.,0.));
#7948 = DIRECTION('',(0.,0.,1.));
#7949 = DEFINITIONAL_REPRESENTATION('',(#7950),#7953);
#7950 = B_SPLINE_CURVE_WITH_KNOTS('',1,(#7951,#7952),.UNSPECIFIED.,.F.,
  .F.,(2,2),(1.,27.),.PIECEWISE_BEZIER_KNOTS.);
#7951 = CARTESIAN_POINT('',(0.,1.15));
#7952 = CARTESIAN_POINT('',(26.,1.15));
#7953 = ( GEOMETRIC_REPRESENTATION_CONTEXT(2) 
PARAMETRIC_REPRESENTATION_CONTEXT() REPRESENTATION_CONTEXT('2D SPACE',''
  ) );
#7954 = ORIENTED_EDGE('',*,*,#7955,.F.);
#7955 = EDGE_CURVE('',#7956,#7930,#7958,.T.);
#7956 = VERTEX_POINT('',#7957);
#7957 = CARTESIAN_POINT('',(-37.25,8.,-172.));
#7958 = SURFACE_CURVE('',#7959,(#7963,#7969),.PCURVE_S1.);
#7959 = LINE('',#7960,#7961);
#7960 = CARTESIAN_POINT('',(-37.25,-8.5,-172.));
#7961 = VECTOR('',#7962,1.);
#7962 = DIRECTION('',(0.,-1.,0.));
#7963 = PCURVE('',#7755,#7964);
#7964 = DEFINITIONAL_REPRESENTATION('',(#7965),#7968);
#7965 = B_SPLINE_CURVE_WITH_KNOTS('',1,(#7966,#7967),.UNSPECIFIED.,.F.,
  .F.,(2,2),(-16.5,-0.5),.PIECEWISE_BEZIER_KNOTS.);
#7966 = CARTESIAN_POINT('',(28.,-17.));
#7967 = CARTESIAN_POINT('',(28.,-1.));
#7968 = ( GEOMETRIC_REPRESENTATION_CONTEXT(2) 
PARAMETRIC_REPRESENTATION_CONTEXT() REPRESENTATION_CONTEXT('2D SPACE',''
  ) );
#7969 = PCURVE('',#7970,#7975);
#7970 = PLANE('',#7971);
#7971 = AXIS2_PLACEMENT_3D('',#7972,#7973,#7974);
#7972 = CARTESIAN_POINT('',(-38.4,-8.,-172.));
#7973 = DIRECTION('',(0.,0.,1.));
#7974 = DIRECTION('',(1.,0.,-0.));
#7975 = DEFINITIONAL_REPRESENTATION('',(#7976),#7979);
#7976 = B_SPLINE_CURVE_WITH_KNOTS('',1,(#7977,#7978),.UNSPECIFIED.,.F.,
  .F.,(2,2),(-16.5,-0.5),.PIECEWISE_BEZIER_KNOTS.);
#7977 = CARTESIAN_POINT('',(1.15,16.));
#7978 = CARTESIAN_POINT('',(1.15,0.));
#7979 = ( GEOMETRIC_REPRESENTATION_CONTEXT(2) 
PARAMETRIC_REPRESENTATION_CONTEXT() REPRESENTATION_CONTEXT('2D SPACE',''
  ) );
#7980 = ORIENTED_EDGE('',*,*,#7981,.F.);
#7981 = EDGE_CURVE('',#7902,#7956,#7982,.T.);
#7982 = SURFACE_CURVE('',#7983,(#7987,#7993),.PCURVE_S1.);
#7983 = LINE('',#7984,#7985);
#7984 = CARTESIAN_POINT('',(-37.25,8.,-199.));
#7985 = VECTOR('',#7986,1.);
#7986 = DIRECTION('',(0.,0.,1.));
#7987 = PCURVE('',#7755,#7988);
#7988 = DEFINITIONAL_REPRESENTATION('',(#7989),#7992);
#7989 = B_SPLINE_CURVE_WITH_KNOTS('',1,(#7990,#7991),.UNSPECIFIED.,.F.,
  .F.,(2,2),(1.,27.),.PIECEWISE_BEZIER_KNOTS.);
#7990 = CARTESIAN_POINT('',(2.,-17.));
#7991 = CARTESIAN_POINT('',(28.,-17.));
#7992 = ( GEOMETRIC_REPRESENTATION_CONTEXT(2) 
PARAMETRIC_REPRESENTATION_CONTEXT() REPRESENTATION_CONTEXT('2D SPACE',''
  ) );
#7993 = PCURVE('',#7994,#7999);
#7994 = PLANE('',#7995);
#7995 = AXIS2_PLACEMENT_3D('',#7996,#7997,#7998);
#7996 = CARTESIAN_POINT('',(-38.4,8.,-198.));
#7997 = DIRECTION('',(-0.,1.,0.));
#7998 = DIRECTION('',(0.,0.,1.));
#7999 = DEFINITIONAL_REPRESENTATION('',(#8000),#8003);
#8000 = B_SPLINE_CURVE_WITH_KNOTS('',1,(#8001,#8002),.UNSPECIFIED.,.F.,
  .F.,(2,2),(1.,27.),.PIECEWISE_BEZIER_KNOTS.);
#8001 = CARTESIAN_POINT('',(0.,1.15));
#8002 = CARTESIAN_POINT('',(26.,1.15));
#8003 = ( GEOMETRIC_REPRESENTATION_CONTEXT(2) 
PARAMETRIC_REPRESENTATION_CONTEXT() REPRESENTATION_CONTEXT('2D SPACE',''
  ) );
#8004 = ADVANCED_FACE('',(#8005),#7918,.T.);
#8005 = FACE_BOUND('',#8006,.T.);
#8006 = EDGE_LOOP('',(#8007,#8030,#8058,#8079));
#8007 = ORIENTED_EDGE('',*,*,#8008,.F.);
#8008 = EDGE_CURVE('',#8009,#7902,#8011,.T.);
#8009 = VERTEX_POINT('',#8010);
#8010 = CARTESIAN_POINT('',(-38.4,8.,-198.));
#8011 = SURFACE_CURVE('',#8012,(#8016,#8023),.PCURVE_S1.);
#8012 = LINE('',#8013,#8014);
#8013 = CARTESIAN_POINT('',(-38.4,8.,-198.));
#8014 = VECTOR('',#8015,1.);
#8015 = DIRECTION('',(1.,0.,-0.));
#8016 = PCURVE('',#7918,#8017);
#8017 = DEFINITIONAL_REPRESENTATION('',(#8018),#8022);
#8018 = LINE('',#8019,#8020);
#8019 = CARTESIAN_POINT('',(0.,16.));
#8020 = VECTOR('',#8021,1.);
#8021 = DIRECTION('',(1.,0.));
#8022 = ( GEOMETRIC_REPRESENTATION_CONTEXT(2) 
PARAMETRIC_REPRESENTATION_CONTEXT() REPRESENTATION_CONTEXT('2D SPACE',''
  ) );
#8023 = PCURVE('',#7994,#8024);
#8024 = DEFINITIONAL_REPRESENTATION('',(#8025),#8029);
#8025 = LINE('',#8026,#8027);
#8026 = CARTESIAN_POINT('',(0.,0.));
#8027 = VECTOR('',#8028,1.);
#8028 = DIRECTION('',(0.,1.));
#8029 = ( GEOMETRIC_REPRESENTATION_CONTEXT(2) 
PARAMETRIC_REPRESENTATION_CONTEXT() REPRESENTATION_CONTEXT('2D SPACE',''
  ) );
#8030 = ORIENTED_EDGE('',*,*,#8031,.F.);
#8031 = EDGE_CURVE('',#8032,#8009,#8034,.T.);
#8032 = VERTEX_POINT('',#8033);
#8033 = CARTESIAN_POINT('',(-38.4,-8.,-198.));
#8034 = SURFACE_CURVE('',#8035,(#8039,#8046),.PCURVE_S1.);
#8035 = LINE('',#8036,#8037);
#8036 = CARTESIAN_POINT('',(-38.4,-8.,-198.));
#8037 = VECTOR('',#8038,1.);
#8038 = DIRECTION('',(-0.,1.,0.));
#8039 = PCURVE('',#7918,#8040);
#8040 = DEFINITIONAL_REPRESENTATION('',(#8041),#8045);
#8041 = LINE('',#8042,#8043);
#8042 = CARTESIAN_POINT('',(0.,0.));
#8043 = VECTOR('',#8044,1.);
#8044 = DIRECTION('',(0.,1.));
#8045 = ( GEOMETRIC_REPRESENTATION_CONTEXT(2) 
PARAMETRIC_REPRESENTATION_CONTEXT() REPRESENTATION_CONTEXT('2D SPACE',''
  ) );
#8046 = PCURVE('',#8047,#8052);
#8047 = PLANE('',#8048);
#8048 = AXIS2_PLACEMENT_3D('',#8049,#8050,#8051);
#8049 = CARTESIAN_POINT('',(-38.4,-8.,-198.));
#8050 = DIRECTION('',(1.,0.,-0.));
#8051 = DIRECTION('',(0.,0.,1.));
#8052 = DEFINITIONAL_REPRESENTATION('',(#8053),#8057);
#8053 = LINE('',#8054,#8055);
#8054 = CARTESIAN_POINT('',(0.,0.));
#8055 = VECTOR('',#8056,1.);
#8056 = DIRECTION('',(0.,-1.));
#8057 = ( GEOMETRIC_REPRESENTATION_CONTEXT(2) 
PARAMETRIC_REPRESENTATION_CONTEXT() REPRESENTATION_CONTEXT('2D SPACE',''
  ) );
#8058 = ORIENTED_EDGE('',*,*,#8059,.T.);
#8059 = EDGE_CURVE('',#8032,#7904,#8060,.T.);
#8060 = SURFACE_CURVE('',#8061,(#8065,#8072),.PCURVE_S1.);
#8061 = LINE('',#8062,#8063);
#8062 = CARTESIAN_POINT('',(-38.4,-8.,-198.));
#8063 = VECTOR('',#8064,1.);
#8064 = DIRECTION('',(1.,0.,-0.));
#8065 = PCURVE('',#7918,#8066);
#8066 = DEFINITIONAL_REPRESENTATION('',(#8067),#8071);
#8067 = LINE('',#8068,#8069);
#8068 = CARTESIAN_POINT('',(0.,0.));
#8069 = VECTOR('',#8070,1.);
#8070 = DIRECTION('',(1.,0.));
#8071 = ( GEOMETRIC_REPRESENTATION_CONTEXT(2) 
PARAMETRIC_REPRESENTATION_CONTEXT() REPRESENTATION_CONTEXT('2D SPACE',''
  ) );
#8072 = PCURVE('',#7944,#8073);
#8073 = DEFINITIONAL_REPRESENTATION('',(#8074),#8078);
#8074 = LINE('',#8075,#8076);
#8075 = CARTESIAN_POINT('',(0.,0.));
#8076 = VECTOR('',#8077,1.);
#8077 = DIRECTION('',(0.,1.));
#8078 = ( GEOMETRIC_REPRESENTATION_CONTEXT(2) 
PARAMETRIC_REPRESENTATION_CONTEXT() REPRESENTATION_CONTEXT('2D SPACE',''
  ) );
#8079 = ORIENTED_EDGE('',*,*,#7901,.F.);
#8080 = ADVANCED_FACE('',(#8081),#7994,.F.);
#8081 = FACE_BOUND('',#8082,.F.);
#8082 = EDGE_LOOP('',(#8083,#8084,#8107,#8128));
#8083 = ORIENTED_EDGE('',*,*,#8008,.F.);
#8084 = ORIENTED_EDGE('',*,*,#8085,.T.);
#8085 = EDGE_CURVE('',#8009,#8086,#8088,.T.);
#8086 = VERTEX_POINT('',#8087);
#8087 = CARTESIAN_POINT('',(-38.4,8.,-172.));
#8088 = SURFACE_CURVE('',#8089,(#8093,#8100),.PCURVE_S1.);
#8089 = LINE('',#8090,#8091);
#8090 = CARTESIAN_POINT('',(-38.4,8.,-198.));
#8091 = VECTOR('',#8092,1.);
#8092 = DIRECTION('',(0.,0.,1.));
#8093 = PCURVE('',#7994,#8094);
#8094 = DEFINITIONAL_REPRESENTATION('',(#8095),#8099);
#8095 = LINE('',#8096,#8097);
#8096 = CARTESIAN_POINT('',(0.,0.));
#8097 = VECTOR('',#8098,1.);
#8098 = DIRECTION('',(1.,0.));
#8099 = ( GEOMETRIC_REPRESENTATION_CONTEXT(2) 
PARAMETRIC_REPRESENTATION_CONTEXT() REPRESENTATION_CONTEXT('2D SPACE',''
  ) );
#8100 = PCURVE('',#8047,#8101);
#8101 = DEFINITIONAL_REPRESENTATION('',(#8102),#8106);
#8102 = LINE('',#8103,#8104);
#8103 = CARTESIAN_POINT('',(0.,-16.));
#8104 = VECTOR('',#8105,1.);
#8105 = DIRECTION('',(1.,0.));
#8106 = ( GEOMETRIC_REPRESENTATION_CONTEXT(2) 
PARAMETRIC_REPRESENTATION_CONTEXT() REPRESENTATION_CONTEXT('2D SPACE',''
  ) );
#8107 = ORIENTED_EDGE('',*,*,#8108,.T.);
#8108 = EDGE_CURVE('',#8086,#7956,#8109,.T.);
#8109 = SURFACE_CURVE('',#8110,(#8114,#8121),.PCURVE_S1.);
#8110 = LINE('',#8111,#8112);
#8111 = CARTESIAN_POINT('',(-38.4,8.,-172.));
#8112 = VECTOR('',#8113,1.);
#8113 = DIRECTION('',(1.,0.,-0.));
#8114 = PCURVE('',#7994,#8115);
#8115 = DEFINITIONAL_REPRESENTATION('',(#8116),#8120);
#8116 = LINE('',#8117,#8118);
#8117 = CARTESIAN_POINT('',(26.,0.));
#8118 = VECTOR('',#8119,1.);
#8119 = DIRECTION('',(0.,1.));
#8120 = ( GEOMETRIC_REPRESENTATION_CONTEXT(2) 
PARAMETRIC_REPRESENTATION_CONTEXT() REPRESENTATION_CONTEXT('2D SPACE',''
  ) );
#8121 = PCURVE('',#7970,#8122);
#8122 = DEFINITIONAL_REPRESENTATION('',(#8123),#8127);
#8123 = LINE('',#8124,#8125);
#8124 = CARTESIAN_POINT('',(0.,16.));
#8125 = VECTOR('',#8126,1.);
#8126 = DIRECTION('',(1.,0.));
#8127 = ( GEOMETRIC_REPRESENTATION_CONTEXT(2) 
PARAMETRIC_REPRESENTATION_CONTEXT() REPRESENTATION_CONTEXT('2D SPACE',''
  ) );
#8128 = ORIENTED_EDGE('',*,*,#7981,.F.);
#8129 = ADVANCED_FACE('',(#8130),#7970,.F.);
#8130 = FACE_BOUND('',#8131,.F.);
#8131 = EDGE_LOOP('',(#8132,#8133,#8156,#8177));
#8132 = ORIENTED_EDGE('',*,*,#8108,.F.);
#8133 = ORIENTED_EDGE('',*,*,#8134,.F.);
#8134 = EDGE_CURVE('',#8135,#8086,#8137,.T.);
#8135 = VERTEX_POINT('',#8136);
#8136 = CARTESIAN_POINT('',(-38.4,-8.,-172.));
#8137 = SURFACE_CURVE('',#8138,(#8142,#8149),.PCURVE_S1.);
#8138 = LINE('',#8139,#8140);
#8139 = CARTESIAN_POINT('',(-38.4,-8.,-172.));
#8140 = VECTOR('',#8141,1.);
#8141 = DIRECTION('',(-0.,1.,0.));
#8142 = PCURVE('',#7970,#8143);
#8143 = DEFINITIONAL_REPRESENTATION('',(#8144),#8148);
#8144 = LINE('',#8145,#8146);
#8145 = CARTESIAN_POINT('',(0.,0.));
#8146 = VECTOR('',#8147,1.);
#8147 = DIRECTION('',(0.,1.));
#8148 = ( GEOMETRIC_REPRESENTATION_CONTEXT(2) 
PARAMETRIC_REPRESENTATION_CONTEXT() REPRESENTATION_CONTEXT('2D SPACE',''
  ) );
#8149 = PCURVE('',#8047,#8150);
#8150 = DEFINITIONAL_REPRESENTATION('',(#8151),#8155);
#8151 = LINE('',#8152,#8153);
#8152 = CARTESIAN_POINT('',(26.,0.));
#8153 = VECTOR('',#8154,1.);
#8154 = DIRECTION('',(0.,-1.));
#8155 = ( GEOMETRIC_REPRESENTATION_CONTEXT(2) 
PARAMETRIC_REPRESENTATION_CONTEXT() REPRESENTATION_CONTEXT('2D SPACE',''
  ) );
#8156 = ORIENTED_EDGE('',*,*,#8157,.T.);
#8157 = EDGE_CURVE('',#8135,#7930,#8158,.T.);
#8158 = SURFACE_CURVE('',#8159,(#8163,#8170),.PCURVE_S1.);
#8159 = LINE('',#8160,#8161);
#8160 = CARTESIAN_POINT('',(-38.4,-8.,-172.));
#8161 = VECTOR('',#8162,1.);
#8162 = DIRECTION('',(1.,0.,-0.));
#8163 = PCURVE('',#7970,#8164);
#8164 = DEFINITIONAL_REPRESENTATION('',(#8165),#8169);
#8165 = LINE('',#8166,#8167);
#8166 = CARTESIAN_POINT('',(0.,0.));
#8167 = VECTOR('',#8168,1.);
#8168 = DIRECTION('',(1.,0.));
#8169 = ( GEOMETRIC_REPRESENTATION_CONTEXT(2) 
PARAMETRIC_REPRESENTATION_CONTEXT() REPRESENTATION_CONTEXT('2D SPACE',''
  ) );
#8170 = PCURVE('',#7944,#8171);
#8171 = DEFINITIONAL_REPRESENTATION('',(#8172),#8176);
#8172 = LINE('',#8173,#8174);
#8173 = CARTESIAN_POINT('',(26.,0.));
#8174 = VECTOR('',#8175,1.);
#8175 = DIRECTION('',(0.,1.));
#8176 = ( GEOMETRIC_REPRESENTATION_CONTEXT(2) 
PARAMETRIC_REPRESENTATION_CONTEXT() REPRESENTATION_CONTEXT('2D SPACE',''
  ) );
#8177 = ORIENTED_EDGE('',*,*,#7955,.F.);
#8178 = ADVANCED_FACE('',(#8179),#7944,.T.);
#8179 = FACE_BOUND('',#8180,.T.);
#8180 = EDGE_LOOP('',(#8181,#8182,#8203,#8204));
#8181 = ORIENTED_EDGE('',*,*,#8059,.F.);
#8182 = ORIENTED_EDGE('',*,*,#8183,.T.);
#8183 = EDGE_CURVE('',#8032,#8135,#8184,.T.);
#8184 = SURFACE_CURVE('',#8185,(#8189,#8196),.PCURVE_S1.);
#8185 = LINE('',#8186,#8187);
#8186 = CARTESIAN_POINT('',(-38.4,-8.,-198.));
#8187 = VECTOR('',#8188,1.);
#8188 = DIRECTION('',(0.,0.,1.));
#8189 = PCURVE('',#7944,#8190);
#8190 = DEFINITIONAL_REPRESENTATION('',(#8191),#8195);
#8191 = LINE('',#8192,#8193);
#8192 = CARTESIAN_POINT('',(0.,0.));
#8193 = VECTOR('',#8194,1.);
#8194 = DIRECTION('',(1.,0.));
#8195 = ( GEOMETRIC_REPRESENTATION_CONTEXT(2) 
PARAMETRIC_REPRESENTATION_CONTEXT() REPRESENTATION_CONTEXT('2D SPACE',''
  ) );
#8196 = PCURVE('',#8047,#8197);
#8197 = DEFINITIONAL_REPRESENTATION('',(#8198),#8202);
#8198 = LINE('',#8199,#8200);
#8199 = CARTESIAN_POINT('',(0.,0.));
#8200 = VECTOR('',#8201,1.);
#8201 = DIRECTION('',(1.,0.));
#8202 = ( GEOMETRIC_REPRESENTATION_CONTEXT(2) 
PARAMETRIC_REPRESENTATION_CONTEXT() REPRESENTATION_CONTEXT('2D SPACE',''
  ) );
#8203 = ORIENTED_EDGE('',*,*,#8157,.T.);
#8204 = ORIENTED_EDGE('',*,*,#7929,.F.);
#8205 = ADVANCED_FACE('',(#8206),#8047,.T.);
#8206 = FACE_BOUND('',#8207,.T.);
#8207 = EDGE_LOOP('',(#8208,#8209,#8210,#8211));
#8208 = ORIENTED_EDGE('',*,*,#8183,.F.);
#8209 = ORIENTED_EDGE('',*,*,#8031,.T.);
#8210 = ORIENTED_EDGE('',*,*,#8085,.T.);
#8211 = ORIENTED_EDGE('',*,*,#8134,.F.);
#8212 = ( GEOMETRIC_REPRESENTATION_CONTEXT(3) 
GLOBAL_UNCERTAINTY_ASSIGNED_CONTEXT((#8216)) 
GLOBAL_UNIT_ASSIGNED_CONTEXT((#8213,#8214,#8215)) REPRESENTATION_CONTEXT
('Context #1','3D Context with UNIT and UNCERTAINTY') );
#8213 = ( LENGTH_UNIT() NAMED_UNIT(*) SI_UNIT(.MILLI.,.METRE.) );
#8214 = ( NAMED_UNIT(*) PLANE_ANGLE_UNIT() SI_UNIT($,.RADIAN.) );
#8215 = ( NAMED_UNIT(*) SI_UNIT($,.STERADIAN.) SOLID_ANGLE_UNIT() );
#8216 = UNCERTAINTY_MEASURE_WITH_UNIT(LENGTH_MEASURE(1.E-07),#8213,
  'distance_accuracy_value','confusion accuracy');
#8217 = CONTEXT_DEPENDENT_SHAPE_REPRESENTATION(#8218,#8220);
#8218 = ( REPRESENTATION_RELATIONSHIP('','',#7567,#10) 
REPRESENTATION_RELATIONSHIP_WITH_TRANSFORMATION(#8219) 
SHAPE_REPRESENTATION_RELATIONSHIP() );
#8219 = ITEM_DEFINED_TRANSFORMATION('','',#11,#27);
#8220 = PRODUCT_DEFINITION_SHAPE('Placement','Placement of an item',
  #8221);
#8221 = NEXT_ASSEMBLY_USAGE_OCCURRENCE('18','','',#5,#7562,$);
#8222 = PRODUCT_RELATED_PRODUCT_CATEGORY('part',$,(#7564));
#8223 = SHAPE_DEFINITION_REPRESENTATION(#8224,#8230);
#8224 = PRODUCT_DEFINITION_SHAPE('','',#8225);
#8225 = PRODUCT_DEFINITION('design','',#8226,#8229);
#8226 = PRODUCT_DEFINITION_FORMATION('','',#8227);
#8227 = PRODUCT('Open CASCADE STEP translator 7.9 13.5',
  'Open CASCADE STEP translator 7.9 13.5','',(#8228));
#8228 = PRODUCT_CONTEXT('',#2,'mechanical');
#8229 = PRODUCT_DEFINITION_CONTEXT('part definition',#2,'design');
#8230 = ADVANCED_BREP_SHAPE_REPRESENTATION('',(#11,#8231),#8875);
#8231 = MANIFOLD_SOLID_BREP('',#8232);
#8232 = CLOSED_SHELL('',(#8233,#8459,#8535,#8584,#8633,#8660,#8736,#8785
    ,#8834,#8861,#8868));
#8233 = ADVANCED_FACE('',(#8234,#8353),#8248,.F.);
#8234 = FACE_BOUND('',#8235,.F.);
#8235 = EDGE_LOOP('',(#8236,#8271,#8299,#8327));
#8236 = ORIENTED_EDGE('',*,*,#8237,.F.);
#8237 = EDGE_CURVE('',#8238,#8240,#8242,.T.);
#8238 = VERTEX_POINT('',#8239);
#8239 = CARTESIAN_POINT('',(-14.75,-9.,-200.));
#8240 = VERTEX_POINT('',#8241);
#8241 = CARTESIAN_POINT('',(-14.75,-9.,-168.));
#8242 = SURFACE_CURVE('',#8243,(#8247,#8259),.PCURVE_S1.);
#8243 = LINE('',#8244,#8245);
#8244 = CARTESIAN_POINT('',(-14.75,-9.,-200.));
#8245 = VECTOR('',#8246,1.);
#8246 = DIRECTION('',(0.,0.,1.));
#8247 = PCURVE('',#8248,#8253);
#8248 = PLANE('',#8249);
#8249 = AXIS2_PLACEMENT_3D('',#8250,#8251,#8252);
#8250 = CARTESIAN_POINT('',(-14.75,-9.,-200.));
#8251 = DIRECTION('',(1.,0.,-0.));
#8252 = DIRECTION('',(0.,0.,1.));
#8253 = DEFINITIONAL_REPRESENTATION('',(#8254),#8258);
#8254 = LINE('',#8255,#8256);
#8255 = CARTESIAN_POINT('',(0.,0.));
#8256 = VECTOR('',#8257,1.);
#8257 = DIRECTION('',(1.,0.));
#8258 = ( GEOMETRIC_REPRESENTATION_CONTEXT(2) 
PARAMETRIC_REPRESENTATION_CONTEXT() REPRESENTATION_CONTEXT('2D SPACE',''
  ) );
#8259 = PCURVE('',#8260,#8265);
#8260 = PLANE('',#8261);
#8261 = AXIS2_PLACEMENT_3D('',#8262,#8263,#8264);
#8262 = CARTESIAN_POINT('',(-14.75,-9.,-200.));
#8263 = DIRECTION('',(-0.,1.,0.));
#8264 = DIRECTION('',(0.,0.,1.));
#8265 = DEFINITIONAL_REPRESENTATION('',(#8266),#8270);
#8266 = LINE('',#8267,#8268);
#8267 = CARTESIAN_POINT('',(0.,0.));
#8268 = VECTOR('',#8269,1.);
#8269 = DIRECTION('',(1.,0.));
#8270 = ( GEOMETRIC_REPRESENTATION_CONTEXT(2) 
PARAMETRIC_REPRESENTATION_CONTEXT() REPRESENTATION_CONTEXT('2D SPACE',''
  ) );
#8271 = ORIENTED_EDGE('',*,*,#8272,.T.);
#8272 = EDGE_CURVE('',#8238,#8273,#8275,.T.);
#8273 = VERTEX_POINT('',#8274);
#8274 = CARTESIAN_POINT('',(-14.75,9.,-200.));
#8275 = SURFACE_CURVE('',#8276,(#8280,#8287),.PCURVE_S1.);
#8276 = LINE('',#8277,#8278);
#8277 = CARTESIAN_POINT('',(-14.75,-9.,-200.));
#8278 = VECTOR('',#8279,1.);
#8279 = DIRECTION('',(-0.,1.,0.));
#8280 = PCURVE('',#8248,#8281);
#8281 = DEFINITIONAL_REPRESENTATION('',(#8282),#8286);
#8282 = LINE('',#8283,#8284);
#8283 = CARTESIAN_POINT('',(0.,0.));
#8284 = VECTOR('',#8285,1.);
#8285 = DIRECTION('',(0.,-1.));
#8286 = ( GEOMETRIC_REPRESENTATION_CONTEXT(2) 
PARAMETRIC_REPRESENTATION_CONTEXT() REPRESENTATION_CONTEXT('2D SPACE',''
  ) );
#8287 = PCURVE('',#8288,#8293);
#8288 = PLANE('',#8289);
#8289 = AXIS2_PLACEMENT_3D('',#8290,#8291,#8292);
#8290 = CARTESIAN_POINT('',(-14.75,-9.,-200.));
#8291 = DIRECTION('',(0.,0.,1.));
#8292 = DIRECTION('',(1.,0.,-0.));
#8293 = DEFINITIONAL_REPRESENTATION('',(#8294),#8298);
#8294 = LINE('',#8295,#8296);
#8295 = CARTESIAN_POINT('',(0.,0.));
#8296 = VECTOR('',#8297,1.);
#8297 = DIRECTION('',(0.,1.));
#8298 = ( GEOMETRIC_REPRESENTATION_CONTEXT(2) 
PARAMETRIC_REPRESENTATION_CONTEXT() REPRESENTATION_CONTEXT('2D SPACE',''
  ) );
#8299 = ORIENTED_EDGE('',*,*,#8300,.T.);
#8300 = EDGE_CURVE('',#8273,#8301,#8303,.T.);
#8301 = VERTEX_POINT('',#8302);
#8302 = CARTESIAN_POINT('',(-14.75,9.,-168.));
#8303 = SURFACE_CURVE('',#8304,(#8308,#8315),.PCURVE_S1.);
#8304 = LINE('',#8305,#8306);
#8305 = CARTESIAN_POINT('',(-14.75,9.,-200.));
#8306 = VECTOR('',#8307,1.);
#8307 = DIRECTION('',(0.,0.,1.));
#8308 = PCURVE('',#8248,#8309);
#8309 = DEFINITIONAL_REPRESENTATION('',(#8310),#8314);
#8310 = LINE('',#8311,#8312);
#8311 = CARTESIAN_POINT('',(0.,-18.));
#8312 = VECTOR('',#8313,1.);
#8313 = DIRECTION('',(1.,0.));
#8314 = ( GEOMETRIC_REPRESENTATION_CONTEXT(2) 
PARAMETRIC_REPRESENTATION_CONTEXT() REPRESENTATION_CONTEXT('2D SPACE',''
  ) );
#8315 = PCURVE('',#8316,#8321);
#8316 = PLANE('',#8317);
#8317 = AXIS2_PLACEMENT_3D('',#8318,#8319,#8320);
#8318 = CARTESIAN_POINT('',(-14.75,9.,-200.));
#8319 = DIRECTION('',(-0.,1.,0.));
#8320 = DIRECTION('',(0.,0.,1.));
#8321 = DEFINITIONAL_REPRESENTATION('',(#8322),#8326);
#8322 = LINE('',#8323,#8324);
#8323 = CARTESIAN_POINT('',(0.,0.));
#8324 = VECTOR('',#8325,1.);
#8325 = DIRECTION('',(1.,0.));
#8326 = ( GEOMETRIC_REPRESENTATION_CONTEXT(2) 
PARAMETRIC_REPRESENTATION_CONTEXT() REPRESENTATION_CONTEXT('2D SPACE',''
  ) );
#8327 = ORIENTED_EDGE('',*,*,#8328,.F.);
#8328 = EDGE_CURVE('',#8240,#8301,#8329,.T.);
#8329 = SURFACE_CURVE('',#8330,(#8334,#8341),.PCURVE_S1.);
#8330 = LINE('',#8331,#8332);
#8331 = CARTESIAN_POINT('',(-14.75,-9.,-168.));
#8332 = VECTOR('',#8333,1.);
#8333 = DIRECTION('',(-0.,1.,0.));
#8334 = PCURVE('',#8248,#8335);
#8335 = DEFINITIONAL_REPRESENTATION('',(#8336),#8340);
#8336 = LINE('',#8337,#8338);
#8337 = CARTESIAN_POINT('',(32.,0.));
#8338 = VECTOR('',#8339,1.);
#8339 = DIRECTION('',(0.,-1.));
#8340 = ( GEOMETRIC_REPRESENTATION_CONTEXT(2) 
PARAMETRIC_REPRESENTATION_CONTEXT() REPRESENTATION_CONTEXT('2D SPACE',''
  ) );
#8341 = PCURVE('',#8342,#8347);
#8342 = PLANE('',#8343);
#8343 = AXIS2_PLACEMENT_3D('',#8344,#8345,#8346);
#8344 = CARTESIAN_POINT('',(-14.75,-9.,-168.));
#8345 = DIRECTION('',(0.,0.,1.));
#8346 = DIRECTION('',(1.,0.,-0.));
#8347 = DEFINITIONAL_REPRESENTATION('',(#8348),#8352);
#8348 = LINE('',#8349,#8350);
#8349 = CARTESIAN_POINT('',(0.,0.));
#8350 = VECTOR('',#8351,1.);
#8351 = DIRECTION('',(0.,1.));
#8352 = ( GEOMETRIC_REPRESENTATION_CONTEXT(2) 
PARAMETRIC_REPRESENTATION_CONTEXT() REPRESENTATION_CONTEXT('2D SPACE',''
  ) );
#8353 = FACE_BOUND('',#8354,.F.);
#8354 = EDGE_LOOP('',(#8355,#8383,#8409,#8435));
#8355 = ORIENTED_EDGE('',*,*,#8356,.T.);
#8356 = EDGE_CURVE('',#8357,#8359,#8361,.T.);
#8357 = VERTEX_POINT('',#8358);
#8358 = CARTESIAN_POINT('',(-14.75,8.,-198.));
#8359 = VERTEX_POINT('',#8360);
#8360 = CARTESIAN_POINT('',(-14.75,-8.,-198.));
#8361 = SURFACE_CURVE('',#8362,(#8366,#8372),.PCURVE_S1.);
#8362 = LINE('',#8363,#8364);
#8363 = CARTESIAN_POINT('',(-14.75,-8.5,-198.));
#8364 = VECTOR('',#8365,1.);
#8365 = DIRECTION('',(0.,-1.,0.));
#8366 = PCURVE('',#8248,#8367);
#8367 = DEFINITIONAL_REPRESENTATION('',(#8368),#8371);
#8368 = B_SPLINE_CURVE_WITH_KNOTS('',1,(#8369,#8370),.UNSPECIFIED.,.F.,
  .F.,(2,2),(-16.5,-0.5),.PIECEWISE_BEZIER_KNOTS.);
#8369 = CARTESIAN_POINT('',(2.,-17.));
#8370 = CARTESIAN_POINT('',(2.,-1.));
#8371 = ( GEOMETRIC_REPRESENTATION_CONTEXT(2) 
PARAMETRIC_REPRESENTATION_CONTEXT() REPRESENTATION_CONTEXT('2D SPACE',''
  ) );
#8372 = PCURVE('',#8373,#8378);
#8373 = PLANE('',#8374);
#8374 = AXIS2_PLACEMENT_3D('',#8375,#8376,#8377);
#8375 = CARTESIAN_POINT('',(-14.8,-8.,-198.));
#8376 = DIRECTION('',(0.,0.,1.));
#8377 = DIRECTION('',(1.,0.,-0.));
#8378 = DEFINITIONAL_REPRESENTATION('',(#8379),#8382);
#8379 = B_SPLINE_CURVE_WITH_KNOTS('',1,(#8380,#8381),.UNSPECIFIED.,.F.,
  .F.,(2,2),(-16.5,-0.5),.PIECEWISE_BEZIER_KNOTS.);
#8380 = CARTESIAN_POINT('',(5.E-02,16.));
#8381 = CARTESIAN_POINT('',(5.E-02,0.));
#8382 = ( GEOMETRIC_REPRESENTATION_CONTEXT(2) 
PARAMETRIC_REPRESENTATION_CONTEXT() REPRESENTATION_CONTEXT('2D SPACE',''
  ) );
#8383 = ORIENTED_EDGE('',*,*,#8384,.T.);
#8384 = EDGE_CURVE('',#8359,#8385,#8387,.T.);
#8385 = VERTEX_POINT('',#8386);
#8386 = CARTESIAN_POINT('',(-14.75,-8.,-172.));
#8387 = SURFACE_CURVE('',#8388,(#8392,#8398),.PCURVE_S1.);
#8388 = LINE('',#8389,#8390);
#8389 = CARTESIAN_POINT('',(-14.75,-8.,-199.));
#8390 = VECTOR('',#8391,1.);
#8391 = DIRECTION('',(0.,0.,1.));
#8392 = PCURVE('',#8248,#8393);
#8393 = DEFINITIONAL_REPRESENTATION('',(#8394),#8397);
#8394 = B_SPLINE_CURVE_WITH_KNOTS('',1,(#8395,#8396),.UNSPECIFIED.,.F.,
  .F.,(2,2),(1.,27.),.PIECEWISE_BEZIER_KNOTS.);
#8395 = CARTESIAN_POINT('',(2.,-1.));
#8396 = CARTESIAN_POINT('',(28.,-1.));
#8397 = ( GEOMETRIC_REPRESENTATION_CONTEXT(2) 
PARAMETRIC_REPRESENTATION_CONTEXT() REPRESENTATION_CONTEXT('2D SPACE',''
  ) );
#8398 = PCURVE('',#8399,#8404);
#8399 = PLANE('',#8400);
#8400 = AXIS2_PLACEMENT_3D('',#8401,#8402,#8403);
#8401 = CARTESIAN_POINT('',(-14.8,-8.,-198.));
#8402 = DIRECTION('',(-0.,1.,0.));
#8403 = DIRECTION('',(0.,0.,1.));
#8404 = DEFINITIONAL_REPRESENTATION('',(#8405),#8408);
#8405 = B_SPLINE_CURVE_WITH_KNOTS('',1,(#8406,#8407),.UNSPECIFIED.,.F.,
  .F.,(2,2),(1.,27.),.PIECEWISE_BEZIER_KNOTS.);
#8406 = CARTESIAN_POINT('',(0.,5.E-02));
#8407 = CARTESIAN_POINT('',(26.,5.E-02));
#8408 = ( GEOMETRIC_REPRESENTATION_CONTEXT(2) 
PARAMETRIC_REPRESENTATION_CONTEXT() REPRESENTATION_CONTEXT('2D SPACE',''
  ) );
#8409 = ORIENTED_EDGE('',*,*,#8410,.F.);
#8410 = EDGE_CURVE('',#8411,#8385,#8413,.T.);
#8411 = VERTEX_POINT('',#8412);
#8412 = CARTESIAN_POINT('',(-14.75,8.,-172.));
#8413 = SURFACE_CURVE('',#8414,(#8418,#8424),.PCURVE_S1.);
#8414 = LINE('',#8415,#8416);
#8415 = CARTESIAN_POINT('',(-14.75,-8.5,-172.));
#8416 = VECTOR('',#8417,1.);
#8417 = DIRECTION('',(0.,-1.,0.));
#8418 = PCURVE('',#8248,#8419);
#8419 = DEFINITIONAL_REPRESENTATION('',(#8420),#8423);
#8420 = B_SPLINE_CURVE_WITH_KNOTS('',1,(#8421,#8422),.UNSPECIFIED.,.F.,
  .F.,(2,2),(-16.5,-0.5),.PIECEWISE_BEZIER_KNOTS.);
#8421 = CARTESIAN_POINT('',(28.,-17.));
#8422 = CARTESIAN_POINT('',(28.,-1.));
#8423 = ( GEOMETRIC_REPRESENTATION_CONTEXT(2) 
PARAMETRIC_REPRESENTATION_CONTEXT() REPRESENTATION_CONTEXT('2D SPACE',''
  ) );
#8424 = PCURVE('',#8425,#8430);
#8425 = PLANE('',#8426);
#8426 = AXIS2_PLACEMENT_3D('',#8427,#8428,#8429);
#8427 = CARTESIAN_POINT('',(-14.8,-8.,-172.));
#8428 = DIRECTION('',(0.,0.,1.));
#8429 = DIRECTION('',(1.,0.,-0.));
#8430 = DEFINITIONAL_REPRESENTATION('',(#8431),#8434);
#8431 = B_SPLINE_CURVE_WITH_KNOTS('',1,(#8432,#8433),.UNSPECIFIED.,.F.,
  .F.,(2,2),(-16.5,-0.5),.PIECEWISE_BEZIER_KNOTS.);
#8432 = CARTESIAN_POINT('',(5.E-02,16.));
#8433 = CARTESIAN_POINT('',(5.E-02,0.));
#8434 = ( GEOMETRIC_REPRESENTATION_CONTEXT(2) 
PARAMETRIC_REPRESENTATION_CONTEXT() REPRESENTATION_CONTEXT('2D SPACE',''
  ) );
#8435 = ORIENTED_EDGE('',*,*,#8436,.F.);
#8436 = EDGE_CURVE('',#8357,#8411,#8437,.T.);
#8437 = SURFACE_CURVE('',#8438,(#8442,#8448),.PCURVE_S1.);
#8438 = LINE('',#8439,#8440);
#8439 = CARTESIAN_POINT('',(-14.75,8.,-199.));
#8440 = VECTOR('',#8441,1.);
#8441 = DIRECTION('',(0.,0.,1.));
#8442 = PCURVE('',#8248,#8443);
#8443 = DEFINITIONAL_REPRESENTATION('',(#8444),#8447);
#8444 = B_SPLINE_CURVE_WITH_KNOTS('',1,(#8445,#8446),.UNSPECIFIED.,.F.,
  .F.,(2,2),(1.,27.),.PIECEWISE_BEZIER_KNOTS.);
#8445 = CARTESIAN_POINT('',(2.,-17.));
#8446 = CARTESIAN_POINT('',(28.,-17.));
#8447 = ( GEOMETRIC_REPRESENTATION_CONTEXT(2) 
PARAMETRIC_REPRESENTATION_CONTEXT() REPRESENTATION_CONTEXT('2D SPACE',''
  ) );
#8448 = PCURVE('',#8449,#8454);
#8449 = PLANE('',#8450);
#8450 = AXIS2_PLACEMENT_3D('',#8451,#8452,#8453);
#8451 = CARTESIAN_POINT('',(-14.8,8.,-198.));
#8452 = DIRECTION('',(-0.,1.,0.));
#8453 = DIRECTION('',(0.,0.,1.));
#8454 = DEFINITIONAL_REPRESENTATION('',(#8455),#8458);
#8455 = B_SPLINE_CURVE_WITH_KNOTS('',1,(#8456,#8457),.UNSPECIFIED.,.F.,
  .F.,(2,2),(1.,27.),.PIECEWISE_BEZIER_KNOTS.);
#8456 = CARTESIAN_POINT('',(0.,5.E-02));
#8457 = CARTESIAN_POINT('',(26.,5.E-02));
#8458 = ( GEOMETRIC_REPRESENTATION_CONTEXT(2) 
PARAMETRIC_REPRESENTATION_CONTEXT() REPRESENTATION_CONTEXT('2D SPACE',''
  ) );
#8459 = ADVANCED_FACE('',(#8460),#8260,.F.);
#8460 = FACE_BOUND('',#8461,.F.);
#8461 = EDGE_LOOP('',(#8462,#8485,#8486,#8509));
#8462 = ORIENTED_EDGE('',*,*,#8463,.F.);
#8463 = EDGE_CURVE('',#8238,#8464,#8466,.T.);
#8464 = VERTEX_POINT('',#8465);
#8465 = CARTESIAN_POINT('',(-9.25,-9.,-200.));
#8466 = SURFACE_CURVE('',#8467,(#8471,#8478),.PCURVE_S1.);
#8467 = LINE('',#8468,#8469);
#8468 = CARTESIAN_POINT('',(-14.75,-9.,-200.));
#8469 = VECTOR('',#8470,1.);
#8470 = DIRECTION('',(1.,0.,-0.));
#8471 = PCURVE('',#8260,#8472);
#8472 = DEFINITIONAL_REPRESENTATION('',(#8473),#8477);
#8473 = LINE('',#8474,#8475);
#8474 = CARTESIAN_POINT('',(0.,0.));
#8475 = VECTOR('',#8476,1.);
#8476 = DIRECTION('',(0.,1.));
#8477 = ( GEOMETRIC_REPRESENTATION_CONTEXT(2) 
PARAMETRIC_REPRESENTATION_CONTEXT() REPRESENTATION_CONTEXT('2D SPACE',''
  ) );
#8478 = PCURVE('',#8288,#8479);
#8479 = DEFINITIONAL_REPRESENTATION('',(#8480),#8484);
#8480 = LINE('',#8481,#8482);
#8481 = CARTESIAN_POINT('',(0.,0.));
#8482 = VECTOR('',#8483,1.);
#8483 = DIRECTION('',(1.,0.));
#8484 = ( GEOMETRIC_REPRESENTATION_CONTEXT(2) 
PARAMETRIC_REPRESENTATION_CONTEXT() REPRESENTATION_CONTEXT('2D SPACE',''
  ) );
#8485 = ORIENTED_EDGE('',*,*,#8237,.T.);
#8486 = ORIENTED_EDGE('',*,*,#8487,.T.);
#8487 = EDGE_CURVE('',#8240,#8488,#8490,.T.);
#8488 = VERTEX_POINT('',#8489);
#8489 = CARTESIAN_POINT('',(-9.25,-9.,-168.));
#8490 = SURFACE_CURVE('',#8491,(#8495,#8502),.PCURVE_S1.);
#8491 = LINE('',#8492,#8493);
#8492 = CARTESIAN_POINT('',(-14.75,-9.,-168.));
#8493 = VECTOR('',#8494,1.);
#8494 = DIRECTION('',(1.,0.,-0.));
#8495 = PCURVE('',#8260,#8496);
#8496 = DEFINITIONAL_REPRESENTATION('',(#8497),#8501);
#8497 = LINE('',#8498,#8499);
#8498 = CARTESIAN_POINT('',(32.,0.));
#8499 = VECTOR('',#8500,1.);
#8500 = DIRECTION('',(0.,1.));
#8501 = ( GEOMETRIC_REPRESENTATION_CONTEXT(2) 
PARAMETRIC_REPRESENTATION_CONTEXT() REPRESENTATION_CONTEXT('2D SPACE',''
  ) );
#8502 = PCURVE('',#8342,#8503);
#8503 = DEFINITIONAL_REPRESENTATION('',(#8504),#8508);
#8504 = LINE('',#8505,#8506);
#8505 = CARTESIAN_POINT('',(0.,0.));
#8506 = VECTOR('',#8507,1.);
#8507 = DIRECTION('',(1.,0.));
#8508 = ( GEOMETRIC_REPRESENTATION_CONTEXT(2) 
PARAMETRIC_REPRESENTATION_CONTEXT() REPRESENTATION_CONTEXT('2D SPACE',''
  ) );
#8509 = ORIENTED_EDGE('',*,*,#8510,.F.);
#8510 = EDGE_CURVE('',#8464,#8488,#8511,.T.);
#8511 = SURFACE_CURVE('',#8512,(#8516,#8523),.PCURVE_S1.);
#8512 = LINE('',#8513,#8514);
#8513 = CARTESIAN_POINT('',(-9.25,-9.,-200.));
#8514 = VECTOR('',#8515,1.);
#8515 = DIRECTION('',(0.,0.,1.));
#8516 = PCURVE('',#8260,#8517);
#8517 = DEFINITIONAL_REPRESENTATION('',(#8518),#8522);
#8518 = LINE('',#8519,#8520);
#8519 = CARTESIAN_POINT('',(0.,5.5));
#8520 = VECTOR('',#8521,1.);
#8521 = DIRECTION('',(1.,0.));
#8522 = ( GEOMETRIC_REPRESENTATION_CONTEXT(2) 
PARAMETRIC_REPRESENTATION_CONTEXT() REPRESENTATION_CONTEXT('2D SPACE',''
  ) );
#8523 = PCURVE('',#8524,#8529);
#8524 = PLANE('',#8525);
#8525 = AXIS2_PLACEMENT_3D('',#8526,#8527,#8528);
#8526 = CARTESIAN_POINT('',(-9.25,-9.,-200.));
#8527 = DIRECTION('',(1.,0.,-0.));
#8528 = DIRECTION('',(0.,0.,1.));
#8529 = DEFINITIONAL_REPRESENTATION('',(#8530),#8534);
#8530 = LINE('',#8531,#8532);
#8531 = CARTESIAN_POINT('',(0.,0.));
#8532 = VECTOR('',#8533,1.);
#8533 = DIRECTION('',(1.,0.));
#8534 = ( GEOMETRIC_REPRESENTATION_CONTEXT(2) 
PARAMETRIC_REPRESENTATION_CONTEXT() REPRESENTATION_CONTEXT('2D SPACE',''
  ) );
#8535 = ADVANCED_FACE('',(#8536),#8342,.T.);
#8536 = FACE_BOUND('',#8537,.T.);
#8537 = EDGE_LOOP('',(#8538,#8539,#8540,#8563));
#8538 = ORIENTED_EDGE('',*,*,#8328,.F.);
#8539 = ORIENTED_EDGE('',*,*,#8487,.T.);
#8540 = ORIENTED_EDGE('',*,*,#8541,.T.);
#8541 = EDGE_CURVE('',#8488,#8542,#8544,.T.);
#8542 = VERTEX_POINT('',#8543);
#8543 = CARTESIAN_POINT('',(-9.25,9.,-168.));
#8544 = SURFACE_CURVE('',#8545,(#8549,#8556),.PCURVE_S1.);
#8545 = LINE('',#8546,#8547);
#8546 = CARTESIAN_POINT('',(-9.25,-9.,-168.));
#8547 = VECTOR('',#8548,1.);
#8548 = DIRECTION('',(-0.,1.,0.));
#8549 = PCURVE('',#8342,#8550);
#8550 = DEFINITIONAL_REPRESENTATION('',(#8551),#8555);
#8551 = LINE('',#8552,#8553);
#8552 = CARTESIAN_POINT('',(5.5,0.));
#8553 = VECTOR('',#8554,1.);
#8554 = DIRECTION('',(0.,1.));
#8555 = ( GEOMETRIC_REPRESENTATION_CONTEXT(2) 
PARAMETRIC_REPRESENTATION_CONTEXT() REPRESENTATION_CONTEXT('2D SPACE',''
  ) );
#8556 = PCURVE('',#8524,#8557);
#8557 = DEFINITIONAL_REPRESENTATION('',(#8558),#8562);
#8558 = LINE('',#8559,#8560);
#8559 = CARTESIAN_POINT('',(32.,0.));
#8560 = VECTOR('',#8561,1.);
#8561 = DIRECTION('',(0.,-1.));
#8562 = ( GEOMETRIC_REPRESENTATION_CONTEXT(2) 
PARAMETRIC_REPRESENTATION_CONTEXT() REPRESENTATION_CONTEXT('2D SPACE',''
  ) );
#8563 = ORIENTED_EDGE('',*,*,#8564,.F.);
#8564 = EDGE_CURVE('',#8301,#8542,#8565,.T.);
#8565 = SURFACE_CURVE('',#8566,(#8570,#8577),.PCURVE_S1.);
#8566 = LINE('',#8567,#8568);
#8567 = CARTESIAN_POINT('',(-14.75,9.,-168.));
#8568 = VECTOR('',#8569,1.);
#8569 = DIRECTION('',(1.,0.,-0.));
#8570 = PCURVE('',#8342,#8571);
#8571 = DEFINITIONAL_REPRESENTATION('',(#8572),#8576);
#8572 = LINE('',#8573,#8574);
#8573 = CARTESIAN_POINT('',(0.,18.));
#8574 = VECTOR('',#8575,1.);
#8575 = DIRECTION('',(1.,0.));
#8576 = ( GEOMETRIC_REPRESENTATION_CONTEXT(2) 
PARAMETRIC_REPRESENTATION_CONTEXT() REPRESENTATION_CONTEXT('2D SPACE',''
  ) );
#8577 = PCURVE('',#8316,#8578);
#8578 = DEFINITIONAL_REPRESENTATION('',(#8579),#8583);
#8579 = LINE('',#8580,#8581);
#8580 = CARTESIAN_POINT('',(32.,0.));
#8581 = VECTOR('',#8582,1.);
#8582 = DIRECTION('',(0.,1.));
#8583 = ( GEOMETRIC_REPRESENTATION_CONTEXT(2) 
PARAMETRIC_REPRESENTATION_CONTEXT() REPRESENTATION_CONTEXT('2D SPACE',''
  ) );
#8584 = ADVANCED_FACE('',(#8585),#8288,.F.);
#8585 = FACE_BOUND('',#8586,.F.);
#8586 = EDGE_LOOP('',(#8587,#8588,#8589,#8612));
#8587 = ORIENTED_EDGE('',*,*,#8272,.F.);
#8588 = ORIENTED_EDGE('',*,*,#8463,.T.);
#8589 = ORIENTED_EDGE('',*,*,#8590,.T.);
#8590 = EDGE_CURVE('',#8464,#8591,#8593,.T.);
#8591 = VERTEX_POINT('',#8592);
#8592 = CARTESIAN_POINT('',(-9.25,9.,-200.));
#8593 = SURFACE_CURVE('',#8594,(#8598,#8605),.PCURVE_S1.);
#8594 = LINE('',#8595,#8596);
#8595 = CARTESIAN_POINT('',(-9.25,-9.,-200.));
#8596 = VECTOR('',#8597,1.);
#8597 = DIRECTION('',(-0.,1.,0.));
#8598 = PCURVE('',#8288,#8599);
#8599 = DEFINITIONAL_REPRESENTATION('',(#8600),#8604);
#8600 = LINE('',#8601,#8602);
#8601 = CARTESIAN_POINT('',(5.5,0.));
#8602 = VECTOR('',#8603,1.);
#8603 = DIRECTION('',(0.,1.));
#8604 = ( GEOMETRIC_REPRESENTATION_CONTEXT(2) 
PARAMETRIC_REPRESENTATION_CONTEXT() REPRESENTATION_CONTEXT('2D SPACE',''
  ) );
#8605 = PCURVE('',#8524,#8606);
#8606 = DEFINITIONAL_REPRESENTATION('',(#8607),#8611);
#8607 = LINE('',#8608,#8609);
#8608 = CARTESIAN_POINT('',(0.,0.));
#8609 = VECTOR('',#8610,1.);
#8610 = DIRECTION('',(0.,-1.));
#8611 = ( GEOMETRIC_REPRESENTATION_CONTEXT(2) 
PARAMETRIC_REPRESENTATION_CONTEXT() REPRESENTATION_CONTEXT('2D SPACE',''
  ) );
#8612 = ORIENTED_EDGE('',*,*,#8613,.F.);
#8613 = EDGE_CURVE('',#8273,#8591,#8614,.T.);
#8614 = SURFACE_CURVE('',#8615,(#8619,#8626),.PCURVE_S1.);
#8615 = LINE('',#8616,#8617);
#8616 = CARTESIAN_POINT('',(-14.75,9.,-200.));
#8617 = VECTOR('',#8618,1.);
#8618 = DIRECTION('',(1.,0.,-0.));
#8619 = PCURVE('',#8288,#8620);
#8620 = DEFINITIONAL_REPRESENTATION('',(#8621),#8625);
#8621 = LINE('',#8622,#8623);
#8622 = CARTESIAN_POINT('',(0.,18.));
#8623 = VECTOR('',#8624,1.);
#8624 = DIRECTION('',(1.,0.));
#8625 = ( GEOMETRIC_REPRESENTATION_CONTEXT(2) 
PARAMETRIC_REPRESENTATION_CONTEXT() REPRESENTATION_CONTEXT('2D SPACE',''
  ) );
#8626 = PCURVE('',#8316,#8627);
#8627 = DEFINITIONAL_REPRESENTATION('',(#8628),#8632);
#8628 = LINE('',#8629,#8630);
#8629 = CARTESIAN_POINT('',(0.,0.));
#8630 = VECTOR('',#8631,1.);
#8631 = DIRECTION('',(0.,1.));
#8632 = ( GEOMETRIC_REPRESENTATION_CONTEXT(2) 
PARAMETRIC_REPRESENTATION_CONTEXT() REPRESENTATION_CONTEXT('2D SPACE',''
  ) );
#8633 = ADVANCED_FACE('',(#8634),#8316,.T.);
#8634 = FACE_BOUND('',#8635,.T.);
#8635 = EDGE_LOOP('',(#8636,#8637,#8638,#8639));
#8636 = ORIENTED_EDGE('',*,*,#8613,.F.);
#8637 = ORIENTED_EDGE('',*,*,#8300,.T.);
#8638 = ORIENTED_EDGE('',*,*,#8564,.T.);
#8639 = ORIENTED_EDGE('',*,*,#8640,.F.);
#8640 = EDGE_CURVE('',#8591,#8542,#8641,.T.);
#8641 = SURFACE_CURVE('',#8642,(#8646,#8653),.PCURVE_S1.);
#8642 = LINE('',#8643,#8644);
#8643 = CARTESIAN_POINT('',(-9.25,9.,-200.));
#8644 = VECTOR('',#8645,1.);
#8645 = DIRECTION('',(0.,0.,1.));
#8646 = PCURVE('',#8316,#8647);
#8647 = DEFINITIONAL_REPRESENTATION('',(#8648),#8652);
#8648 = LINE('',#8649,#8650);
#8649 = CARTESIAN_POINT('',(0.,5.5));
#8650 = VECTOR('',#8651,1.);
#8651 = DIRECTION('',(1.,0.));
#8652 = ( GEOMETRIC_REPRESENTATION_CONTEXT(2) 
PARAMETRIC_REPRESENTATION_CONTEXT() REPRESENTATION_CONTEXT('2D SPACE',''
  ) );
#8653 = PCURVE('',#8524,#8654);
#8654 = DEFINITIONAL_REPRESENTATION('',(#8655),#8659);
#8655 = LINE('',#8656,#8657);
#8656 = CARTESIAN_POINT('',(0.,-18.));
#8657 = VECTOR('',#8658,1.);
#8658 = DIRECTION('',(1.,0.));
#8659 = ( GEOMETRIC_REPRESENTATION_CONTEXT(2) 
PARAMETRIC_REPRESENTATION_CONTEXT() REPRESENTATION_CONTEXT('2D SPACE',''
  ) );
#8660 = ADVANCED_FACE('',(#8661),#8373,.T.);
#8661 = FACE_BOUND('',#8662,.T.);
#8662 = EDGE_LOOP('',(#8663,#8686,#8687,#8710));
#8663 = ORIENTED_EDGE('',*,*,#8664,.F.);
#8664 = EDGE_CURVE('',#8357,#8665,#8667,.T.);
#8665 = VERTEX_POINT('',#8666);
#8666 = CARTESIAN_POINT('',(-13.6,8.,-198.));
#8667 = SURFACE_CURVE('',#8668,(#8672,#8679),.PCURVE_S1.);
#8668 = LINE('',#8669,#8670);
#8669 = CARTESIAN_POINT('',(-14.8,8.,-198.));
#8670 = VECTOR('',#8671,1.);
#8671 = DIRECTION('',(1.,0.,-0.));
#8672 = PCURVE('',#8373,#8673);
#8673 = DEFINITIONAL_REPRESENTATION('',(#8674),#8678);
#8674 = LINE('',#8675,#8676);
#8675 = CARTESIAN_POINT('',(0.,16.));
#8676 = VECTOR('',#8677,1.);
#8677 = DIRECTION('',(1.,0.));
#8678 = ( GEOMETRIC_REPRESENTATION_CONTEXT(2) 
PARAMETRIC_REPRESENTATION_CONTEXT() REPRESENTATION_CONTEXT('2D SPACE',''
  ) );
#8679 = PCURVE('',#8449,#8680);
#8680 = DEFINITIONAL_REPRESENTATION('',(#8681),#8685);
#8681 = LINE('',#8682,#8683);
#8682 = CARTESIAN_POINT('',(0.,0.));
#8683 = VECTOR('',#8684,1.);
#8684 = DIRECTION('',(0.,1.));
#8685 = ( GEOMETRIC_REPRESENTATION_CONTEXT(2) 
PARAMETRIC_REPRESENTATION_CONTEXT() REPRESENTATION_CONTEXT('2D SPACE',''
  ) );
#8686 = ORIENTED_EDGE('',*,*,#8356,.T.);
#8687 = ORIENTED_EDGE('',*,*,#8688,.T.);
#8688 = EDGE_CURVE('',#8359,#8689,#8691,.T.);
#8689 = VERTEX_POINT('',#8690);
#8690 = CARTESIAN_POINT('',(-13.6,-8.,-198.));
#8691 = SURFACE_CURVE('',#8692,(#8696,#8703),.PCURVE_S1.);
#8692 = LINE('',#8693,#8694);
#8693 = CARTESIAN_POINT('',(-14.8,-8.,-198.));
#8694 = VECTOR('',#8695,1.);
#8695 = DIRECTION('',(1.,0.,-0.));
#8696 = PCURVE('',#8373,#8697);
#8697 = DEFINITIONAL_REPRESENTATION('',(#8698),#8702);
#8698 = LINE('',#8699,#8700);
#8699 = CARTESIAN_POINT('',(0.,0.));
#8700 = VECTOR('',#8701,1.);
#8701 = DIRECTION('',(1.,0.));
#8702 = ( GEOMETRIC_REPRESENTATION_CONTEXT(2) 
PARAMETRIC_REPRESENTATION_CONTEXT() REPRESENTATION_CONTEXT('2D SPACE',''
  ) );
#8703 = PCURVE('',#8399,#8704);
#8704 = DEFINITIONAL_REPRESENTATION('',(#8705),#8709);
#8705 = LINE('',#8706,#8707);
#8706 = CARTESIAN_POINT('',(0.,0.));
#8707 = VECTOR('',#8708,1.);
#8708 = DIRECTION('',(0.,1.));
#8709 = ( GEOMETRIC_REPRESENTATION_CONTEXT(2) 
PARAMETRIC_REPRESENTATION_CONTEXT() REPRESENTATION_CONTEXT('2D SPACE',''
  ) );
#8710 = ORIENTED_EDGE('',*,*,#8711,.T.);
#8711 = EDGE_CURVE('',#8689,#8665,#8712,.T.);
#8712 = SURFACE_CURVE('',#8713,(#8717,#8724),.PCURVE_S1.);
#8713 = LINE('',#8714,#8715);
#8714 = CARTESIAN_POINT('',(-13.6,-8.,-198.));
#8715 = VECTOR('',#8716,1.);
#8716 = DIRECTION('',(-0.,1.,0.));
#8717 = PCURVE('',#8373,#8718);
#8718 = DEFINITIONAL_REPRESENTATION('',(#8719),#8723);
#8719 = LINE('',#8720,#8721);
#8720 = CARTESIAN_POINT('',(1.2,0.));
#8721 = VECTOR('',#8722,1.);
#8722 = DIRECTION('',(0.,1.));
#8723 = ( GEOMETRIC_REPRESENTATION_CONTEXT(2) 
PARAMETRIC_REPRESENTATION_CONTEXT() REPRESENTATION_CONTEXT('2D SPACE',''
  ) );
#8724 = PCURVE('',#8725,#8730);
#8725 = PLANE('',#8726);
#8726 = AXIS2_PLACEMENT_3D('',#8727,#8728,#8729);
#8727 = CARTESIAN_POINT('',(-13.6,-8.,-198.));
#8728 = DIRECTION('',(1.,0.,-0.));
#8729 = DIRECTION('',(0.,0.,1.));
#8730 = DEFINITIONAL_REPRESENTATION('',(#8731),#8735);
#8731 = LINE('',#8732,#8733);
#8732 = CARTESIAN_POINT('',(0.,0.));
#8733 = VECTOR('',#8734,1.);
#8734 = DIRECTION('',(0.,-1.));
#8735 = ( GEOMETRIC_REPRESENTATION_CONTEXT(2) 
PARAMETRIC_REPRESENTATION_CONTEXT() REPRESENTATION_CONTEXT('2D SPACE',''
  ) );
#8736 = ADVANCED_FACE('',(#8737),#8449,.F.);
#8737 = FACE_BOUND('',#8738,.F.);
#8738 = EDGE_LOOP('',(#8739,#8740,#8741,#8764));
#8739 = ORIENTED_EDGE('',*,*,#8664,.F.);
#8740 = ORIENTED_EDGE('',*,*,#8436,.T.);
#8741 = ORIENTED_EDGE('',*,*,#8742,.T.);
#8742 = EDGE_CURVE('',#8411,#8743,#8745,.T.);
#8743 = VERTEX_POINT('',#8744);
#8744 = CARTESIAN_POINT('',(-13.6,8.,-172.));
#8745 = SURFACE_CURVE('',#8746,(#8750,#8757),.PCURVE_S1.);
#8746 = LINE('',#8747,#8748);
#8747 = CARTESIAN_POINT('',(-14.8,8.,-172.));
#8748 = VECTOR('',#8749,1.);
#8749 = DIRECTION('',(1.,0.,-0.));
#8750 = PCURVE('',#8449,#8751);
#8751 = DEFINITIONAL_REPRESENTATION('',(#8752),#8756);
#8752 = LINE('',#8753,#8754);
#8753 = CARTESIAN_POINT('',(26.,0.));
#8754 = VECTOR('',#8755,1.);
#8755 = DIRECTION('',(0.,1.));
#8756 = ( GEOMETRIC_REPRESENTATION_CONTEXT(2) 
PARAMETRIC_REPRESENTATION_CONTEXT() REPRESENTATION_CONTEXT('2D SPACE',''
  ) );
#8757 = PCURVE('',#8425,#8758);
#8758 = DEFINITIONAL_REPRESENTATION('',(#8759),#8763);
#8759 = LINE('',#8760,#8761);
#8760 = CARTESIAN_POINT('',(0.,16.));
#8761 = VECTOR('',#8762,1.);
#8762 = DIRECTION('',(1.,0.));
#8763 = ( GEOMETRIC_REPRESENTATION_CONTEXT(2) 
PARAMETRIC_REPRESENTATION_CONTEXT() REPRESENTATION_CONTEXT('2D SPACE',''
  ) );
#8764 = ORIENTED_EDGE('',*,*,#8765,.F.);
#8765 = EDGE_CURVE('',#8665,#8743,#8766,.T.);
#8766 = SURFACE_CURVE('',#8767,(#8771,#8778),.PCURVE_S1.);
#8767 = LINE('',#8768,#8769);
#8768 = CARTESIAN_POINT('',(-13.6,8.,-198.));
#8769 = VECTOR('',#8770,1.);
#8770 = DIRECTION('',(0.,0.,1.));
#8771 = PCURVE('',#8449,#8772);
#8772 = DEFINITIONAL_REPRESENTATION('',(#8773),#8777);
#8773 = LINE('',#8774,#8775);
#8774 = CARTESIAN_POINT('',(0.,1.2));
#8775 = VECTOR('',#8776,1.);
#8776 = DIRECTION('',(1.,0.));
#8777 = ( GEOMETRIC_REPRESENTATION_CONTEXT(2) 
PARAMETRIC_REPRESENTATION_CONTEXT() REPRESENTATION_CONTEXT('2D SPACE',''
  ) );
#8778 = PCURVE('',#8725,#8779);
#8779 = DEFINITIONAL_REPRESENTATION('',(#8780),#8784);
#8780 = LINE('',#8781,#8782);
#8781 = CARTESIAN_POINT('',(0.,-16.));
#8782 = VECTOR('',#8783,1.);
#8783 = DIRECTION('',(1.,0.));
#8784 = ( GEOMETRIC_REPRESENTATION_CONTEXT(2) 
PARAMETRIC_REPRESENTATION_CONTEXT() REPRESENTATION_CONTEXT('2D SPACE',''
  ) );
#8785 = ADVANCED_FACE('',(#8786),#8425,.F.);
#8786 = FACE_BOUND('',#8787,.F.);
#8787 = EDGE_LOOP('',(#8788,#8789,#8790,#8813));
#8788 = ORIENTED_EDGE('',*,*,#8742,.F.);
#8789 = ORIENTED_EDGE('',*,*,#8410,.T.);
#8790 = ORIENTED_EDGE('',*,*,#8791,.T.);
#8791 = EDGE_CURVE('',#8385,#8792,#8794,.T.);
#8792 = VERTEX_POINT('',#8793);
#8793 = CARTESIAN_POINT('',(-13.6,-8.,-172.));
#8794 = SURFACE_CURVE('',#8795,(#8799,#8806),.PCURVE_S1.);
#8795 = LINE('',#8796,#8797);
#8796 = CARTESIAN_POINT('',(-14.8,-8.,-172.));
#8797 = VECTOR('',#8798,1.);
#8798 = DIRECTION('',(1.,0.,-0.));
#8799 = PCURVE('',#8425,#8800);
#8800 = DEFINITIONAL_REPRESENTATION('',(#8801),#8805);
#8801 = LINE('',#8802,#8803);
#8802 = CARTESIAN_POINT('',(0.,0.));
#8803 = VECTOR('',#8804,1.);
#8804 = DIRECTION('',(1.,0.));
#8805 = ( GEOMETRIC_REPRESENTATION_CONTEXT(2) 
PARAMETRIC_REPRESENTATION_CONTEXT() REPRESENTATION_CONTEXT('2D SPACE',''
  ) );
#8806 = PCURVE('',#8399,#8807);
#8807 = DEFINITIONAL_REPRESENTATION('',(#8808),#8812);
#8808 = LINE('',#8809,#8810);
#8809 = CARTESIAN_POINT('',(26.,0.));
#8810 = VECTOR('',#8811,1.);
#8811 = DIRECTION('',(0.,1.));
#8812 = ( GEOMETRIC_REPRESENTATION_CONTEXT(2) 
PARAMETRIC_REPRESENTATION_CONTEXT() REPRESENTATION_CONTEXT('2D SPACE',''
  ) );
#8813 = ORIENTED_EDGE('',*,*,#8814,.T.);
#8814 = EDGE_CURVE('',#8792,#8743,#8815,.T.);
#8815 = SURFACE_CURVE('',#8816,(#8820,#8827),.PCURVE_S1.);
#8816 = LINE('',#8817,#8818);
#8817 = CARTESIAN_POINT('',(-13.6,-8.,-172.));
#8818 = VECTOR('',#8819,1.);
#8819 = DIRECTION('',(-0.,1.,0.));
#8820 = PCURVE('',#8425,#8821);
#8821 = DEFINITIONAL_REPRESENTATION('',(#8822),#8826);
#8822 = LINE('',#8823,#8824);
#8823 = CARTESIAN_POINT('',(1.2,0.));
#8824 = VECTOR('',#8825,1.);
#8825 = DIRECTION('',(0.,1.));
#8826 = ( GEOMETRIC_REPRESENTATION_CONTEXT(2) 
PARAMETRIC_REPRESENTATION_CONTEXT() REPRESENTATION_CONTEXT('2D SPACE',''
  ) );
#8827 = PCURVE('',#8725,#8828);
#8828 = DEFINITIONAL_REPRESENTATION('',(#8829),#8833);
#8829 = LINE('',#8830,#8831);
#8830 = CARTESIAN_POINT('',(26.,0.));
#8831 = VECTOR('',#8832,1.);
#8832 = DIRECTION('',(0.,-1.));
#8833 = ( GEOMETRIC_REPRESENTATION_CONTEXT(2) 
PARAMETRIC_REPRESENTATION_CONTEXT() REPRESENTATION_CONTEXT('2D SPACE',''
  ) );
#8834 = ADVANCED_FACE('',(#8835),#8399,.T.);
#8835 = FACE_BOUND('',#8836,.T.);
#8836 = EDGE_LOOP('',(#8837,#8838,#8839,#8840));
#8837 = ORIENTED_EDGE('',*,*,#8688,.F.);
#8838 = ORIENTED_EDGE('',*,*,#8384,.T.);
#8839 = ORIENTED_EDGE('',*,*,#8791,.T.);
#8840 = ORIENTED_EDGE('',*,*,#8841,.F.);
#8841 = EDGE_CURVE('',#8689,#8792,#8842,.T.);
#8842 = SURFACE_CURVE('',#8843,(#8847,#8854),.PCURVE_S1.);
#8843 = LINE('',#8844,#8845);
#8844 = CARTESIAN_POINT('',(-13.6,-8.,-198.));
#8845 = VECTOR('',#8846,1.);
#8846 = DIRECTION('',(0.,0.,1.));
#8847 = PCURVE('',#8399,#8848);
#8848 = DEFINITIONAL_REPRESENTATION('',(#8849),#8853);
#8849 = LINE('',#8850,#8851);
#8850 = CARTESIAN_POINT('',(0.,1.2));
#8851 = VECTOR('',#8852,1.);
#8852 = DIRECTION('',(1.,0.));
#8853 = ( GEOMETRIC_REPRESENTATION_CONTEXT(2) 
PARAMETRIC_REPRESENTATION_CONTEXT() REPRESENTATION_CONTEXT('2D SPACE',''
  ) );
#8854 = PCURVE('',#8725,#8855);
#8855 = DEFINITIONAL_REPRESENTATION('',(#8856),#8860);
#8856 = LINE('',#8857,#8858);
#8857 = CARTESIAN_POINT('',(0.,0.));
#8858 = VECTOR('',#8859,1.);
#8859 = DIRECTION('',(1.,0.));
#8860 = ( GEOMETRIC_REPRESENTATION_CONTEXT(2) 
PARAMETRIC_REPRESENTATION_CONTEXT() REPRESENTATION_CONTEXT('2D SPACE',''
  ) );
#8861 = ADVANCED_FACE('',(#8862),#8524,.T.);
#8862 = FACE_BOUND('',#8863,.T.);
#8863 = EDGE_LOOP('',(#8864,#8865,#8866,#8867));
#8864 = ORIENTED_EDGE('',*,*,#8510,.F.);
#8865 = ORIENTED_EDGE('',*,*,#8590,.T.);
#8866 = ORIENTED_EDGE('',*,*,#8640,.T.);
#8867 = ORIENTED_EDGE('',*,*,#8541,.F.);
#8868 = ADVANCED_FACE('',(#8869),#8725,.F.);
#8869 = FACE_BOUND('',#8870,.F.);
#8870 = EDGE_LOOP('',(#8871,#8872,#8873,#8874));
#8871 = ORIENTED_EDGE('',*,*,#8841,.F.);
#8872 = ORIENTED_EDGE('',*,*,#8711,.T.);
#8873 = ORIENTED_EDGE('',*,*,#8765,.T.);
#8874 = ORIENTED_EDGE('',*,*,#8814,.F.);
#8875 = ( GEOMETRIC_REPRESENTATION_CONTEXT(3) 
GLOBAL_UNCERTAINTY_ASSIGNED_CONTEXT((#8879)) 
GLOBAL_UNIT_ASSIGNED_CONTEXT((#8876,#8877,#8878)) REPRESENTATION_CONTEXT
('Context #1','3D Context with UNIT and UNCERTAINTY') );
#8876 = ( LENGTH_UNIT() NAMED_UNIT(*) SI_UNIT(.MILLI.,.METRE.) );
#8877 = ( NAMED_UNIT(*) PLANE_ANGLE_UNIT() SI_UNIT($,.RADIAN.) );
#8878 = ( NAMED_UNIT(*) SI_UNIT($,.STERADIAN.) SOLID_ANGLE_UNIT() );
#8879 = UNCERTAINTY_MEASURE_WITH_UNIT(LENGTH_MEASURE(1.E-07),#8876,
  'distance_accuracy_value','confusion accuracy');
#8880 = CONTEXT_DEPENDENT_SHAPE_REPRESENTATION(#8881,#8883);
#8881 = ( REPRESENTATION_RELATIONSHIP('','',#8230,#10) 
REPRESENTATION_RELATIONSHIP_WITH_TRANSFORMATION(#8882) 
SHAPE_REPRESENTATION_RELATIONSHIP() );
#8882 = ITEM_DEFINED_TRANSFORMATION('','',#11,#31);
#8883 = PRODUCT_DEFINITION_SHAPE('Placement','Placement of an item',
  #8884);
#8884 = NEXT_ASSEMBLY_USAGE_OCCURRENCE('19','','',#5,#8225,$);
#8885 = PRODUCT_RELATED_PRODUCT_CATEGORY('part',$,(#8227));
#8886 = SHAPE_DEFINITION_REPRESENTATION(#8887,#8893);
#8887 = PRODUCT_DEFINITION_SHAPE('','',#8888);
#8888 = PRODUCT_DEFINITION('design','',#8889,#8892);
#8889 = PRODUCT_DEFINITION_FORMATION('','',#8890);
#8890 = PRODUCT('Open CASCADE STEP translator 7.9 13.6',
  'Open CASCADE STEP translator 7.9 13.6','',(#8891));
#8891 = PRODUCT_CONTEXT('',#2,'mechanical');
#8892 = PRODUCT_DEFINITION_CONTEXT('part definition',#2,'design');
#8893 = ADVANCED_BREP_SHAPE_REPRESENTATION('',(#11,#8894),#10480);
#8894 = MANIFOLD_SOLID_BREP('',#8895);
#8895 = CLOSED_SHELL('',(#8896,#9016,#9092,#9141,#9190,#9217,#9648,#9724
    ,#9773,#9822,#9849,#9925,#9974,#10023,#10050,#10126,#10175,#10224,
    #10251,#10327,#10376,#10425,#10452,#10459,#10466,#10473));
#8896 = ADVANCED_FACE('',(#8897),#8911,.F.);
#8897 = FACE_BOUND('',#8898,.F.);
#8898 = EDGE_LOOP('',(#8899,#8934,#8962,#8990));
#8899 = ORIENTED_EDGE('',*,*,#8900,.F.);
#8900 = EDGE_CURVE('',#8901,#8903,#8905,.T.);
#8901 = VERTEX_POINT('',#8902);
#8902 = CARTESIAN_POINT('',(-37.25,-8.,-198.));
#8903 = VERTEX_POINT('',#8904);
#8904 = CARTESIAN_POINT('',(-37.25,-8.,-172.));
#8905 = SURFACE_CURVE('',#8906,(#8910,#8922),.PCURVE_S1.);
#8906 = LINE('',#8907,#8908);
#8907 = CARTESIAN_POINT('',(-37.25,-8.,-198.));
#8908 = VECTOR('',#8909,1.);
#8909 = DIRECTION('',(0.,0.,1.));
#8910 = PCURVE('',#8911,#8916);
#8911 = PLANE('',#8912);
#8912 = AXIS2_PLACEMENT_3D('',#8913,#8914,#8915);
#8913 = CARTESIAN_POINT('',(-37.25,-8.,-198.));
#8914 = DIRECTION('',(1.,0.,-0.));
#8915 = DIRECTION('',(0.,0.,1.));
#8916 = DEFINITIONAL_REPRESENTATION('',(#8917),#8921);
#8917 = LINE('',#8918,#8919);
#8918 = CARTESIAN_POINT('',(0.,0.));
#8919 = VECTOR('',#8920,1.);
#8920 = DIRECTION('',(1.,0.));
#8921 = ( GEOMETRIC_REPRESENTATION_CONTEXT(2) 
PARAMETRIC_REPRESENTATION_CONTEXT() REPRESENTATION_CONTEXT('2D SPACE',''
  ) );
#8922 = PCURVE('',#8923,#8928);
#8923 = PLANE('',#8924);
#8924 = AXIS2_PLACEMENT_3D('',#8925,#8926,#8927);
#8925 = CARTESIAN_POINT('',(-37.25,-8.,-198.));
#8926 = DIRECTION('',(-0.,1.,0.));
#8927 = DIRECTION('',(0.,0.,1.));
#8928 = DEFINITIONAL_REPRESENTATION('',(#8929),#8933);
#8929 = LINE('',#8930,#8931);
#8930 = CARTESIAN_POINT('',(0.,0.));
#8931 = VECTOR('',#8932,1.);
#8932 = DIRECTION('',(1.,0.));
#8933 = ( GEOMETRIC_REPRESENTATION_CONTEXT(2) 
PARAMETRIC_REPRESENTATION_CONTEXT() REPRESENTATION_CONTEXT('2D SPACE',''
  ) );
#8934 = ORIENTED_EDGE('',*,*,#8935,.T.);
#8935 = EDGE_CURVE('',#8901,#8936,#8938,.T.);
#8936 = VERTEX_POINT('',#8937);
#8937 = CARTESIAN_POINT('',(-37.25,8.,-198.));
#8938 = SURFACE_CURVE('',#8939,(#8943,#8950),.PCURVE_S1.);
#8939 = LINE('',#8940,#8941);
#8940 = CARTESIAN_POINT('',(-37.25,-8.,-198.));
#8941 = VECTOR('',#8942,1.);
#8942 = DIRECTION('',(-0.,1.,0.));
#8943 = PCURVE('',#8911,#8944);
#8944 = DEFINITIONAL_REPRESENTATION('',(#8945),#8949);
#8945 = LINE('',#8946,#8947);
#8946 = CARTESIAN_POINT('',(0.,0.));
#8947 = VECTOR('',#8948,1.);
#8948 = DIRECTION('',(0.,-1.));
#8949 = ( GEOMETRIC_REPRESENTATION_CONTEXT(2) 
PARAMETRIC_REPRESENTATION_CONTEXT() REPRESENTATION_CONTEXT('2D SPACE',''
  ) );
#8950 = PCURVE('',#8951,#8956);
#8951 = PLANE('',#8952);
#8952 = AXIS2_PLACEMENT_3D('',#8953,#8954,#8955);
#8953 = CARTESIAN_POINT('',(-37.25,-8.,-198.));
#8954 = DIRECTION('',(0.,0.,1.));
#8955 = DIRECTION('',(1.,0.,-0.));
#8956 = DEFINITIONAL_REPRESENTATION('',(#8957),#8961);
#8957 = LINE('',#8958,#8959);
#8958 = CARTESIAN_POINT('',(0.,0.));
#8959 = VECTOR('',#8960,1.);
#8960 = DIRECTION('',(0.,1.));
#8961 = ( GEOMETRIC_REPRESENTATION_CONTEXT(2) 
PARAMETRIC_REPRESENTATION_CONTEXT() REPRESENTATION_CONTEXT('2D SPACE',''
  ) );
#8962 = ORIENTED_EDGE('',*,*,#8963,.T.);
#8963 = EDGE_CURVE('',#8936,#8964,#8966,.T.);
#8964 = VERTEX_POINT('',#8965);
#8965 = CARTESIAN_POINT('',(-37.25,8.,-172.));
#8966 = SURFACE_CURVE('',#8967,(#8971,#8978),.PCURVE_S1.);
#8967 = LINE('',#8968,#8969);
#8968 = CARTESIAN_POINT('',(-37.25,8.,-198.));
#8969 = VECTOR('',#8970,1.);
#8970 = DIRECTION('',(0.,0.,1.));
#8971 = PCURVE('',#8911,#8972);
#8972 = DEFINITIONAL_REPRESENTATION('',(#8973),#8977);
#8973 = LINE('',#8974,#8975);
#8974 = CARTESIAN_POINT('',(0.,-16.));
#8975 = VECTOR('',#8976,1.);
#8976 = DIRECTION('',(1.,0.));
#8977 = ( GEOMETRIC_REPRESENTATION_CONTEXT(2) 
PARAMETRIC_REPRESENTATION_CONTEXT() REPRESENTATION_CONTEXT('2D SPACE',''
  ) );
#8978 = PCURVE('',#8979,#8984);
#8979 = PLANE('',#8980);
#8980 = AXIS2_PLACEMENT_3D('',#8981,#8982,#8983);
#8981 = CARTESIAN_POINT('',(-37.25,8.,-198.));
#8982 = DIRECTION('',(-0.,1.,0.));
#8983 = DIRECTION('',(0.,0.,1.));
#8984 = DEFINITIONAL_REPRESENTATION('',(#8985),#8989);
#8985 = LINE('',#8986,#8987);
#8986 = CARTESIAN_POINT('',(0.,0.));
#8987 = VECTOR('',#8988,1.);
#8988 = DIRECTION('',(1.,0.));
#8989 = ( GEOMETRIC_REPRESENTATION_CONTEXT(2) 
PARAMETRIC_REPRESENTATION_CONTEXT() REPRESENTATION_CONTEXT('2D SPACE',''
  ) );
#8990 = ORIENTED_EDGE('',*,*,#8991,.F.);
#8991 = EDGE_CURVE('',#8903,#8964,#8992,.T.);
#8992 = SURFACE_CURVE('',#8993,(#8997,#9004),.PCURVE_S1.);
#8993 = LINE('',#8994,#8995);
#8994 = CARTESIAN_POINT('',(-37.25,-8.,-172.));
#8995 = VECTOR('',#8996,1.);
#8996 = DIRECTION('',(-0.,1.,0.));
#8997 = PCURVE('',#8911,#8998);
#8998 = DEFINITIONAL_REPRESENTATION('',(#8999),#9003);
#8999 = LINE('',#9000,#9001);
#9000 = CARTESIAN_POINT('',(26.,0.));
#9001 = VECTOR('',#9002,1.);
#9002 = DIRECTION('',(0.,-1.));
#9003 = ( GEOMETRIC_REPRESENTATION_CONTEXT(2) 
PARAMETRIC_REPRESENTATION_CONTEXT() REPRESENTATION_CONTEXT('2D SPACE',''
  ) );
#9004 = PCURVE('',#9005,#9010);
#9005 = PLANE('',#9006);
#9006 = AXIS2_PLACEMENT_3D('',#9007,#9008,#9009);
#9007 = CARTESIAN_POINT('',(-37.25,-8.,-172.));
#9008 = DIRECTION('',(0.,0.,1.));
#9009 = DIRECTION('',(1.,0.,-0.));
#9010 = DEFINITIONAL_REPRESENTATION('',(#9011),#9015);
#9011 = LINE('',#9012,#9013);
#9012 = CARTESIAN_POINT('',(0.,0.));
#9013 = VECTOR('',#9014,1.);
#9014 = DIRECTION('',(0.,1.));
#9015 = ( GEOMETRIC_REPRESENTATION_CONTEXT(2) 
PARAMETRIC_REPRESENTATION_CONTEXT() REPRESENTATION_CONTEXT('2D SPACE',''
  ) );
#9016 = ADVANCED_FACE('',(#9017),#8923,.F.);
#9017 = FACE_BOUND('',#9018,.F.);
#9018 = EDGE_LOOP('',(#9019,#9042,#9043,#9066));
#9019 = ORIENTED_EDGE('',*,*,#9020,.F.);
#9020 = EDGE_CURVE('',#8901,#9021,#9023,.T.);
#9021 = VERTEX_POINT('',#9022);
#9022 = CARTESIAN_POINT('',(-33.25,-8.,-198.));
#9023 = SURFACE_CURVE('',#9024,(#9028,#9035),.PCURVE_S1.);
#9024 = LINE('',#9025,#9026);
#9025 = CARTESIAN_POINT('',(-37.25,-8.,-198.));
#9026 = VECTOR('',#9027,1.);
#9027 = DIRECTION('',(1.,0.,-0.));
#9028 = PCURVE('',#8923,#9029);
#9029 = DEFINITIONAL_REPRESENTATION('',(#9030),#9034);
#9030 = LINE('',#9031,#9032);
#9031 = CARTESIAN_POINT('',(0.,0.));
#9032 = VECTOR('',#9033,1.);
#9033 = DIRECTION('',(0.,1.));
#9034 = ( GEOMETRIC_REPRESENTATION_CONTEXT(2) 
PARAMETRIC_REPRESENTATION_CONTEXT() REPRESENTATION_CONTEXT('2D SPACE',''
  ) );
#9035 = PCURVE('',#8951,#9036);
#9036 = DEFINITIONAL_REPRESENTATION('',(#9037),#9041);
#9037 = LINE('',#9038,#9039);
#9038 = CARTESIAN_POINT('',(0.,0.));
#9039 = VECTOR('',#9040,1.);
#9040 = DIRECTION('',(1.,0.));
#9041 = ( GEOMETRIC_REPRESENTATION_CONTEXT(2) 
PARAMETRIC_REPRESENTATION_CONTEXT() REPRESENTATION_CONTEXT('2D SPACE',''
  ) );
#9042 = ORIENTED_EDGE('',*,*,#8900,.T.);
#9043 = ORIENTED_EDGE('',*,*,#9044,.T.);
#9044 = EDGE_CURVE('',#8903,#9045,#9047,.T.);
#9045 = VERTEX_POINT('',#9046);
#9046 = CARTESIAN_POINT('',(-33.25,-8.,-172.));
#9047 = SURFACE_CURVE('',#9048,(#9052,#9059),.PCURVE_S1.);
#9048 = LINE('',#9049,#9050);
#9049 = CARTESIAN_POINT('',(-37.25,-8.,-172.));
#9050 = VECTOR('',#9051,1.);
#9051 = DIRECTION('',(1.,0.,-0.));
#9052 = PCURVE('',#8923,#9053);
#9053 = DEFINITIONAL_REPRESENTATION('',(#9054),#9058);
#9054 = LINE('',#9055,#9056);
#9055 = CARTESIAN_POINT('',(26.,0.));
#9056 = VECTOR('',#9057,1.);
#9057 = DIRECTION('',(0.,1.));
#9058 = ( GEOMETRIC_REPRESENTATION_CONTEXT(2) 
PARAMETRIC_REPRESENTATION_CONTEXT() REPRESENTATION_CONTEXT('2D SPACE',''
  ) );
#9059 = PCURVE('',#9005,#9060);
#9060 = DEFINITIONAL_REPRESENTATION('',(#9061),#9065);
#9061 = LINE('',#9062,#9063);
#9062 = CARTESIAN_POINT('',(0.,0.));
#9063 = VECTOR('',#9064,1.);
#9064 = DIRECTION('',(1.,0.));
#9065 = ( GEOMETRIC_REPRESENTATION_CONTEXT(2) 
PARAMETRIC_REPRESENTATION_CONTEXT() REPRESENTATION_CONTEXT('2D SPACE',''
  ) );
#9066 = ORIENTED_EDGE('',*,*,#9067,.F.);
#9067 = EDGE_CURVE('',#9021,#9045,#9068,.T.);
#9068 = SURFACE_CURVE('',#9069,(#9073,#9080),.PCURVE_S1.);
#9069 = LINE('',#9070,#9071);
#9070 = CARTESIAN_POINT('',(-33.25,-8.,-198.));
#9071 = VECTOR('',#9072,1.);
#9072 = DIRECTION('',(0.,0.,1.));
#9073 = PCURVE('',#8923,#9074);
#9074 = DEFINITIONAL_REPRESENTATION('',(#9075),#9079);
#9075 = LINE('',#9076,#9077);
#9076 = CARTESIAN_POINT('',(0.,4.));
#9077 = VECTOR('',#9078,1.);
#9078 = DIRECTION('',(1.,0.));
#9079 = ( GEOMETRIC_REPRESENTATION_CONTEXT(2) 
PARAMETRIC_REPRESENTATION_CONTEXT() REPRESENTATION_CONTEXT('2D SPACE',''
  ) );
#9080 = PCURVE('',#9081,#9086);
#9081 = PLANE('',#9082);
#9082 = AXIS2_PLACEMENT_3D('',#9083,#9084,#9085);
#9083 = CARTESIAN_POINT('',(-33.25,-8.,-198.));
#9084 = DIRECTION('',(1.,0.,-0.));
#9085 = DIRECTION('',(0.,0.,1.));
#9086 = DEFINITIONAL_REPRESENTATION('',(#9087),#9091);
#9087 = LINE('',#9088,#9089);
#9088 = CARTESIAN_POINT('',(0.,0.));
#9089 = VECTOR('',#9090,1.);
#9090 = DIRECTION('',(1.,0.));
#9091 = ( GEOMETRIC_REPRESENTATION_CONTEXT(2) 
PARAMETRIC_REPRESENTATION_CONTEXT() REPRESENTATION_CONTEXT('2D SPACE',''
  ) );
#9092 = ADVANCED_FACE('',(#9093),#9005,.T.);
#9093 = FACE_BOUND('',#9094,.T.);
#9094 = EDGE_LOOP('',(#9095,#9096,#9097,#9120));
#9095 = ORIENTED_EDGE('',*,*,#8991,.F.);
#9096 = ORIENTED_EDGE('',*,*,#9044,.T.);
#9097 = ORIENTED_EDGE('',*,*,#9098,.T.);
#9098 = EDGE_CURVE('',#9045,#9099,#9101,.T.);
#9099 = VERTEX_POINT('',#9100);
#9100 = CARTESIAN_POINT('',(-33.25,8.,-172.));
#9101 = SURFACE_CURVE('',#9102,(#9106,#9113),.PCURVE_S1.);
#9102 = LINE('',#9103,#9104);
#9103 = CARTESIAN_POINT('',(-33.25,-8.,-172.));
#9104 = VECTOR('',#9105,1.);
#9105 = DIRECTION('',(-0.,1.,0.));
#9106 = PCURVE('',#9005,#9107);
#9107 = DEFINITIONAL_REPRESENTATION('',(#9108),#9112);
#9108 = LINE('',#9109,#9110);
#9109 = CARTESIAN_POINT('',(4.,0.));
#9110 = VECTOR('',#9111,1.);
#9111 = DIRECTION('',(0.,1.));
#9112 = ( GEOMETRIC_REPRESENTATION_CONTEXT(2) 
PARAMETRIC_REPRESENTATION_CONTEXT() REPRESENTATION_CONTEXT('2D SPACE',''
  ) );
#9113 = PCURVE('',#9081,#9114);
#9114 = DEFINITIONAL_REPRESENTATION('',(#9115),#9119);
#9115 = LINE('',#9116,#9117);
#9116 = CARTESIAN_POINT('',(26.,0.));
#9117 = VECTOR('',#9118,1.);
#9118 = DIRECTION('',(0.,-1.));
#9119 = ( GEOMETRIC_REPRESENTATION_CONTEXT(2) 
PARAMETRIC_REPRESENTATION_CONTEXT() REPRESENTATION_CONTEXT('2D SPACE',''
  ) );
#9120 = ORIENTED_EDGE('',*,*,#9121,.F.);
#9121 = EDGE_CURVE('',#8964,#9099,#9122,.T.);
#9122 = SURFACE_CURVE('',#9123,(#9127,#9134),.PCURVE_S1.);
#9123 = LINE('',#9124,#9125);
#9124 = CARTESIAN_POINT('',(-37.25,8.,-172.));
#9125 = VECTOR('',#9126,1.);
#9126 = DIRECTION('',(1.,0.,-0.));
#9127 = PCURVE('',#9005,#9128);
#9128 = DEFINITIONAL_REPRESENTATION('',(#9129),#9133);
#9129 = LINE('',#9130,#9131);
#9130 = CARTESIAN_POINT('',(0.,16.));
#9131 = VECTOR('',#9132,1.);
#9132 = DIRECTION('',(1.,0.));
#9133 = ( GEOMETRIC_REPRESENTATION_CONTEXT(2) 
PARAMETRIC_REPRESENTATION_CONTEXT() REPRESENTATION_CONTEXT('2D SPACE',''
  ) );
#9134 = PCURVE('',#8979,#9135);
#9135 = DEFINITIONAL_REPRESENTATION('',(#9136),#9140);
#9136 = LINE('',#9137,#9138);
#9137 = CARTESIAN_POINT('',(26.,0.));
#9138 = VECTOR('',#9139,1.);
#9139 = DIRECTION('',(0.,1.));
#9140 = ( GEOMETRIC_REPRESENTATION_CONTEXT(2) 
PARAMETRIC_REPRESENTATION_CONTEXT() REPRESENTATION_CONTEXT('2D SPACE',''
  ) );
#9141 = ADVANCED_FACE('',(#9142),#8979,.T.);
#9142 = FACE_BOUND('',#9143,.T.);
#9143 = EDGE_LOOP('',(#9144,#9167,#9168,#9169));
#9144 = ORIENTED_EDGE('',*,*,#9145,.F.);
#9145 = EDGE_CURVE('',#8936,#9146,#9148,.T.);
#9146 = VERTEX_POINT('',#9147);
#9147 = CARTESIAN_POINT('',(-33.25,8.,-198.));
#9148 = SURFACE_CURVE('',#9149,(#9153,#9160),.PCURVE_S1.);
#9149 = LINE('',#9150,#9151);
#9150 = CARTESIAN_POINT('',(-37.25,8.,-198.));
#9151 = VECTOR('',#9152,1.);
#9152 = DIRECTION('',(1.,0.,-0.));
#9153 = PCURVE('',#8979,#9154);
#9154 = DEFINITIONAL_REPRESENTATION('',(#9155),#9159);
#9155 = LINE('',#9156,#9157);
#9156 = CARTESIAN_POINT('',(0.,0.));
#9157 = VECTOR('',#9158,1.);
#9158 = DIRECTION('',(0.,1.));
#9159 = ( GEOMETRIC_REPRESENTATION_CONTEXT(2) 
PARAMETRIC_REPRESENTATION_CONTEXT() REPRESENTATION_CONTEXT('2D SPACE',''
  ) );
#9160 = PCURVE('',#8951,#9161);
#9161 = DEFINITIONAL_REPRESENTATION('',(#9162),#9166);
#9162 = LINE('',#9163,#9164);
#9163 = CARTESIAN_POINT('',(0.,16.));
#9164 = VECTOR('',#9165,1.);
#9165 = DIRECTION('',(1.,0.));
#9166 = ( GEOMETRIC_REPRESENTATION_CONTEXT(2) 
PARAMETRIC_REPRESENTATION_CONTEXT() REPRESENTATION_CONTEXT('2D SPACE',''
  ) );
#9167 = ORIENTED_EDGE('',*,*,#8963,.T.);
#9168 = ORIENTED_EDGE('',*,*,#9121,.T.);
#9169 = ORIENTED_EDGE('',*,*,#9170,.F.);
#9170 = EDGE_CURVE('',#9146,#9099,#9171,.T.);
#9171 = SURFACE_CURVE('',#9172,(#9176,#9183),.PCURVE_S1.);
#9172 = LINE('',#9173,#9174);
#9173 = CARTESIAN_POINT('',(-33.25,8.,-198.));
#9174 = VECTOR('',#9175,1.);
#9175 = DIRECTION('',(0.,0.,1.));
#9176 = PCURVE('',#8979,#9177);
#9177 = DEFINITIONAL_REPRESENTATION('',(#9178),#9182);
#9178 = LINE('',#9179,#9180);
#9179 = CARTESIAN_POINT('',(0.,4.));
#9180 = VECTOR('',#9181,1.);
#9181 = DIRECTION('',(1.,0.));
#9182 = ( GEOMETRIC_REPRESENTATION_CONTEXT(2) 
PARAMETRIC_REPRESENTATION_CONTEXT() REPRESENTATION_CONTEXT('2D SPACE',''
  ) );
#9183 = PCURVE('',#9081,#9184);
#9184 = DEFINITIONAL_REPRESENTATION('',(#9185),#9189);
#9185 = LINE('',#9186,#9187);
#9186 = CARTESIAN_POINT('',(0.,-16.));
#9187 = VECTOR('',#9188,1.);
#9188 = DIRECTION('',(1.,0.));
#9189 = ( GEOMETRIC_REPRESENTATION_CONTEXT(2) 
PARAMETRIC_REPRESENTATION_CONTEXT() REPRESENTATION_CONTEXT('2D SPACE',''
  ) );
#9190 = ADVANCED_FACE('',(#9191),#8951,.F.);
#9191 = FACE_BOUND('',#9192,.F.);
#9192 = EDGE_LOOP('',(#9193,#9194,#9195,#9216));
#9193 = ORIENTED_EDGE('',*,*,#8935,.F.);
#9194 = ORIENTED_EDGE('',*,*,#9020,.T.);
#9195 = ORIENTED_EDGE('',*,*,#9196,.T.);
#9196 = EDGE_CURVE('',#9021,#9146,#9197,.T.);
#9197 = SURFACE_CURVE('',#9198,(#9202,#9209),.PCURVE_S1.);
#9198 = LINE('',#9199,#9200);
#9199 = CARTESIAN_POINT('',(-33.25,-8.,-198.));
#9200 = VECTOR('',#9201,1.);
#9201 = DIRECTION('',(-0.,1.,0.));
#9202 = PCURVE('',#8951,#9203);
#9203 = DEFINITIONAL_REPRESENTATION('',(#9204),#9208);
#9204 = LINE('',#9205,#9206);
#9205 = CARTESIAN_POINT('',(4.,0.));
#9206 = VECTOR('',#9207,1.);
#9207 = DIRECTION('',(0.,1.));
#9208 = ( GEOMETRIC_REPRESENTATION_CONTEXT(2) 
PARAMETRIC_REPRESENTATION_CONTEXT() REPRESENTATION_CONTEXT('2D SPACE',''
  ) );
#9209 = PCURVE('',#9081,#9210);
#9210 = DEFINITIONAL_REPRESENTATION('',(#9211),#9215);
#9211 = LINE('',#9212,#9213);
#9212 = CARTESIAN_POINT('',(0.,0.));
#9213 = VECTOR('',#9214,1.);
#9214 = DIRECTION('',(0.,-1.));
#9215 = ( GEOMETRIC_REPRESENTATION_CONTEXT(2) 
PARAMETRIC_REPRESENTATION_CONTEXT() REPRESENTATION_CONTEXT('2D SPACE',''
  ) );
#9216 = ORIENTED_EDGE('',*,*,#9145,.F.);
#9217 = ADVANCED_FACE('',(#9218,#9224,#9330,#9436,#9542),#9081,.T.);
#9218 = FACE_BOUND('',#9219,.T.);
#9219 = EDGE_LOOP('',(#9220,#9221,#9222,#9223));
#9220 = ORIENTED_EDGE('',*,*,#9067,.F.);
#9221 = ORIENTED_EDGE('',*,*,#9196,.T.);
#9222 = ORIENTED_EDGE('',*,*,#9170,.T.);
#9223 = ORIENTED_EDGE('',*,*,#9098,.F.);
#9224 = FACE_BOUND('',#9225,.T.);
#9225 = EDGE_LOOP('',(#9226,#9254,#9280,#9306));
#9226 = ORIENTED_EDGE('',*,*,#9227,.T.);
#9227 = EDGE_CURVE('',#9228,#9230,#9232,.T.);
#9228 = VERTEX_POINT('',#9229);
#9229 = CARTESIAN_POINT('',(-33.25,7.,-191.9));
#9230 = VERTEX_POINT('',#9231);
#9231 = CARTESIAN_POINT('',(-33.25,-7.,-191.9));
#9232 = SURFACE_CURVE('',#9233,(#9237,#9243),.PCURVE_S1.);
#9233 = LINE('',#9234,#9235);
#9234 = CARTESIAN_POINT('',(-33.25,-7.5,-191.9));
#9235 = VECTOR('',#9236,1.);
#9236 = DIRECTION('',(0.,-1.,0.));
#9237 = PCURVE('',#9081,#9238);
#9238 = DEFINITIONAL_REPRESENTATION('',(#9239),#9242);
#9239 = B_SPLINE_CURVE_WITH_KNOTS('',1,(#9240,#9241),.UNSPECIFIED.,.F.,
  .F.,(2,2),(-14.5,-0.5),.PIECEWISE_BEZIER_KNOTS.);
#9240 = CARTESIAN_POINT('',(6.1,-15.));
#9241 = CARTESIAN_POINT('',(6.1,-1.));
#9242 = ( GEOMETRIC_REPRESENTATION_CONTEXT(2) 
PARAMETRIC_REPRESENTATION_CONTEXT() REPRESENTATION_CONTEXT('2D SPACE',''
  ) );
#9243 = PCURVE('',#9244,#9249);
#9244 = PLANE('',#9245);
#9245 = AXIS2_PLACEMENT_3D('',#9246,#9247,#9248);
#9246 = CARTESIAN_POINT('',(-34.35,-7.,-191.9));
#9247 = DIRECTION('',(0.,0.,1.));
#9248 = DIRECTION('',(1.,0.,-0.));
#9249 = DEFINITIONAL_REPRESENTATION('',(#9250),#9253);
#9250 = B_SPLINE_CURVE_WITH_KNOTS('',1,(#9251,#9252),.UNSPECIFIED.,.F.,
  .F.,(2,2),(-14.5,-0.5),.PIECEWISE_BEZIER_KNOTS.);
#9251 = CARTESIAN_POINT('',(1.1,14.));
#9252 = CARTESIAN_POINT('',(1.1,0.));
#9253 = ( GEOMETRIC_REPRESENTATION_CONTEXT(2) 
PARAMETRIC_REPRESENTATION_CONTEXT() REPRESENTATION_CONTEXT('2D SPACE',''
  ) );
#9254 = ORIENTED_EDGE('',*,*,#9255,.T.);
#9255 = EDGE_CURVE('',#9230,#9256,#9258,.T.);
#9256 = VERTEX_POINT('',#9257);
#9257 = CARTESIAN_POINT('',(-33.25,-7.,-190.1));
#9258 = SURFACE_CURVE('',#9259,(#9263,#9269),.PCURVE_S1.);
#9259 = LINE('',#9260,#9261);
#9260 = CARTESIAN_POINT('',(-33.25,-7.,-194.95));
#9261 = VECTOR('',#9262,1.);
#9262 = DIRECTION('',(0.,0.,1.));
#9263 = PCURVE('',#9081,#9264);
#9264 = DEFINITIONAL_REPRESENTATION('',(#9265),#9268);
#9265 = B_SPLINE_CURVE_WITH_KNOTS('',1,(#9266,#9267),.UNSPECIFIED.,.F.,
  .F.,(2,2),(3.05,4.85),.PIECEWISE_BEZIER_KNOTS.);
#9266 = CARTESIAN_POINT('',(6.1,-1.));
#9267 = CARTESIAN_POINT('',(7.9,-1.));
#9268 = ( GEOMETRIC_REPRESENTATION_CONTEXT(2) 
PARAMETRIC_REPRESENTATION_CONTEXT() REPRESENTATION_CONTEXT('2D SPACE',''
  ) );
#9269 = PCURVE('',#9270,#9275);
#9270 = PLANE('',#9271);
#9271 = AXIS2_PLACEMENT_3D('',#9272,#9273,#9274);
#9272 = CARTESIAN_POINT('',(-34.35,-7.,-191.9));
#9273 = DIRECTION('',(-0.,1.,0.));
#9274 = DIRECTION('',(0.,0.,1.));
#9275 = DEFINITIONAL_REPRESENTATION('',(#9276),#9279);
#9276 = B_SPLINE_CURVE_WITH_KNOTS('',1,(#9277,#9278),.UNSPECIFIED.,.F.,
  .F.,(2,2),(3.05,4.85),.PIECEWISE_BEZIER_KNOTS.);
#9277 = CARTESIAN_POINT('',(0.,1.1));
#9278 = CARTESIAN_POINT('',(1.8,1.1));
#9279 = ( GEOMETRIC_REPRESENTATION_CONTEXT(2) 
PARAMETRIC_REPRESENTATION_CONTEXT() REPRESENTATION_CONTEXT('2D SPACE',''
  ) );
#9280 = ORIENTED_EDGE('',*,*,#9281,.F.);
#9281 = EDGE_CURVE('',#9282,#9256,#9284,.T.);
#9282 = VERTEX_POINT('',#9283);
#9283 = CARTESIAN_POINT('',(-33.25,7.,-190.1));
#9284 = SURFACE_CURVE('',#9285,(#9289,#9295),.PCURVE_S1.);
#9285 = LINE('',#9286,#9287);
#9286 = CARTESIAN_POINT('',(-33.25,-7.5,-190.1));
#9287 = VECTOR('',#9288,1.);
#9288 = DIRECTION('',(0.,-1.,0.));
#9289 = PCURVE('',#9081,#9290);
#9290 = DEFINITIONAL_REPRESENTATION('',(#9291),#9294);
#9291 = B_SPLINE_CURVE_WITH_KNOTS('',1,(#9292,#9293),.UNSPECIFIED.,.F.,
  .F.,(2,2),(-14.5,-0.5),.PIECEWISE_BEZIER_KNOTS.);
#9292 = CARTESIAN_POINT('',(7.9,-15.));
#9293 = CARTESIAN_POINT('',(7.9,-1.));
#9294 = ( GEOMETRIC_REPRESENTATION_CONTEXT(2) 
PARAMETRIC_REPRESENTATION_CONTEXT() REPRESENTATION_CONTEXT('2D SPACE',''
  ) );
#9295 = PCURVE('',#9296,#9301);
#9296 = PLANE('',#9297);
#9297 = AXIS2_PLACEMENT_3D('',#9298,#9299,#9300);
#9298 = CARTESIAN_POINT('',(-34.35,-7.,-190.1));
#9299 = DIRECTION('',(0.,0.,1.));
#9300 = DIRECTION('',(1.,0.,-0.));
#9301 = DEFINITIONAL_REPRESENTATION('',(#9302),#9305);
#9302 = B_SPLINE_CURVE_WITH_KNOTS('',1,(#9303,#9304),.UNSPECIFIED.,.F.,
  .F.,(2,2),(-14.5,-0.5),.PIECEWISE_BEZIER_KNOTS.);
#9303 = CARTESIAN_POINT('',(1.1,14.));
#9304 = CARTESIAN_POINT('',(1.1,0.));
#9305 = ( GEOMETRIC_REPRESENTATION_CONTEXT(2) 
PARAMETRIC_REPRESENTATION_CONTEXT() REPRESENTATION_CONTEXT('2D SPACE',''
  ) );
#9306 = ORIENTED_EDGE('',*,*,#9307,.F.);
#9307 = EDGE_CURVE('',#9228,#9282,#9308,.T.);
#9308 = SURFACE_CURVE('',#9309,(#9313,#9319),.PCURVE_S1.);
#9309 = LINE('',#9310,#9311);
#9310 = CARTESIAN_POINT('',(-33.25,7.,-194.95));
#9311 = VECTOR('',#9312,1.);
#9312 = DIRECTION('',(0.,0.,1.));
#9313 = PCURVE('',#9081,#9314);
#9314 = DEFINITIONAL_REPRESENTATION('',(#9315),#9318);
#9315 = B_SPLINE_CURVE_WITH_KNOTS('',1,(#9316,#9317),.UNSPECIFIED.,.F.,
  .F.,(2,2),(3.05,4.85),.PIECEWISE_BEZIER_KNOTS.);
#9316 = CARTESIAN_POINT('',(6.1,-15.));
#9317 = CARTESIAN_POINT('',(7.9,-15.));
#9318 = ( GEOMETRIC_REPRESENTATION_CONTEXT(2) 
PARAMETRIC_REPRESENTATION_CONTEXT() REPRESENTATION_CONTEXT('2D SPACE',''
  ) );
#9319 = PCURVE('',#9320,#9325);
#9320 = PLANE('',#9321);
#9321 = AXIS2_PLACEMENT_3D('',#9322,#9323,#9324);
#9322 = CARTESIAN_POINT('',(-34.35,7.,-191.9));
#9323 = DIRECTION('',(-0.,1.,0.));
#9324 = DIRECTION('',(0.,0.,1.));
#9325 = DEFINITIONAL_REPRESENTATION('',(#9326),#9329);
#9326 = B_SPLINE_CURVE_WITH_KNOTS('',1,(#9327,#9328),.UNSPECIFIED.,.F.,
  .F.,(2,2),(3.05,4.85),.PIECEWISE_BEZIER_KNOTS.);
#9327 = CARTESIAN_POINT('',(0.,1.1));
#9328 = CARTESIAN_POINT('',(1.8,1.1));
#9329 = ( GEOMETRIC_REPRESENTATION_CONTEXT(2) 
PARAMETRIC_REPRESENTATION_CONTEXT() REPRESENTATION_CONTEXT('2D SPACE',''
  ) );
#9330 = FACE_BOUND('',#9331,.T.);
#9331 = EDGE_LOOP('',(#9332,#9360,#9386,#9412));
#9332 = ORIENTED_EDGE('',*,*,#9333,.T.);
#9333 = EDGE_CURVE('',#9334,#9336,#9338,.T.);
#9334 = VERTEX_POINT('',#9335);
#9335 = CARTESIAN_POINT('',(-33.25,7.,-186.9));
#9336 = VERTEX_POINT('',#9337);
#9337 = CARTESIAN_POINT('',(-33.25,-7.,-186.9));
#9338 = SURFACE_CURVE('',#9339,(#9343,#9349),.PCURVE_S1.);
#9339 = LINE('',#9340,#9341);
#9340 = CARTESIAN_POINT('',(-33.25,-7.5,-186.9));
#9341 = VECTOR('',#9342,1.);
#9342 = DIRECTION('',(0.,-1.,0.));
#9343 = PCURVE('',#9081,#9344);
#9344 = DEFINITIONAL_REPRESENTATION('',(#9345),#9348);
#9345 = B_SPLINE_CURVE_WITH_KNOTS('',1,(#9346,#9347),.UNSPECIFIED.,.F.,
  .F.,(2,2),(-14.5,-0.5),.PIECEWISE_BEZIER_KNOTS.);
#9346 = CARTESIAN_POINT('',(11.1,-15.));
#9347 = CARTESIAN_POINT('',(11.1,-1.));
#9348 = ( GEOMETRIC_REPRESENTATION_CONTEXT(2) 
PARAMETRIC_REPRESENTATION_CONTEXT() REPRESENTATION_CONTEXT('2D SPACE',''
  ) );
#9349 = PCURVE('',#9350,#9355);
#9350 = PLANE('',#9351);
#9351 = AXIS2_PLACEMENT_3D('',#9352,#9353,#9354);
#9352 = CARTESIAN_POINT('',(-34.35,-7.,-186.9));
#9353 = DIRECTION('',(0.,0.,1.));
#9354 = DIRECTION('',(1.,0.,-0.));
#9355 = DEFINITIONAL_REPRESENTATION('',(#9356),#9359);
#9356 = B_SPLINE_CURVE_WITH_KNOTS('',1,(#9357,#9358),.UNSPECIFIED.,.F.,
  .F.,(2,2),(-14.5,-0.5),.PIECEWISE_BEZIER_KNOTS.);
#9357 = CARTESIAN_POINT('',(1.1,14.));
#9358 = CARTESIAN_POINT('',(1.1,0.));
#9359 = ( GEOMETRIC_REPRESENTATION_CONTEXT(2) 
PARAMETRIC_REPRESENTATION_CONTEXT() REPRESENTATION_CONTEXT('2D SPACE',''
  ) );
#9360 = ORIENTED_EDGE('',*,*,#9361,.T.);
#9361 = EDGE_CURVE('',#9336,#9362,#9364,.T.);
#9362 = VERTEX_POINT('',#9363);
#9363 = CARTESIAN_POINT('',(-33.25,-7.,-185.1));
#9364 = SURFACE_CURVE('',#9365,(#9369,#9375),.PCURVE_S1.);
#9365 = LINE('',#9366,#9367);
#9366 = CARTESIAN_POINT('',(-33.25,-7.,-192.45));
#9367 = VECTOR('',#9368,1.);
#9368 = DIRECTION('',(0.,0.,1.));
#9369 = PCURVE('',#9081,#9370);
#9370 = DEFINITIONAL_REPRESENTATION('',(#9371),#9374);
#9371 = B_SPLINE_CURVE_WITH_KNOTS('',1,(#9372,#9373),.UNSPECIFIED.,.F.,
  .F.,(2,2),(5.55,7.35),.PIECEWISE_BEZIER_KNOTS.);
#9372 = CARTESIAN_POINT('',(11.1,-1.));
#9373 = CARTESIAN_POINT('',(12.9,-1.));
#9374 = ( GEOMETRIC_REPRESENTATION_CONTEXT(2) 
PARAMETRIC_REPRESENTATION_CONTEXT() REPRESENTATION_CONTEXT('2D SPACE',''
  ) );
#9375 = PCURVE('',#9376,#9381);
#9376 = PLANE('',#9377);
#9377 = AXIS2_PLACEMENT_3D('',#9378,#9379,#9380);
#9378 = CARTESIAN_POINT('',(-34.35,-7.,-186.9));
#9379 = DIRECTION('',(-0.,1.,0.));
#9380 = DIRECTION('',(0.,0.,1.));
#9381 = DEFINITIONAL_REPRESENTATION('',(#9382),#9385);
#9382 = B_SPLINE_CURVE_WITH_KNOTS('',1,(#9383,#9384),.UNSPECIFIED.,.F.,
  .F.,(2,2),(5.55,7.35),.PIECEWISE_BEZIER_KNOTS.);
#9383 = CARTESIAN_POINT('',(0.,1.1));
#9384 = CARTESIAN_POINT('',(1.8,1.1));
#9385 = ( GEOMETRIC_REPRESENTATION_CONTEXT(2) 
PARAMETRIC_REPRESENTATION_CONTEXT() REPRESENTATION_CONTEXT('2D SPACE',''
  ) );
#9386 = ORIENTED_EDGE('',*,*,#9387,.F.);
#9387 = EDGE_CURVE('',#9388,#9362,#9390,.T.);
#9388 = VERTEX_POINT('',#9389);
#9389 = CARTESIAN_POINT('',(-33.25,7.,-185.1));
#9390 = SURFACE_CURVE('',#9391,(#9395,#9401),.PCURVE_S1.);
#9391 = LINE('',#9392,#9393);
#9392 = CARTESIAN_POINT('',(-33.25,-7.5,-185.1));
#9393 = VECTOR('',#9394,1.);
#9394 = DIRECTION('',(0.,-1.,0.));
#9395 = PCURVE('',#9081,#9396);
#9396 = DEFINITIONAL_REPRESENTATION('',(#9397),#9400);
#9397 = B_SPLINE_CURVE_WITH_KNOTS('',1,(#9398,#9399),.UNSPECIFIED.,.F.,
  .F.,(2,2),(-14.5,-0.5),.PIECEWISE_BEZIER_KNOTS.);
#9398 = CARTESIAN_POINT('',(12.9,-15.));
#9399 = CARTESIAN_POINT('',(12.9,-1.));
#9400 = ( GEOMETRIC_REPRESENTATION_CONTEXT(2) 
PARAMETRIC_REPRESENTATION_CONTEXT() REPRESENTATION_CONTEXT('2D SPACE',''
  ) );
#9401 = PCURVE('',#9402,#9407);
#9402 = PLANE('',#9403);
#9403 = AXIS2_PLACEMENT_3D('',#9404,#9405,#9406);
#9404 = CARTESIAN_POINT('',(-34.35,-7.,-185.1));
#9405 = DIRECTION('',(0.,0.,1.));
#9406 = DIRECTION('',(1.,0.,-0.));
#9407 = DEFINITIONAL_REPRESENTATION('',(#9408),#9411);
#9408 = B_SPLINE_CURVE_WITH_KNOTS('',1,(#9409,#9410),.UNSPECIFIED.,.F.,
  .F.,(2,2),(-14.5,-0.5),.PIECEWISE_BEZIER_KNOTS.);
#9409 = CARTESIAN_POINT('',(1.1,14.));
#9410 = CARTESIAN_POINT('',(1.1,0.));
#9411 = ( GEOMETRIC_REPRESENTATION_CONTEXT(2) 
PARAMETRIC_REPRESENTATION_CONTEXT() REPRESENTATION_CONTEXT('2D SPACE',''
  ) );
#9412 = ORIENTED_EDGE('',*,*,#9413,.F.);
#9413 = EDGE_CURVE('',#9334,#9388,#9414,.T.);
#9414 = SURFACE_CURVE('',#9415,(#9419,#9425),.PCURVE_S1.);
#9415 = LINE('',#9416,#9417);
#9416 = CARTESIAN_POINT('',(-33.25,7.,-192.45));
#9417 = VECTOR('',#9418,1.);
#9418 = DIRECTION('',(0.,0.,1.));
#9419 = PCURVE('',#9081,#9420);
#9420 = DEFINITIONAL_REPRESENTATION('',(#9421),#9424);
#9421 = B_SPLINE_CURVE_WITH_KNOTS('',1,(#9422,#9423),.UNSPECIFIED.,.F.,
  .F.,(2,2),(5.55,7.35),.PIECEWISE_BEZIER_KNOTS.);
#9422 = CARTESIAN_POINT('',(11.1,-15.));
#9423 = CARTESIAN_POINT('',(12.9,-15.));
#9424 = ( GEOMETRIC_REPRESENTATION_CONTEXT(2) 
PARAMETRIC_REPRESENTATION_CONTEXT() REPRESENTATION_CONTEXT('2D SPACE',''
  ) );
#9425 = PCURVE('',#9426,#9431);
#9426 = PLANE('',#9427);
#9427 = AXIS2_PLACEMENT_3D('',#9428,#9429,#9430);
#9428 = CARTESIAN_POINT('',(-34.35,7.,-186.9));
#9429 = DIRECTION('',(-0.,1.,0.));
#9430 = DIRECTION('',(0.,0.,1.));
#9431 = DEFINITIONAL_REPRESENTATION('',(#9432),#9435);
#9432 = B_SPLINE_CURVE_WITH_KNOTS('',1,(#9433,#9434),.UNSPECIFIED.,.F.,
  .F.,(2,2),(5.55,7.35),.PIECEWISE_BEZIER_KNOTS.);
#9433 = CARTESIAN_POINT('',(0.,1.1));
#9434 = CARTESIAN_POINT('',(1.8,1.1));
#9435 = ( GEOMETRIC_REPRESENTATION_CONTEXT(2) 
PARAMETRIC_REPRESENTATION_CONTEXT() REPRESENTATION_CONTEXT('2D SPACE',''
  ) );
#9436 = FACE_BOUND('',#9437,.T.);
#9437 = EDGE_LOOP('',(#9438,#9466,#9492,#9518));
#9438 = ORIENTED_EDGE('',*,*,#9439,.T.);
#9439 = EDGE_CURVE('',#9440,#9442,#9444,.T.);
#9440 = VERTEX_POINT('',#9441);
#9441 = CARTESIAN_POINT('',(-33.25,7.,-181.9));
#9442 = VERTEX_POINT('',#9443);
#9443 = CARTESIAN_POINT('',(-33.25,-7.,-181.9));
#9444 = SURFACE_CURVE('',#9445,(#9449,#9455),.PCURVE_S1.);
#9445 = LINE('',#9446,#9447);
#9446 = CARTESIAN_POINT('',(-33.25,-7.5,-181.9));
#9447 = VECTOR('',#9448,1.);
#9448 = DIRECTION('',(0.,-1.,0.));
#9449 = PCURVE('',#9081,#9450);
#9450 = DEFINITIONAL_REPRESENTATION('',(#9451),#9454);
#9451 = B_SPLINE_CURVE_WITH_KNOTS('',1,(#9452,#9453),.UNSPECIFIED.,.F.,
  .F.,(2,2),(-14.5,-0.5),.PIECEWISE_BEZIER_KNOTS.);
#9452 = CARTESIAN_POINT('',(16.1,-15.));
#9453 = CARTESIAN_POINT('',(16.1,-1.));
#9454 = ( GEOMETRIC_REPRESENTATION_CONTEXT(2) 
PARAMETRIC_REPRESENTATION_CONTEXT() REPRESENTATION_CONTEXT('2D SPACE',''
  ) );
#9455 = PCURVE('',#9456,#9461);
#9456 = PLANE('',#9457);
#9457 = AXIS2_PLACEMENT_3D('',#9458,#9459,#9460);
#9458 = CARTESIAN_POINT('',(-34.35,-7.,-181.9));
#9459 = DIRECTION('',(0.,0.,1.));
#9460 = DIRECTION('',(1.,0.,-0.));
#9461 = DEFINITIONAL_REPRESENTATION('',(#9462),#9465);
#9462 = B_SPLINE_CURVE_WITH_KNOTS('',1,(#9463,#9464),.UNSPECIFIED.,.F.,
  .F.,(2,2),(-14.5,-0.5),.PIECEWISE_BEZIER_KNOTS.);
#9463 = CARTESIAN_POINT('',(1.1,14.));
#9464 = CARTESIAN_POINT('',(1.1,0.));
#9465 = ( GEOMETRIC_REPRESENTATION_CONTEXT(2) 
PARAMETRIC_REPRESENTATION_CONTEXT() REPRESENTATION_CONTEXT('2D SPACE',''
  ) );
#9466 = ORIENTED_EDGE('',*,*,#9467,.T.);
#9467 = EDGE_CURVE('',#9442,#9468,#9470,.T.);
#9468 = VERTEX_POINT('',#9469);
#9469 = CARTESIAN_POINT('',(-33.25,-7.,-180.1));
#9470 = SURFACE_CURVE('',#9471,(#9475,#9481),.PCURVE_S1.);
#9471 = LINE('',#9472,#9473);
#9472 = CARTESIAN_POINT('',(-33.25,-7.,-189.95));
#9473 = VECTOR('',#9474,1.);
#9474 = DIRECTION('',(0.,0.,1.));
#9475 = PCURVE('',#9081,#9476);
#9476 = DEFINITIONAL_REPRESENTATION('',(#9477),#9480);
#9477 = B_SPLINE_CURVE_WITH_KNOTS('',1,(#9478,#9479),.UNSPECIFIED.,.F.,
  .F.,(2,2),(8.05,9.85),.PIECEWISE_BEZIER_KNOTS.);
#9478 = CARTESIAN_POINT('',(16.1,-1.));
#9479 = CARTESIAN_POINT('',(17.9,-1.));
#9480 = ( GEOMETRIC_REPRESENTATION_CONTEXT(2) 
PARAMETRIC_REPRESENTATION_CONTEXT() REPRESENTATION_CONTEXT('2D SPACE',''
  ) );
#9481 = PCURVE('',#9482,#9487);
#9482 = PLANE('',#9483);
#9483 = AXIS2_PLACEMENT_3D('',#9484,#9485,#9486);
#9484 = CARTESIAN_POINT('',(-34.35,-7.,-181.9));
#9485 = DIRECTION('',(-0.,1.,0.));
#9486 = DIRECTION('',(0.,0.,1.));
#9487 = DEFINITIONAL_REPRESENTATION('',(#9488),#9491);
#9488 = B_SPLINE_CURVE_WITH_KNOTS('',1,(#9489,#9490),.UNSPECIFIED.,.F.,
  .F.,(2,2),(8.05,9.85),.PIECEWISE_BEZIER_KNOTS.);
#9489 = CARTESIAN_POINT('',(0.,1.1));
#9490 = CARTESIAN_POINT('',(1.8,1.1));
#9491 = ( GEOMETRIC_REPRESENTATION_CONTEXT(2) 
PARAMETRIC_REPRESENTATION_CONTEXT() REPRESENTATION_CONTEXT('2D SPACE',''
  ) );
#9492 = ORIENTED_EDGE('',*,*,#9493,.F.);
#9493 = EDGE_CURVE('',#9494,#9468,#9496,.T.);
#9494 = VERTEX_POINT('',#9495);
#9495 = CARTESIAN_POINT('',(-33.25,7.,-180.1));
#9496 = SURFACE_CURVE('',#9497,(#9501,#9507),.PCURVE_S1.);
#9497 = LINE('',#9498,#9499);
#9498 = CARTESIAN_POINT('',(-33.25,-7.5,-180.1));
#9499 = VECTOR('',#9500,1.);
#9500 = DIRECTION('',(0.,-1.,0.));
#9501 = PCURVE('',#9081,#9502);
#9502 = DEFINITIONAL_REPRESENTATION('',(#9503),#9506);
#9503 = B_SPLINE_CURVE_WITH_KNOTS('',1,(#9504,#9505),.UNSPECIFIED.,.F.,
  .F.,(2,2),(-14.5,-0.5),.PIECEWISE_BEZIER_KNOTS.);
#9504 = CARTESIAN_POINT('',(17.9,-15.));
#9505 = CARTESIAN_POINT('',(17.9,-1.));
#9506 = ( GEOMETRIC_REPRESENTATION_CONTEXT(2) 
PARAMETRIC_REPRESENTATION_CONTEXT() REPRESENTATION_CONTEXT('2D SPACE',''
  ) );
#9507 = PCURVE('',#9508,#9513);
#9508 = PLANE('',#9509);
#9509 = AXIS2_PLACEMENT_3D('',#9510,#9511,#9512);
#9510 = CARTESIAN_POINT('',(-34.35,-7.,-180.1));
#9511 = DIRECTION('',(0.,0.,1.));
#9512 = DIRECTION('',(1.,0.,-0.));
#9513 = DEFINITIONAL_REPRESENTATION('',(#9514),#9517);
#9514 = B_SPLINE_CURVE_WITH_KNOTS('',1,(#9515,#9516),.UNSPECIFIED.,.F.,
  .F.,(2,2),(-14.5,-0.5),.PIECEWISE_BEZIER_KNOTS.);
#9515 = CARTESIAN_POINT('',(1.1,14.));
#9516 = CARTESIAN_POINT('',(1.1,0.));
#9517 = ( GEOMETRIC_REPRESENTATION_CONTEXT(2) 
PARAMETRIC_REPRESENTATION_CONTEXT() REPRESENTATION_CONTEXT('2D SPACE',''
  ) );
#9518 = ORIENTED_EDGE('',*,*,#9519,.F.);
#9519 = EDGE_CURVE('',#9440,#9494,#9520,.T.);
#9520 = SURFACE_CURVE('',#9521,(#9525,#9531),.PCURVE_S1.);
#9521 = LINE('',#9522,#9523);
#9522 = CARTESIAN_POINT('',(-33.25,7.,-189.95));
#9523 = VECTOR('',#9524,1.);
#9524 = DIRECTION('',(0.,0.,1.));
#9525 = PCURVE('',#9081,#9526);
#9526 = DEFINITIONAL_REPRESENTATION('',(#9527),#9530);
#9527 = B_SPLINE_CURVE_WITH_KNOTS('',1,(#9528,#9529),.UNSPECIFIED.,.F.,
  .F.,(2,2),(8.05,9.85),.PIECEWISE_BEZIER_KNOTS.);
#9528 = CARTESIAN_POINT('',(16.1,-15.));
#9529 = CARTESIAN_POINT('',(17.9,-15.));
#9530 = ( GEOMETRIC_REPRESENTATION_CONTEXT(2) 
PARAMETRIC_REPRESENTATION_CONTEXT() REPRESENTATION_CONTEXT('2D SPACE',''
  ) );
#9531 = PCURVE('',#9532,#9537);
#9532 = PLANE('',#9533);
#9533 = AXIS2_PLACEMENT_3D('',#9534,#9535,#9536);
#9534 = CARTESIAN_POINT('',(-34.35,7.,-181.9));
#9535 = DIRECTION('',(-0.,1.,0.));
#9536 = DIRECTION('',(0.,0.,1.));
#9537 = DEFINITIONAL_REPRESENTATION('',(#9538),#9541);
#9538 = B_SPLINE_CURVE_WITH_KNOTS('',1,(#9539,#9540),.UNSPECIFIED.,.F.,
  .F.,(2,2),(8.05,9.85),.PIECEWISE_BEZIER_KNOTS.);
#9539 = CARTESIAN_POINT('',(0.,1.1));
#9540 = CARTESIAN_POINT('',(1.8,1.1));
#9541 = ( GEOMETRIC_REPRESENTATION_CONTEXT(2) 
PARAMETRIC_REPRESENTATION_CONTEXT() REPRESENTATION_CONTEXT('2D SPACE',''
  ) );
#9542 = FACE_BOUND('',#9543,.T.);
#9543 = EDGE_LOOP('',(#9544,#9572,#9598,#9624));
#9544 = ORIENTED_EDGE('',*,*,#9545,.T.);
#9545 = EDGE_CURVE('',#9546,#9548,#9550,.T.);
#9546 = VERTEX_POINT('',#9547);
#9547 = CARTESIAN_POINT('',(-33.25,7.,-176.9));
#9548 = VERTEX_POINT('',#9549);
#9549 = CARTESIAN_POINT('',(-33.25,-7.,-176.9));
#9550 = SURFACE_CURVE('',#9551,(#9555,#9561),.PCURVE_S1.);
#9551 = LINE('',#9552,#9553);
#9552 = CARTESIAN_POINT('',(-33.25,-7.5,-176.9));
#9553 = VECTOR('',#9554,1.);
#9554 = DIRECTION('',(0.,-1.,0.));
#9555 = PCURVE('',#9081,#9556);
#9556 = DEFINITIONAL_REPRESENTATION('',(#9557),#9560);
#9557 = B_SPLINE_CURVE_WITH_KNOTS('',1,(#9558,#9559),.UNSPECIFIED.,.F.,
  .F.,(2,2),(-14.5,-0.5),.PIECEWISE_BEZIER_KNOTS.);
#9558 = CARTESIAN_POINT('',(21.1,-15.));
#9559 = CARTESIAN_POINT('',(21.1,-1.));
#9560 = ( GEOMETRIC_REPRESENTATION_CONTEXT(2) 
PARAMETRIC_REPRESENTATION_CONTEXT() REPRESENTATION_CONTEXT('2D SPACE',''
  ) );
#9561 = PCURVE('',#9562,#9567);
#9562 = PLANE('',#9563);
#9563 = AXIS2_PLACEMENT_3D('',#9564,#9565,#9566);
#9564 = CARTESIAN_POINT('',(-34.35,-7.,-176.9));
#9565 = DIRECTION('',(0.,0.,1.));
#9566 = DIRECTION('',(1.,0.,-0.));
#9567 = DEFINITIONAL_REPRESENTATION('',(#9568),#9571);
#9568 = B_SPLINE_CURVE_WITH_KNOTS('',1,(#9569,#9570),.UNSPECIFIED.,.F.,
  .F.,(2,2),(-14.5,-0.5),.PIECEWISE_BEZIER_KNOTS.);
#9569 = CARTESIAN_POINT('',(1.1,14.));
#9570 = CARTESIAN_POINT('',(1.1,0.));
#9571 = ( GEOMETRIC_REPRESENTATION_CONTEXT(2) 
PARAMETRIC_REPRESENTATION_CONTEXT() REPRESENTATION_CONTEXT('2D SPACE',''
  ) );
#9572 = ORIENTED_EDGE('',*,*,#9573,.T.);
#9573 = EDGE_CURVE('',#9548,#9574,#9576,.T.);
#9574 = VERTEX_POINT('',#9575);
#9575 = CARTESIAN_POINT('',(-33.25,-7.,-175.1));
#9576 = SURFACE_CURVE('',#9577,(#9581,#9587),.PCURVE_S1.);
#9577 = LINE('',#9578,#9579);
#9578 = CARTESIAN_POINT('',(-33.25,-7.,-187.45));
#9579 = VECTOR('',#9580,1.);
#9580 = DIRECTION('',(0.,0.,1.));
#9581 = PCURVE('',#9081,#9582);
#9582 = DEFINITIONAL_REPRESENTATION('',(#9583),#9586);
#9583 = B_SPLINE_CURVE_WITH_KNOTS('',1,(#9584,#9585),.UNSPECIFIED.,.F.,
  .F.,(2,2),(10.55,12.35),.PIECEWISE_BEZIER_KNOTS.);
#9584 = CARTESIAN_POINT('',(21.1,-1.));
#9585 = CARTESIAN_POINT('',(22.9,-1.));
#9586 = ( GEOMETRIC_REPRESENTATION_CONTEXT(2) 
PARAMETRIC_REPRESENTATION_CONTEXT() REPRESENTATION_CONTEXT('2D SPACE',''
  ) );
#9587 = PCURVE('',#9588,#9593);
#9588 = PLANE('',#9589);
#9589 = AXIS2_PLACEMENT_3D('',#9590,#9591,#9592);
#9590 = CARTESIAN_POINT('',(-34.35,-7.,-176.9));
#9591 = DIRECTION('',(-0.,1.,0.));
#9592 = DIRECTION('',(0.,0.,1.));
#9593 = DEFINITIONAL_REPRESENTATION('',(#9594),#9597);
#9594 = B_SPLINE_CURVE_WITH_KNOTS('',1,(#9595,#9596),.UNSPECIFIED.,.F.,
  .F.,(2,2),(10.55,12.35),.PIECEWISE_BEZIER_KNOTS.);
#9595 = CARTESIAN_POINT('',(0.,1.1));
#9596 = CARTESIAN_POINT('',(1.8,1.1));
#9597 = ( GEOMETRIC_REPRESENTATION_CONTEXT(2) 
PARAMETRIC_REPRESENTATION_CONTEXT() REPRESENTATION_CONTEXT('2D SPACE',''
  ) );
#9598 = ORIENTED_EDGE('',*,*,#9599,.F.);
#9599 = EDGE_CURVE('',#9600,#9574,#9602,.T.);
#9600 = VERTEX_POINT('',#9601);
#9601 = CARTESIAN_POINT('',(-33.25,7.,-175.1));
#9602 = SURFACE_CURVE('',#9603,(#9607,#9613),.PCURVE_S1.);
#9603 = LINE('',#9604,#9605);
#9604 = CARTESIAN_POINT('',(-33.25,-7.5,-175.1));
#9605 = VECTOR('',#9606,1.);
#9606 = DIRECTION('',(0.,-1.,0.));
#9607 = PCURVE('',#9081,#9608);
#9608 = DEFINITIONAL_REPRESENTATION('',(#9609),#9612);
#9609 = B_SPLINE_CURVE_WITH_KNOTS('',1,(#9610,#9611),.UNSPECIFIED.,.F.,
  .F.,(2,2),(-14.5,-0.5),.PIECEWISE_BEZIER_KNOTS.);
#9610 = CARTESIAN_POINT('',(22.9,-15.));
#9611 = CARTESIAN_POINT('',(22.9,-1.));
#9612 = ( GEOMETRIC_REPRESENTATION_CONTEXT(2) 
PARAMETRIC_REPRESENTATION_CONTEXT() REPRESENTATION_CONTEXT('2D SPACE',''
  ) );
#9613 = PCURVE('',#9614,#9619);
#9614 = PLANE('',#9615);
#9615 = AXIS2_PLACEMENT_3D('',#9616,#9617,#9618);
#9616 = CARTESIAN_POINT('',(-34.35,-7.,-175.1));
#9617 = DIRECTION('',(0.,0.,1.));
#9618 = DIRECTION('',(1.,0.,-0.));
#9619 = DEFINITIONAL_REPRESENTATION('',(#9620),#9623);
#9620 = B_SPLINE_CURVE_WITH_KNOTS('',1,(#9621,#9622),.UNSPECIFIED.,.F.,
  .F.,(2,2),(-14.5,-0.5),.PIECEWISE_BEZIER_KNOTS.);
#9621 = CARTESIAN_POINT('',(1.1,14.));
#9622 = CARTESIAN_POINT('',(1.1,0.));
#9623 = ( GEOMETRIC_REPRESENTATION_CONTEXT(2) 
PARAMETRIC_REPRESENTATION_CONTEXT() REPRESENTATION_CONTEXT('2D SPACE',''
  ) );
#9624 = ORIENTED_EDGE('',*,*,#9625,.F.);
#9625 = EDGE_CURVE('',#9546,#9600,#9626,.T.);
#9626 = SURFACE_CURVE('',#9627,(#9631,#9637),.PCURVE_S1.);
#9627 = LINE('',#9628,#9629);
#9628 = CARTESIAN_POINT('',(-33.25,7.,-187.45));
#9629 = VECTOR('',#9630,1.);
#9630 = DIRECTION('',(0.,0.,1.));
#9631 = PCURVE('',#9081,#9632);
#9632 = DEFINITIONAL_REPRESENTATION('',(#9633),#9636);
#9633 = B_SPLINE_CURVE_WITH_KNOTS('',1,(#9634,#9635),.UNSPECIFIED.,.F.,
  .F.,(2,2),(10.55,12.35),.PIECEWISE_BEZIER_KNOTS.);
#9634 = CARTESIAN_POINT('',(21.1,-15.));
#9635 = CARTESIAN_POINT('',(22.9,-15.));
#9636 = ( GEOMETRIC_REPRESENTATION_CONTEXT(2) 
PARAMETRIC_REPRESENTATION_CONTEXT() REPRESENTATION_CONTEXT('2D SPACE',''
  ) );
#9637 = PCURVE('',#9638,#9643);
#9638 = PLANE('',#9639);
#9639 = AXIS2_PLACEMENT_3D('',#9640,#9641,#9642);
#9640 = CARTESIAN_POINT('',(-34.35,7.,-176.9));
#9641 = DIRECTION('',(-0.,1.,0.));
#9642 = DIRECTION('',(0.,0.,1.));
#9643 = DEFINITIONAL_REPRESENTATION('',(#9644),#9647);
#9644 = B_SPLINE_CURVE_WITH_KNOTS('',1,(#9645,#9646),.UNSPECIFIED.,.F.,
  .F.,(2,2),(10.55,12.35),.PIECEWISE_BEZIER_KNOTS.);
#9645 = CARTESIAN_POINT('',(0.,1.1));
#9646 = CARTESIAN_POINT('',(1.8,1.1));
#9647 = ( GEOMETRIC_REPRESENTATION_CONTEXT(2) 
PARAMETRIC_REPRESENTATION_CONTEXT() REPRESENTATION_CONTEXT('2D SPACE',''
  ) );
#9648 = ADVANCED_FACE('',(#9649),#9244,.T.);
#9649 = FACE_BOUND('',#9650,.T.);
#9650 = EDGE_LOOP('',(#9651,#9674,#9702,#9723));
#9651 = ORIENTED_EDGE('',*,*,#9652,.F.);
#9652 = EDGE_CURVE('',#9653,#9228,#9655,.T.);
#9653 = VERTEX_POINT('',#9654);
#9654 = CARTESIAN_POINT('',(-34.35,7.,-191.9));
#9655 = SURFACE_CURVE('',#9656,(#9660,#9667),.PCURVE_S1.);
#9656 = LINE('',#9657,#9658);
#9657 = CARTESIAN_POINT('',(-34.35,7.,-191.9));
#9658 = VECTOR('',#9659,1.);
#9659 = DIRECTION('',(1.,0.,-0.));
#9660 = PCURVE('',#9244,#9661);
#9661 = DEFINITIONAL_REPRESENTATION('',(#9662),#9666);
#9662 = LINE('',#9663,#9664);
#9663 = CARTESIAN_POINT('',(0.,14.));
#9664 = VECTOR('',#9665,1.);
#9665 = DIRECTION('',(1.,0.));
#9666 = ( GEOMETRIC_REPRESENTATION_CONTEXT(2) 
PARAMETRIC_REPRESENTATION_CONTEXT() REPRESENTATION_CONTEXT('2D SPACE',''
  ) );
#9667 = PCURVE('',#9320,#9668);
#9668 = DEFINITIONAL_REPRESENTATION('',(#9669),#9673);
#9669 = LINE('',#9670,#9671);
#9670 = CARTESIAN_POINT('',(0.,0.));
#9671 = VECTOR('',#9672,1.);
#9672 = DIRECTION('',(0.,1.));
#9673 = ( GEOMETRIC_REPRESENTATION_CONTEXT(2) 
PARAMETRIC_REPRESENTATION_CONTEXT() REPRESENTATION_CONTEXT('2D SPACE',''
  ) );
#9674 = ORIENTED_EDGE('',*,*,#9675,.F.);
#9675 = EDGE_CURVE('',#9676,#9653,#9678,.T.);
#9676 = VERTEX_POINT('',#9677);
#9677 = CARTESIAN_POINT('',(-34.35,-7.,-191.9));
#9678 = SURFACE_CURVE('',#9679,(#9683,#9690),.PCURVE_S1.);
#9679 = LINE('',#9680,#9681);
#9680 = CARTESIAN_POINT('',(-34.35,-7.,-191.9));
#9681 = VECTOR('',#9682,1.);
#9682 = DIRECTION('',(-0.,1.,0.));
#9683 = PCURVE('',#9244,#9684);
#9684 = DEFINITIONAL_REPRESENTATION('',(#9685),#9689);
#9685 = LINE('',#9686,#9687);
#9686 = CARTESIAN_POINT('',(0.,0.));
#9687 = VECTOR('',#9688,1.);
#9688 = DIRECTION('',(0.,1.));
#9689 = ( GEOMETRIC_REPRESENTATION_CONTEXT(2) 
PARAMETRIC_REPRESENTATION_CONTEXT() REPRESENTATION_CONTEXT('2D SPACE',''
  ) );
#9690 = PCURVE('',#9691,#9696);
#9691 = PLANE('',#9692);
#9692 = AXIS2_PLACEMENT_3D('',#9693,#9694,#9695);
#9693 = CARTESIAN_POINT('',(-34.35,-7.,-191.9));
#9694 = DIRECTION('',(1.,0.,-0.));
#9695 = DIRECTION('',(0.,0.,1.));
#9696 = DEFINITIONAL_REPRESENTATION('',(#9697),#9701);
#9697 = LINE('',#9698,#9699);
#9698 = CARTESIAN_POINT('',(0.,0.));
#9699 = VECTOR('',#9700,1.);
#9700 = DIRECTION('',(0.,-1.));
#9701 = ( GEOMETRIC_REPRESENTATION_CONTEXT(2) 
PARAMETRIC_REPRESENTATION_CONTEXT() REPRESENTATION_CONTEXT('2D SPACE',''
  ) );
#9702 = ORIENTED_EDGE('',*,*,#9703,.T.);
#9703 = EDGE_CURVE('',#9676,#9230,#9704,.T.);
#9704 = SURFACE_CURVE('',#9705,(#9709,#9716),.PCURVE_S1.);
#9705 = LINE('',#9706,#9707);
#9706 = CARTESIAN_POINT('',(-34.35,-7.,-191.9));
#9707 = VECTOR('',#9708,1.);
#9708 = DIRECTION('',(1.,0.,-0.));
#9709 = PCURVE('',#9244,#9710);
#9710 = DEFINITIONAL_REPRESENTATION('',(#9711),#9715);
#9711 = LINE('',#9712,#9713);
#9712 = CARTESIAN_POINT('',(0.,0.));
#9713 = VECTOR('',#9714,1.);
#9714 = DIRECTION('',(1.,0.));
#9715 = ( GEOMETRIC_REPRESENTATION_CONTEXT(2) 
PARAMETRIC_REPRESENTATION_CONTEXT() REPRESENTATION_CONTEXT('2D SPACE',''
  ) );
#9716 = PCURVE('',#9270,#9717);
#9717 = DEFINITIONAL_REPRESENTATION('',(#9718),#9722);
#9718 = LINE('',#9719,#9720);
#9719 = CARTESIAN_POINT('',(0.,0.));
#9720 = VECTOR('',#9721,1.);
#9721 = DIRECTION('',(0.,1.));
#9722 = ( GEOMETRIC_REPRESENTATION_CONTEXT(2) 
PARAMETRIC_REPRESENTATION_CONTEXT() REPRESENTATION_CONTEXT('2D SPACE',''
  ) );
#9723 = ORIENTED_EDGE('',*,*,#9227,.F.);
#9724 = ADVANCED_FACE('',(#9725),#9320,.F.);
#9725 = FACE_BOUND('',#9726,.F.);
#9726 = EDGE_LOOP('',(#9727,#9728,#9751,#9772));
#9727 = ORIENTED_EDGE('',*,*,#9652,.F.);
#9728 = ORIENTED_EDGE('',*,*,#9729,.T.);
#9729 = EDGE_CURVE('',#9653,#9730,#9732,.T.);
#9730 = VERTEX_POINT('',#9731);
#9731 = CARTESIAN_POINT('',(-34.35,7.,-190.1));
#9732 = SURFACE_CURVE('',#9733,(#9737,#9744),.PCURVE_S1.);
#9733 = LINE('',#9734,#9735);
#9734 = CARTESIAN_POINT('',(-34.35,7.,-191.9));
#9735 = VECTOR('',#9736,1.);
#9736 = DIRECTION('',(0.,0.,1.));
#9737 = PCURVE('',#9320,#9738);
#9738 = DEFINITIONAL_REPRESENTATION('',(#9739),#9743);
#9739 = LINE('',#9740,#9741);
#9740 = CARTESIAN_POINT('',(0.,0.));
#9741 = VECTOR('',#9742,1.);
#9742 = DIRECTION('',(1.,0.));
#9743 = ( GEOMETRIC_REPRESENTATION_CONTEXT(2) 
PARAMETRIC_REPRESENTATION_CONTEXT() REPRESENTATION_CONTEXT('2D SPACE',''
  ) );
#9744 = PCURVE('',#9691,#9745);
#9745 = DEFINITIONAL_REPRESENTATION('',(#9746),#9750);
#9746 = LINE('',#9747,#9748);
#9747 = CARTESIAN_POINT('',(0.,-14.));
#9748 = VECTOR('',#9749,1.);
#9749 = DIRECTION('',(1.,0.));
#9750 = ( GEOMETRIC_REPRESENTATION_CONTEXT(2) 
PARAMETRIC_REPRESENTATION_CONTEXT() REPRESENTATION_CONTEXT('2D SPACE',''
  ) );
#9751 = ORIENTED_EDGE('',*,*,#9752,.T.);
#9752 = EDGE_CURVE('',#9730,#9282,#9753,.T.);
#9753 = SURFACE_CURVE('',#9754,(#9758,#9765),.PCURVE_S1.);
#9754 = LINE('',#9755,#9756);
#9755 = CARTESIAN_POINT('',(-34.35,7.,-190.1));
#9756 = VECTOR('',#9757,1.);
#9757 = DIRECTION('',(1.,0.,-0.));
#9758 = PCURVE('',#9320,#9759);
#9759 = DEFINITIONAL_REPRESENTATION('',(#9760),#9764);
#9760 = LINE('',#9761,#9762);
#9761 = CARTESIAN_POINT('',(1.8,0.));
#9762 = VECTOR('',#9763,1.);
#9763 = DIRECTION('',(0.,1.));
#9764 = ( GEOMETRIC_REPRESENTATION_CONTEXT(2) 
PARAMETRIC_REPRESENTATION_CONTEXT() REPRESENTATION_CONTEXT('2D SPACE',''
  ) );
#9765 = PCURVE('',#9296,#9766);
#9766 = DEFINITIONAL_REPRESENTATION('',(#9767),#9771);
#9767 = LINE('',#9768,#9769);
#9768 = CARTESIAN_POINT('',(0.,14.));
#9769 = VECTOR('',#9770,1.);
#9770 = DIRECTION('',(1.,0.));
#9771 = ( GEOMETRIC_REPRESENTATION_CONTEXT(2) 
PARAMETRIC_REPRESENTATION_CONTEXT() REPRESENTATION_CONTEXT('2D SPACE',''
  ) );
#9772 = ORIENTED_EDGE('',*,*,#9307,.F.);
#9773 = ADVANCED_FACE('',(#9774),#9296,.F.);
#9774 = FACE_BOUND('',#9775,.F.);
#9775 = EDGE_LOOP('',(#9776,#9777,#9800,#9821));
#9776 = ORIENTED_EDGE('',*,*,#9752,.F.);
#9777 = ORIENTED_EDGE('',*,*,#9778,.F.);
#9778 = EDGE_CURVE('',#9779,#9730,#9781,.T.);
#9779 = VERTEX_POINT('',#9780);
#9780 = CARTESIAN_POINT('',(-34.35,-7.,-190.1));
#9781 = SURFACE_CURVE('',#9782,(#9786,#9793),.PCURVE_S1.);
#9782 = LINE('',#9783,#9784);
#9783 = CARTESIAN_POINT('',(-34.35,-7.,-190.1));
#9784 = VECTOR('',#9785,1.);
#9785 = DIRECTION('',(-0.,1.,0.));
#9786 = PCURVE('',#9296,#9787);
#9787 = DEFINITIONAL_REPRESENTATION('',(#9788),#9792);
#9788 = LINE('',#9789,#9790);
#9789 = CARTESIAN_POINT('',(0.,0.));
#9790 = VECTOR('',#9791,1.);
#9791 = DIRECTION('',(0.,1.));
#9792 = ( GEOMETRIC_REPRESENTATION_CONTEXT(2) 
PARAMETRIC_REPRESENTATION_CONTEXT() REPRESENTATION_CONTEXT('2D SPACE',''
  ) );
#9793 = PCURVE('',#9691,#9794);
#9794 = DEFINITIONAL_REPRESENTATION('',(#9795),#9799);
#9795 = LINE('',#9796,#9797);
#9796 = CARTESIAN_POINT('',(1.8,0.));
#9797 = VECTOR('',#9798,1.);
#9798 = DIRECTION('',(0.,-1.));
#9799 = ( GEOMETRIC_REPRESENTATION_CONTEXT(2) 
PARAMETRIC_REPRESENTATION_CONTEXT() REPRESENTATION_CONTEXT('2D SPACE',''
  ) );
#9800 = ORIENTED_EDGE('',*,*,#9801,.T.);
#9801 = EDGE_CURVE('',#9779,#9256,#9802,.T.);
#9802 = SURFACE_CURVE('',#9803,(#9807,#9814),.PCURVE_S1.);
#9803 = LINE('',#9804,#9805);
#9804 = CARTESIAN_POINT('',(-34.35,-7.,-190.1));
#9805 = VECTOR('',#9806,1.);
#9806 = DIRECTION('',(1.,0.,-0.));
#9807 = PCURVE('',#9296,#9808);
#9808 = DEFINITIONAL_REPRESENTATION('',(#9809),#9813);
#9809 = LINE('',#9810,#9811);
#9810 = CARTESIAN_POINT('',(0.,0.));
#9811 = VECTOR('',#9812,1.);
#9812 = DIRECTION('',(1.,0.));
#9813 = ( GEOMETRIC_REPRESENTATION_CONTEXT(2) 
PARAMETRIC_REPRESENTATION_CONTEXT() REPRESENTATION_CONTEXT('2D SPACE',''
  ) );
#9814 = PCURVE('',#9270,#9815);
#9815 = DEFINITIONAL_REPRESENTATION('',(#9816),#9820);
#9816 = LINE('',#9817,#9818);
#9817 = CARTESIAN_POINT('',(1.8,0.));
#9818 = VECTOR('',#9819,1.);
#9819 = DIRECTION('',(0.,1.));
#9820 = ( GEOMETRIC_REPRESENTATION_CONTEXT(2) 
PARAMETRIC_REPRESENTATION_CONTEXT() REPRESENTATION_CONTEXT('2D SPACE',''
  ) );
#9821 = ORIENTED_EDGE('',*,*,#9281,.F.);
#9822 = ADVANCED_FACE('',(#9823),#9270,.T.);
#9823 = FACE_BOUND('',#9824,.T.);
#9824 = EDGE_LOOP('',(#9825,#9826,#9847,#9848));
#9825 = ORIENTED_EDGE('',*,*,#9703,.F.);
#9826 = ORIENTED_EDGE('',*,*,#9827,.T.);
#9827 = EDGE_CURVE('',#9676,#9779,#9828,.T.);
#9828 = SURFACE_CURVE('',#9829,(#9833,#9840),.PCURVE_S1.);
#9829 = LINE('',#9830,#9831);
#9830 = CARTESIAN_POINT('',(-34.35,-7.,-191.9));
#9831 = VECTOR('',#9832,1.);
#9832 = DIRECTION('',(0.,0.,1.));
#9833 = PCURVE('',#9270,#9834);
#9834 = DEFINITIONAL_REPRESENTATION('',(#9835),#9839);
#9835 = LINE('',#9836,#9837);
#9836 = CARTESIAN_POINT('',(0.,0.));
#9837 = VECTOR('',#9838,1.);
#9838 = DIRECTION('',(1.,0.));
#9839 = ( GEOMETRIC_REPRESENTATION_CONTEXT(2) 
PARAMETRIC_REPRESENTATION_CONTEXT() REPRESENTATION_CONTEXT('2D SPACE',''
  ) );
#9840 = PCURVE('',#9691,#9841);
#9841 = DEFINITIONAL_REPRESENTATION('',(#9842),#9846);
#9842 = LINE('',#9843,#9844);
#9843 = CARTESIAN_POINT('',(0.,0.));
#9844 = VECTOR('',#9845,1.);
#9845 = DIRECTION('',(1.,0.));
#9846 = ( GEOMETRIC_REPRESENTATION_CONTEXT(2) 
PARAMETRIC_REPRESENTATION_CONTEXT() REPRESENTATION_CONTEXT('2D SPACE',''
  ) );
#9847 = ORIENTED_EDGE('',*,*,#9801,.T.);
#9848 = ORIENTED_EDGE('',*,*,#9255,.F.);
#9849 = ADVANCED_FACE('',(#9850),#9350,.T.);
#9850 = FACE_BOUND('',#9851,.T.);
#9851 = EDGE_LOOP('',(#9852,#9875,#9903,#9924));
#9852 = ORIENTED_EDGE('',*,*,#9853,.F.);
#9853 = EDGE_CURVE('',#9854,#9334,#9856,.T.);
#9854 = VERTEX_POINT('',#9855);
#9855 = CARTESIAN_POINT('',(-34.35,7.,-186.9));
#9856 = SURFACE_CURVE('',#9857,(#9861,#9868),.PCURVE_S1.);
#9857 = LINE('',#9858,#9859);
#9858 = CARTESIAN_POINT('',(-34.35,7.,-186.9));
#9859 = VECTOR('',#9860,1.);
#9860 = DIRECTION('',(1.,0.,-0.));
#9861 = PCURVE('',#9350,#9862);
#9862 = DEFINITIONAL_REPRESENTATION('',(#9863),#9867);
#9863 = LINE('',#9864,#9865);
#9864 = CARTESIAN_POINT('',(0.,14.));
#9865 = VECTOR('',#9866,1.);
#9866 = DIRECTION('',(1.,0.));
#9867 = ( GEOMETRIC_REPRESENTATION_CONTEXT(2) 
PARAMETRIC_REPRESENTATION_CONTEXT() REPRESENTATION_CONTEXT('2D SPACE',''
  ) );
#9868 = PCURVE('',#9426,#9869);
#9869 = DEFINITIONAL_REPRESENTATION('',(#9870),#9874);
#9870 = LINE('',#9871,#9872);
#9871 = CARTESIAN_POINT('',(0.,0.));
#9872 = VECTOR('',#9873,1.);
#9873 = DIRECTION('',(0.,1.));
#9874 = ( GEOMETRIC_REPRESENTATION_CONTEXT(2) 
PARAMETRIC_REPRESENTATION_CONTEXT() REPRESENTATION_CONTEXT('2D SPACE',''
  ) );
#9875 = ORIENTED_EDGE('',*,*,#9876,.F.);
#9876 = EDGE_CURVE('',#9877,#9854,#9879,.T.);
#9877 = VERTEX_POINT('',#9878);
#9878 = CARTESIAN_POINT('',(-34.35,-7.,-186.9));
#9879 = SURFACE_CURVE('',#9880,(#9884,#9891),.PCURVE_S1.);
#9880 = LINE('',#9881,#9882);
#9881 = CARTESIAN_POINT('',(-34.35,-7.,-186.9));
#9882 = VECTOR('',#9883,1.);
#9883 = DIRECTION('',(-0.,1.,0.));
#9884 = PCURVE('',#9350,#9885);
#9885 = DEFINITIONAL_REPRESENTATION('',(#9886),#9890);
#9886 = LINE('',#9887,#9888);
#9887 = CARTESIAN_POINT('',(0.,0.));
#9888 = VECTOR('',#9889,1.);
#9889 = DIRECTION('',(0.,1.));
#9890 = ( GEOMETRIC_REPRESENTATION_CONTEXT(2) 
PARAMETRIC_REPRESENTATION_CONTEXT() REPRESENTATION_CONTEXT('2D SPACE',''
  ) );
#9891 = PCURVE('',#9892,#9897);
#9892 = PLANE('',#9893);
#9893 = AXIS2_PLACEMENT_3D('',#9894,#9895,#9896);
#9894 = CARTESIAN_POINT('',(-34.35,-7.,-186.9));
#9895 = DIRECTION('',(1.,0.,-0.));
#9896 = DIRECTION('',(0.,0.,1.));
#9897 = DEFINITIONAL_REPRESENTATION('',(#9898),#9902);
#9898 = LINE('',#9899,#9900);
#9899 = CARTESIAN_POINT('',(0.,0.));
#9900 = VECTOR('',#9901,1.);
#9901 = DIRECTION('',(0.,-1.));
#9902 = ( GEOMETRIC_REPRESENTATION_CONTEXT(2) 
PARAMETRIC_REPRESENTATION_CONTEXT() REPRESENTATION_CONTEXT('2D SPACE',''
  ) );
#9903 = ORIENTED_EDGE('',*,*,#9904,.T.);
#9904 = EDGE_CURVE('',#9877,#9336,#9905,.T.);
#9905 = SURFACE_CURVE('',#9906,(#9910,#9917),.PCURVE_S1.);
#9906 = LINE('',#9907,#9908);
#9907 = CARTESIAN_POINT('',(-34.35,-7.,-186.9));
#9908 = VECTOR('',#9909,1.);
#9909 = DIRECTION('',(1.,0.,-0.));
#9910 = PCURVE('',#9350,#9911);
#9911 = DEFINITIONAL_REPRESENTATION('',(#9912),#9916);
#9912 = LINE('',#9913,#9914);
#9913 = CARTESIAN_POINT('',(0.,0.));
#9914 = VECTOR('',#9915,1.);
#9915 = DIRECTION('',(1.,0.));
#9916 = ( GEOMETRIC_REPRESENTATION_CONTEXT(2) 
PARAMETRIC_REPRESENTATION_CONTEXT() REPRESENTATION_CONTEXT('2D SPACE',''
  ) );
#9917 = PCURVE('',#9376,#9918);
#9918 = DEFINITIONAL_REPRESENTATION('',(#9919),#9923);
#9919 = LINE('',#9920,#9921);
#9920 = CARTESIAN_POINT('',(0.,0.));
#9921 = VECTOR('',#9922,1.);
#9922 = DIRECTION('',(0.,1.));
#9923 = ( GEOMETRIC_REPRESENTATION_CONTEXT(2) 
PARAMETRIC_REPRESENTATION_CONTEXT() REPRESENTATION_CONTEXT('2D SPACE',''
  ) );
#9924 = ORIENTED_EDGE('',*,*,#9333,.F.);
#9925 = ADVANCED_FACE('',(#9926),#9426,.F.);
#9926 = FACE_BOUND('',#9927,.F.);
#9927 = EDGE_LOOP('',(#9928,#9929,#9952,#9973));
#9928 = ORIENTED_EDGE('',*,*,#9853,.F.);
#9929 = ORIENTED_EDGE('',*,*,#9930,.T.);
#9930 = EDGE_CURVE('',#9854,#9931,#9933,.T.);
#9931 = VERTEX_POINT('',#9932);
#9932 = CARTESIAN_POINT('',(-34.35,7.,-185.1));
#9933 = SURFACE_CURVE('',#9934,(#9938,#9945),.PCURVE_S1.);
#9934 = LINE('',#9935,#9936);
#9935 = CARTESIAN_POINT('',(-34.35,7.,-186.9));
#9936 = VECTOR('',#9937,1.);
#9937 = DIRECTION('',(0.,0.,1.));
#9938 = PCURVE('',#9426,#9939);
#9939 = DEFINITIONAL_REPRESENTATION('',(#9940),#9944);
#9940 = LINE('',#9941,#9942);
#9941 = CARTESIAN_POINT('',(0.,0.));
#9942 = VECTOR('',#9943,1.);
#9943 = DIRECTION('',(1.,0.));
#9944 = ( GEOMETRIC_REPRESENTATION_CONTEXT(2) 
PARAMETRIC_REPRESENTATION_CONTEXT() REPRESENTATION_CONTEXT('2D SPACE',''
  ) );
#9945 = PCURVE('',#9892,#9946);
#9946 = DEFINITIONAL_REPRESENTATION('',(#9947),#9951);
#9947 = LINE('',#9948,#9949);
#9948 = CARTESIAN_POINT('',(0.,-14.));
#9949 = VECTOR('',#9950,1.);
#9950 = DIRECTION('',(1.,0.));
#9951 = ( GEOMETRIC_REPRESENTATION_CONTEXT(2) 
PARAMETRIC_REPRESENTATION_CONTEXT() REPRESENTATION_CONTEXT('2D SPACE',''
  ) );
#9952 = ORIENTED_EDGE('',*,*,#9953,.T.);
#9953 = EDGE_CURVE('',#9931,#9388,#9954,.T.);
#9954 = SURFACE_CURVE('',#9955,(#9959,#9966),.PCURVE_S1.);
#9955 = LINE('',#9956,#9957);
#9956 = CARTESIAN_POINT('',(-34.35,7.,-185.1));
#9957 = VECTOR('',#9958,1.);
#9958 = DIRECTION('',(1.,0.,-0.));
#9959 = PCURVE('',#9426,#9960);
#9960 = DEFINITIONAL_REPRESENTATION('',(#9961),#9965);
#9961 = LINE('',#9962,#9963);
#9962 = CARTESIAN_POINT('',(1.8,0.));
#9963 = VECTOR('',#9964,1.);
#9964 = DIRECTION('',(0.,1.));
#9965 = ( GEOMETRIC_REPRESENTATION_CONTEXT(2) 
PARAMETRIC_REPRESENTATION_CONTEXT() REPRESENTATION_CONTEXT('2D SPACE',''
  ) );
#9966 = PCURVE('',#9402,#9967);
#9967 = DEFINITIONAL_REPRESENTATION('',(#9968),#9972);
#9968 = LINE('',#9969,#9970);
#9969 = CARTESIAN_POINT('',(0.,14.));
#9970 = VECTOR('',#9971,1.);
#9971 = DIRECTION('',(1.,0.));
#9972 = ( GEOMETRIC_REPRESENTATION_CONTEXT(2) 
PARAMETRIC_REPRESENTATION_CONTEXT() REPRESENTATION_CONTEXT('2D SPACE',''
  ) );
#9973 = ORIENTED_EDGE('',*,*,#9413,.F.);
#9974 = ADVANCED_FACE('',(#9975),#9376,.T.);
#9975 = FACE_BOUND('',#9976,.T.);
#9976 = EDGE_LOOP('',(#9977,#9978,#10001,#10022));
#9977 = ORIENTED_EDGE('',*,*,#9904,.F.);
#9978 = ORIENTED_EDGE('',*,*,#9979,.T.);
#9979 = EDGE_CURVE('',#9877,#9980,#9982,.T.);
#9980 = VERTEX_POINT('',#9981);
#9981 = CARTESIAN_POINT('',(-34.35,-7.,-185.1));
#9982 = SURFACE_CURVE('',#9983,(#9987,#9994),.PCURVE_S1.);
#9983 = LINE('',#9984,#9985);
#9984 = CARTESIAN_POINT('',(-34.35,-7.,-186.9));
#9985 = VECTOR('',#9986,1.);
#9986 = DIRECTION('',(0.,0.,1.));
#9987 = PCURVE('',#9376,#9988);
#9988 = DEFINITIONAL_REPRESENTATION('',(#9989),#9993);
#9989 = LINE('',#9990,#9991);
#9990 = CARTESIAN_POINT('',(0.,0.));
#9991 = VECTOR('',#9992,1.);
#9992 = DIRECTION('',(1.,0.));
#9993 = ( GEOMETRIC_REPRESENTATION_CONTEXT(2) 
PARAMETRIC_REPRESENTATION_CONTEXT() REPRESENTATION_CONTEXT('2D SPACE',''
  ) );
#9994 = PCURVE('',#9892,#9995);
#9995 = DEFINITIONAL_REPRESENTATION('',(#9996),#10000);
#9996 = LINE('',#9997,#9998);
#9997 = CARTESIAN_POINT('',(0.,0.));
#9998 = VECTOR('',#9999,1.);
#9999 = DIRECTION('',(1.,0.));
#10000 = ( GEOMETRIC_REPRESENTATION_CONTEXT(2) 
PARAMETRIC_REPRESENTATION_CONTEXT() REPRESENTATION_CONTEXT('2D SPACE',''
  ) );
#10001 = ORIENTED_EDGE('',*,*,#10002,.T.);
#10002 = EDGE_CURVE('',#9980,#9362,#10003,.T.);
#10003 = SURFACE_CURVE('',#10004,(#10008,#10015),.PCURVE_S1.);
#10004 = LINE('',#10005,#10006);
#10005 = CARTESIAN_POINT('',(-34.35,-7.,-185.1));
#10006 = VECTOR('',#10007,1.);
#10007 = DIRECTION('',(1.,0.,-0.));
#10008 = PCURVE('',#9376,#10009);
#10009 = DEFINITIONAL_REPRESENTATION('',(#10010),#10014);
#10010 = LINE('',#10011,#10012);
#10011 = CARTESIAN_POINT('',(1.8,0.));
#10012 = VECTOR('',#10013,1.);
#10013 = DIRECTION('',(0.,1.));
#10014 = ( GEOMETRIC_REPRESENTATION_CONTEXT(2) 
PARAMETRIC_REPRESENTATION_CONTEXT() REPRESENTATION_CONTEXT('2D SPACE',''
  ) );
#10015 = PCURVE('',#9402,#10016);
#10016 = DEFINITIONAL_REPRESENTATION('',(#10017),#10021);
#10017 = LINE('',#10018,#10019);
#10018 = CARTESIAN_POINT('',(0.,0.));
#10019 = VECTOR('',#10020,1.);
#10020 = DIRECTION('',(1.,0.));
#10021 = ( GEOMETRIC_REPRESENTATION_CONTEXT(2) 
PARAMETRIC_REPRESENTATION_CONTEXT() REPRESENTATION_CONTEXT('2D SPACE',''
  ) );
#10022 = ORIENTED_EDGE('',*,*,#9361,.F.);
#10023 = ADVANCED_FACE('',(#10024),#9402,.F.);
#10024 = FACE_BOUND('',#10025,.F.);
#10025 = EDGE_LOOP('',(#10026,#10027,#10048,#10049));
#10026 = ORIENTED_EDGE('',*,*,#9953,.F.);
#10027 = ORIENTED_EDGE('',*,*,#10028,.F.);
#10028 = EDGE_CURVE('',#9980,#9931,#10029,.T.);
#10029 = SURFACE_CURVE('',#10030,(#10034,#10041),.PCURVE_S1.);
#10030 = LINE('',#10031,#10032);
#10031 = CARTESIAN_POINT('',(-34.35,-7.,-185.1));
#10032 = VECTOR('',#10033,1.);
#10033 = DIRECTION('',(-0.,1.,0.));
#10034 = PCURVE('',#9402,#10035);
#10035 = DEFINITIONAL_REPRESENTATION('',(#10036),#10040);
#10036 = LINE('',#10037,#10038);
#10037 = CARTESIAN_POINT('',(0.,0.));
#10038 = VECTOR('',#10039,1.);
#10039 = DIRECTION('',(0.,1.));
#10040 = ( GEOMETRIC_REPRESENTATION_CONTEXT(2) 
PARAMETRIC_REPRESENTATION_CONTEXT() REPRESENTATION_CONTEXT('2D SPACE',''
  ) );
#10041 = PCURVE('',#9892,#10042);
#10042 = DEFINITIONAL_REPRESENTATION('',(#10043),#10047);
#10043 = LINE('',#10044,#10045);
#10044 = CARTESIAN_POINT('',(1.8,0.));
#10045 = VECTOR('',#10046,1.);
#10046 = DIRECTION('',(0.,-1.));
#10047 = ( GEOMETRIC_REPRESENTATION_CONTEXT(2) 
PARAMETRIC_REPRESENTATION_CONTEXT() REPRESENTATION_CONTEXT('2D SPACE',''
  ) );
#10048 = ORIENTED_EDGE('',*,*,#10002,.T.);
#10049 = ORIENTED_EDGE('',*,*,#9387,.F.);
#10050 = ADVANCED_FACE('',(#10051),#9456,.T.);
#10051 = FACE_BOUND('',#10052,.T.);
#10052 = EDGE_LOOP('',(#10053,#10076,#10104,#10125));
#10053 = ORIENTED_EDGE('',*,*,#10054,.F.);
#10054 = EDGE_CURVE('',#10055,#9440,#10057,.T.);
#10055 = VERTEX_POINT('',#10056);
#10056 = CARTESIAN_POINT('',(-34.35,7.,-181.9));
#10057 = SURFACE_CURVE('',#10058,(#10062,#10069),.PCURVE_S1.);
#10058 = LINE('',#10059,#10060);
#10059 = CARTESIAN_POINT('',(-34.35,7.,-181.9));
#10060 = VECTOR('',#10061,1.);
#10061 = DIRECTION('',(1.,0.,-0.));
#10062 = PCURVE('',#9456,#10063);
#10063 = DEFINITIONAL_REPRESENTATION('',(#10064),#10068);
#10064 = LINE('',#10065,#10066);
#10065 = CARTESIAN_POINT('',(0.,14.));
#10066 = VECTOR('',#10067,1.);
#10067 = DIRECTION('',(1.,0.));
#10068 = ( GEOMETRIC_REPRESENTATION_CONTEXT(2) 
PARAMETRIC_REPRESENTATION_CONTEXT() REPRESENTATION_CONTEXT('2D SPACE',''
  ) );
#10069 = PCURVE('',#9532,#10070);
#10070 = DEFINITIONAL_REPRESENTATION('',(#10071),#10075);
#10071 = LINE('',#10072,#10073);
#10072 = CARTESIAN_POINT('',(0.,0.));
#10073 = VECTOR('',#10074,1.);
#10074 = DIRECTION('',(0.,1.));
#10075 = ( GEOMETRIC_REPRESENTATION_CONTEXT(2) 
PARAMETRIC_REPRESENTATION_CONTEXT() REPRESENTATION_CONTEXT('2D SPACE',''
  ) );
#10076 = ORIENTED_EDGE('',*,*,#10077,.F.);
#10077 = EDGE_CURVE('',#10078,#10055,#10080,.T.);
#10078 = VERTEX_POINT('',#10079);
#10079 = CARTESIAN_POINT('',(-34.35,-7.,-181.9));
#10080 = SURFACE_CURVE('',#10081,(#10085,#10092),.PCURVE_S1.);
#10081 = LINE('',#10082,#10083);
#10082 = CARTESIAN_POINT('',(-34.35,-7.,-181.9));
#10083 = VECTOR('',#10084,1.);
#10084 = DIRECTION('',(-0.,1.,0.));
#10085 = PCURVE('',#9456,#10086);
#10086 = DEFINITIONAL_REPRESENTATION('',(#10087),#10091);
#10087 = LINE('',#10088,#10089);
#10088 = CARTESIAN_POINT('',(0.,0.));
#10089 = VECTOR('',#10090,1.);
#10090 = DIRECTION('',(0.,1.));
#10091 = ( GEOMETRIC_REPRESENTATION_CONTEXT(2) 
PARAMETRIC_REPRESENTATION_CONTEXT() REPRESENTATION_CONTEXT('2D SPACE',''
  ) );
#10092 = PCURVE('',#10093,#10098);
#10093 = PLANE('',#10094);
#10094 = AXIS2_PLACEMENT_3D('',#10095,#10096,#10097);
#10095 = CARTESIAN_POINT('',(-34.35,-7.,-181.9));
#10096 = DIRECTION('',(1.,0.,-0.));
#10097 = DIRECTION('',(0.,0.,1.));
#10098 = DEFINITIONAL_REPRESENTATION('',(#10099),#10103);
#10099 = LINE('',#10100,#10101);
#10100 = CARTESIAN_POINT('',(0.,0.));
#10101 = VECTOR('',#10102,1.);
#10102 = DIRECTION('',(0.,-1.));
#10103 = ( GEOMETRIC_REPRESENTATION_CONTEXT(2) 
PARAMETRIC_REPRESENTATION_CONTEXT() REPRESENTATION_CONTEXT('2D SPACE',''
  ) );
#10104 = ORIENTED_EDGE('',*,*,#10105,.T.);
#10105 = EDGE_CURVE('',#10078,#9442,#10106,.T.);
#10106 = SURFACE_CURVE('',#10107,(#10111,#10118),.PCURVE_S1.);
#10107 = LINE('',#10108,#10109);
#10108 = CARTESIAN_POINT('',(-34.35,-7.,-181.9));
#10109 = VECTOR('',#10110,1.);
#10110 = DIRECTION('',(1.,0.,-0.));
#10111 = PCURVE('',#9456,#10112);
#10112 = DEFINITIONAL_REPRESENTATION('',(#10113),#10117);
#10113 = LINE('',#10114,#10115);
#10114 = CARTESIAN_POINT('',(0.,0.));
#10115 = VECTOR('',#10116,1.);
#10116 = DIRECTION('',(1.,0.));
#10117 = ( GEOMETRIC_REPRESENTATION_CONTEXT(2) 
PARAMETRIC_REPRESENTATION_CONTEXT() REPRESENTATION_CONTEXT('2D SPACE',''
  ) );
#10118 = PCURVE('',#9482,#10119);
#10119 = DEFINITIONAL_REPRESENTATION('',(#10120),#10124);
#10120 = LINE('',#10121,#10122);
#10121 = CARTESIAN_POINT('',(0.,0.));
#10122 = VECTOR('',#10123,1.);
#10123 = DIRECTION('',(0.,1.));
#10124 = ( GEOMETRIC_REPRESENTATION_CONTEXT(2) 
PARAMETRIC_REPRESENTATION_CONTEXT() REPRESENTATION_CONTEXT('2D SPACE',''
  ) );
#10125 = ORIENTED_EDGE('',*,*,#9439,.F.);
#10126 = ADVANCED_FACE('',(#10127),#9532,.F.);
#10127 = FACE_BOUND('',#10128,.F.);
#10128 = EDGE_LOOP('',(#10129,#10130,#10153,#10174));
#10129 = ORIENTED_EDGE('',*,*,#10054,.F.);
#10130 = ORIENTED_EDGE('',*,*,#10131,.T.);
#10131 = EDGE_CURVE('',#10055,#10132,#10134,.T.);
#10132 = VERTEX_POINT('',#10133);
#10133 = CARTESIAN_POINT('',(-34.35,7.,-180.1));
#10134 = SURFACE_CURVE('',#10135,(#10139,#10146),.PCURVE_S1.);
#10135 = LINE('',#10136,#10137);
#10136 = CARTESIAN_POINT('',(-34.35,7.,-181.9));
#10137 = VECTOR('',#10138,1.);
#10138 = DIRECTION('',(0.,0.,1.));
#10139 = PCURVE('',#9532,#10140);
#10140 = DEFINITIONAL_REPRESENTATION('',(#10141),#10145);
#10141 = LINE('',#10142,#10143);
#10142 = CARTESIAN_POINT('',(0.,0.));
#10143 = VECTOR('',#10144,1.);
#10144 = DIRECTION('',(1.,0.));
#10145 = ( GEOMETRIC_REPRESENTATION_CONTEXT(2) 
PARAMETRIC_REPRESENTATION_CONTEXT() REPRESENTATION_CONTEXT('2D SPACE',''
  ) );
#10146 = PCURVE('',#10093,#10147);
#10147 = DEFINITIONAL_REPRESENTATION('',(#10148),#10152);
#10148 = LINE('',#10149,#10150);
#10149 = CARTESIAN_POINT('',(0.,-14.));
#10150 = VECTOR('',#10151,1.);
#10151 = DIRECTION('',(1.,0.));
#10152 = ( GEOMETRIC_REPRESENTATION_CONTEXT(2) 
PARAMETRIC_REPRESENTATION_CONTEXT() REPRESENTATION_CONTEXT('2D SPACE',''
  ) );
#10153 = ORIENTED_EDGE('',*,*,#10154,.T.);
#10154 = EDGE_CURVE('',#10132,#9494,#10155,.T.);
#10155 = SURFACE_CURVE('',#10156,(#10160,#10167),.PCURVE_S1.);
#10156 = LINE('',#10157,#10158);
#10157 = CARTESIAN_POINT('',(-34.35,7.,-180.1));
#10158 = VECTOR('',#10159,1.);
#10159 = DIRECTION('',(1.,0.,-0.));
#10160 = PCURVE('',#9532,#10161);
#10161 = DEFINITIONAL_REPRESENTATION('',(#10162),#10166);
#10162 = LINE('',#10163,#10164);
#10163 = CARTESIAN_POINT('',(1.8,0.));
#10164 = VECTOR('',#10165,1.);
#10165 = DIRECTION('',(0.,1.));
#10166 = ( GEOMETRIC_REPRESENTATION_CONTEXT(2) 
PARAMETRIC_REPRESENTATION_CONTEXT() REPRESENTATION_CONTEXT('2D SPACE',''
  ) );
#10167 = PCURVE('',#9508,#10168);
#10168 = DEFINITIONAL_REPRESENTATION('',(#10169),#10173);
#10169 = LINE('',#10170,#10171);
#10170 = CARTESIAN_POINT('',(0.,14.));
#10171 = VECTOR('',#10172,1.);
#10172 = DIRECTION('',(1.,0.));
#10173 = ( GEOMETRIC_REPRESENTATION_CONTEXT(2) 
PARAMETRIC_REPRESENTATION_CONTEXT() REPRESENTATION_CONTEXT('2D SPACE',''
  ) );
#10174 = ORIENTED_EDGE('',*,*,#9519,.F.);
#10175 = ADVANCED_FACE('',(#10176),#9482,.T.);
#10176 = FACE_BOUND('',#10177,.T.);
#10177 = EDGE_LOOP('',(#10178,#10179,#10202,#10223));
#10178 = ORIENTED_EDGE('',*,*,#10105,.F.);
#10179 = ORIENTED_EDGE('',*,*,#10180,.T.);
#10180 = EDGE_CURVE('',#10078,#10181,#10183,.T.);
#10181 = VERTEX_POINT('',#10182);
#10182 = CARTESIAN_POINT('',(-34.35,-7.,-180.1));
#10183 = SURFACE_CURVE('',#10184,(#10188,#10195),.PCURVE_S1.);
#10184 = LINE('',#10185,#10186);
#10185 = CARTESIAN_POINT('',(-34.35,-7.,-181.9));
#10186 = VECTOR('',#10187,1.);
#10187 = DIRECTION('',(0.,0.,1.));
#10188 = PCURVE('',#9482,#10189);
#10189 = DEFINITIONAL_REPRESENTATION('',(#10190),#10194);
#10190 = LINE('',#10191,#10192);
#10191 = CARTESIAN_POINT('',(0.,0.));
#10192 = VECTOR('',#10193,1.);
#10193 = DIRECTION('',(1.,0.));
#10194 = ( GEOMETRIC_REPRESENTATION_CONTEXT(2) 
PARAMETRIC_REPRESENTATION_CONTEXT() REPRESENTATION_CONTEXT('2D SPACE',''
  ) );
#10195 = PCURVE('',#10093,#10196);
#10196 = DEFINITIONAL_REPRESENTATION('',(#10197),#10201);
#10197 = LINE('',#10198,#10199);
#10198 = CARTESIAN_POINT('',(0.,0.));
#10199 = VECTOR('',#10200,1.);
#10200 = DIRECTION('',(1.,0.));
#10201 = ( GEOMETRIC_REPRESENTATION_CONTEXT(2) 
PARAMETRIC_REPRESENTATION_CONTEXT() REPRESENTATION_CONTEXT('2D SPACE',''
  ) );
#10202 = ORIENTED_EDGE('',*,*,#10203,.T.);
#10203 = EDGE_CURVE('',#10181,#9468,#10204,.T.);
#10204 = SURFACE_CURVE('',#10205,(#10209,#10216),.PCURVE_S1.);
#10205 = LINE('',#10206,#10207);
#10206 = CARTESIAN_POINT('',(-34.35,-7.,-180.1));
#10207 = VECTOR('',#10208,1.);
#10208 = DIRECTION('',(1.,0.,-0.));
#10209 = PCURVE('',#9482,#10210);
#10210 = DEFINITIONAL_REPRESENTATION('',(#10211),#10215);
#10211 = LINE('',#10212,#10213);
#10212 = CARTESIAN_POINT('',(1.8,0.));
#10213 = VECTOR('',#10214,1.);
#10214 = DIRECTION('',(0.,1.));
#10215 = ( GEOMETRIC_REPRESENTATION_CONTEXT(2) 
PARAMETRIC_REPRESENTATION_CONTEXT() REPRESENTATION_CONTEXT('2D SPACE',''
  ) );
#10216 = PCURVE('',#9508,#10217);
#10217 = DEFINITIONAL_REPRESENTATION('',(#10218),#10222);
#10218 = LINE('',#10219,#10220);
#10219 = CARTESIAN_POINT('',(0.,0.));
#10220 = VECTOR('',#10221,1.);
#10221 = DIRECTION('',(1.,0.));
#10222 = ( GEOMETRIC_REPRESENTATION_CONTEXT(2) 
PARAMETRIC_REPRESENTATION_CONTEXT() REPRESENTATION_CONTEXT('2D SPACE',''
  ) );
#10223 = ORIENTED_EDGE('',*,*,#9467,.F.);
#10224 = ADVANCED_FACE('',(#10225),#9508,.F.);
#10225 = FACE_BOUND('',#10226,.F.);
#10226 = EDGE_LOOP('',(#10227,#10228,#10249,#10250));
#10227 = ORIENTED_EDGE('',*,*,#10154,.F.);
#10228 = ORIENTED_EDGE('',*,*,#10229,.F.);
#10229 = EDGE_CURVE('',#10181,#10132,#10230,.T.);
#10230 = SURFACE_CURVE('',#10231,(#10235,#10242),.PCURVE_S1.);
#10231 = LINE('',#10232,#10233);
#10232 = CARTESIAN_POINT('',(-34.35,-7.,-180.1));
#10233 = VECTOR('',#10234,1.);
#10234 = DIRECTION('',(-0.,1.,0.));
#10235 = PCURVE('',#9508,#10236);
#10236 = DEFINITIONAL_REPRESENTATION('',(#10237),#10241);
#10237 = LINE('',#10238,#10239);
#10238 = CARTESIAN_POINT('',(0.,0.));
#10239 = VECTOR('',#10240,1.);
#10240 = DIRECTION('',(0.,1.));
#10241 = ( GEOMETRIC_REPRESENTATION_CONTEXT(2) 
PARAMETRIC_REPRESENTATION_CONTEXT() REPRESENTATION_CONTEXT('2D SPACE',''
  ) );
#10242 = PCURVE('',#10093,#10243);
#10243 = DEFINITIONAL_REPRESENTATION('',(#10244),#10248);
#10244 = LINE('',#10245,#10246);
#10245 = CARTESIAN_POINT('',(1.8,0.));
#10246 = VECTOR('',#10247,1.);
#10247 = DIRECTION('',(0.,-1.));
#10248 = ( GEOMETRIC_REPRESENTATION_CONTEXT(2) 
PARAMETRIC_REPRESENTATION_CONTEXT() REPRESENTATION_CONTEXT('2D SPACE',''
  ) );
#10249 = ORIENTED_EDGE('',*,*,#10203,.T.);
#10250 = ORIENTED_EDGE('',*,*,#9493,.F.);
#10251 = ADVANCED_FACE('',(#10252),#9562,.T.);
#10252 = FACE_BOUND('',#10253,.T.);
#10253 = EDGE_LOOP('',(#10254,#10277,#10305,#10326));
#10254 = ORIENTED_EDGE('',*,*,#10255,.F.);
#10255 = EDGE_CURVE('',#10256,#9546,#10258,.T.);
#10256 = VERTEX_POINT('',#10257);
#10257 = CARTESIAN_POINT('',(-34.35,7.,-176.9));
#10258 = SURFACE_CURVE('',#10259,(#10263,#10270),.PCURVE_S1.);
#10259 = LINE('',#10260,#10261);
#10260 = CARTESIAN_POINT('',(-34.35,7.,-176.9));
#10261 = VECTOR('',#10262,1.);
#10262 = DIRECTION('',(1.,0.,-0.));
#10263 = PCURVE('',#9562,#10264);
#10264 = DEFINITIONAL_REPRESENTATION('',(#10265),#10269);
#10265 = LINE('',#10266,#10267);
#10266 = CARTESIAN_POINT('',(0.,14.));
#10267 = VECTOR('',#10268,1.);
#10268 = DIRECTION('',(1.,0.));
#10269 = ( GEOMETRIC_REPRESENTATION_CONTEXT(2) 
PARAMETRIC_REPRESENTATION_CONTEXT() REPRESENTATION_CONTEXT('2D SPACE',''
  ) );
#10270 = PCURVE('',#9638,#10271);
#10271 = DEFINITIONAL_REPRESENTATION('',(#10272),#10276);
#10272 = LINE('',#10273,#10274);
#10273 = CARTESIAN_POINT('',(0.,0.));
#10274 = VECTOR('',#10275,1.);
#10275 = DIRECTION('',(0.,1.));
#10276 = ( GEOMETRIC_REPRESENTATION_CONTEXT(2) 
PARAMETRIC_REPRESENTATION_CONTEXT() REPRESENTATION_CONTEXT('2D SPACE',''
  ) );
#10277 = ORIENTED_EDGE('',*,*,#10278,.F.);
#10278 = EDGE_CURVE('',#10279,#10256,#10281,.T.);
#10279 = VERTEX_POINT('',#10280);
#10280 = CARTESIAN_POINT('',(-34.35,-7.,-176.9));
#10281 = SURFACE_CURVE('',#10282,(#10286,#10293),.PCURVE_S1.);
#10282 = LINE('',#10283,#10284);
#10283 = CARTESIAN_POINT('',(-34.35,-7.,-176.9));
#10284 = VECTOR('',#10285,1.);
#10285 = DIRECTION('',(-0.,1.,0.));
#10286 = PCURVE('',#9562,#10287);
#10287 = DEFINITIONAL_REPRESENTATION('',(#10288),#10292);
#10288 = LINE('',#10289,#10290);
#10289 = CARTESIAN_POINT('',(0.,0.));
#10290 = VECTOR('',#10291,1.);
#10291 = DIRECTION('',(0.,1.));
#10292 = ( GEOMETRIC_REPRESENTATION_CONTEXT(2) 
PARAMETRIC_REPRESENTATION_CONTEXT() REPRESENTATION_CONTEXT('2D SPACE',''
  ) );
#10293 = PCURVE('',#10294,#10299);
#10294 = PLANE('',#10295);
#10295 = AXIS2_PLACEMENT_3D('',#10296,#10297,#10298);
#10296 = CARTESIAN_POINT('',(-34.35,-7.,-176.9));
#10297 = DIRECTION('',(1.,0.,-0.));
#10298 = DIRECTION('',(0.,0.,1.));
#10299 = DEFINITIONAL_REPRESENTATION('',(#10300),#10304);
#10300 = LINE('',#10301,#10302);
#10301 = CARTESIAN_POINT('',(0.,0.));
#10302 = VECTOR('',#10303,1.);
#10303 = DIRECTION('',(0.,-1.));
#10304 = ( GEOMETRIC_REPRESENTATION_CONTEXT(2) 
PARAMETRIC_REPRESENTATION_CONTEXT() REPRESENTATION_CONTEXT('2D SPACE',''
  ) );
#10305 = ORIENTED_EDGE('',*,*,#10306,.T.);
#10306 = EDGE_CURVE('',#10279,#9548,#10307,.T.);
#10307 = SURFACE_CURVE('',#10308,(#10312,#10319),.PCURVE_S1.);
#10308 = LINE('',#10309,#10310);
#10309 = CARTESIAN_POINT('',(-34.35,-7.,-176.9));
#10310 = VECTOR('',#10311,1.);
#10311 = DIRECTION('',(1.,0.,-0.));
#10312 = PCURVE('',#9562,#10313);
#10313 = DEFINITIONAL_REPRESENTATION('',(#10314),#10318);
#10314 = LINE('',#10315,#10316);
#10315 = CARTESIAN_POINT('',(0.,0.));
#10316 = VECTOR('',#10317,1.);
#10317 = DIRECTION('',(1.,0.));
#10318 = ( GEOMETRIC_REPRESENTATION_CONTEXT(2) 
PARAMETRIC_REPRESENTATION_CONTEXT() REPRESENTATION_CONTEXT('2D SPACE',''
  ) );
#10319 = PCURVE('',#9588,#10320);
#10320 = DEFINITIONAL_REPRESENTATION('',(#10321),#10325);
#10321 = LINE('',#10322,#10323);
#10322 = CARTESIAN_POINT('',(0.,0.));
#10323 = VECTOR('',#10324,1.);
#10324 = DIRECTION('',(0.,1.));
#10325 = ( GEOMETRIC_REPRESENTATION_CONTEXT(2) 
PARAMETRIC_REPRESENTATION_CONTEXT() REPRESENTATION_CONTEXT('2D SPACE',''
  ) );
#10326 = ORIENTED_EDGE('',*,*,#9545,.F.);
#10327 = ADVANCED_FACE('',(#10328),#9638,.F.);
#10328 = FACE_BOUND('',#10329,.F.);
#10329 = EDGE_LOOP('',(#10330,#10331,#10354,#10375));
#10330 = ORIENTED_EDGE('',*,*,#10255,.F.);
#10331 = ORIENTED_EDGE('',*,*,#10332,.T.);
#10332 = EDGE_CURVE('',#10256,#10333,#10335,.T.);
#10333 = VERTEX_POINT('',#10334);
#10334 = CARTESIAN_POINT('',(-34.35,7.,-175.1));
#10335 = SURFACE_CURVE('',#10336,(#10340,#10347),.PCURVE_S1.);
#10336 = LINE('',#10337,#10338);
#10337 = CARTESIAN_POINT('',(-34.35,7.,-176.9));
#10338 = VECTOR('',#10339,1.);
#10339 = DIRECTION('',(0.,0.,1.));
#10340 = PCURVE('',#9638,#10341);
#10341 = DEFINITIONAL_REPRESENTATION('',(#10342),#10346);
#10342 = LINE('',#10343,#10344);
#10343 = CARTESIAN_POINT('',(0.,0.));
#10344 = VECTOR('',#10345,1.);
#10345 = DIRECTION('',(1.,0.));
#10346 = ( GEOMETRIC_REPRESENTATION_CONTEXT(2) 
PARAMETRIC_REPRESENTATION_CONTEXT() REPRESENTATION_CONTEXT('2D SPACE',''
  ) );
#10347 = PCURVE('',#10294,#10348);
#10348 = DEFINITIONAL_REPRESENTATION('',(#10349),#10353);
#10349 = LINE('',#10350,#10351);
#10350 = CARTESIAN_POINT('',(0.,-14.));
#10351 = VECTOR('',#10352,1.);
#10352 = DIRECTION('',(1.,0.));
#10353 = ( GEOMETRIC_REPRESENTATION_CONTEXT(2) 
PARAMETRIC_REPRESENTATION_CONTEXT() REPRESENTATION_CONTEXT('2D SPACE',''
  ) );
#10354 = ORIENTED_EDGE('',*,*,#10355,.T.);
#10355 = EDGE_CURVE('',#10333,#9600,#10356,.T.);
#10356 = SURFACE_CURVE('',#10357,(#10361,#10368),.PCURVE_S1.);
#10357 = LINE('',#10358,#10359);
#10358 = CARTESIAN_POINT('',(-34.35,7.,-175.1));
#10359 = VECTOR('',#10360,1.);
#10360 = DIRECTION('',(1.,0.,-0.));
#10361 = PCURVE('',#9638,#10362);
#10362 = DEFINITIONAL_REPRESENTATION('',(#10363),#10367);
#10363 = LINE('',#10364,#10365);
#10364 = CARTESIAN_POINT('',(1.8,0.));
#10365 = VECTOR('',#10366,1.);
#10366 = DIRECTION('',(0.,1.));
#10367 = ( GEOMETRIC_REPRESENTATION_CONTEXT(2) 
PARAMETRIC_REPRESENTATION_CONTEXT() REPRESENTATION_CONTEXT('2D SPACE',''
  ) );
#10368 = PCURVE('',#9614,#10369);
#10369 = DEFINITIONAL_REPRESENTATION('',(#10370),#10374);
#10370 = LINE('',#10371,#10372);
#10371 = CARTESIAN_POINT('',(0.,14.));
#10372 = VECTOR('',#10373,1.);
#10373 = DIRECTION('',(1.,0.));
#10374 = ( GEOMETRIC_REPRESENTATION_CONTEXT(2) 
PARAMETRIC_REPRESENTATION_CONTEXT() REPRESENTATION_CONTEXT('2D SPACE',''
  ) );
#10375 = ORIENTED_EDGE('',*,*,#9625,.F.);
#10376 = ADVANCED_FACE('',(#10377),#9588,.T.);
#10377 = FACE_BOUND('',#10378,.T.);
#10378 = EDGE_LOOP('',(#10379,#10380,#10403,#10424));
#10379 = ORIENTED_EDGE('',*,*,#10306,.F.);
#10380 = ORIENTED_EDGE('',*,*,#10381,.T.);
#10381 = EDGE_CURVE('',#10279,#10382,#10384,.T.);
#10382 = VERTEX_POINT('',#10383);
#10383 = CARTESIAN_POINT('',(-34.35,-7.,-175.1));
#10384 = SURFACE_CURVE('',#10385,(#10389,#10396),.PCURVE_S1.);
#10385 = LINE('',#10386,#10387);
#10386 = CARTESIAN_POINT('',(-34.35,-7.,-176.9));
#10387 = VECTOR('',#10388,1.);
#10388 = DIRECTION('',(0.,0.,1.));
#10389 = PCURVE('',#9588,#10390);
#10390 = DEFINITIONAL_REPRESENTATION('',(#10391),#10395);
#10391 = LINE('',#10392,#10393);
#10392 = CARTESIAN_POINT('',(0.,0.));
#10393 = VECTOR('',#10394,1.);
#10394 = DIRECTION('',(1.,0.));
#10395 = ( GEOMETRIC_REPRESENTATION_CONTEXT(2) 
PARAMETRIC_REPRESENTATION_CONTEXT() REPRESENTATION_CONTEXT('2D SPACE',''
  ) );
#10396 = PCURVE('',#10294,#10397);
#10397 = DEFINITIONAL_REPRESENTATION('',(#10398),#10402);
#10398 = LINE('',#10399,#10400);
#10399 = CARTESIAN_POINT('',(0.,0.));
#10400 = VECTOR('',#10401,1.);
#10401 = DIRECTION('',(1.,0.));
#10402 = ( GEOMETRIC_REPRESENTATION_CONTEXT(2) 
PARAMETRIC_REPRESENTATION_CONTEXT() REPRESENTATION_CONTEXT('2D SPACE',''
  ) );
#10403 = ORIENTED_EDGE('',*,*,#10404,.T.);
#10404 = EDGE_CURVE('',#10382,#9574,#10405,.T.);
#10405 = SURFACE_CURVE('',#10406,(#10410,#10417),.PCURVE_S1.);
#10406 = LINE('',#10407,#10408);
#10407 = CARTESIAN_POINT('',(-34.35,-7.,-175.1));
#10408 = VECTOR('',#10409,1.);
#10409 = DIRECTION('',(1.,0.,-0.));
#10410 = PCURVE('',#9588,#10411);
#10411 = DEFINITIONAL_REPRESENTATION('',(#10412),#10416);
#10412 = LINE('',#10413,#10414);
#10413 = CARTESIAN_POINT('',(1.8,0.));
#10414 = VECTOR('',#10415,1.);
#10415 = DIRECTION('',(0.,1.));
#10416 = ( GEOMETRIC_REPRESENTATION_CONTEXT(2) 
PARAMETRIC_REPRESENTATION_CONTEXT() REPRESENTATION_CONTEXT('2D SPACE',''
  ) );
#10417 = PCURVE('',#9614,#10418);
#10418 = DEFINITIONAL_REPRESENTATION('',(#10419),#10423);
#10419 = LINE('',#10420,#10421);
#10420 = CARTESIAN_POINT('',(0.,0.));
#10421 = VECTOR('',#10422,1.);
#10422 = DIRECTION('',(1.,0.));
#10423 = ( GEOMETRIC_REPRESENTATION_CONTEXT(2) 
PARAMETRIC_REPRESENTATION_CONTEXT() REPRESENTATION_CONTEXT('2D SPACE',''
  ) );
#10424 = ORIENTED_EDGE('',*,*,#9573,.F.);
#10425 = ADVANCED_FACE('',(#10426),#9614,.F.);
#10426 = FACE_BOUND('',#10427,.F.);
#10427 = EDGE_LOOP('',(#10428,#10429,#10450,#10451));
#10428 = ORIENTED_EDGE('',*,*,#10355,.F.);
#10429 = ORIENTED_EDGE('',*,*,#10430,.F.);
#10430 = EDGE_CURVE('',#10382,#10333,#10431,.T.);
#10431 = SURFACE_CURVE('',#10432,(#10436,#10443),.PCURVE_S1.);
#10432 = LINE('',#10433,#10434);
#10433 = CARTESIAN_POINT('',(-34.35,-7.,-175.1));
#10434 = VECTOR('',#10435,1.);
#10435 = DIRECTION('',(-0.,1.,0.));
#10436 = PCURVE('',#9614,#10437);
#10437 = DEFINITIONAL_REPRESENTATION('',(#10438),#10442);
#10438 = LINE('',#10439,#10440);
#10439 = CARTESIAN_POINT('',(0.,0.));
#10440 = VECTOR('',#10441,1.);
#10441 = DIRECTION('',(0.,1.));
#10442 = ( GEOMETRIC_REPRESENTATION_CONTEXT(2) 
PARAMETRIC_REPRESENTATION_CONTEXT() REPRESENTATION_CONTEXT('2D SPACE',''
  ) );
#10443 = PCURVE('',#10294,#10444);
#10444 = DEFINITIONAL_REPRESENTATION('',(#10445),#10449);
#10445 = LINE('',#10446,#10447);
#10446 = CARTESIAN_POINT('',(1.8,0.));
#10447 = VECTOR('',#10448,1.);
#10448 = DIRECTION('',(0.,-1.));
#10449 = ( GEOMETRIC_REPRESENTATION_CONTEXT(2) 
PARAMETRIC_REPRESENTATION_CONTEXT() REPRESENTATION_CONTEXT('2D SPACE',''
  ) );
#10450 = ORIENTED_EDGE('',*,*,#10404,.T.);
#10451 = ORIENTED_EDGE('',*,*,#9599,.F.);
#10452 = ADVANCED_FACE('',(#10453),#9691,.T.);
#10453 = FACE_BOUND('',#10454,.T.);
#10454 = EDGE_LOOP('',(#10455,#10456,#10457,#10458));
#10455 = ORIENTED_EDGE('',*,*,#9827,.F.);
#10456 = ORIENTED_EDGE('',*,*,#9675,.T.);
#10457 = ORIENTED_EDGE('',*,*,#9729,.T.);
#10458 = ORIENTED_EDGE('',*,*,#9778,.F.);
#10459 = ADVANCED_FACE('',(#10460),#9892,.T.);
#10460 = FACE_BOUND('',#10461,.T.);
#10461 = EDGE_LOOP('',(#10462,#10463,#10464,#10465));
#10462 = ORIENTED_EDGE('',*,*,#9979,.F.);
#10463 = ORIENTED_EDGE('',*,*,#9876,.T.);
#10464 = ORIENTED_EDGE('',*,*,#9930,.T.);
#10465 = ORIENTED_EDGE('',*,*,#10028,.F.);
#10466 = ADVANCED_FACE('',(#10467),#10093,.T.);
#10467 = FACE_BOUND('',#10468,.T.);
#10468 = EDGE_LOOP('',(#10469,#10470,#10471,#10472));
#10469 = ORIENTED_EDGE('',*,*,#10180,.F.);
#10470 = ORIENTED_EDGE('',*,*,#10077,.T.);
#10471 = ORIENTED_EDGE('',*,*,#10131,.T.);
#10472 = ORIENTED_EDGE('',*,*,#10229,.F.);
#10473 = ADVANCED_FACE('',(#10474),#10294,.T.);
#10474 = FACE_BOUND('',#10475,.T.);
#10475 = EDGE_LOOP('',(#10476,#10477,#10478,#10479));
#10476 = ORIENTED_EDGE('',*,*,#10381,.F.);
#10477 = ORIENTED_EDGE('',*,*,#10278,.T.);
#10478 = ORIENTED_EDGE('',*,*,#10332,.T.);
#10479 = ORIENTED_EDGE('',*,*,#10430,.F.);
#10480 = ( GEOMETRIC_REPRESENTATION_CONTEXT(3) 
GLOBAL_UNCERTAINTY_ASSIGNED_CONTEXT((#10484)) 
GLOBAL_UNIT_ASSIGNED_CONTEXT((#10481,#10482,#10483)) 
REPRESENTATION_CONTEXT('Context #1',
  '3D Context with UNIT and UNCERTAINTY') );
#10481 = ( LENGTH_UNIT() NAMED_UNIT(*) SI_UNIT(.MILLI.,.METRE.) );
#10482 = ( NAMED_UNIT(*) PLANE_ANGLE_UNIT() SI_UNIT($,.RADIAN.) );
#10483 = ( NAMED_UNIT(*) SI_UNIT($,.STERADIAN.) SOLID_ANGLE_UNIT() );
#10484 = UNCERTAINTY_MEASURE_WITH_UNIT(LENGTH_MEASURE(1.E-07),#10481,
  'distance_accuracy_value','confusion accuracy');
#10485 = CONTEXT_DEPENDENT_SHAPE_REPRESENTATION(#10486,#10488);
#10486 = ( REPRESENTATION_RELATIONSHIP('','',#8893,#10) 
REPRESENTATION_RELATIONSHIP_WITH_TRANSFORMATION(#10487) 
SHAPE_REPRESENTATION_RELATIONSHIP() );
#10487 = ITEM_DEFINED_TRANSFORMATION('','',#11,#35);
#10488 = PRODUCT_DEFINITION_SHAPE('Placement','Placement of an item',
  #10489);
#10489 = NEXT_ASSEMBLY_USAGE_OCCURRENCE('20','','',#5,#8888,$);
#10490 = PRODUCT_RELATED_PRODUCT_CATEGORY('part',$,(#8890));
#10491 = SHAPE_DEFINITION_REPRESENTATION(#10492,#10498);
#10492 = PRODUCT_DEFINITION_SHAPE('','',#10493);
#10493 = PRODUCT_DEFINITION('design','',#10494,#10497);
#10494 = PRODUCT_DEFINITION_FORMATION('','',#10495);
#10495 = PRODUCT('Open CASCADE STEP translator 7.9 13.7',
  'Open CASCADE STEP translator 7.9 13.7','',(#10496));
#10496 = PRODUCT_CONTEXT('',#2,'mechanical');
#10497 = PRODUCT_DEFINITION_CONTEXT('part definition',#2,'design');
#10498 = ADVANCED_BREP_SHAPE_REPRESENTATION('',(#11,#10499),#12085);
#10499 = MANIFOLD_SOLID_BREP('',#10500);
#10500 = CLOSED_SHELL('',(#10501,#11045,#11121,#11170,#11219,#11246,
    #11322,#11371,#11420,#11447,#11523,#11572,#11621,#11648,#11724,
    #11773,#11822,#11849,#11925,#11974,#12023,#12050,#12057,#12064,
    #12071,#12078));
#10501 = ADVANCED_FACE('',(#10502,#10621,#10727,#10833,#10939),#10516,
  .F.);
#10502 = FACE_BOUND('',#10503,.F.);
#10503 = EDGE_LOOP('',(#10504,#10539,#10567,#10595));
#10504 = ORIENTED_EDGE('',*,*,#10505,.F.);
#10505 = EDGE_CURVE('',#10506,#10508,#10510,.T.);
#10506 = VERTEX_POINT('',#10507);
#10507 = CARTESIAN_POINT('',(-18.75,-8.,-198.));
#10508 = VERTEX_POINT('',#10509);
#10509 = CARTESIAN_POINT('',(-18.75,-8.,-172.));
#10510 = SURFACE_CURVE('',#10511,(#10515,#10527),.PCURVE_S1.);
#10511 = LINE('',#10512,#10513);
#10512 = CARTESIAN_POINT('',(-18.75,-8.,-198.));
#10513 = VECTOR('',#10514,1.);
#10514 = DIRECTION('',(0.,0.,1.));
#10515 = PCURVE('',#10516,#10521);
#10516 = PLANE('',#10517);
#10517 = AXIS2_PLACEMENT_3D('',#10518,#10519,#10520);
#10518 = CARTESIAN_POINT('',(-18.75,-8.,-198.));
#10519 = DIRECTION('',(1.,0.,-0.));
#10520 = DIRECTION('',(0.,0.,1.));
#10521 = DEFINITIONAL_REPRESENTATION('',(#10522),#10526);
#10522 = LINE('',#10523,#10524);
#10523 = CARTESIAN_POINT('',(0.,0.));
#10524 = VECTOR('',#10525,1.);
#10525 = DIRECTION('',(1.,0.));
#10526 = ( GEOMETRIC_REPRESENTATION_CONTEXT(2) 
PARAMETRIC_REPRESENTATION_CONTEXT() REPRESENTATION_CONTEXT('2D SPACE',''
  ) );
#10527 = PCURVE('',#10528,#10533);
#10528 = PLANE('',#10529);
#10529 = AXIS2_PLACEMENT_3D('',#10530,#10531,#10532);
#10530 = CARTESIAN_POINT('',(-18.75,-8.,-198.));
#10531 = DIRECTION('',(-0.,1.,0.));
#10532 = DIRECTION('',(0.,0.,1.));
#10533 = DEFINITIONAL_REPRESENTATION('',(#10534),#10538);
#10534 = LINE('',#10535,#10536);
#10535 = CARTESIAN_POINT('',(0.,0.));
#10536 = VECTOR('',#10537,1.);
#10537 = DIRECTION('',(1.,0.));
#10538 = ( GEOMETRIC_REPRESENTATION_CONTEXT(2) 
PARAMETRIC_REPRESENTATION_CONTEXT() REPRESENTATION_CONTEXT('2D SPACE',''
  ) );
#10539 = ORIENTED_EDGE('',*,*,#10540,.T.);
#10540 = EDGE_CURVE('',#10506,#10541,#10543,.T.);
#10541 = VERTEX_POINT('',#10542);
#10542 = CARTESIAN_POINT('',(-18.75,8.,-198.));
#10543 = SURFACE_CURVE('',#10544,(#10548,#10555),.PCURVE_S1.);
#10544 = LINE('',#10545,#10546);
#10545 = CARTESIAN_POINT('',(-18.75,-8.,-198.));
#10546 = VECTOR('',#10547,1.);
#10547 = DIRECTION('',(-0.,1.,0.));
#10548 = PCURVE('',#10516,#10549);
#10549 = DEFINITIONAL_REPRESENTATION('',(#10550),#10554);
#10550 = LINE('',#10551,#10552);
#10551 = CARTESIAN_POINT('',(0.,0.));
#10552 = VECTOR('',#10553,1.);
#10553 = DIRECTION('',(0.,-1.));
#10554 = ( GEOMETRIC_REPRESENTATION_CONTEXT(2) 
PARAMETRIC_REPRESENTATION_CONTEXT() REPRESENTATION_CONTEXT('2D SPACE',''
  ) );
#10555 = PCURVE('',#10556,#10561);
#10556 = PLANE('',#10557);
#10557 = AXIS2_PLACEMENT_3D('',#10558,#10559,#10560);
#10558 = CARTESIAN_POINT('',(-18.75,-8.,-198.));
#10559 = DIRECTION('',(0.,0.,1.));
#10560 = DIRECTION('',(1.,0.,-0.));
#10561 = DEFINITIONAL_REPRESENTATION('',(#10562),#10566);
#10562 = LINE('',#10563,#10564);
#10563 = CARTESIAN_POINT('',(0.,0.));
#10564 = VECTOR('',#10565,1.);
#10565 = DIRECTION('',(0.,1.));
#10566 = ( GEOMETRIC_REPRESENTATION_CONTEXT(2) 
PARAMETRIC_REPRESENTATION_CONTEXT() REPRESENTATION_CONTEXT('2D SPACE',''
  ) );
#10567 = ORIENTED_EDGE('',*,*,#10568,.T.);
#10568 = EDGE_CURVE('',#10541,#10569,#10571,.T.);
#10569 = VERTEX_POINT('',#10570);
#10570 = CARTESIAN_POINT('',(-18.75,8.,-172.));
#10571 = SURFACE_CURVE('',#10572,(#10576,#10583),.PCURVE_S1.);
#10572 = LINE('',#10573,#10574);
#10573 = CARTESIAN_POINT('',(-18.75,8.,-198.));
#10574 = VECTOR('',#10575,1.);
#10575 = DIRECTION('',(0.,0.,1.));
#10576 = PCURVE('',#10516,#10577);
#10577 = DEFINITIONAL_REPRESENTATION('',(#10578),#10582);
#10578 = LINE('',#10579,#10580);
#10579 = CARTESIAN_POINT('',(0.,-16.));
#10580 = VECTOR('',#10581,1.);
#10581 = DIRECTION('',(1.,0.));
#10582 = ( GEOMETRIC_REPRESENTATION_CONTEXT(2) 
PARAMETRIC_REPRESENTATION_CONTEXT() REPRESENTATION_CONTEXT('2D SPACE',''
  ) );
#10583 = PCURVE('',#10584,#10589);
#10584 = PLANE('',#10585);
#10585 = AXIS2_PLACEMENT_3D('',#10586,#10587,#10588);
#10586 = CARTESIAN_POINT('',(-18.75,8.,-198.));
#10587 = DIRECTION('',(-0.,1.,0.));
#10588 = DIRECTION('',(0.,0.,1.));
#10589 = DEFINITIONAL_REPRESENTATION('',(#10590),#10594);
#10590 = LINE('',#10591,#10592);
#10591 = CARTESIAN_POINT('',(0.,0.));
#10592 = VECTOR('',#10593,1.);
#10593 = DIRECTION('',(1.,0.));
#10594 = ( GEOMETRIC_REPRESENTATION_CONTEXT(2) 
PARAMETRIC_REPRESENTATION_CONTEXT() REPRESENTATION_CONTEXT('2D SPACE',''
  ) );
#10595 = ORIENTED_EDGE('',*,*,#10596,.F.);
#10596 = EDGE_CURVE('',#10508,#10569,#10597,.T.);
#10597 = SURFACE_CURVE('',#10598,(#10602,#10609),.PCURVE_S1.);
#10598 = LINE('',#10599,#10600);
#10599 = CARTESIAN_POINT('',(-18.75,-8.,-172.));
#10600 = VECTOR('',#10601,1.);
#10601 = DIRECTION('',(-0.,1.,0.));
#10602 = PCURVE('',#10516,#10603);
#10603 = DEFINITIONAL_REPRESENTATION('',(#10604),#10608);
#10604 = LINE('',#10605,#10606);
#10605 = CARTESIAN_POINT('',(26.,0.));
#10606 = VECTOR('',#10607,1.);
#10607 = DIRECTION('',(0.,-1.));
#10608 = ( GEOMETRIC_REPRESENTATION_CONTEXT(2) 
PARAMETRIC_REPRESENTATION_CONTEXT() REPRESENTATION_CONTEXT('2D SPACE',''
  ) );
#10609 = PCURVE('',#10610,#10615);
#10610 = PLANE('',#10611);
#10611 = AXIS2_PLACEMENT_3D('',#10612,#10613,#10614);
#10612 = CARTESIAN_POINT('',(-18.75,-8.,-172.));
#10613 = DIRECTION('',(0.,0.,1.));
#10614 = DIRECTION('',(1.,0.,-0.));
#10615 = DEFINITIONAL_REPRESENTATION('',(#10616),#10620);
#10616 = LINE('',#10617,#10618);
#10617 = CARTESIAN_POINT('',(0.,0.));
#10618 = VECTOR('',#10619,1.);
#10619 = DIRECTION('',(0.,1.));
#10620 = ( GEOMETRIC_REPRESENTATION_CONTEXT(2) 
PARAMETRIC_REPRESENTATION_CONTEXT() REPRESENTATION_CONTEXT('2D SPACE',''
  ) );
#10621 = FACE_BOUND('',#10622,.F.);
#10622 = EDGE_LOOP('',(#10623,#10651,#10677,#10703));
#10623 = ORIENTED_EDGE('',*,*,#10624,.T.);
#10624 = EDGE_CURVE('',#10625,#10627,#10629,.T.);
#10625 = VERTEX_POINT('',#10626);
#10626 = CARTESIAN_POINT('',(-18.75,7.,-191.9));
#10627 = VERTEX_POINT('',#10628);
#10628 = CARTESIAN_POINT('',(-18.75,-7.,-191.9));
#10629 = SURFACE_CURVE('',#10630,(#10634,#10640),.PCURVE_S1.);
#10630 = LINE('',#10631,#10632);
#10631 = CARTESIAN_POINT('',(-18.75,-7.5,-191.9));
#10632 = VECTOR('',#10633,1.);
#10633 = DIRECTION('',(0.,-1.,0.));
#10634 = PCURVE('',#10516,#10635);
#10635 = DEFINITIONAL_REPRESENTATION('',(#10636),#10639);
#10636 = B_SPLINE_CURVE_WITH_KNOTS('',1,(#10637,#10638),.UNSPECIFIED.,
  .F.,.F.,(2,2),(-14.5,-0.5),.PIECEWISE_BEZIER_KNOTS.);
#10637 = CARTESIAN_POINT('',(6.1,-15.));
#10638 = CARTESIAN_POINT('',(6.1,-1.));
#10639 = ( GEOMETRIC_REPRESENTATION_CONTEXT(2) 
PARAMETRIC_REPRESENTATION_CONTEXT() REPRESENTATION_CONTEXT('2D SPACE',''
  ) );
#10640 = PCURVE('',#10641,#10646);
#10641 = PLANE('',#10642);
#10642 = AXIS2_PLACEMENT_3D('',#10643,#10644,#10645);
#10643 = CARTESIAN_POINT('',(-18.85,-7.,-191.9));
#10644 = DIRECTION('',(0.,0.,1.));
#10645 = DIRECTION('',(1.,0.,-0.));
#10646 = DEFINITIONAL_REPRESENTATION('',(#10647),#10650);
#10647 = B_SPLINE_CURVE_WITH_KNOTS('',1,(#10648,#10649),.UNSPECIFIED.,
  .F.,.F.,(2,2),(-14.5,-0.5),.PIECEWISE_BEZIER_KNOTS.);
#10648 = CARTESIAN_POINT('',(0.1,14.));
#10649 = CARTESIAN_POINT('',(0.1,0.));
#10650 = ( GEOMETRIC_REPRESENTATION_CONTEXT(2) 
PARAMETRIC_REPRESENTATION_CONTEXT() REPRESENTATION_CONTEXT('2D SPACE',''
  ) );
#10651 = ORIENTED_EDGE('',*,*,#10652,.T.);
#10652 = EDGE_CURVE('',#10627,#10653,#10655,.T.);
#10653 = VERTEX_POINT('',#10654);
#10654 = CARTESIAN_POINT('',(-18.75,-7.,-190.1));
#10655 = SURFACE_CURVE('',#10656,(#10660,#10666),.PCURVE_S1.);
#10656 = LINE('',#10657,#10658);
#10657 = CARTESIAN_POINT('',(-18.75,-7.,-194.95));
#10658 = VECTOR('',#10659,1.);
#10659 = DIRECTION('',(0.,0.,1.));
#10660 = PCURVE('',#10516,#10661);
#10661 = DEFINITIONAL_REPRESENTATION('',(#10662),#10665);
#10662 = B_SPLINE_CURVE_WITH_KNOTS('',1,(#10663,#10664),.UNSPECIFIED.,
  .F.,.F.,(2,2),(3.05,4.85),.PIECEWISE_BEZIER_KNOTS.);
#10663 = CARTESIAN_POINT('',(6.1,-1.));
#10664 = CARTESIAN_POINT('',(7.9,-1.));
#10665 = ( GEOMETRIC_REPRESENTATION_CONTEXT(2) 
PARAMETRIC_REPRESENTATION_CONTEXT() REPRESENTATION_CONTEXT('2D SPACE',''
  ) );
#10666 = PCURVE('',#10667,#10672);
#10667 = PLANE('',#10668);
#10668 = AXIS2_PLACEMENT_3D('',#10669,#10670,#10671);
#10669 = CARTESIAN_POINT('',(-18.85,-7.,-191.9));
#10670 = DIRECTION('',(-0.,1.,0.));
#10671 = DIRECTION('',(0.,0.,1.));
#10672 = DEFINITIONAL_REPRESENTATION('',(#10673),#10676);
#10673 = B_SPLINE_CURVE_WITH_KNOTS('',1,(#10674,#10675),.UNSPECIFIED.,
  .F.,.F.,(2,2),(3.05,4.85),.PIECEWISE_BEZIER_KNOTS.);
#10674 = CARTESIAN_POINT('',(0.,0.1));
#10675 = CARTESIAN_POINT('',(1.8,0.1));
#10676 = ( GEOMETRIC_REPRESENTATION_CONTEXT(2) 
PARAMETRIC_REPRESENTATION_CONTEXT() REPRESENTATION_CONTEXT('2D SPACE',''
  ) );
#10677 = ORIENTED_EDGE('',*,*,#10678,.F.);
#10678 = EDGE_CURVE('',#10679,#10653,#10681,.T.);
#10679 = VERTEX_POINT('',#10680);
#10680 = CARTESIAN_POINT('',(-18.75,7.,-190.1));
#10681 = SURFACE_CURVE('',#10682,(#10686,#10692),.PCURVE_S1.);
#10682 = LINE('',#10683,#10684);
#10683 = CARTESIAN_POINT('',(-18.75,-7.5,-190.1));
#10684 = VECTOR('',#10685,1.);
#10685 = DIRECTION('',(0.,-1.,0.));
#10686 = PCURVE('',#10516,#10687);
#10687 = DEFINITIONAL_REPRESENTATION('',(#10688),#10691);
#10688 = B_SPLINE_CURVE_WITH_KNOTS('',1,(#10689,#10690),.UNSPECIFIED.,
  .F.,.F.,(2,2),(-14.5,-0.5),.PIECEWISE_BEZIER_KNOTS.);
#10689 = CARTESIAN_POINT('',(7.9,-15.));
#10690 = CARTESIAN_POINT('',(7.9,-1.));
#10691 = ( GEOMETRIC_REPRESENTATION_CONTEXT(2) 
PARAMETRIC_REPRESENTATION_CONTEXT() REPRESENTATION_CONTEXT('2D SPACE',''
  ) );
#10692 = PCURVE('',#10693,#10698);
#10693 = PLANE('',#10694);
#10694 = AXIS2_PLACEMENT_3D('',#10695,#10696,#10697);
#10695 = CARTESIAN_POINT('',(-18.85,-7.,-190.1));
#10696 = DIRECTION('',(0.,0.,1.));
#10697 = DIRECTION('',(1.,0.,-0.));
#10698 = DEFINITIONAL_REPRESENTATION('',(#10699),#10702);
#10699 = B_SPLINE_CURVE_WITH_KNOTS('',1,(#10700,#10701),.UNSPECIFIED.,
  .F.,.F.,(2,2),(-14.5,-0.5),.PIECEWISE_BEZIER_KNOTS.);
#10700 = CARTESIAN_POINT('',(0.1,14.));
#10701 = CARTESIAN_POINT('',(0.1,0.));
#10702 = ( GEOMETRIC_REPRESENTATION_CONTEXT(2) 
PARAMETRIC_REPRESENTATION_CONTEXT() REPRESENTATION_CONTEXT('2D SPACE',''
  ) );
#10703 = ORIENTED_EDGE('',*,*,#10704,.F.);
#10704 = EDGE_CURVE('',#10625,#10679,#10705,.T.);
#10705 = SURFACE_CURVE('',#10706,(#10710,#10716),.PCURVE_S1.);
#10706 = LINE('',#10707,#10708);
#10707 = CARTESIAN_POINT('',(-18.75,7.,-194.95));
#10708 = VECTOR('',#10709,1.);
#10709 = DIRECTION('',(0.,0.,1.));
#10710 = PCURVE('',#10516,#10711);
#10711 = DEFINITIONAL_REPRESENTATION('',(#10712),#10715);
#10712 = B_SPLINE_CURVE_WITH_KNOTS('',1,(#10713,#10714),.UNSPECIFIED.,
  .F.,.F.,(2,2),(3.05,4.85),.PIECEWISE_BEZIER_KNOTS.);
#10713 = CARTESIAN_POINT('',(6.1,-15.));
#10714 = CARTESIAN_POINT('',(7.9,-15.));
#10715 = ( GEOMETRIC_REPRESENTATION_CONTEXT(2) 
PARAMETRIC_REPRESENTATION_CONTEXT() REPRESENTATION_CONTEXT('2D SPACE',''
  ) );
#10716 = PCURVE('',#10717,#10722);
#10717 = PLANE('',#10718);
#10718 = AXIS2_PLACEMENT_3D('',#10719,#10720,#10721);
#10719 = CARTESIAN_POINT('',(-18.85,7.,-191.9));
#10720 = DIRECTION('',(-0.,1.,0.));
#10721 = DIRECTION('',(0.,0.,1.));
#10722 = DEFINITIONAL_REPRESENTATION('',(#10723),#10726);
#10723 = B_SPLINE_CURVE_WITH_KNOTS('',1,(#10724,#10725),.UNSPECIFIED.,
  .F.,.F.,(2,2),(3.05,4.85),.PIECEWISE_BEZIER_KNOTS.);
#10724 = CARTESIAN_POINT('',(0.,0.1));
#10725 = CARTESIAN_POINT('',(1.8,0.1));
#10726 = ( GEOMETRIC_REPRESENTATION_CONTEXT(2) 
PARAMETRIC_REPRESENTATION_CONTEXT() REPRESENTATION_CONTEXT('2D SPACE',''
  ) );
#10727 = FACE_BOUND('',#10728,.F.);
#10728 = EDGE_LOOP('',(#10729,#10757,#10783,#10809));
#10729 = ORIENTED_EDGE('',*,*,#10730,.T.);
#10730 = EDGE_CURVE('',#10731,#10733,#10735,.T.);
#10731 = VERTEX_POINT('',#10732);
#10732 = CARTESIAN_POINT('',(-18.75,7.,-186.9));
#10733 = VERTEX_POINT('',#10734);
#10734 = CARTESIAN_POINT('',(-18.75,-7.,-186.9));
#10735 = SURFACE_CURVE('',#10736,(#10740,#10746),.PCURVE_S1.);
#10736 = LINE('',#10737,#10738);
#10737 = CARTESIAN_POINT('',(-18.75,-7.5,-186.9));
#10738 = VECTOR('',#10739,1.);
#10739 = DIRECTION('',(0.,-1.,0.));
#10740 = PCURVE('',#10516,#10741);
#10741 = DEFINITIONAL_REPRESENTATION('',(#10742),#10745);
#10742 = B_SPLINE_CURVE_WITH_KNOTS('',1,(#10743,#10744),.UNSPECIFIED.,
  .F.,.F.,(2,2),(-14.5,-0.5),.PIECEWISE_BEZIER_KNOTS.);
#10743 = CARTESIAN_POINT('',(11.1,-15.));
#10744 = CARTESIAN_POINT('',(11.1,-1.));
#10745 = ( GEOMETRIC_REPRESENTATION_CONTEXT(2) 
PARAMETRIC_REPRESENTATION_CONTEXT() REPRESENTATION_CONTEXT('2D SPACE',''
  ) );
#10746 = PCURVE('',#10747,#10752);
#10747 = PLANE('',#10748);
#10748 = AXIS2_PLACEMENT_3D('',#10749,#10750,#10751);
#10749 = CARTESIAN_POINT('',(-18.85,-7.,-186.9));
#10750 = DIRECTION('',(0.,0.,1.));
#10751 = DIRECTION('',(1.,0.,-0.));
#10752 = DEFINITIONAL_REPRESENTATION('',(#10753),#10756);
#10753 = B_SPLINE_CURVE_WITH_KNOTS('',1,(#10754,#10755),.UNSPECIFIED.,
  .F.,.F.,(2,2),(-14.5,-0.5),.PIECEWISE_BEZIER_KNOTS.);
#10754 = CARTESIAN_POINT('',(0.1,14.));
#10755 = CARTESIAN_POINT('',(0.1,0.));
#10756 = ( GEOMETRIC_REPRESENTATION_CONTEXT(2) 
PARAMETRIC_REPRESENTATION_CONTEXT() REPRESENTATION_CONTEXT('2D SPACE',''
  ) );
#10757 = ORIENTED_EDGE('',*,*,#10758,.T.);
#10758 = EDGE_CURVE('',#10733,#10759,#10761,.T.);
#10759 = VERTEX_POINT('',#10760);
#10760 = CARTESIAN_POINT('',(-18.75,-7.,-185.1));
#10761 = SURFACE_CURVE('',#10762,(#10766,#10772),.PCURVE_S1.);
#10762 = LINE('',#10763,#10764);
#10763 = CARTESIAN_POINT('',(-18.75,-7.,-192.45));
#10764 = VECTOR('',#10765,1.);
#10765 = DIRECTION('',(0.,0.,1.));
#10766 = PCURVE('',#10516,#10767);
#10767 = DEFINITIONAL_REPRESENTATION('',(#10768),#10771);
#10768 = B_SPLINE_CURVE_WITH_KNOTS('',1,(#10769,#10770),.UNSPECIFIED.,
  .F.,.F.,(2,2),(5.55,7.35),.PIECEWISE_BEZIER_KNOTS.);
#10769 = CARTESIAN_POINT('',(11.1,-1.));
#10770 = CARTESIAN_POINT('',(12.9,-1.));
#10771 = ( GEOMETRIC_REPRESENTATION_CONTEXT(2) 
PARAMETRIC_REPRESENTATION_CONTEXT() REPRESENTATION_CONTEXT('2D SPACE',''
  ) );
#10772 = PCURVE('',#10773,#10778);
#10773 = PLANE('',#10774);
#10774 = AXIS2_PLACEMENT_3D('',#10775,#10776,#10777);
#10775 = CARTESIAN_POINT('',(-18.85,-7.,-186.9));
#10776 = DIRECTION('',(-0.,1.,0.));
#10777 = DIRECTION('',(0.,0.,1.));
#10778 = DEFINITIONAL_REPRESENTATION('',(#10779),#10782);
#10779 = B_SPLINE_CURVE_WITH_KNOTS('',1,(#10780,#10781),.UNSPECIFIED.,
  .F.,.F.,(2,2),(5.55,7.35),.PIECEWISE_BEZIER_KNOTS.);
#10780 = CARTESIAN_POINT('',(0.,0.1));
#10781 = CARTESIAN_POINT('',(1.8,0.1));
#10782 = ( GEOMETRIC_REPRESENTATION_CONTEXT(2) 
PARAMETRIC_REPRESENTATION_CONTEXT() REPRESENTATION_CONTEXT('2D SPACE',''
  ) );
#10783 = ORIENTED_EDGE('',*,*,#10784,.F.);
#10784 = EDGE_CURVE('',#10785,#10759,#10787,.T.);
#10785 = VERTEX_POINT('',#10786);
#10786 = CARTESIAN_POINT('',(-18.75,7.,-185.1));
#10787 = SURFACE_CURVE('',#10788,(#10792,#10798),.PCURVE_S1.);
#10788 = LINE('',#10789,#10790);
#10789 = CARTESIAN_POINT('',(-18.75,-7.5,-185.1));
#10790 = VECTOR('',#10791,1.);
#10791 = DIRECTION('',(0.,-1.,0.));
#10792 = PCURVE('',#10516,#10793);
#10793 = DEFINITIONAL_REPRESENTATION('',(#10794),#10797);
#10794 = B_SPLINE_CURVE_WITH_KNOTS('',1,(#10795,#10796),.UNSPECIFIED.,
  .F.,.F.,(2,2),(-14.5,-0.5),.PIECEWISE_BEZIER_KNOTS.);
#10795 = CARTESIAN_POINT('',(12.9,-15.));
#10796 = CARTESIAN_POINT('',(12.9,-1.));
#10797 = ( GEOMETRIC_REPRESENTATION_CONTEXT(2) 
PARAMETRIC_REPRESENTATION_CONTEXT() REPRESENTATION_CONTEXT('2D SPACE',''
  ) );
#10798 = PCURVE('',#10799,#10804);
#10799 = PLANE('',#10800);
#10800 = AXIS2_PLACEMENT_3D('',#10801,#10802,#10803);
#10801 = CARTESIAN_POINT('',(-18.85,-7.,-185.1));
#10802 = DIRECTION('',(0.,0.,1.));
#10803 = DIRECTION('',(1.,0.,-0.));
#10804 = DEFINITIONAL_REPRESENTATION('',(#10805),#10808);
#10805 = B_SPLINE_CURVE_WITH_KNOTS('',1,(#10806,#10807),.UNSPECIFIED.,
  .F.,.F.,(2,2),(-14.5,-0.5),.PIECEWISE_BEZIER_KNOTS.);
#10806 = CARTESIAN_POINT('',(0.1,14.));
#10807 = CARTESIAN_POINT('',(0.1,0.));
#10808 = ( GEOMETRIC_REPRESENTATION_CONTEXT(2) 
PARAMETRIC_REPRESENTATION_CONTEXT() REPRESENTATION_CONTEXT('2D SPACE',''
  ) );
#10809 = ORIENTED_EDGE('',*,*,#10810,.F.);
#10810 = EDGE_CURVE('',#10731,#10785,#10811,.T.);
#10811 = SURFACE_CURVE('',#10812,(#10816,#10822),.PCURVE_S1.);
#10812 = LINE('',#10813,#10814);
#10813 = CARTESIAN_POINT('',(-18.75,7.,-192.45));
#10814 = VECTOR('',#10815,1.);
#10815 = DIRECTION('',(0.,0.,1.));
#10816 = PCURVE('',#10516,#10817);
#10817 = DEFINITIONAL_REPRESENTATION('',(#10818),#10821);
#10818 = B_SPLINE_CURVE_WITH_KNOTS('',1,(#10819,#10820),.UNSPECIFIED.,
  .F.,.F.,(2,2),(5.55,7.35),.PIECEWISE_BEZIER_KNOTS.);
#10819 = CARTESIAN_POINT('',(11.1,-15.));
#10820 = CARTESIAN_POINT('',(12.9,-15.));
#10821 = ( GEOMETRIC_REPRESENTATION_CONTEXT(2) 
PARAMETRIC_REPRESENTATION_CONTEXT() REPRESENTATION_CONTEXT('2D SPACE',''
  ) );
#10822 = PCURVE('',#10823,#10828);
#10823 = PLANE('',#10824);
#10824 = AXIS2_PLACEMENT_3D('',#10825,#10826,#10827);
#10825 = CARTESIAN_POINT('',(-18.85,7.,-186.9));
#10826 = DIRECTION('',(-0.,1.,0.));
#10827 = DIRECTION('',(0.,0.,1.));
#10828 = DEFINITIONAL_REPRESENTATION('',(#10829),#10832);
#10829 = B_SPLINE_CURVE_WITH_KNOTS('',1,(#10830,#10831),.UNSPECIFIED.,
  .F.,.F.,(2,2),(5.55,7.35),.PIECEWISE_BEZIER_KNOTS.);
#10830 = CARTESIAN_POINT('',(0.,0.1));
#10831 = CARTESIAN_POINT('',(1.8,0.1));
#10832 = ( GEOMETRIC_REPRESENTATION_CONTEXT(2) 
PARAMETRIC_REPRESENTATION_CONTEXT() REPRESENTATION_CONTEXT('2D SPACE',''
  ) );
#10833 = FACE_BOUND('',#10834,.F.);
#10834 = EDGE_LOOP('',(#10835,#10863,#10889,#10915));
#10835 = ORIENTED_EDGE('',*,*,#10836,.T.);
#10836 = EDGE_CURVE('',#10837,#10839,#10841,.T.);
#10837 = VERTEX_POINT('',#10838);
#10838 = CARTESIAN_POINT('',(-18.75,7.,-181.9));
#10839 = VERTEX_POINT('',#10840);
#10840 = CARTESIAN_POINT('',(-18.75,-7.,-181.9));
#10841 = SURFACE_CURVE('',#10842,(#10846,#10852),.PCURVE_S1.);
#10842 = LINE('',#10843,#10844);
#10843 = CARTESIAN_POINT('',(-18.75,-7.5,-181.9));
#10844 = VECTOR('',#10845,1.);
#10845 = DIRECTION('',(0.,-1.,0.));
#10846 = PCURVE('',#10516,#10847);
#10847 = DEFINITIONAL_REPRESENTATION('',(#10848),#10851);
#10848 = B_SPLINE_CURVE_WITH_KNOTS('',1,(#10849,#10850),.UNSPECIFIED.,
  .F.,.F.,(2,2),(-14.5,-0.5),.PIECEWISE_BEZIER_KNOTS.);
#10849 = CARTESIAN_POINT('',(16.1,-15.));
#10850 = CARTESIAN_POINT('',(16.1,-1.));
#10851 = ( GEOMETRIC_REPRESENTATION_CONTEXT(2) 
PARAMETRIC_REPRESENTATION_CONTEXT() REPRESENTATION_CONTEXT('2D SPACE',''
  ) );
#10852 = PCURVE('',#10853,#10858);
#10853 = PLANE('',#10854);
#10854 = AXIS2_PLACEMENT_3D('',#10855,#10856,#10857);
#10855 = CARTESIAN_POINT('',(-18.85,-7.,-181.9));
#10856 = DIRECTION('',(0.,0.,1.));
#10857 = DIRECTION('',(1.,0.,-0.));
#10858 = DEFINITIONAL_REPRESENTATION('',(#10859),#10862);
#10859 = B_SPLINE_CURVE_WITH_KNOTS('',1,(#10860,#10861),.UNSPECIFIED.,
  .F.,.F.,(2,2),(-14.5,-0.5),.PIECEWISE_BEZIER_KNOTS.);
#10860 = CARTESIAN_POINT('',(0.1,14.));
#10861 = CARTESIAN_POINT('',(0.1,0.));
#10862 = ( GEOMETRIC_REPRESENTATION_CONTEXT(2) 
PARAMETRIC_REPRESENTATION_CONTEXT() REPRESENTATION_CONTEXT('2D SPACE',''
  ) );
#10863 = ORIENTED_EDGE('',*,*,#10864,.T.);
#10864 = EDGE_CURVE('',#10839,#10865,#10867,.T.);
#10865 = VERTEX_POINT('',#10866);
#10866 = CARTESIAN_POINT('',(-18.75,-7.,-180.1));
#10867 = SURFACE_CURVE('',#10868,(#10872,#10878),.PCURVE_S1.);
#10868 = LINE('',#10869,#10870);
#10869 = CARTESIAN_POINT('',(-18.75,-7.,-189.95));
#10870 = VECTOR('',#10871,1.);
#10871 = DIRECTION('',(0.,0.,1.));
#10872 = PCURVE('',#10516,#10873);
#10873 = DEFINITIONAL_REPRESENTATION('',(#10874),#10877);
#10874 = B_SPLINE_CURVE_WITH_KNOTS('',1,(#10875,#10876),.UNSPECIFIED.,
  .F.,.F.,(2,2),(8.05,9.85),.PIECEWISE_BEZIER_KNOTS.);
#10875 = CARTESIAN_POINT('',(16.1,-1.));
#10876 = CARTESIAN_POINT('',(17.9,-1.));
#10877 = ( GEOMETRIC_REPRESENTATION_CONTEXT(2) 
PARAMETRIC_REPRESENTATION_CONTEXT() REPRESENTATION_CONTEXT('2D SPACE',''
  ) );
#10878 = PCURVE('',#10879,#10884);
#10879 = PLANE('',#10880);
#10880 = AXIS2_PLACEMENT_3D('',#10881,#10882,#10883);
#10881 = CARTESIAN_POINT('',(-18.85,-7.,-181.9));
#10882 = DIRECTION('',(-0.,1.,0.));
#10883 = DIRECTION('',(0.,0.,1.));
#10884 = DEFINITIONAL_REPRESENTATION('',(#10885),#10888);
#10885 = B_SPLINE_CURVE_WITH_KNOTS('',1,(#10886,#10887),.UNSPECIFIED.,
  .F.,.F.,(2,2),(8.05,9.85),.PIECEWISE_BEZIER_KNOTS.);
#10886 = CARTESIAN_POINT('',(0.,0.1));
#10887 = CARTESIAN_POINT('',(1.8,0.1));
#10888 = ( GEOMETRIC_REPRESENTATION_CONTEXT(2) 
PARAMETRIC_REPRESENTATION_CONTEXT() REPRESENTATION_CONTEXT('2D SPACE',''
  ) );
#10889 = ORIENTED_EDGE('',*,*,#10890,.F.);
#10890 = EDGE_CURVE('',#10891,#10865,#10893,.T.);
#10891 = VERTEX_POINT('',#10892);
#10892 = CARTESIAN_POINT('',(-18.75,7.,-180.1));
#10893 = SURFACE_CURVE('',#10894,(#10898,#10904),.PCURVE_S1.);
#10894 = LINE('',#10895,#10896);
#10895 = CARTESIAN_POINT('',(-18.75,-7.5,-180.1));
#10896 = VECTOR('',#10897,1.);
#10897 = DIRECTION('',(0.,-1.,0.));
#10898 = PCURVE('',#10516,#10899);
#10899 = DEFINITIONAL_REPRESENTATION('',(#10900),#10903);
#10900 = B_SPLINE_CURVE_WITH_KNOTS('',1,(#10901,#10902),.UNSPECIFIED.,
  .F.,.F.,(2,2),(-14.5,-0.5),.PIECEWISE_BEZIER_KNOTS.);
#10901 = CARTESIAN_POINT('',(17.9,-15.));
#10902 = CARTESIAN_POINT('',(17.9,-1.));
#10903 = ( GEOMETRIC_REPRESENTATION_CONTEXT(2) 
PARAMETRIC_REPRESENTATION_CONTEXT() REPRESENTATION_CONTEXT('2D SPACE',''
  ) );
#10904 = PCURVE('',#10905,#10910);
#10905 = PLANE('',#10906);
#10906 = AXIS2_PLACEMENT_3D('',#10907,#10908,#10909);
#10907 = CARTESIAN_POINT('',(-18.85,-7.,-180.1));
#10908 = DIRECTION('',(0.,0.,1.));
#10909 = DIRECTION('',(1.,0.,-0.));
#10910 = DEFINITIONAL_REPRESENTATION('',(#10911),#10914);
#10911 = B_SPLINE_CURVE_WITH_KNOTS('',1,(#10912,#10913),.UNSPECIFIED.,
  .F.,.F.,(2,2),(-14.5,-0.5),.PIECEWISE_BEZIER_KNOTS.);
#10912 = CARTESIAN_POINT('',(0.1,14.));
#10913 = CARTESIAN_POINT('',(0.1,0.));
#10914 = ( GEOMETRIC_REPRESENTATION_CONTEXT(2) 
PARAMETRIC_REPRESENTATION_CONTEXT() REPRESENTATION_CONTEXT('2D SPACE',''
  ) );
#10915 = ORIENTED_EDGE('',*,*,#10916,.F.);
#10916 = EDGE_CURVE('',#10837,#10891,#10917,.T.);
#10917 = SURFACE_CURVE('',#10918,(#10922,#10928),.PCURVE_S1.);
#10918 = LINE('',#10919,#10920);
#10919 = CARTESIAN_POINT('',(-18.75,7.,-189.95));
#10920 = VECTOR('',#10921,1.);
#10921 = DIRECTION('',(0.,0.,1.));
#10922 = PCURVE('',#10516,#10923);
#10923 = DEFINITIONAL_REPRESENTATION('',(#10924),#10927);
#10924 = B_SPLINE_CURVE_WITH_KNOTS('',1,(#10925,#10926),.UNSPECIFIED.,
  .F.,.F.,(2,2),(8.05,9.85),.PIECEWISE_BEZIER_KNOTS.);
#10925 = CARTESIAN_POINT('',(16.1,-15.));
#10926 = CARTESIAN_POINT('',(17.9,-15.));
#10927 = ( GEOMETRIC_REPRESENTATION_CONTEXT(2) 
PARAMETRIC_REPRESENTATION_CONTEXT() REPRESENTATION_CONTEXT('2D SPACE',''
  ) );
#10928 = PCURVE('',#10929,#10934);
#10929 = PLANE('',#10930);
#10930 = AXIS2_PLACEMENT_3D('',#10931,#10932,#10933);
#10931 = CARTESIAN_POINT('',(-18.85,7.,-181.9));
#10932 = DIRECTION('',(-0.,1.,0.));
#10933 = DIRECTION('',(0.,0.,1.));
#10934 = DEFINITIONAL_REPRESENTATION('',(#10935),#10938);
#10935 = B_SPLINE_CURVE_WITH_KNOTS('',1,(#10936,#10937),.UNSPECIFIED.,
  .F.,.F.,(2,2),(8.05,9.85),.PIECEWISE_BEZIER_KNOTS.);
#10936 = CARTESIAN_POINT('',(0.,0.1));
#10937 = CARTESIAN_POINT('',(1.8,0.1));
#10938 = ( GEOMETRIC_REPRESENTATION_CONTEXT(2) 
PARAMETRIC_REPRESENTATION_CONTEXT() REPRESENTATION_CONTEXT('2D SPACE',''
  ) );
#10939 = FACE_BOUND('',#10940,.F.);
#10940 = EDGE_LOOP('',(#10941,#10969,#10995,#11021));
#10941 = ORIENTED_EDGE('',*,*,#10942,.T.);
#10942 = EDGE_CURVE('',#10943,#10945,#10947,.T.);
#10943 = VERTEX_POINT('',#10944);
#10944 = CARTESIAN_POINT('',(-18.75,7.,-176.9));
#10945 = VERTEX_POINT('',#10946);
#10946 = CARTESIAN_POINT('',(-18.75,-7.,-176.9));
#10947 = SURFACE_CURVE('',#10948,(#10952,#10958),.PCURVE_S1.);
#10948 = LINE('',#10949,#10950);
#10949 = CARTESIAN_POINT('',(-18.75,-7.5,-176.9));
#10950 = VECTOR('',#10951,1.);
#10951 = DIRECTION('',(0.,-1.,0.));
#10952 = PCURVE('',#10516,#10953);
#10953 = DEFINITIONAL_REPRESENTATION('',(#10954),#10957);
#10954 = B_SPLINE_CURVE_WITH_KNOTS('',1,(#10955,#10956),.UNSPECIFIED.,
  .F.,.F.,(2,2),(-14.5,-0.5),.PIECEWISE_BEZIER_KNOTS.);
#10955 = CARTESIAN_POINT('',(21.1,-15.));
#10956 = CARTESIAN_POINT('',(21.1,-1.));
#10957 = ( GEOMETRIC_REPRESENTATION_CONTEXT(2) 
PARAMETRIC_REPRESENTATION_CONTEXT() REPRESENTATION_CONTEXT('2D SPACE',''
  ) );
#10958 = PCURVE('',#10959,#10964);
#10959 = PLANE('',#10960);
#10960 = AXIS2_PLACEMENT_3D('',#10961,#10962,#10963);
#10961 = CARTESIAN_POINT('',(-18.85,-7.,-176.9));
#10962 = DIRECTION('',(0.,0.,1.));
#10963 = DIRECTION('',(1.,0.,-0.));
#10964 = DEFINITIONAL_REPRESENTATION('',(#10965),#10968);
#10965 = B_SPLINE_CURVE_WITH_KNOTS('',1,(#10966,#10967),.UNSPECIFIED.,
  .F.,.F.,(2,2),(-14.5,-0.5),.PIECEWISE_BEZIER_KNOTS.);
#10966 = CARTESIAN_POINT('',(0.1,14.));
#10967 = CARTESIAN_POINT('',(0.1,0.));
#10968 = ( GEOMETRIC_REPRESENTATION_CONTEXT(2) 
PARAMETRIC_REPRESENTATION_CONTEXT() REPRESENTATION_CONTEXT('2D SPACE',''
  ) );
#10969 = ORIENTED_EDGE('',*,*,#10970,.T.);
#10970 = EDGE_CURVE('',#10945,#10971,#10973,.T.);
#10971 = VERTEX_POINT('',#10972);
#10972 = CARTESIAN_POINT('',(-18.75,-7.,-175.1));
#10973 = SURFACE_CURVE('',#10974,(#10978,#10984),.PCURVE_S1.);
#10974 = LINE('',#10975,#10976);
#10975 = CARTESIAN_POINT('',(-18.75,-7.,-187.45));
#10976 = VECTOR('',#10977,1.);
#10977 = DIRECTION('',(0.,0.,1.));
#10978 = PCURVE('',#10516,#10979);
#10979 = DEFINITIONAL_REPRESENTATION('',(#10980),#10983);
#10980 = B_SPLINE_CURVE_WITH_KNOTS('',1,(#10981,#10982),.UNSPECIFIED.,
  .F.,.F.,(2,2),(10.55,12.35),.PIECEWISE_BEZIER_KNOTS.);
#10981 = CARTESIAN_POINT('',(21.1,-1.));
#10982 = CARTESIAN_POINT('',(22.9,-1.));
#10983 = ( GEOMETRIC_REPRESENTATION_CONTEXT(2) 
PARAMETRIC_REPRESENTATION_CONTEXT() REPRESENTATION_CONTEXT('2D SPACE',''
  ) );
#10984 = PCURVE('',#10985,#10990);
#10985 = PLANE('',#10986);
#10986 = AXIS2_PLACEMENT_3D('',#10987,#10988,#10989);
#10987 = CARTESIAN_POINT('',(-18.85,-7.,-176.9));
#10988 = DIRECTION('',(-0.,1.,0.));
#10989 = DIRECTION('',(0.,0.,1.));
#10990 = DEFINITIONAL_REPRESENTATION('',(#10991),#10994);
#10991 = B_SPLINE_CURVE_WITH_KNOTS('',1,(#10992,#10993),.UNSPECIFIED.,
  .F.,.F.,(2,2),(10.55,12.35),.PIECEWISE_BEZIER_KNOTS.);
#10992 = CARTESIAN_POINT('',(0.,0.1));
#10993 = CARTESIAN_POINT('',(1.8,0.1));
#10994 = ( GEOMETRIC_REPRESENTATION_CONTEXT(2) 
PARAMETRIC_REPRESENTATION_CONTEXT() REPRESENTATION_CONTEXT('2D SPACE',''
  ) );
#10995 = ORIENTED_EDGE('',*,*,#10996,.F.);
#10996 = EDGE_CURVE('',#10997,#10971,#10999,.T.);
#10997 = VERTEX_POINT('',#10998);
#10998 = CARTESIAN_POINT('',(-18.75,7.,-175.1));
#10999 = SURFACE_CURVE('',#11000,(#11004,#11010),.PCURVE_S1.);
#11000 = LINE('',#11001,#11002);
#11001 = CARTESIAN_POINT('',(-18.75,-7.5,-175.1));
#11002 = VECTOR('',#11003,1.);
#11003 = DIRECTION('',(0.,-1.,0.));
#11004 = PCURVE('',#10516,#11005);
#11005 = DEFINITIONAL_REPRESENTATION('',(#11006),#11009);
#11006 = B_SPLINE_CURVE_WITH_KNOTS('',1,(#11007,#11008),.UNSPECIFIED.,
  .F.,.F.,(2,2),(-14.5,-0.5),.PIECEWISE_BEZIER_KNOTS.);
#11007 = CARTESIAN_POINT('',(22.9,-15.));
#11008 = CARTESIAN_POINT('',(22.9,-1.));
#11009 = ( GEOMETRIC_REPRESENTATION_CONTEXT(2) 
PARAMETRIC_REPRESENTATION_CONTEXT() REPRESENTATION_CONTEXT('2D SPACE',''
  ) );
#11010 = PCURVE('',#11011,#11016);
#11011 = PLANE('',#11012);
#11012 = AXIS2_PLACEMENT_3D('',#11013,#11014,#11015);
#11013 = CARTESIAN_POINT('',(-18.85,-7.,-175.1));
#11014 = DIRECTION('',(0.,0.,1.));
#11015 = DIRECTION('',(1.,0.,-0.));
#11016 = DEFINITIONAL_REPRESENTATION('',(#11017),#11020);
#11017 = B_SPLINE_CURVE_WITH_KNOTS('',1,(#11018,#11019),.UNSPECIFIED.,
  .F.,.F.,(2,2),(-14.5,-0.5),.PIECEWISE_BEZIER_KNOTS.);
#11018 = CARTESIAN_POINT('',(0.1,14.));
#11019 = CARTESIAN_POINT('',(0.1,0.));
#11020 = ( GEOMETRIC_REPRESENTATION_CONTEXT(2) 
PARAMETRIC_REPRESENTATION_CONTEXT() REPRESENTATION_CONTEXT('2D SPACE',''
  ) );
#11021 = ORIENTED_EDGE('',*,*,#11022,.F.);
#11022 = EDGE_CURVE('',#10943,#10997,#11023,.T.);
#11023 = SURFACE_CURVE('',#11024,(#11028,#11034),.PCURVE_S1.);
#11024 = LINE('',#11025,#11026);
#11025 = CARTESIAN_POINT('',(-18.75,7.,-187.45));
#11026 = VECTOR('',#11027,1.);
#11027 = DIRECTION('',(0.,0.,1.));
#11028 = PCURVE('',#10516,#11029);
#11029 = DEFINITIONAL_REPRESENTATION('',(#11030),#11033);
#11030 = B_SPLINE_CURVE_WITH_KNOTS('',1,(#11031,#11032),.UNSPECIFIED.,
  .F.,.F.,(2,2),(10.55,12.35),.PIECEWISE_BEZIER_KNOTS.);
#11031 = CARTESIAN_POINT('',(21.1,-15.));
#11032 = CARTESIAN_POINT('',(22.9,-15.));
#11033 = ( GEOMETRIC_REPRESENTATION_CONTEXT(2) 
PARAMETRIC_REPRESENTATION_CONTEXT() REPRESENTATION_CONTEXT('2D SPACE',''
  ) );
#11034 = PCURVE('',#11035,#11040);
#11035 = PLANE('',#11036);
#11036 = AXIS2_PLACEMENT_3D('',#11037,#11038,#11039);
#11037 = CARTESIAN_POINT('',(-18.85,7.,-176.9));
#11038 = DIRECTION('',(-0.,1.,0.));
#11039 = DIRECTION('',(0.,0.,1.));
#11040 = DEFINITIONAL_REPRESENTATION('',(#11041),#11044);
#11041 = B_SPLINE_CURVE_WITH_KNOTS('',1,(#11042,#11043),.UNSPECIFIED.,
  .F.,.F.,(2,2),(10.55,12.35),.PIECEWISE_BEZIER_KNOTS.);
#11042 = CARTESIAN_POINT('',(0.,0.1));
#11043 = CARTESIAN_POINT('',(1.8,0.1));
#11044 = ( GEOMETRIC_REPRESENTATION_CONTEXT(2) 
PARAMETRIC_REPRESENTATION_CONTEXT() REPRESENTATION_CONTEXT('2D SPACE',''
  ) );
#11045 = ADVANCED_FACE('',(#11046),#10528,.F.);
#11046 = FACE_BOUND('',#11047,.F.);
#11047 = EDGE_LOOP('',(#11048,#11071,#11072,#11095));
#11048 = ORIENTED_EDGE('',*,*,#11049,.F.);
#11049 = EDGE_CURVE('',#10506,#11050,#11052,.T.);
#11050 = VERTEX_POINT('',#11051);
#11051 = CARTESIAN_POINT('',(-14.75,-8.,-198.));
#11052 = SURFACE_CURVE('',#11053,(#11057,#11064),.PCURVE_S1.);
#11053 = LINE('',#11054,#11055);
#11054 = CARTESIAN_POINT('',(-18.75,-8.,-198.));
#11055 = VECTOR('',#11056,1.);
#11056 = DIRECTION('',(1.,0.,-0.));
#11057 = PCURVE('',#10528,#11058);
#11058 = DEFINITIONAL_REPRESENTATION('',(#11059),#11063);
#11059 = LINE('',#11060,#11061);
#11060 = CARTESIAN_POINT('',(0.,0.));
#11061 = VECTOR('',#11062,1.);
#11062 = DIRECTION('',(0.,1.));
#11063 = ( GEOMETRIC_REPRESENTATION_CONTEXT(2) 
PARAMETRIC_REPRESENTATION_CONTEXT() REPRESENTATION_CONTEXT('2D SPACE',''
  ) );
#11064 = PCURVE('',#10556,#11065);
#11065 = DEFINITIONAL_REPRESENTATION('',(#11066),#11070);
#11066 = LINE('',#11067,#11068);
#11067 = CARTESIAN_POINT('',(0.,0.));
#11068 = VECTOR('',#11069,1.);
#11069 = DIRECTION('',(1.,0.));
#11070 = ( GEOMETRIC_REPRESENTATION_CONTEXT(2) 
PARAMETRIC_REPRESENTATION_CONTEXT() REPRESENTATION_CONTEXT('2D SPACE',''
  ) );
#11071 = ORIENTED_EDGE('',*,*,#10505,.T.);
#11072 = ORIENTED_EDGE('',*,*,#11073,.T.);
#11073 = EDGE_CURVE('',#10508,#11074,#11076,.T.);
#11074 = VERTEX_POINT('',#11075);
#11075 = CARTESIAN_POINT('',(-14.75,-8.,-172.));
#11076 = SURFACE_CURVE('',#11077,(#11081,#11088),.PCURVE_S1.);
#11077 = LINE('',#11078,#11079);
#11078 = CARTESIAN_POINT('',(-18.75,-8.,-172.));
#11079 = VECTOR('',#11080,1.);
#11080 = DIRECTION('',(1.,0.,-0.));
#11081 = PCURVE('',#10528,#11082);
#11082 = DEFINITIONAL_REPRESENTATION('',(#11083),#11087);
#11083 = LINE('',#11084,#11085);
#11084 = CARTESIAN_POINT('',(26.,0.));
#11085 = VECTOR('',#11086,1.);
#11086 = DIRECTION('',(0.,1.));
#11087 = ( GEOMETRIC_REPRESENTATION_CONTEXT(2) 
PARAMETRIC_REPRESENTATION_CONTEXT() REPRESENTATION_CONTEXT('2D SPACE',''
  ) );
#11088 = PCURVE('',#10610,#11089);
#11089 = DEFINITIONAL_REPRESENTATION('',(#11090),#11094);
#11090 = LINE('',#11091,#11092);
#11091 = CARTESIAN_POINT('',(0.,0.));
#11092 = VECTOR('',#11093,1.);
#11093 = DIRECTION('',(1.,0.));
#11094 = ( GEOMETRIC_REPRESENTATION_CONTEXT(2) 
PARAMETRIC_REPRESENTATION_CONTEXT() REPRESENTATION_CONTEXT('2D SPACE',''
  ) );
#11095 = ORIENTED_EDGE('',*,*,#11096,.F.);
#11096 = EDGE_CURVE('',#11050,#11074,#11097,.T.);
#11097 = SURFACE_CURVE('',#11098,(#11102,#11109),.PCURVE_S1.);
#11098 = LINE('',#11099,#11100);
#11099 = CARTESIAN_POINT('',(-14.75,-8.,-198.));
#11100 = VECTOR('',#11101,1.);
#11101 = DIRECTION('',(0.,0.,1.));
#11102 = PCURVE('',#10528,#11103);
#11103 = DEFINITIONAL_REPRESENTATION('',(#11104),#11108);
#11104 = LINE('',#11105,#11106);
#11105 = CARTESIAN_POINT('',(0.,4.));
#11106 = VECTOR('',#11107,1.);
#11107 = DIRECTION('',(1.,0.));
#11108 = ( GEOMETRIC_REPRESENTATION_CONTEXT(2) 
PARAMETRIC_REPRESENTATION_CONTEXT() REPRESENTATION_CONTEXT('2D SPACE',''
  ) );
#11109 = PCURVE('',#11110,#11115);
#11110 = PLANE('',#11111);
#11111 = AXIS2_PLACEMENT_3D('',#11112,#11113,#11114);
#11112 = CARTESIAN_POINT('',(-14.75,-8.,-198.));
#11113 = DIRECTION('',(1.,0.,-0.));
#11114 = DIRECTION('',(0.,0.,1.));
#11115 = DEFINITIONAL_REPRESENTATION('',(#11116),#11120);
#11116 = LINE('',#11117,#11118);
#11117 = CARTESIAN_POINT('',(0.,0.));
#11118 = VECTOR('',#11119,1.);
#11119 = DIRECTION('',(1.,0.));
#11120 = ( GEOMETRIC_REPRESENTATION_CONTEXT(2) 
PARAMETRIC_REPRESENTATION_CONTEXT() REPRESENTATION_CONTEXT('2D SPACE',''
  ) );
#11121 = ADVANCED_FACE('',(#11122),#10610,.T.);
#11122 = FACE_BOUND('',#11123,.T.);
#11123 = EDGE_LOOP('',(#11124,#11125,#11126,#11149));
#11124 = ORIENTED_EDGE('',*,*,#10596,.F.);
#11125 = ORIENTED_EDGE('',*,*,#11073,.T.);
#11126 = ORIENTED_EDGE('',*,*,#11127,.T.);
#11127 = EDGE_CURVE('',#11074,#11128,#11130,.T.);
#11128 = VERTEX_POINT('',#11129);
#11129 = CARTESIAN_POINT('',(-14.75,8.,-172.));
#11130 = SURFACE_CURVE('',#11131,(#11135,#11142),.PCURVE_S1.);
#11131 = LINE('',#11132,#11133);
#11132 = CARTESIAN_POINT('',(-14.75,-8.,-172.));
#11133 = VECTOR('',#11134,1.);
#11134 = DIRECTION('',(-0.,1.,0.));
#11135 = PCURVE('',#10610,#11136);
#11136 = DEFINITIONAL_REPRESENTATION('',(#11137),#11141);
#11137 = LINE('',#11138,#11139);
#11138 = CARTESIAN_POINT('',(4.,0.));
#11139 = VECTOR('',#11140,1.);
#11140 = DIRECTION('',(0.,1.));
#11141 = ( GEOMETRIC_REPRESENTATION_CONTEXT(2) 
PARAMETRIC_REPRESENTATION_CONTEXT() REPRESENTATION_CONTEXT('2D SPACE',''
  ) );
#11142 = PCURVE('',#11110,#11143);
#11143 = DEFINITIONAL_REPRESENTATION('',(#11144),#11148);
#11144 = LINE('',#11145,#11146);
#11145 = CARTESIAN_POINT('',(26.,0.));
#11146 = VECTOR('',#11147,1.);
#11147 = DIRECTION('',(0.,-1.));
#11148 = ( GEOMETRIC_REPRESENTATION_CONTEXT(2) 
PARAMETRIC_REPRESENTATION_CONTEXT() REPRESENTATION_CONTEXT('2D SPACE',''
  ) );
#11149 = ORIENTED_EDGE('',*,*,#11150,.F.);
#11150 = EDGE_CURVE('',#10569,#11128,#11151,.T.);
#11151 = SURFACE_CURVE('',#11152,(#11156,#11163),.PCURVE_S1.);
#11152 = LINE('',#11153,#11154);
#11153 = CARTESIAN_POINT('',(-18.75,8.,-172.));
#11154 = VECTOR('',#11155,1.);
#11155 = DIRECTION('',(1.,0.,-0.));
#11156 = PCURVE('',#10610,#11157);
#11157 = DEFINITIONAL_REPRESENTATION('',(#11158),#11162);
#11158 = LINE('',#11159,#11160);
#11159 = CARTESIAN_POINT('',(0.,16.));
#11160 = VECTOR('',#11161,1.);
#11161 = DIRECTION('',(1.,0.));
#11162 = ( GEOMETRIC_REPRESENTATION_CONTEXT(2) 
PARAMETRIC_REPRESENTATION_CONTEXT() REPRESENTATION_CONTEXT('2D SPACE',''
  ) );
#11163 = PCURVE('',#10584,#11164);
#11164 = DEFINITIONAL_REPRESENTATION('',(#11165),#11169);
#11165 = LINE('',#11166,#11167);
#11166 = CARTESIAN_POINT('',(26.,0.));
#11167 = VECTOR('',#11168,1.);
#11168 = DIRECTION('',(0.,1.));
#11169 = ( GEOMETRIC_REPRESENTATION_CONTEXT(2) 
PARAMETRIC_REPRESENTATION_CONTEXT() REPRESENTATION_CONTEXT('2D SPACE',''
  ) );
#11170 = ADVANCED_FACE('',(#11171),#10556,.F.);
#11171 = FACE_BOUND('',#11172,.F.);
#11172 = EDGE_LOOP('',(#11173,#11174,#11175,#11198));
#11173 = ORIENTED_EDGE('',*,*,#10540,.F.);
#11174 = ORIENTED_EDGE('',*,*,#11049,.T.);
#11175 = ORIENTED_EDGE('',*,*,#11176,.T.);
#11176 = EDGE_CURVE('',#11050,#11177,#11179,.T.);
#11177 = VERTEX_POINT('',#11178);
#11178 = CARTESIAN_POINT('',(-14.75,8.,-198.));
#11179 = SURFACE_CURVE('',#11180,(#11184,#11191),.PCURVE_S1.);
#11180 = LINE('',#11181,#11182);
#11181 = CARTESIAN_POINT('',(-14.75,-8.,-198.));
#11182 = VECTOR('',#11183,1.);
#11183 = DIRECTION('',(-0.,1.,0.));
#11184 = PCURVE('',#10556,#11185);
#11185 = DEFINITIONAL_REPRESENTATION('',(#11186),#11190);
#11186 = LINE('',#11187,#11188);
#11187 = CARTESIAN_POINT('',(4.,0.));
#11188 = VECTOR('',#11189,1.);
#11189 = DIRECTION('',(0.,1.));
#11190 = ( GEOMETRIC_REPRESENTATION_CONTEXT(2) 
PARAMETRIC_REPRESENTATION_CONTEXT() REPRESENTATION_CONTEXT('2D SPACE',''
  ) );
#11191 = PCURVE('',#11110,#11192);
#11192 = DEFINITIONAL_REPRESENTATION('',(#11193),#11197);
#11193 = LINE('',#11194,#11195);
#11194 = CARTESIAN_POINT('',(0.,0.));
#11195 = VECTOR('',#11196,1.);
#11196 = DIRECTION('',(0.,-1.));
#11197 = ( GEOMETRIC_REPRESENTATION_CONTEXT(2) 
PARAMETRIC_REPRESENTATION_CONTEXT() REPRESENTATION_CONTEXT('2D SPACE',''
  ) );
#11198 = ORIENTED_EDGE('',*,*,#11199,.F.);
#11199 = EDGE_CURVE('',#10541,#11177,#11200,.T.);
#11200 = SURFACE_CURVE('',#11201,(#11205,#11212),.PCURVE_S1.);
#11201 = LINE('',#11202,#11203);
#11202 = CARTESIAN_POINT('',(-18.75,8.,-198.));
#11203 = VECTOR('',#11204,1.);
#11204 = DIRECTION('',(1.,0.,-0.));
#11205 = PCURVE('',#10556,#11206);
#11206 = DEFINITIONAL_REPRESENTATION('',(#11207),#11211);
#11207 = LINE('',#11208,#11209);
#11208 = CARTESIAN_POINT('',(0.,16.));
#11209 = VECTOR('',#11210,1.);
#11210 = DIRECTION('',(1.,0.));
#11211 = ( GEOMETRIC_REPRESENTATION_CONTEXT(2) 
PARAMETRIC_REPRESENTATION_CONTEXT() REPRESENTATION_CONTEXT('2D SPACE',''
  ) );
#11212 = PCURVE('',#10584,#11213);
#11213 = DEFINITIONAL_REPRESENTATION('',(#11214),#11218);
#11214 = LINE('',#11215,#11216);
#11215 = CARTESIAN_POINT('',(0.,0.));
#11216 = VECTOR('',#11217,1.);
#11217 = DIRECTION('',(0.,1.));
#11218 = ( GEOMETRIC_REPRESENTATION_CONTEXT(2) 
PARAMETRIC_REPRESENTATION_CONTEXT() REPRESENTATION_CONTEXT('2D SPACE',''
  ) );
#11219 = ADVANCED_FACE('',(#11220),#10584,.T.);
#11220 = FACE_BOUND('',#11221,.T.);
#11221 = EDGE_LOOP('',(#11222,#11223,#11224,#11225));
#11222 = ORIENTED_EDGE('',*,*,#11199,.F.);
#11223 = ORIENTED_EDGE('',*,*,#10568,.T.);
#11224 = ORIENTED_EDGE('',*,*,#11150,.T.);
#11225 = ORIENTED_EDGE('',*,*,#11226,.F.);
#11226 = EDGE_CURVE('',#11177,#11128,#11227,.T.);
#11227 = SURFACE_CURVE('',#11228,(#11232,#11239),.PCURVE_S1.);
#11228 = LINE('',#11229,#11230);
#11229 = CARTESIAN_POINT('',(-14.75,8.,-198.));
#11230 = VECTOR('',#11231,1.);
#11231 = DIRECTION('',(0.,0.,1.));
#11232 = PCURVE('',#10584,#11233);
#11233 = DEFINITIONAL_REPRESENTATION('',(#11234),#11238);
#11234 = LINE('',#11235,#11236);
#11235 = CARTESIAN_POINT('',(0.,4.));
#11236 = VECTOR('',#11237,1.);
#11237 = DIRECTION('',(1.,0.));
#11238 = ( GEOMETRIC_REPRESENTATION_CONTEXT(2) 
PARAMETRIC_REPRESENTATION_CONTEXT() REPRESENTATION_CONTEXT('2D SPACE',''
  ) );
#11239 = PCURVE('',#11110,#11240);
#11240 = DEFINITIONAL_REPRESENTATION('',(#11241),#11245);
#11241 = LINE('',#11242,#11243);
#11242 = CARTESIAN_POINT('',(0.,-16.));
#11243 = VECTOR('',#11244,1.);
#11244 = DIRECTION('',(1.,0.));
#11245 = ( GEOMETRIC_REPRESENTATION_CONTEXT(2) 
PARAMETRIC_REPRESENTATION_CONTEXT() REPRESENTATION_CONTEXT('2D SPACE',''
  ) );
#11246 = ADVANCED_FACE('',(#11247),#10641,.T.);
#11247 = FACE_BOUND('',#11248,.T.);
#11248 = EDGE_LOOP('',(#11249,#11272,#11273,#11296));
#11249 = ORIENTED_EDGE('',*,*,#11250,.F.);
#11250 = EDGE_CURVE('',#10625,#11251,#11253,.T.);
#11251 = VERTEX_POINT('',#11252);
#11252 = CARTESIAN_POINT('',(-17.65,7.,-191.9));
#11253 = SURFACE_CURVE('',#11254,(#11258,#11265),.PCURVE_S1.);
#11254 = LINE('',#11255,#11256);
#11255 = CARTESIAN_POINT('',(-18.85,7.,-191.9));
#11256 = VECTOR('',#11257,1.);
#11257 = DIRECTION('',(1.,0.,-0.));
#11258 = PCURVE('',#10641,#11259);
#11259 = DEFINITIONAL_REPRESENTATION('',(#11260),#11264);
#11260 = LINE('',#11261,#11262);
#11261 = CARTESIAN_POINT('',(0.,14.));
#11262 = VECTOR('',#11263,1.);
#11263 = DIRECTION('',(1.,0.));
#11264 = ( GEOMETRIC_REPRESENTATION_CONTEXT(2) 
PARAMETRIC_REPRESENTATION_CONTEXT() REPRESENTATION_CONTEXT('2D SPACE',''
  ) );
#11265 = PCURVE('',#10717,#11266);
#11266 = DEFINITIONAL_REPRESENTATION('',(#11267),#11271);
#11267 = LINE('',#11268,#11269);
#11268 = CARTESIAN_POINT('',(0.,0.));
#11269 = VECTOR('',#11270,1.);
#11270 = DIRECTION('',(0.,1.));
#11271 = ( GEOMETRIC_REPRESENTATION_CONTEXT(2) 
PARAMETRIC_REPRESENTATION_CONTEXT() REPRESENTATION_CONTEXT('2D SPACE',''
  ) );
#11272 = ORIENTED_EDGE('',*,*,#10624,.T.);
#11273 = ORIENTED_EDGE('',*,*,#11274,.T.);
#11274 = EDGE_CURVE('',#10627,#11275,#11277,.T.);
#11275 = VERTEX_POINT('',#11276);
#11276 = CARTESIAN_POINT('',(-17.65,-7.,-191.9));
#11277 = SURFACE_CURVE('',#11278,(#11282,#11289),.PCURVE_S1.);
#11278 = LINE('',#11279,#11280);
#11279 = CARTESIAN_POINT('',(-18.85,-7.,-191.9));
#11280 = VECTOR('',#11281,1.);
#11281 = DIRECTION('',(1.,0.,-0.));
#11282 = PCURVE('',#10641,#11283);
#11283 = DEFINITIONAL_REPRESENTATION('',(#11284),#11288);
#11284 = LINE('',#11285,#11286);
#11285 = CARTESIAN_POINT('',(0.,0.));
#11286 = VECTOR('',#11287,1.);
#11287 = DIRECTION('',(1.,0.));
#11288 = ( GEOMETRIC_REPRESENTATION_CONTEXT(2) 
PARAMETRIC_REPRESENTATION_CONTEXT() REPRESENTATION_CONTEXT('2D SPACE',''
  ) );
#11289 = PCURVE('',#10667,#11290);
#11290 = DEFINITIONAL_REPRESENTATION('',(#11291),#11295);
#11291 = LINE('',#11292,#11293);
#11292 = CARTESIAN_POINT('',(0.,0.));
#11293 = VECTOR('',#11294,1.);
#11294 = DIRECTION('',(0.,1.));
#11295 = ( GEOMETRIC_REPRESENTATION_CONTEXT(2) 
PARAMETRIC_REPRESENTATION_CONTEXT() REPRESENTATION_CONTEXT('2D SPACE',''
  ) );
#11296 = ORIENTED_EDGE('',*,*,#11297,.T.);
#11297 = EDGE_CURVE('',#11275,#11251,#11298,.T.);
#11298 = SURFACE_CURVE('',#11299,(#11303,#11310),.PCURVE_S1.);
#11299 = LINE('',#11300,#11301);
#11300 = CARTESIAN_POINT('',(-17.65,-7.,-191.9));
#11301 = VECTOR('',#11302,1.);
#11302 = DIRECTION('',(-0.,1.,0.));
#11303 = PCURVE('',#10641,#11304);
#11304 = DEFINITIONAL_REPRESENTATION('',(#11305),#11309);
#11305 = LINE('',#11306,#11307);
#11306 = CARTESIAN_POINT('',(1.2,0.));
#11307 = VECTOR('',#11308,1.);
#11308 = DIRECTION('',(0.,1.));
#11309 = ( GEOMETRIC_REPRESENTATION_CONTEXT(2) 
PARAMETRIC_REPRESENTATION_CONTEXT() REPRESENTATION_CONTEXT('2D SPACE',''
  ) );
#11310 = PCURVE('',#11311,#11316);
#11311 = PLANE('',#11312);
#11312 = AXIS2_PLACEMENT_3D('',#11313,#11314,#11315);
#11313 = CARTESIAN_POINT('',(-17.65,-7.,-191.9));
#11314 = DIRECTION('',(1.,0.,-0.));
#11315 = DIRECTION('',(0.,0.,1.));
#11316 = DEFINITIONAL_REPRESENTATION('',(#11317),#11321);
#11317 = LINE('',#11318,#11319);
#11318 = CARTESIAN_POINT('',(0.,0.));
#11319 = VECTOR('',#11320,1.);
#11320 = DIRECTION('',(0.,-1.));
#11321 = ( GEOMETRIC_REPRESENTATION_CONTEXT(2) 
PARAMETRIC_REPRESENTATION_CONTEXT() REPRESENTATION_CONTEXT('2D SPACE',''
  ) );
#11322 = ADVANCED_FACE('',(#11323),#10717,.F.);
#11323 = FACE_BOUND('',#11324,.F.);
#11324 = EDGE_LOOP('',(#11325,#11326,#11327,#11350));
#11325 = ORIENTED_EDGE('',*,*,#11250,.F.);
#11326 = ORIENTED_EDGE('',*,*,#10704,.T.);
#11327 = ORIENTED_EDGE('',*,*,#11328,.T.);
#11328 = EDGE_CURVE('',#10679,#11329,#11331,.T.);
#11329 = VERTEX_POINT('',#11330);
#11330 = CARTESIAN_POINT('',(-17.65,7.,-190.1));
#11331 = SURFACE_CURVE('',#11332,(#11336,#11343),.PCURVE_S1.);
#11332 = LINE('',#11333,#11334);
#11333 = CARTESIAN_POINT('',(-18.85,7.,-190.1));
#11334 = VECTOR('',#11335,1.);
#11335 = DIRECTION('',(1.,0.,-0.));
#11336 = PCURVE('',#10717,#11337);
#11337 = DEFINITIONAL_REPRESENTATION('',(#11338),#11342);
#11338 = LINE('',#11339,#11340);
#11339 = CARTESIAN_POINT('',(1.8,0.));
#11340 = VECTOR('',#11341,1.);
#11341 = DIRECTION('',(0.,1.));
#11342 = ( GEOMETRIC_REPRESENTATION_CONTEXT(2) 
PARAMETRIC_REPRESENTATION_CONTEXT() REPRESENTATION_CONTEXT('2D SPACE',''
  ) );
#11343 = PCURVE('',#10693,#11344);
#11344 = DEFINITIONAL_REPRESENTATION('',(#11345),#11349);
#11345 = LINE('',#11346,#11347);
#11346 = CARTESIAN_POINT('',(0.,14.));
#11347 = VECTOR('',#11348,1.);
#11348 = DIRECTION('',(1.,0.));
#11349 = ( GEOMETRIC_REPRESENTATION_CONTEXT(2) 
PARAMETRIC_REPRESENTATION_CONTEXT() REPRESENTATION_CONTEXT('2D SPACE',''
  ) );
#11350 = ORIENTED_EDGE('',*,*,#11351,.F.);
#11351 = EDGE_CURVE('',#11251,#11329,#11352,.T.);
#11352 = SURFACE_CURVE('',#11353,(#11357,#11364),.PCURVE_S1.);
#11353 = LINE('',#11354,#11355);
#11354 = CARTESIAN_POINT('',(-17.65,7.,-191.9));
#11355 = VECTOR('',#11356,1.);
#11356 = DIRECTION('',(0.,0.,1.));
#11357 = PCURVE('',#10717,#11358);
#11358 = DEFINITIONAL_REPRESENTATION('',(#11359),#11363);
#11359 = LINE('',#11360,#11361);
#11360 = CARTESIAN_POINT('',(0.,1.2));
#11361 = VECTOR('',#11362,1.);
#11362 = DIRECTION('',(1.,0.));
#11363 = ( GEOMETRIC_REPRESENTATION_CONTEXT(2) 
PARAMETRIC_REPRESENTATION_CONTEXT() REPRESENTATION_CONTEXT('2D SPACE',''
  ) );
#11364 = PCURVE('',#11311,#11365);
#11365 = DEFINITIONAL_REPRESENTATION('',(#11366),#11370);
#11366 = LINE('',#11367,#11368);
#11367 = CARTESIAN_POINT('',(0.,-14.));
#11368 = VECTOR('',#11369,1.);
#11369 = DIRECTION('',(1.,0.));
#11370 = ( GEOMETRIC_REPRESENTATION_CONTEXT(2) 
PARAMETRIC_REPRESENTATION_CONTEXT() REPRESENTATION_CONTEXT('2D SPACE',''
  ) );
#11371 = ADVANCED_FACE('',(#11372),#10693,.F.);
#11372 = FACE_BOUND('',#11373,.F.);
#11373 = EDGE_LOOP('',(#11374,#11375,#11376,#11399));
#11374 = ORIENTED_EDGE('',*,*,#11328,.F.);
#11375 = ORIENTED_EDGE('',*,*,#10678,.T.);
#11376 = ORIENTED_EDGE('',*,*,#11377,.T.);
#11377 = EDGE_CURVE('',#10653,#11378,#11380,.T.);
#11378 = VERTEX_POINT('',#11379);
#11379 = CARTESIAN_POINT('',(-17.65,-7.,-190.1));
#11380 = SURFACE_CURVE('',#11381,(#11385,#11392),.PCURVE_S1.);
#11381 = LINE('',#11382,#11383);
#11382 = CARTESIAN_POINT('',(-18.85,-7.,-190.1));
#11383 = VECTOR('',#11384,1.);
#11384 = DIRECTION('',(1.,0.,-0.));
#11385 = PCURVE('',#10693,#11386);
#11386 = DEFINITIONAL_REPRESENTATION('',(#11387),#11391);
#11387 = LINE('',#11388,#11389);
#11388 = CARTESIAN_POINT('',(0.,0.));
#11389 = VECTOR('',#11390,1.);
#11390 = DIRECTION('',(1.,0.));
#11391 = ( GEOMETRIC_REPRESENTATION_CONTEXT(2) 
PARAMETRIC_REPRESENTATION_CONTEXT() REPRESENTATION_CONTEXT('2D SPACE',''
  ) );
#11392 = PCURVE('',#10667,#11393);
#11393 = DEFINITIONAL_REPRESENTATION('',(#11394),#11398);
#11394 = LINE('',#11395,#11396);
#11395 = CARTESIAN_POINT('',(1.8,0.));
#11396 = VECTOR('',#11397,1.);
#11397 = DIRECTION('',(0.,1.));
#11398 = ( GEOMETRIC_REPRESENTATION_CONTEXT(2) 
PARAMETRIC_REPRESENTATION_CONTEXT() REPRESENTATION_CONTEXT('2D SPACE',''
  ) );
#11399 = ORIENTED_EDGE('',*,*,#11400,.T.);
#11400 = EDGE_CURVE('',#11378,#11329,#11401,.T.);
#11401 = SURFACE_CURVE('',#11402,(#11406,#11413),.PCURVE_S1.);
#11402 = LINE('',#11403,#11404);
#11403 = CARTESIAN_POINT('',(-17.65,-7.,-190.1));
#11404 = VECTOR('',#11405,1.);
#11405 = DIRECTION('',(-0.,1.,0.));
#11406 = PCURVE('',#10693,#11407);
#11407 = DEFINITIONAL_REPRESENTATION('',(#11408),#11412);
#11408 = LINE('',#11409,#11410);
#11409 = CARTESIAN_POINT('',(1.2,0.));
#11410 = VECTOR('',#11411,1.);
#11411 = DIRECTION('',(0.,1.));
#11412 = ( GEOMETRIC_REPRESENTATION_CONTEXT(2) 
PARAMETRIC_REPRESENTATION_CONTEXT() REPRESENTATION_CONTEXT('2D SPACE',''
  ) );
#11413 = PCURVE('',#11311,#11414);
#11414 = DEFINITIONAL_REPRESENTATION('',(#11415),#11419);
#11415 = LINE('',#11416,#11417);
#11416 = CARTESIAN_POINT('',(1.8,0.));
#11417 = VECTOR('',#11418,1.);
#11418 = DIRECTION('',(0.,-1.));
#11419 = ( GEOMETRIC_REPRESENTATION_CONTEXT(2) 
PARAMETRIC_REPRESENTATION_CONTEXT() REPRESENTATION_CONTEXT('2D SPACE',''
  ) );
#11420 = ADVANCED_FACE('',(#11421),#10667,.T.);
#11421 = FACE_BOUND('',#11422,.T.);
#11422 = EDGE_LOOP('',(#11423,#11424,#11425,#11426));
#11423 = ORIENTED_EDGE('',*,*,#11274,.F.);
#11424 = ORIENTED_EDGE('',*,*,#10652,.T.);
#11425 = ORIENTED_EDGE('',*,*,#11377,.T.);
#11426 = ORIENTED_EDGE('',*,*,#11427,.F.);
#11427 = EDGE_CURVE('',#11275,#11378,#11428,.T.);
#11428 = SURFACE_CURVE('',#11429,(#11433,#11440),.PCURVE_S1.);
#11429 = LINE('',#11430,#11431);
#11430 = CARTESIAN_POINT('',(-17.65,-7.,-191.9));
#11431 = VECTOR('',#11432,1.);
#11432 = DIRECTION('',(0.,0.,1.));
#11433 = PCURVE('',#10667,#11434);
#11434 = DEFINITIONAL_REPRESENTATION('',(#11435),#11439);
#11435 = LINE('',#11436,#11437);
#11436 = CARTESIAN_POINT('',(0.,1.2));
#11437 = VECTOR('',#11438,1.);
#11438 = DIRECTION('',(1.,0.));
#11439 = ( GEOMETRIC_REPRESENTATION_CONTEXT(2) 
PARAMETRIC_REPRESENTATION_CONTEXT() REPRESENTATION_CONTEXT('2D SPACE',''
  ) );
#11440 = PCURVE('',#11311,#11441);
#11441 = DEFINITIONAL_REPRESENTATION('',(#11442),#11446);
#11442 = LINE('',#11443,#11444);
#11443 = CARTESIAN_POINT('',(0.,0.));
#11444 = VECTOR('',#11445,1.);
#11445 = DIRECTION('',(1.,0.));
#11446 = ( GEOMETRIC_REPRESENTATION_CONTEXT(2) 
PARAMETRIC_REPRESENTATION_CONTEXT() REPRESENTATION_CONTEXT('2D SPACE',''
  ) );
#11447 = ADVANCED_FACE('',(#11448),#10747,.T.);
#11448 = FACE_BOUND('',#11449,.T.);
#11449 = EDGE_LOOP('',(#11450,#11473,#11474,#11497));
#11450 = ORIENTED_EDGE('',*,*,#11451,.F.);
#11451 = EDGE_CURVE('',#10731,#11452,#11454,.T.);
#11452 = VERTEX_POINT('',#11453);
#11453 = CARTESIAN_POINT('',(-17.65,7.,-186.9));
#11454 = SURFACE_CURVE('',#11455,(#11459,#11466),.PCURVE_S1.);
#11455 = LINE('',#11456,#11457);
#11456 = CARTESIAN_POINT('',(-18.85,7.,-186.9));
#11457 = VECTOR('',#11458,1.);
#11458 = DIRECTION('',(1.,0.,-0.));
#11459 = PCURVE('',#10747,#11460);
#11460 = DEFINITIONAL_REPRESENTATION('',(#11461),#11465);
#11461 = LINE('',#11462,#11463);
#11462 = CARTESIAN_POINT('',(0.,14.));
#11463 = VECTOR('',#11464,1.);
#11464 = DIRECTION('',(1.,0.));
#11465 = ( GEOMETRIC_REPRESENTATION_CONTEXT(2) 
PARAMETRIC_REPRESENTATION_CONTEXT() REPRESENTATION_CONTEXT('2D SPACE',''
  ) );
#11466 = PCURVE('',#10823,#11467);
#11467 = DEFINITIONAL_REPRESENTATION('',(#11468),#11472);
#11468 = LINE('',#11469,#11470);
#11469 = CARTESIAN_POINT('',(0.,0.));
#11470 = VECTOR('',#11471,1.);
#11471 = DIRECTION('',(0.,1.));
#11472 = ( GEOMETRIC_REPRESENTATION_CONTEXT(2) 
PARAMETRIC_REPRESENTATION_CONTEXT() REPRESENTATION_CONTEXT('2D SPACE',''
  ) );
#11473 = ORIENTED_EDGE('',*,*,#10730,.T.);
#11474 = ORIENTED_EDGE('',*,*,#11475,.T.);
#11475 = EDGE_CURVE('',#10733,#11476,#11478,.T.);
#11476 = VERTEX_POINT('',#11477);
#11477 = CARTESIAN_POINT('',(-17.65,-7.,-186.9));
#11478 = SURFACE_CURVE('',#11479,(#11483,#11490),.PCURVE_S1.);
#11479 = LINE('',#11480,#11481);
#11480 = CARTESIAN_POINT('',(-18.85,-7.,-186.9));
#11481 = VECTOR('',#11482,1.);
#11482 = DIRECTION('',(1.,0.,-0.));
#11483 = PCURVE('',#10747,#11484);
#11484 = DEFINITIONAL_REPRESENTATION('',(#11485),#11489);
#11485 = LINE('',#11486,#11487);
#11486 = CARTESIAN_POINT('',(0.,0.));
#11487 = VECTOR('',#11488,1.);
#11488 = DIRECTION('',(1.,0.));
#11489 = ( GEOMETRIC_REPRESENTATION_CONTEXT(2) 
PARAMETRIC_REPRESENTATION_CONTEXT() REPRESENTATION_CONTEXT('2D SPACE',''
  ) );
#11490 = PCURVE('',#10773,#11491);
#11491 = DEFINITIONAL_REPRESENTATION('',(#11492),#11496);
#11492 = LINE('',#11493,#11494);
#11493 = CARTESIAN_POINT('',(0.,0.));
#11494 = VECTOR('',#11495,1.);
#11495 = DIRECTION('',(0.,1.));
#11496 = ( GEOMETRIC_REPRESENTATION_CONTEXT(2) 
PARAMETRIC_REPRESENTATION_CONTEXT() REPRESENTATION_CONTEXT('2D SPACE',''
  ) );
#11497 = ORIENTED_EDGE('',*,*,#11498,.T.);
#11498 = EDGE_CURVE('',#11476,#11452,#11499,.T.);
#11499 = SURFACE_CURVE('',#11500,(#11504,#11511),.PCURVE_S1.);
#11500 = LINE('',#11501,#11502);
#11501 = CARTESIAN_POINT('',(-17.65,-7.,-186.9));
#11502 = VECTOR('',#11503,1.);
#11503 = DIRECTION('',(-0.,1.,0.));
#11504 = PCURVE('',#10747,#11505);
#11505 = DEFINITIONAL_REPRESENTATION('',(#11506),#11510);
#11506 = LINE('',#11507,#11508);
#11507 = CARTESIAN_POINT('',(1.2,0.));
#11508 = VECTOR('',#11509,1.);
#11509 = DIRECTION('',(0.,1.));
#11510 = ( GEOMETRIC_REPRESENTATION_CONTEXT(2) 
PARAMETRIC_REPRESENTATION_CONTEXT() REPRESENTATION_CONTEXT('2D SPACE',''
  ) );
#11511 = PCURVE('',#11512,#11517);
#11512 = PLANE('',#11513);
#11513 = AXIS2_PLACEMENT_3D('',#11514,#11515,#11516);
#11514 = CARTESIAN_POINT('',(-17.65,-7.,-186.9));
#11515 = DIRECTION('',(1.,0.,-0.));
#11516 = DIRECTION('',(0.,0.,1.));
#11517 = DEFINITIONAL_REPRESENTATION('',(#11518),#11522);
#11518 = LINE('',#11519,#11520);
#11519 = CARTESIAN_POINT('',(0.,0.));
#11520 = VECTOR('',#11521,1.);
#11521 = DIRECTION('',(0.,-1.));
#11522 = ( GEOMETRIC_REPRESENTATION_CONTEXT(2) 
PARAMETRIC_REPRESENTATION_CONTEXT() REPRESENTATION_CONTEXT('2D SPACE',''
  ) );
#11523 = ADVANCED_FACE('',(#11524),#10823,.F.);
#11524 = FACE_BOUND('',#11525,.F.);
#11525 = EDGE_LOOP('',(#11526,#11527,#11528,#11551));
#11526 = ORIENTED_EDGE('',*,*,#11451,.F.);
#11527 = ORIENTED_EDGE('',*,*,#10810,.T.);
#11528 = ORIENTED_EDGE('',*,*,#11529,.T.);
#11529 = EDGE_CURVE('',#10785,#11530,#11532,.T.);
#11530 = VERTEX_POINT('',#11531);
#11531 = CARTESIAN_POINT('',(-17.65,7.,-185.1));
#11532 = SURFACE_CURVE('',#11533,(#11537,#11544),.PCURVE_S1.);
#11533 = LINE('',#11534,#11535);
#11534 = CARTESIAN_POINT('',(-18.85,7.,-185.1));
#11535 = VECTOR('',#11536,1.);
#11536 = DIRECTION('',(1.,0.,-0.));
#11537 = PCURVE('',#10823,#11538);
#11538 = DEFINITIONAL_REPRESENTATION('',(#11539),#11543);
#11539 = LINE('',#11540,#11541);
#11540 = CARTESIAN_POINT('',(1.8,0.));
#11541 = VECTOR('',#11542,1.);
#11542 = DIRECTION('',(0.,1.));
#11543 = ( GEOMETRIC_REPRESENTATION_CONTEXT(2) 
PARAMETRIC_REPRESENTATION_CONTEXT() REPRESENTATION_CONTEXT('2D SPACE',''
  ) );
#11544 = PCURVE('',#10799,#11545);
#11545 = DEFINITIONAL_REPRESENTATION('',(#11546),#11550);
#11546 = LINE('',#11547,#11548);
#11547 = CARTESIAN_POINT('',(0.,14.));
#11548 = VECTOR('',#11549,1.);
#11549 = DIRECTION('',(1.,0.));
#11550 = ( GEOMETRIC_REPRESENTATION_CONTEXT(2) 
PARAMETRIC_REPRESENTATION_CONTEXT() REPRESENTATION_CONTEXT('2D SPACE',''
  ) );
#11551 = ORIENTED_EDGE('',*,*,#11552,.F.);
#11552 = EDGE_CURVE('',#11452,#11530,#11553,.T.);
#11553 = SURFACE_CURVE('',#11554,(#11558,#11565),.PCURVE_S1.);
#11554 = LINE('',#11555,#11556);
#11555 = CARTESIAN_POINT('',(-17.65,7.,-186.9));
#11556 = VECTOR('',#11557,1.);
#11557 = DIRECTION('',(0.,0.,1.));
#11558 = PCURVE('',#10823,#11559);
#11559 = DEFINITIONAL_REPRESENTATION('',(#11560),#11564);
#11560 = LINE('',#11561,#11562);
#11561 = CARTESIAN_POINT('',(0.,1.2));
#11562 = VECTOR('',#11563,1.);
#11563 = DIRECTION('',(1.,0.));
#11564 = ( GEOMETRIC_REPRESENTATION_CONTEXT(2) 
PARAMETRIC_REPRESENTATION_CONTEXT() REPRESENTATION_CONTEXT('2D SPACE',''
  ) );
#11565 = PCURVE('',#11512,#11566);
#11566 = DEFINITIONAL_REPRESENTATION('',(#11567),#11571);
#11567 = LINE('',#11568,#11569);
#11568 = CARTESIAN_POINT('',(0.,-14.));
#11569 = VECTOR('',#11570,1.);
#11570 = DIRECTION('',(1.,0.));
#11571 = ( GEOMETRIC_REPRESENTATION_CONTEXT(2) 
PARAMETRIC_REPRESENTATION_CONTEXT() REPRESENTATION_CONTEXT('2D SPACE',''
  ) );
#11572 = ADVANCED_FACE('',(#11573),#10773,.T.);
#11573 = FACE_BOUND('',#11574,.T.);
#11574 = EDGE_LOOP('',(#11575,#11576,#11577,#11600));
#11575 = ORIENTED_EDGE('',*,*,#11475,.F.);
#11576 = ORIENTED_EDGE('',*,*,#10758,.T.);
#11577 = ORIENTED_EDGE('',*,*,#11578,.T.);
#11578 = EDGE_CURVE('',#10759,#11579,#11581,.T.);
#11579 = VERTEX_POINT('',#11580);
#11580 = CARTESIAN_POINT('',(-17.65,-7.,-185.1));
#11581 = SURFACE_CURVE('',#11582,(#11586,#11593),.PCURVE_S1.);
#11582 = LINE('',#11583,#11584);
#11583 = CARTESIAN_POINT('',(-18.85,-7.,-185.1));
#11584 = VECTOR('',#11585,1.);
#11585 = DIRECTION('',(1.,0.,-0.));
#11586 = PCURVE('',#10773,#11587);
#11587 = DEFINITIONAL_REPRESENTATION('',(#11588),#11592);
#11588 = LINE('',#11589,#11590);
#11589 = CARTESIAN_POINT('',(1.8,0.));
#11590 = VECTOR('',#11591,1.);
#11591 = DIRECTION('',(0.,1.));
#11592 = ( GEOMETRIC_REPRESENTATION_CONTEXT(2) 
PARAMETRIC_REPRESENTATION_CONTEXT() REPRESENTATION_CONTEXT('2D SPACE',''
  ) );
#11593 = PCURVE('',#10799,#11594);
#11594 = DEFINITIONAL_REPRESENTATION('',(#11595),#11599);
#11595 = LINE('',#11596,#11597);
#11596 = CARTESIAN_POINT('',(0.,0.));
#11597 = VECTOR('',#11598,1.);
#11598 = DIRECTION('',(1.,0.));
#11599 = ( GEOMETRIC_REPRESENTATION_CONTEXT(2) 
PARAMETRIC_REPRESENTATION_CONTEXT() REPRESENTATION_CONTEXT('2D SPACE',''
  ) );
#11600 = ORIENTED_EDGE('',*,*,#11601,.F.);
#11601 = EDGE_CURVE('',#11476,#11579,#11602,.T.);
#11602 = SURFACE_CURVE('',#11603,(#11607,#11614),.PCURVE_S1.);
#11603 = LINE('',#11604,#11605);
#11604 = CARTESIAN_POINT('',(-17.65,-7.,-186.9));
#11605 = VECTOR('',#11606,1.);
#11606 = DIRECTION('',(0.,0.,1.));
#11607 = PCURVE('',#10773,#11608);
#11608 = DEFINITIONAL_REPRESENTATION('',(#11609),#11613);
#11609 = LINE('',#11610,#11611);
#11610 = CARTESIAN_POINT('',(0.,1.2));
#11611 = VECTOR('',#11612,1.);
#11612 = DIRECTION('',(1.,0.));
#11613 = ( GEOMETRIC_REPRESENTATION_CONTEXT(2) 
PARAMETRIC_REPRESENTATION_CONTEXT() REPRESENTATION_CONTEXT('2D SPACE',''
  ) );
#11614 = PCURVE('',#11512,#11615);
#11615 = DEFINITIONAL_REPRESENTATION('',(#11616),#11620);
#11616 = LINE('',#11617,#11618);
#11617 = CARTESIAN_POINT('',(0.,0.));
#11618 = VECTOR('',#11619,1.);
#11619 = DIRECTION('',(1.,0.));
#11620 = ( GEOMETRIC_REPRESENTATION_CONTEXT(2) 
PARAMETRIC_REPRESENTATION_CONTEXT() REPRESENTATION_CONTEXT('2D SPACE',''
  ) );
#11621 = ADVANCED_FACE('',(#11622),#10799,.F.);
#11622 = FACE_BOUND('',#11623,.F.);
#11623 = EDGE_LOOP('',(#11624,#11625,#11626,#11627));
#11624 = ORIENTED_EDGE('',*,*,#11529,.F.);
#11625 = ORIENTED_EDGE('',*,*,#10784,.T.);
#11626 = ORIENTED_EDGE('',*,*,#11578,.T.);
#11627 = ORIENTED_EDGE('',*,*,#11628,.T.);
#11628 = EDGE_CURVE('',#11579,#11530,#11629,.T.);
#11629 = SURFACE_CURVE('',#11630,(#11634,#11641),.PCURVE_S1.);
#11630 = LINE('',#11631,#11632);
#11631 = CARTESIAN_POINT('',(-17.65,-7.,-185.1));
#11632 = VECTOR('',#11633,1.);
#11633 = DIRECTION('',(-0.,1.,0.));
#11634 = PCURVE('',#10799,#11635);
#11635 = DEFINITIONAL_REPRESENTATION('',(#11636),#11640);
#11636 = LINE('',#11637,#11638);
#11637 = CARTESIAN_POINT('',(1.2,0.));
#11638 = VECTOR('',#11639,1.);
#11639 = DIRECTION('',(0.,1.));
#11640 = ( GEOMETRIC_REPRESENTATION_CONTEXT(2) 
PARAMETRIC_REPRESENTATION_CONTEXT() REPRESENTATION_CONTEXT('2D SPACE',''
  ) );
#11641 = PCURVE('',#11512,#11642);
#11642 = DEFINITIONAL_REPRESENTATION('',(#11643),#11647);
#11643 = LINE('',#11644,#11645);
#11644 = CARTESIAN_POINT('',(1.8,0.));
#11645 = VECTOR('',#11646,1.);
#11646 = DIRECTION('',(0.,-1.));
#11647 = ( GEOMETRIC_REPRESENTATION_CONTEXT(2) 
PARAMETRIC_REPRESENTATION_CONTEXT() REPRESENTATION_CONTEXT('2D SPACE',''
  ) );
#11648 = ADVANCED_FACE('',(#11649),#10853,.T.);
#11649 = FACE_BOUND('',#11650,.T.);
#11650 = EDGE_LOOP('',(#11651,#11674,#11675,#11698));
#11651 = ORIENTED_EDGE('',*,*,#11652,.F.);
#11652 = EDGE_CURVE('',#10837,#11653,#11655,.T.);
#11653 = VERTEX_POINT('',#11654);
#11654 = CARTESIAN_POINT('',(-17.65,7.,-181.9));
#11655 = SURFACE_CURVE('',#11656,(#11660,#11667),.PCURVE_S1.);
#11656 = LINE('',#11657,#11658);
#11657 = CARTESIAN_POINT('',(-18.85,7.,-181.9));
#11658 = VECTOR('',#11659,1.);
#11659 = DIRECTION('',(1.,0.,-0.));
#11660 = PCURVE('',#10853,#11661);
#11661 = DEFINITIONAL_REPRESENTATION('',(#11662),#11666);
#11662 = LINE('',#11663,#11664);
#11663 = CARTESIAN_POINT('',(0.,14.));
#11664 = VECTOR('',#11665,1.);
#11665 = DIRECTION('',(1.,0.));
#11666 = ( GEOMETRIC_REPRESENTATION_CONTEXT(2) 
PARAMETRIC_REPRESENTATION_CONTEXT() REPRESENTATION_CONTEXT('2D SPACE',''
  ) );
#11667 = PCURVE('',#10929,#11668);
#11668 = DEFINITIONAL_REPRESENTATION('',(#11669),#11673);
#11669 = LINE('',#11670,#11671);
#11670 = CARTESIAN_POINT('',(0.,0.));
#11671 = VECTOR('',#11672,1.);
#11672 = DIRECTION('',(0.,1.));
#11673 = ( GEOMETRIC_REPRESENTATION_CONTEXT(2) 
PARAMETRIC_REPRESENTATION_CONTEXT() REPRESENTATION_CONTEXT('2D SPACE',''
  ) );
#11674 = ORIENTED_EDGE('',*,*,#10836,.T.);
#11675 = ORIENTED_EDGE('',*,*,#11676,.T.);
#11676 = EDGE_CURVE('',#10839,#11677,#11679,.T.);
#11677 = VERTEX_POINT('',#11678);
#11678 = CARTESIAN_POINT('',(-17.65,-7.,-181.9));
#11679 = SURFACE_CURVE('',#11680,(#11684,#11691),.PCURVE_S1.);
#11680 = LINE('',#11681,#11682);
#11681 = CARTESIAN_POINT('',(-18.85,-7.,-181.9));
#11682 = VECTOR('',#11683,1.);
#11683 = DIRECTION('',(1.,0.,-0.));
#11684 = PCURVE('',#10853,#11685);
#11685 = DEFINITIONAL_REPRESENTATION('',(#11686),#11690);
#11686 = LINE('',#11687,#11688);
#11687 = CARTESIAN_POINT('',(0.,0.));
#11688 = VECTOR('',#11689,1.);
#11689 = DIRECTION('',(1.,0.));
#11690 = ( GEOMETRIC_REPRESENTATION_CONTEXT(2) 
PARAMETRIC_REPRESENTATION_CONTEXT() REPRESENTATION_CONTEXT('2D SPACE',''
  ) );
#11691 = PCURVE('',#10879,#11692);
#11692 = DEFINITIONAL_REPRESENTATION('',(#11693),#11697);
#11693 = LINE('',#11694,#11695);
#11694 = CARTESIAN_POINT('',(0.,0.));
#11695 = VECTOR('',#11696,1.);
#11696 = DIRECTION('',(0.,1.));
#11697 = ( GEOMETRIC_REPRESENTATION_CONTEXT(2) 
PARAMETRIC_REPRESENTATION_CONTEXT() REPRESENTATION_CONTEXT('2D SPACE',''
  ) );
#11698 = ORIENTED_EDGE('',*,*,#11699,.T.);
#11699 = EDGE_CURVE('',#11677,#11653,#11700,.T.);
#11700 = SURFACE_CURVE('',#11701,(#11705,#11712),.PCURVE_S1.);
#11701 = LINE('',#11702,#11703);
#11702 = CARTESIAN_POINT('',(-17.65,-7.,-181.9));
#11703 = VECTOR('',#11704,1.);
#11704 = DIRECTION('',(-0.,1.,0.));
#11705 = PCURVE('',#10853,#11706);
#11706 = DEFINITIONAL_REPRESENTATION('',(#11707),#11711);
#11707 = LINE('',#11708,#11709);
#11708 = CARTESIAN_POINT('',(1.2,0.));
#11709 = VECTOR('',#11710,1.);
#11710 = DIRECTION('',(0.,1.));
#11711 = ( GEOMETRIC_REPRESENTATION_CONTEXT(2) 
PARAMETRIC_REPRESENTATION_CONTEXT() REPRESENTATION_CONTEXT('2D SPACE',''
  ) );
#11712 = PCURVE('',#11713,#11718);
#11713 = PLANE('',#11714);
#11714 = AXIS2_PLACEMENT_3D('',#11715,#11716,#11717);
#11715 = CARTESIAN_POINT('',(-17.65,-7.,-181.9));
#11716 = DIRECTION('',(1.,0.,-0.));
#11717 = DIRECTION('',(0.,0.,1.));
#11718 = DEFINITIONAL_REPRESENTATION('',(#11719),#11723);
#11719 = LINE('',#11720,#11721);
#11720 = CARTESIAN_POINT('',(0.,0.));
#11721 = VECTOR('',#11722,1.);
#11722 = DIRECTION('',(0.,-1.));
#11723 = ( GEOMETRIC_REPRESENTATION_CONTEXT(2) 
PARAMETRIC_REPRESENTATION_CONTEXT() REPRESENTATION_CONTEXT('2D SPACE',''
  ) );
#11724 = ADVANCED_FACE('',(#11725),#10929,.F.);
#11725 = FACE_BOUND('',#11726,.F.);
#11726 = EDGE_LOOP('',(#11727,#11728,#11729,#11752));
#11727 = ORIENTED_EDGE('',*,*,#11652,.F.);
#11728 = ORIENTED_EDGE('',*,*,#10916,.T.);
#11729 = ORIENTED_EDGE('',*,*,#11730,.T.);
#11730 = EDGE_CURVE('',#10891,#11731,#11733,.T.);
#11731 = VERTEX_POINT('',#11732);
#11732 = CARTESIAN_POINT('',(-17.65,7.,-180.1));
#11733 = SURFACE_CURVE('',#11734,(#11738,#11745),.PCURVE_S1.);
#11734 = LINE('',#11735,#11736);
#11735 = CARTESIAN_POINT('',(-18.85,7.,-180.1));
#11736 = VECTOR('',#11737,1.);
#11737 = DIRECTION('',(1.,0.,-0.));
#11738 = PCURVE('',#10929,#11739);
#11739 = DEFINITIONAL_REPRESENTATION('',(#11740),#11744);
#11740 = LINE('',#11741,#11742);
#11741 = CARTESIAN_POINT('',(1.8,0.));
#11742 = VECTOR('',#11743,1.);
#11743 = DIRECTION('',(0.,1.));
#11744 = ( GEOMETRIC_REPRESENTATION_CONTEXT(2) 
PARAMETRIC_REPRESENTATION_CONTEXT() REPRESENTATION_CONTEXT('2D SPACE',''
  ) );
#11745 = PCURVE('',#10905,#11746);
#11746 = DEFINITIONAL_REPRESENTATION('',(#11747),#11751);
#11747 = LINE('',#11748,#11749);
#11748 = CARTESIAN_POINT('',(0.,14.));
#11749 = VECTOR('',#11750,1.);
#11750 = DIRECTION('',(1.,0.));
#11751 = ( GEOMETRIC_REPRESENTATION_CONTEXT(2) 
PARAMETRIC_REPRESENTATION_CONTEXT() REPRESENTATION_CONTEXT('2D SPACE',''
  ) );
#11752 = ORIENTED_EDGE('',*,*,#11753,.F.);
#11753 = EDGE_CURVE('',#11653,#11731,#11754,.T.);
#11754 = SURFACE_CURVE('',#11755,(#11759,#11766),.PCURVE_S1.);
#11755 = LINE('',#11756,#11757);
#11756 = CARTESIAN_POINT('',(-17.65,7.,-181.9));
#11757 = VECTOR('',#11758,1.);
#11758 = DIRECTION('',(0.,0.,1.));
#11759 = PCURVE('',#10929,#11760);
#11760 = DEFINITIONAL_REPRESENTATION('',(#11761),#11765);
#11761 = LINE('',#11762,#11763);
#11762 = CARTESIAN_POINT('',(0.,1.2));
#11763 = VECTOR('',#11764,1.);
#11764 = DIRECTION('',(1.,0.));
#11765 = ( GEOMETRIC_REPRESENTATION_CONTEXT(2) 
PARAMETRIC_REPRESENTATION_CONTEXT() REPRESENTATION_CONTEXT('2D SPACE',''
  ) );
#11766 = PCURVE('',#11713,#11767);
#11767 = DEFINITIONAL_REPRESENTATION('',(#11768),#11772);
#11768 = LINE('',#11769,#11770);
#11769 = CARTESIAN_POINT('',(0.,-14.));
#11770 = VECTOR('',#11771,1.);
#11771 = DIRECTION('',(1.,0.));
#11772 = ( GEOMETRIC_REPRESENTATION_CONTEXT(2) 
PARAMETRIC_REPRESENTATION_CONTEXT() REPRESENTATION_CONTEXT('2D SPACE',''
  ) );
#11773 = ADVANCED_FACE('',(#11774),#10879,.T.);
#11774 = FACE_BOUND('',#11775,.T.);
#11775 = EDGE_LOOP('',(#11776,#11777,#11778,#11801));
#11776 = ORIENTED_EDGE('',*,*,#11676,.F.);
#11777 = ORIENTED_EDGE('',*,*,#10864,.T.);
#11778 = ORIENTED_EDGE('',*,*,#11779,.T.);
#11779 = EDGE_CURVE('',#10865,#11780,#11782,.T.);
#11780 = VERTEX_POINT('',#11781);
#11781 = CARTESIAN_POINT('',(-17.65,-7.,-180.1));
#11782 = SURFACE_CURVE('',#11783,(#11787,#11794),.PCURVE_S1.);
#11783 = LINE('',#11784,#11785);
#11784 = CARTESIAN_POINT('',(-18.85,-7.,-180.1));
#11785 = VECTOR('',#11786,1.);
#11786 = DIRECTION('',(1.,0.,-0.));
#11787 = PCURVE('',#10879,#11788);
#11788 = DEFINITIONAL_REPRESENTATION('',(#11789),#11793);
#11789 = LINE('',#11790,#11791);
#11790 = CARTESIAN_POINT('',(1.8,0.));
#11791 = VECTOR('',#11792,1.);
#11792 = DIRECTION('',(0.,1.));
#11793 = ( GEOMETRIC_REPRESENTATION_CONTEXT(2) 
PARAMETRIC_REPRESENTATION_CONTEXT() REPRESENTATION_CONTEXT('2D SPACE',''
  ) );
#11794 = PCURVE('',#10905,#11795);
#11795 = DEFINITIONAL_REPRESENTATION('',(#11796),#11800);
#11796 = LINE('',#11797,#11798);
#11797 = CARTESIAN_POINT('',(0.,0.));
#11798 = VECTOR('',#11799,1.);
#11799 = DIRECTION('',(1.,0.));
#11800 = ( GEOMETRIC_REPRESENTATION_CONTEXT(2) 
PARAMETRIC_REPRESENTATION_CONTEXT() REPRESENTATION_CONTEXT('2D SPACE',''
  ) );
#11801 = ORIENTED_EDGE('',*,*,#11802,.F.);
#11802 = EDGE_CURVE('',#11677,#11780,#11803,.T.);
#11803 = SURFACE_CURVE('',#11804,(#11808,#11815),.PCURVE_S1.);
#11804 = LINE('',#11805,#11806);
#11805 = CARTESIAN_POINT('',(-17.65,-7.,-181.9));
#11806 = VECTOR('',#11807,1.);
#11807 = DIRECTION('',(0.,0.,1.));
#11808 = PCURVE('',#10879,#11809);
#11809 = DEFINITIONAL_REPRESENTATION('',(#11810),#11814);
#11810 = LINE('',#11811,#11812);
#11811 = CARTESIAN_POINT('',(0.,1.2));
#11812 = VECTOR('',#11813,1.);
#11813 = DIRECTION('',(1.,0.));
#11814 = ( GEOMETRIC_REPRESENTATION_CONTEXT(2) 
PARAMETRIC_REPRESENTATION_CONTEXT() REPRESENTATION_CONTEXT('2D SPACE',''
  ) );
#11815 = PCURVE('',#11713,#11816);
#11816 = DEFINITIONAL_REPRESENTATION('',(#11817),#11821);
#11817 = LINE('',#11818,#11819);
#11818 = CARTESIAN_POINT('',(0.,0.));
#11819 = VECTOR('',#11820,1.);
#11820 = DIRECTION('',(1.,0.));
#11821 = ( GEOMETRIC_REPRESENTATION_CONTEXT(2) 
PARAMETRIC_REPRESENTATION_CONTEXT() REPRESENTATION_CONTEXT('2D SPACE',''
  ) );
#11822 = ADVANCED_FACE('',(#11823),#10905,.F.);
#11823 = FACE_BOUND('',#11824,.F.);
#11824 = EDGE_LOOP('',(#11825,#11826,#11827,#11828));
#11825 = ORIENTED_EDGE('',*,*,#11730,.F.);
#11826 = ORIENTED_EDGE('',*,*,#10890,.T.);
#11827 = ORIENTED_EDGE('',*,*,#11779,.T.);
#11828 = ORIENTED_EDGE('',*,*,#11829,.T.);
#11829 = EDGE_CURVE('',#11780,#11731,#11830,.T.);
#11830 = SURFACE_CURVE('',#11831,(#11835,#11842),.PCURVE_S1.);
#11831 = LINE('',#11832,#11833);
#11832 = CARTESIAN_POINT('',(-17.65,-7.,-180.1));
#11833 = VECTOR('',#11834,1.);
#11834 = DIRECTION('',(-0.,1.,0.));
#11835 = PCURVE('',#10905,#11836);
#11836 = DEFINITIONAL_REPRESENTATION('',(#11837),#11841);
#11837 = LINE('',#11838,#11839);
#11838 = CARTESIAN_POINT('',(1.2,0.));
#11839 = VECTOR('',#11840,1.);
#11840 = DIRECTION('',(0.,1.));
#11841 = ( GEOMETRIC_REPRESENTATION_CONTEXT(2) 
PARAMETRIC_REPRESENTATION_CONTEXT() REPRESENTATION_CONTEXT('2D SPACE',''
  ) );
#11842 = PCURVE('',#11713,#11843);
#11843 = DEFINITIONAL_REPRESENTATION('',(#11844),#11848);
#11844 = LINE('',#11845,#11846);
#11845 = CARTESIAN_POINT('',(1.8,0.));
#11846 = VECTOR('',#11847,1.);
#11847 = DIRECTION('',(0.,-1.));
#11848 = ( GEOMETRIC_REPRESENTATION_CONTEXT(2) 
PARAMETRIC_REPRESENTATION_CONTEXT() REPRESENTATION_CONTEXT('2D SPACE',''
  ) );
#11849 = ADVANCED_FACE('',(#11850),#10959,.T.);
#11850 = FACE_BOUND('',#11851,.T.);
#11851 = EDGE_LOOP('',(#11852,#11875,#11876,#11899));
#11852 = ORIENTED_EDGE('',*,*,#11853,.F.);
#11853 = EDGE_CURVE('',#10943,#11854,#11856,.T.);
#11854 = VERTEX_POINT('',#11855);
#11855 = CARTESIAN_POINT('',(-17.65,7.,-176.9));
#11856 = SURFACE_CURVE('',#11857,(#11861,#11868),.PCURVE_S1.);
#11857 = LINE('',#11858,#11859);
#11858 = CARTESIAN_POINT('',(-18.85,7.,-176.9));
#11859 = VECTOR('',#11860,1.);
#11860 = DIRECTION('',(1.,0.,-0.));
#11861 = PCURVE('',#10959,#11862);
#11862 = DEFINITIONAL_REPRESENTATION('',(#11863),#11867);
#11863 = LINE('',#11864,#11865);
#11864 = CARTESIAN_POINT('',(0.,14.));
#11865 = VECTOR('',#11866,1.);
#11866 = DIRECTION('',(1.,0.));
#11867 = ( GEOMETRIC_REPRESENTATION_CONTEXT(2) 
PARAMETRIC_REPRESENTATION_CONTEXT() REPRESENTATION_CONTEXT('2D SPACE',''
  ) );
#11868 = PCURVE('',#11035,#11869);
#11869 = DEFINITIONAL_REPRESENTATION('',(#11870),#11874);
#11870 = LINE('',#11871,#11872);
#11871 = CARTESIAN_POINT('',(0.,0.));
#11872 = VECTOR('',#11873,1.);
#11873 = DIRECTION('',(0.,1.));
#11874 = ( GEOMETRIC_REPRESENTATION_CONTEXT(2) 
PARAMETRIC_REPRESENTATION_CONTEXT() REPRESENTATION_CONTEXT('2D SPACE',''
  ) );
#11875 = ORIENTED_EDGE('',*,*,#10942,.T.);
#11876 = ORIENTED_EDGE('',*,*,#11877,.T.);
#11877 = EDGE_CURVE('',#10945,#11878,#11880,.T.);
#11878 = VERTEX_POINT('',#11879);
#11879 = CARTESIAN_POINT('',(-17.65,-7.,-176.9));
#11880 = SURFACE_CURVE('',#11881,(#11885,#11892),.PCURVE_S1.);
#11881 = LINE('',#11882,#11883);
#11882 = CARTESIAN_POINT('',(-18.85,-7.,-176.9));
#11883 = VECTOR('',#11884,1.);
#11884 = DIRECTION('',(1.,0.,-0.));
#11885 = PCURVE('',#10959,#11886);
#11886 = DEFINITIONAL_REPRESENTATION('',(#11887),#11891);
#11887 = LINE('',#11888,#11889);
#11888 = CARTESIAN_POINT('',(0.,0.));
#11889 = VECTOR('',#11890,1.);
#11890 = DIRECTION('',(1.,0.));
#11891 = ( GEOMETRIC_REPRESENTATION_CONTEXT(2) 
PARAMETRIC_REPRESENTATION_CONTEXT() REPRESENTATION_CONTEXT('2D SPACE',''
  ) );
#11892 = PCURVE('',#10985,#11893);
#11893 = DEFINITIONAL_REPRESENTATION('',(#11894),#11898);
#11894 = LINE('',#11895,#11896);
#11895 = CARTESIAN_POINT('',(0.,0.));
#11896 = VECTOR('',#11897,1.);
#11897 = DIRECTION('',(0.,1.));
#11898 = ( GEOMETRIC_REPRESENTATION_CONTEXT(2) 
PARAMETRIC_REPRESENTATION_CONTEXT() REPRESENTATION_CONTEXT('2D SPACE',''
  ) );
#11899 = ORIENTED_EDGE('',*,*,#11900,.T.);
#11900 = EDGE_CURVE('',#11878,#11854,#11901,.T.);
#11901 = SURFACE_CURVE('',#11902,(#11906,#11913),.PCURVE_S1.);
#11902 = LINE('',#11903,#11904);
#11903 = CARTESIAN_POINT('',(-17.65,-7.,-176.9));
#11904 = VECTOR('',#11905,1.);
#11905 = DIRECTION('',(-0.,1.,0.));
#11906 = PCURVE('',#10959,#11907);
#11907 = DEFINITIONAL_REPRESENTATION('',(#11908),#11912);
#11908 = LINE('',#11909,#11910);
#11909 = CARTESIAN_POINT('',(1.2,0.));
#11910 = VECTOR('',#11911,1.);
#11911 = DIRECTION('',(0.,1.));
#11912 = ( GEOMETRIC_REPRESENTATION_CONTEXT(2) 
PARAMETRIC_REPRESENTATION_CONTEXT() REPRESENTATION_CONTEXT('2D SPACE',''
  ) );
#11913 = PCURVE('',#11914,#11919);
#11914 = PLANE('',#11915);
#11915 = AXIS2_PLACEMENT_3D('',#11916,#11917,#11918);
#11916 = CARTESIAN_POINT('',(-17.65,-7.,-176.9));
#11917 = DIRECTION('',(1.,0.,-0.));
#11918 = DIRECTION('',(0.,0.,1.));
#11919 = DEFINITIONAL_REPRESENTATION('',(#11920),#11924);
#11920 = LINE('',#11921,#11922);
#11921 = CARTESIAN_POINT('',(0.,0.));
#11922 = VECTOR('',#11923,1.);
#11923 = DIRECTION('',(0.,-1.));
#11924 = ( GEOMETRIC_REPRESENTATION_CONTEXT(2) 
PARAMETRIC_REPRESENTATION_CONTEXT() REPRESENTATION_CONTEXT('2D SPACE',''
  ) );
#11925 = ADVANCED_FACE('',(#11926),#11035,.F.);
#11926 = FACE_BOUND('',#11927,.F.);
#11927 = EDGE_LOOP('',(#11928,#11929,#11930,#11953));
#11928 = ORIENTED_EDGE('',*,*,#11853,.F.);
#11929 = ORIENTED_EDGE('',*,*,#11022,.T.);
#11930 = ORIENTED_EDGE('',*,*,#11931,.T.);
#11931 = EDGE_CURVE('',#10997,#11932,#11934,.T.);
#11932 = VERTEX_POINT('',#11933);
#11933 = CARTESIAN_POINT('',(-17.65,7.,-175.1));
#11934 = SURFACE_CURVE('',#11935,(#11939,#11946),.PCURVE_S1.);
#11935 = LINE('',#11936,#11937);
#11936 = CARTESIAN_POINT('',(-18.85,7.,-175.1));
#11937 = VECTOR('',#11938,1.);
#11938 = DIRECTION('',(1.,0.,-0.));
#11939 = PCURVE('',#11035,#11940);
#11940 = DEFINITIONAL_REPRESENTATION('',(#11941),#11945);
#11941 = LINE('',#11942,#11943);
#11942 = CARTESIAN_POINT('',(1.8,0.));
#11943 = VECTOR('',#11944,1.);
#11944 = DIRECTION('',(0.,1.));
#11945 = ( GEOMETRIC_REPRESENTATION_CONTEXT(2) 
PARAMETRIC_REPRESENTATION_CONTEXT() REPRESENTATION_CONTEXT('2D SPACE',''
  ) );
#11946 = PCURVE('',#11011,#11947);
#11947 = DEFINITIONAL_REPRESENTATION('',(#11948),#11952);
#11948 = LINE('',#11949,#11950);
#11949 = CARTESIAN_POINT('',(0.,14.));
#11950 = VECTOR('',#11951,1.);
#11951 = DIRECTION('',(1.,0.));
#11952 = ( GEOMETRIC_REPRESENTATION_CONTEXT(2) 
PARAMETRIC_REPRESENTATION_CONTEXT() REPRESENTATION_CONTEXT('2D SPACE',''
  ) );
#11953 = ORIENTED_EDGE('',*,*,#11954,.F.);
#11954 = EDGE_CURVE('',#11854,#11932,#11955,.T.);
#11955 = SURFACE_CURVE('',#11956,(#11960,#11967),.PCURVE_S1.);
#11956 = LINE('',#11957,#11958);
#11957 = CARTESIAN_POINT('',(-17.65,7.,-176.9));
#11958 = VECTOR('',#11959,1.);
#11959 = DIRECTION('',(0.,0.,1.));
#11960 = PCURVE('',#11035,#11961);
#11961 = DEFINITIONAL_REPRESENTATION('',(#11962),#11966);
#11962 = LINE('',#11963,#11964);
#11963 = CARTESIAN_POINT('',(0.,1.2));
#11964 = VECTOR('',#11965,1.);
#11965 = DIRECTION('',(1.,0.));
#11966 = ( GEOMETRIC_REPRESENTATION_CONTEXT(2) 
PARAMETRIC_REPRESENTATION_CONTEXT() REPRESENTATION_CONTEXT('2D SPACE',''
  ) );
#11967 = PCURVE('',#11914,#11968);
#11968 = DEFINITIONAL_REPRESENTATION('',(#11969),#11973);
#11969 = LINE('',#11970,#11971);
#11970 = CARTESIAN_POINT('',(0.,-14.));
#11971 = VECTOR('',#11972,1.);
#11972 = DIRECTION('',(1.,0.));
#11973 = ( GEOMETRIC_REPRESENTATION_CONTEXT(2) 
PARAMETRIC_REPRESENTATION_CONTEXT() REPRESENTATION_CONTEXT('2D SPACE',''
  ) );
#11974 = ADVANCED_FACE('',(#11975),#10985,.T.);
#11975 = FACE_BOUND('',#11976,.T.);
#11976 = EDGE_LOOP('',(#11977,#11978,#11979,#12002));
#11977 = ORIENTED_EDGE('',*,*,#11877,.F.);
#11978 = ORIENTED_EDGE('',*,*,#10970,.T.);
#11979 = ORIENTED_EDGE('',*,*,#11980,.T.);
#11980 = EDGE_CURVE('',#10971,#11981,#11983,.T.);
#11981 = VERTEX_POINT('',#11982);
#11982 = CARTESIAN_POINT('',(-17.65,-7.,-175.1));
#11983 = SURFACE_CURVE('',#11984,(#11988,#11995),.PCURVE_S1.);
#11984 = LINE('',#11985,#11986);
#11985 = CARTESIAN_POINT('',(-18.85,-7.,-175.1));
#11986 = VECTOR('',#11987,1.);
#11987 = DIRECTION('',(1.,0.,-0.));
#11988 = PCURVE('',#10985,#11989);
#11989 = DEFINITIONAL_REPRESENTATION('',(#11990),#11994);
#11990 = LINE('',#11991,#11992);
#11991 = CARTESIAN_POINT('',(1.8,0.));
#11992 = VECTOR('',#11993,1.);
#11993 = DIRECTION('',(0.,1.));
#11994 = ( GEOMETRIC_REPRESENTATION_CONTEXT(2) 
PARAMETRIC_REPRESENTATION_CONTEXT() REPRESENTATION_CONTEXT('2D SPACE',''
  ) );
#11995 = PCURVE('',#11011,#11996);
#11996 = DEFINITIONAL_REPRESENTATION('',(#11997),#12001);
#11997 = LINE('',#11998,#11999);
#11998 = CARTESIAN_POINT('',(0.,0.));
#11999 = VECTOR('',#12000,1.);
#12000 = DIRECTION('',(1.,0.));
#12001 = ( GEOMETRIC_REPRESENTATION_CONTEXT(2) 
PARAMETRIC_REPRESENTATION_CONTEXT() REPRESENTATION_CONTEXT('2D SPACE',''
  ) );
#12002 = ORIENTED_EDGE('',*,*,#12003,.F.);
#12003 = EDGE_CURVE('',#11878,#11981,#12004,.T.);
#12004 = SURFACE_CURVE('',#12005,(#12009,#12016),.PCURVE_S1.);
#12005 = LINE('',#12006,#12007);
#12006 = CARTESIAN_POINT('',(-17.65,-7.,-176.9));
#12007 = VECTOR('',#12008,1.);
#12008 = DIRECTION('',(0.,0.,1.));
#12009 = PCURVE('',#10985,#12010);
#12010 = DEFINITIONAL_REPRESENTATION('',(#12011),#12015);
#12011 = LINE('',#12012,#12013);
#12012 = CARTESIAN_POINT('',(0.,1.2));
#12013 = VECTOR('',#12014,1.);
#12014 = DIRECTION('',(1.,0.));
#12015 = ( GEOMETRIC_REPRESENTATION_CONTEXT(2) 
PARAMETRIC_REPRESENTATION_CONTEXT() REPRESENTATION_CONTEXT('2D SPACE',''
  ) );
#12016 = PCURVE('',#11914,#12017);
#12017 = DEFINITIONAL_REPRESENTATION('',(#12018),#12022);
#12018 = LINE('',#12019,#12020);
#12019 = CARTESIAN_POINT('',(0.,0.));
#12020 = VECTOR('',#12021,1.);
#12021 = DIRECTION('',(1.,0.));
#12022 = ( GEOMETRIC_REPRESENTATION_CONTEXT(2) 
PARAMETRIC_REPRESENTATION_CONTEXT() REPRESENTATION_CONTEXT('2D SPACE',''
  ) );
#12023 = ADVANCED_FACE('',(#12024),#11011,.F.);
#12024 = FACE_BOUND('',#12025,.F.);
#12025 = EDGE_LOOP('',(#12026,#12027,#12028,#12029));
#12026 = ORIENTED_EDGE('',*,*,#11931,.F.);
#12027 = ORIENTED_EDGE('',*,*,#10996,.T.);
#12028 = ORIENTED_EDGE('',*,*,#11980,.T.);
#12029 = ORIENTED_EDGE('',*,*,#12030,.T.);
#12030 = EDGE_CURVE('',#11981,#11932,#12031,.T.);
#12031 = SURFACE_CURVE('',#12032,(#12036,#12043),.PCURVE_S1.);
#12032 = LINE('',#12033,#12034);
#12033 = CARTESIAN_POINT('',(-17.65,-7.,-175.1));
#12034 = VECTOR('',#12035,1.);
#12035 = DIRECTION('',(-0.,1.,0.));
#12036 = PCURVE('',#11011,#12037);
#12037 = DEFINITIONAL_REPRESENTATION('',(#12038),#12042);
#12038 = LINE('',#12039,#12040);
#12039 = CARTESIAN_POINT('',(1.2,0.));
#12040 = VECTOR('',#12041,1.);
#12041 = DIRECTION('',(0.,1.));
#12042 = ( GEOMETRIC_REPRESENTATION_CONTEXT(2) 
PARAMETRIC_REPRESENTATION_CONTEXT() REPRESENTATION_CONTEXT('2D SPACE',''
  ) );
#12043 = PCURVE('',#11914,#12044);
#12044 = DEFINITIONAL_REPRESENTATION('',(#12045),#12049);
#12045 = LINE('',#12046,#12047);
#12046 = CARTESIAN_POINT('',(1.8,0.));
#12047 = VECTOR('',#12048,1.);
#12048 = DIRECTION('',(0.,-1.));
#12049 = ( GEOMETRIC_REPRESENTATION_CONTEXT(2) 
PARAMETRIC_REPRESENTATION_CONTEXT() REPRESENTATION_CONTEXT('2D SPACE',''
  ) );
#12050 = ADVANCED_FACE('',(#12051),#11110,.T.);
#12051 = FACE_BOUND('',#12052,.T.);
#12052 = EDGE_LOOP('',(#12053,#12054,#12055,#12056));
#12053 = ORIENTED_EDGE('',*,*,#11096,.F.);
#12054 = ORIENTED_EDGE('',*,*,#11176,.T.);
#12055 = ORIENTED_EDGE('',*,*,#11226,.T.);
#12056 = ORIENTED_EDGE('',*,*,#11127,.F.);
#12057 = ADVANCED_FACE('',(#12058),#11311,.F.);
#12058 = FACE_BOUND('',#12059,.F.);
#12059 = EDGE_LOOP('',(#12060,#12061,#12062,#12063));
#12060 = ORIENTED_EDGE('',*,*,#11427,.F.);
#12061 = ORIENTED_EDGE('',*,*,#11297,.T.);
#12062 = ORIENTED_EDGE('',*,*,#11351,.T.);
#12063 = ORIENTED_EDGE('',*,*,#11400,.F.);
#12064 = ADVANCED_FACE('',(#12065),#11512,.F.);
#12065 = FACE_BOUND('',#12066,.F.);
#12066 = EDGE_LOOP('',(#12067,#12068,#12069,#12070));
#12067 = ORIENTED_EDGE('',*,*,#11601,.F.);
#12068 = ORIENTED_EDGE('',*,*,#11498,.T.);
#12069 = ORIENTED_EDGE('',*,*,#11552,.T.);
#12070 = ORIENTED_EDGE('',*,*,#11628,.F.);
#12071 = ADVANCED_FACE('',(#12072),#11713,.F.);
#12072 = FACE_BOUND('',#12073,.F.);
#12073 = EDGE_LOOP('',(#12074,#12075,#12076,#12077));
#12074 = ORIENTED_EDGE('',*,*,#11802,.F.);
#12075 = ORIENTED_EDGE('',*,*,#11699,.T.);
#12076 = ORIENTED_EDGE('',*,*,#11753,.T.);
#12077 = ORIENTED_EDGE('',*,*,#11829,.F.);
#12078 = ADVANCED_FACE('',(#12079),#11914,.F.);
#12079 = FACE_BOUND('',#12080,.F.);
#12080 = EDGE_LOOP('',(#12081,#12082,#12083,#12084));
#12081 = ORIENTED_EDGE('',*,*,#12003,.F.);
#12082 = ORIENTED_EDGE('',*,*,#11900,.T.);
#12083 = ORIENTED_EDGE('',*,*,#11954,.T.);
#12084 = ORIENTED_EDGE('',*,*,#12030,.F.);
#12085 = ( GEOMETRIC_REPRESENTATION_CONTEXT(3) 
GLOBAL_UNCERTAINTY_ASSIGNED_CONTEXT((#12089)) 
GLOBAL_UNIT_ASSIGNED_CONTEXT((#12086,#12087,#12088)) 
REPRESENTATION_CONTEXT('Context #1',
  '3D Context with UNIT and UNCERTAINTY') );
#12086 = ( LENGTH_UNIT() NAMED_UNIT(*) SI_UNIT(.MILLI.,.METRE.) );
#12087 = ( NAMED_UNIT(*) PLANE_ANGLE_UNIT() SI_UNIT($,.RADIAN.) );
#12088 = ( NAMED_UNIT(*) SI_UNIT($,.STERADIAN.) SOLID_ANGLE_UNIT() );
#12089 = UNCERTAINTY_MEASURE_WITH_UNIT(LENGTH_MEASURE(1.E-07),#12086,
  'distance_accuracy_value','confusion accuracy');
#12090 = CONTEXT_DEPENDENT_SHAPE_REPRESENTATION(#12091,#12093);
#12091 = ( REPRESENTATION_RELATIONSHIP('','',#10498,#10) 
REPRESENTATION_RELATIONSHIP_WITH_TRANSFORMATION(#12092) 
SHAPE_REPRESENTATION_RELATIONSHIP() );
#12092 = ITEM_DEFINED_TRANSFORMATION('','',#11,#39);
#12093 = PRODUCT_DEFINITION_SHAPE('Placement','Placement of an item',
  #12094);
#12094 = NEXT_ASSEMBLY_USAGE_OCCURRENCE('21','','',#5,#10493,$);
#12095 = PRODUCT_RELATED_PRODUCT_CATEGORY('part',$,(#10495));
#12096 = SHAPE_DEFINITION_REPRESENTATION(#12097,#12103);
#12097 = PRODUCT_DEFINITION_SHAPE('','',#12098);
#12098 = PRODUCT_DEFINITION('design','',#12099,#12102);
#12099 = PRODUCT_DEFINITION_FORMATION('','',#12100);
#12100 = PRODUCT('Open CASCADE STEP translator 7.9 13.8',
  'Open CASCADE STEP translator 7.9 13.8','',(#12101));
#12101 = PRODUCT_CONTEXT('',#2,'mechanical');
#12102 = PRODUCT_DEFINITION_CONTEXT('part definition',#2,'design');
#12103 = ADVANCED_BREP_SHAPE_REPRESENTATION('',(#11,#12104),#13246);
#12104 = MANIFOLD_SOLID_BREP('',#12105);
#12105 = CLOSED_SHELL('',(#12106,#12226,#12403,#12580,#12696,#12847,
    #12854,#12904,#12957,#12964,#13014,#13042,#13074,#13101,#13156,
    #13211,#13238,#13242));
#12106 = ADVANCED_FACE('',(#12107),#12121,.F.);
#12107 = FACE_BOUND('',#12108,.F.);
#12108 = EDGE_LOOP('',(#12109,#12144,#12172,#12200));
#12109 = ORIENTED_EDGE('',*,*,#12110,.F.);
#12110 = EDGE_CURVE('',#12111,#12113,#12115,.T.);
#12111 = VERTEX_POINT('',#12112);
#12112 = CARTESIAN_POINT('',(17.,-11.,-68.));
#12113 = VERTEX_POINT('',#12114);
#12114 = CARTESIAN_POINT('',(17.,-11.,-28.));
#12115 = SURFACE_CURVE('',#12116,(#12120,#12132),.PCURVE_S1.);
#12116 = LINE('',#12117,#12118);
#12117 = CARTESIAN_POINT('',(17.,-11.,-68.));
#12118 = VECTOR('',#12119,1.);
#12119 = DIRECTION('',(0.,0.,1.));
#12120 = PCURVE('',#12121,#12126);
#12121 = PLANE('',#12122);
#12122 = AXIS2_PLACEMENT_3D('',#12123,#12124,#12125);
#12123 = CARTESIAN_POINT('',(17.,-11.,-68.));
#12124 = DIRECTION('',(1.,0.,-0.));
#12125 = DIRECTION('',(0.,0.,1.));
#12126 = DEFINITIONAL_REPRESENTATION('',(#12127),#12131);
#12127 = LINE('',#12128,#12129);
#12128 = CARTESIAN_POINT('',(0.,0.));
#12129 = VECTOR('',#12130,1.);
#12130 = DIRECTION('',(1.,0.));
#12131 = ( GEOMETRIC_REPRESENTATION_CONTEXT(2) 
PARAMETRIC_REPRESENTATION_CONTEXT() REPRESENTATION_CONTEXT('2D SPACE',''
  ) );
#12132 = PCURVE('',#12133,#12138);
#12133 = PLANE('',#12134);
#12134 = AXIS2_PLACEMENT_3D('',#12135,#12136,#12137);
#12135 = CARTESIAN_POINT('',(17.,-11.,-68.));
#12136 = DIRECTION('',(-0.,1.,0.));
#12137 = DIRECTION('',(0.,0.,1.));
#12138 = DEFINITIONAL_REPRESENTATION('',(#12139),#12143);
#12139 = LINE('',#12140,#12141);
#12140 = CARTESIAN_POINT('',(0.,0.));
#12141 = VECTOR('',#12142,1.);
#12142 = DIRECTION('',(1.,0.));
#12143 = ( GEOMETRIC_REPRESENTATION_CONTEXT(2) 
PARAMETRIC_REPRESENTATION_CONTEXT() REPRESENTATION_CONTEXT('2D SPACE',''
  ) );
#12144 = ORIENTED_EDGE('',*,*,#12145,.T.);
#12145 = EDGE_CURVE('',#12111,#12146,#12148,.T.);
#12146 = VERTEX_POINT('',#12147);
#12147 = CARTESIAN_POINT('',(17.,11.,-68.));
#12148 = SURFACE_CURVE('',#12149,(#12153,#12160),.PCURVE_S1.);
#12149 = LINE('',#12150,#12151);
#12150 = CARTESIAN_POINT('',(17.,-11.,-68.));
#12151 = VECTOR('',#12152,1.);
#12152 = DIRECTION('',(-0.,1.,0.));
#12153 = PCURVE('',#12121,#12154);
#12154 = DEFINITIONAL_REPRESENTATION('',(#12155),#12159);
#12155 = LINE('',#12156,#12157);
#12156 = CARTESIAN_POINT('',(0.,0.));
#12157 = VECTOR('',#12158,1.);
#12158 = DIRECTION('',(0.,-1.));
#12159 = ( GEOMETRIC_REPRESENTATION_CONTEXT(2) 
PARAMETRIC_REPRESENTATION_CONTEXT() REPRESENTATION_CONTEXT('2D SPACE',''
  ) );
#12160 = PCURVE('',#12161,#12166);
#12161 = PLANE('',#12162);
#12162 = AXIS2_PLACEMENT_3D('',#12163,#12164,#12165);
#12163 = CARTESIAN_POINT('',(17.,-11.,-68.));
#12164 = DIRECTION('',(0.,0.,1.));
#12165 = DIRECTION('',(1.,0.,-0.));
#12166 = DEFINITIONAL_REPRESENTATION('',(#12167),#12171);
#12167 = LINE('',#12168,#12169);
#12168 = CARTESIAN_POINT('',(0.,0.));
#12169 = VECTOR('',#12170,1.);
#12170 = DIRECTION('',(0.,1.));
#12171 = ( GEOMETRIC_REPRESENTATION_CONTEXT(2) 
PARAMETRIC_REPRESENTATION_CONTEXT() REPRESENTATION_CONTEXT('2D SPACE',''
  ) );
#12172 = ORIENTED_EDGE('',*,*,#12173,.T.);
#12173 = EDGE_CURVE('',#12146,#12174,#12176,.T.);
#12174 = VERTEX_POINT('',#12175);
#12175 = CARTESIAN_POINT('',(17.,11.,-28.));
#12176 = SURFACE_CURVE('',#12177,(#12181,#12188),.PCURVE_S1.);
#12177 = LINE('',#12178,#12179);
#12178 = CARTESIAN_POINT('',(17.,11.,-68.));
#12179 = VECTOR('',#12180,1.);
#12180 = DIRECTION('',(0.,0.,1.));
#12181 = PCURVE('',#12121,#12182);
#12182 = DEFINITIONAL_REPRESENTATION('',(#12183),#12187);
#12183 = LINE('',#12184,#12185);
#12184 = CARTESIAN_POINT('',(0.,-22.));
#12185 = VECTOR('',#12186,1.);
#12186 = DIRECTION('',(1.,0.));
#12187 = ( GEOMETRIC_REPRESENTATION_CONTEXT(2) 
PARAMETRIC_REPRESENTATION_CONTEXT() REPRESENTATION_CONTEXT('2D SPACE',''
  ) );
#12188 = PCURVE('',#12189,#12194);
#12189 = PLANE('',#12190);
#12190 = AXIS2_PLACEMENT_3D('',#12191,#12192,#12193);
#12191 = CARTESIAN_POINT('',(17.,11.,-68.));
#12192 = DIRECTION('',(-0.,1.,0.));
#12193 = DIRECTION('',(0.,0.,1.));
#12194 = DEFINITIONAL_REPRESENTATION('',(#12195),#12199);
#12195 = LINE('',#12196,#12197);
#12196 = CARTESIAN_POINT('',(0.,0.));
#12197 = VECTOR('',#12198,1.);
#12198 = DIRECTION('',(1.,0.));
#12199 = ( GEOMETRIC_REPRESENTATION_CONTEXT(2) 
PARAMETRIC_REPRESENTATION_CONTEXT() REPRESENTATION_CONTEXT('2D SPACE',''
  ) );
#12200 = ORIENTED_EDGE('',*,*,#12201,.F.);
#12201 = EDGE_CURVE('',#12113,#12174,#12202,.T.);
#12202 = SURFACE_CURVE('',#12203,(#12207,#12214),.PCURVE_S1.);
#12203 = LINE('',#12204,#12205);
#12204 = CARTESIAN_POINT('',(17.,-11.,-28.));
#12205 = VECTOR('',#12206,1.);
#12206 = DIRECTION('',(-0.,1.,0.));
#12207 = PCURVE('',#12121,#12208);
#12208 = DEFINITIONAL_REPRESENTATION('',(#12209),#12213);
#12209 = LINE('',#12210,#12211);
#12210 = CARTESIAN_POINT('',(40.,0.));
#12211 = VECTOR('',#12212,1.);
#12212 = DIRECTION('',(0.,-1.));
#12213 = ( GEOMETRIC_REPRESENTATION_CONTEXT(2) 
PARAMETRIC_REPRESENTATION_CONTEXT() REPRESENTATION_CONTEXT('2D SPACE',''
  ) );
#12214 = PCURVE('',#12215,#12220);
#12215 = PLANE('',#12216);
#12216 = AXIS2_PLACEMENT_3D('',#12217,#12218,#12219);
#12217 = CARTESIAN_POINT('',(17.,-11.,-28.));
#12218 = DIRECTION('',(0.,0.,1.));
#12219 = DIRECTION('',(1.,0.,-0.));
#12220 = DEFINITIONAL_REPRESENTATION('',(#12221),#12225);
#12221 = LINE('',#12222,#12223);
#12222 = CARTESIAN_POINT('',(0.,0.));
#12223 = VECTOR('',#12224,1.);
#12224 = DIRECTION('',(0.,1.));
#12225 = ( GEOMETRIC_REPRESENTATION_CONTEXT(2) 
PARAMETRIC_REPRESENTATION_CONTEXT() REPRESENTATION_CONTEXT('2D SPACE',''
  ) );
#12226 = ADVANCED_FACE('',(#12227),#12133,.F.);
#12227 = FACE_BOUND('',#12228,.F.);
#12228 = EDGE_LOOP('',(#12229,#12259,#12280,#12281,#12304,#12330,#12356,
    #12382));
#12229 = ORIENTED_EDGE('',*,*,#12230,.F.);
#12230 = EDGE_CURVE('',#12231,#12233,#12235,.T.);
#12231 = VERTEX_POINT('',#12232);
#12232 = CARTESIAN_POINT('',(35.,-11.,-68.));
#12233 = VERTEX_POINT('',#12234);
#12234 = CARTESIAN_POINT('',(35.,-11.,-28.));
#12235 = SURFACE_CURVE('',#12236,(#12240,#12247),.PCURVE_S1.);
#12236 = LINE('',#12237,#12238);
#12237 = CARTESIAN_POINT('',(35.,-11.,-68.));
#12238 = VECTOR('',#12239,1.);
#12239 = DIRECTION('',(0.,0.,1.));
#12240 = PCURVE('',#12133,#12241);
#12241 = DEFINITIONAL_REPRESENTATION('',(#12242),#12246);
#12242 = LINE('',#12243,#12244);
#12243 = CARTESIAN_POINT('',(0.,18.));
#12244 = VECTOR('',#12245,1.);
#12245 = DIRECTION('',(1.,0.));
#12246 = ( GEOMETRIC_REPRESENTATION_CONTEXT(2) 
PARAMETRIC_REPRESENTATION_CONTEXT() REPRESENTATION_CONTEXT('2D SPACE',''
  ) );
#12247 = PCURVE('',#12248,#12253);
#12248 = PLANE('',#12249);
#12249 = AXIS2_PLACEMENT_3D('',#12250,#12251,#12252);
#12250 = CARTESIAN_POINT('',(35.,-11.,-68.));
#12251 = DIRECTION('',(1.,0.,-0.));
#12252 = DIRECTION('',(0.,0.,1.));
#12253 = DEFINITIONAL_REPRESENTATION('',(#12254),#12258);
#12254 = LINE('',#12255,#12256);
#12255 = CARTESIAN_POINT('',(0.,0.));
#12256 = VECTOR('',#12257,1.);
#12257 = DIRECTION('',(1.,0.));
#12258 = ( GEOMETRIC_REPRESENTATION_CONTEXT(2) 
PARAMETRIC_REPRESENTATION_CONTEXT() REPRESENTATION_CONTEXT('2D SPACE',''
  ) );
#12259 = ORIENTED_EDGE('',*,*,#12260,.F.);
#12260 = EDGE_CURVE('',#12111,#12231,#12261,.T.);
#12261 = SURFACE_CURVE('',#12262,(#12266,#12273),.PCURVE_S1.);
#12262 = LINE('',#12263,#12264);
#12263 = CARTESIAN_POINT('',(17.,-11.,-68.));
#12264 = VECTOR('',#12265,1.);
#12265 = DIRECTION('',(1.,0.,-0.));
#12266 = PCURVE('',#12133,#12267);
#12267 = DEFINITIONAL_REPRESENTATION('',(#12268),#12272);
#12268 = LINE('',#12269,#12270);
#12269 = CARTESIAN_POINT('',(0.,0.));
#12270 = VECTOR('',#12271,1.);
#12271 = DIRECTION('',(0.,1.));
#12272 = ( GEOMETRIC_REPRESENTATION_CONTEXT(2) 
PARAMETRIC_REPRESENTATION_CONTEXT() REPRESENTATION_CONTEXT('2D SPACE',''
  ) );
#12273 = PCURVE('',#12161,#12274);
#12274 = DEFINITIONAL_REPRESENTATION('',(#12275),#12279);
#12275 = LINE('',#12276,#12277);
#12276 = CARTESIAN_POINT('',(0.,0.));
#12277 = VECTOR('',#12278,1.);
#12278 = DIRECTION('',(1.,0.));
#12279 = ( GEOMETRIC_REPRESENTATION_CONTEXT(2) 
PARAMETRIC_REPRESENTATION_CONTEXT() REPRESENTATION_CONTEXT('2D SPACE',''
  ) );
#12280 = ORIENTED_EDGE('',*,*,#12110,.T.);
#12281 = ORIENTED_EDGE('',*,*,#12282,.T.);
#12282 = EDGE_CURVE('',#12113,#12283,#12285,.T.);
#12283 = VERTEX_POINT('',#12284);
#12284 = CARTESIAN_POINT('',(23.43826230851,-11.,-28.));
#12285 = SURFACE_CURVE('',#12286,(#12290,#12297),.PCURVE_S1.);
#12286 = LINE('',#12287,#12288);
#12287 = CARTESIAN_POINT('',(17.,-11.,-28.));
#12288 = VECTOR('',#12289,1.);
#12289 = DIRECTION('',(1.,0.,-0.));
#12290 = PCURVE('',#12133,#12291);
#12291 = DEFINITIONAL_REPRESENTATION('',(#12292),#12296);
#12292 = LINE('',#12293,#12294);
#12293 = CARTESIAN_POINT('',(40.,0.));
#12294 = VECTOR('',#12295,1.);
#12295 = DIRECTION('',(0.,1.));
#12296 = ( GEOMETRIC_REPRESENTATION_CONTEXT(2) 
PARAMETRIC_REPRESENTATION_CONTEXT() REPRESENTATION_CONTEXT('2D SPACE',''
  ) );
#12297 = PCURVE('',#12215,#12298);
#12298 = DEFINITIONAL_REPRESENTATION('',(#12299),#12303);
#12299 = LINE('',#12300,#12301);
#12300 = CARTESIAN_POINT('',(0.,0.));
#12301 = VECTOR('',#12302,1.);
#12302 = DIRECTION('',(1.,0.));
#12303 = ( GEOMETRIC_REPRESENTATION_CONTEXT(2) 
PARAMETRIC_REPRESENTATION_CONTEXT() REPRESENTATION_CONTEXT('2D SPACE',''
  ) );
#12304 = ORIENTED_EDGE('',*,*,#12305,.F.);
#12305 = EDGE_CURVE('',#12306,#12283,#12308,.T.);
#12306 = VERTEX_POINT('',#12307);
#12307 = CARTESIAN_POINT('',(23.43826230851,-11.,-33.5));
#12308 = SURFACE_CURVE('',#12309,(#12313,#12319),.PCURVE_S1.);
#12309 = LINE('',#12310,#12311);
#12310 = CARTESIAN_POINT('',(23.43826230851,-11.,-33.5));
#12311 = VECTOR('',#12312,1.);
#12312 = DIRECTION('',(0.,0.,1.));
#12313 = PCURVE('',#12133,#12314);
#12314 = DEFINITIONAL_REPRESENTATION('',(#12315),#12318);
#12315 = B_SPLINE_CURVE_WITH_KNOTS('',1,(#12316,#12317),.UNSPECIFIED.,
  .F.,.F.,(2,2),(-5.999999999062E-07,5.6000006),
  .PIECEWISE_BEZIER_KNOTS.);
#12316 = CARTESIAN_POINT('',(34.4999994,6.43826230851));
#12317 = CARTESIAN_POINT('',(40.1000006,6.43826230851));
#12318 = ( GEOMETRIC_REPRESENTATION_CONTEXT(2) 
PARAMETRIC_REPRESENTATION_CONTEXT() REPRESENTATION_CONTEXT('2D SPACE',''
  ) );
#12319 = PCURVE('',#12320,#12325);
#12320 = CYLINDRICAL_SURFACE('',#12321,4.75);
#12321 = AXIS2_PLACEMENT_3D('',#12322,#12323,#12324);
#12322 = CARTESIAN_POINT('',(26.,-7.,-33.5));
#12323 = DIRECTION('',(0.,0.,1.));
#12324 = DIRECTION('',(1.,0.,-0.));
#12325 = DEFINITIONAL_REPRESENTATION('',(#12326),#12329);
#12326 = B_SPLINE_CURVE_WITH_KNOTS('',1,(#12327,#12328),.UNSPECIFIED.,
  .F.,.F.,(2,2),(-5.999999999062E-07,5.6000006),
  .PIECEWISE_BEZIER_KNOTS.);
#12327 = CARTESIAN_POINT('',(4.142767661312,-5.999999999062E-07));
#12328 = CARTESIAN_POINT('',(4.142767661312,5.6000006));
#12329 = ( GEOMETRIC_REPRESENTATION_CONTEXT(2) 
PARAMETRIC_REPRESENTATION_CONTEXT() REPRESENTATION_CONTEXT('2D SPACE',''
  ) );
#12330 = ORIENTED_EDGE('',*,*,#12331,.T.);
#12331 = EDGE_CURVE('',#12306,#12332,#12334,.T.);
#12332 = VERTEX_POINT('',#12333);
#12333 = CARTESIAN_POINT('',(28.56173769149,-11.,-33.5));
#12334 = SURFACE_CURVE('',#12335,(#12339,#12345),.PCURVE_S1.);
#12335 = LINE('',#12336,#12337);
#12336 = CARTESIAN_POINT('',(21.5,-11.,-33.5));
#12337 = VECTOR('',#12338,1.);
#12338 = DIRECTION('',(1.,0.,-0.));
#12339 = PCURVE('',#12133,#12340);
#12340 = DEFINITIONAL_REPRESENTATION('',(#12341),#12344);
#12341 = B_SPLINE_CURVE_WITH_KNOTS('',1,(#12342,#12343),.UNSPECIFIED.,
  .F.,.F.,(2,2),(-0.25,9.25),.PIECEWISE_BEZIER_KNOTS.);
#12342 = CARTESIAN_POINT('',(34.5,4.25));
#12343 = CARTESIAN_POINT('',(34.5,13.75));
#12344 = ( GEOMETRIC_REPRESENTATION_CONTEXT(2) 
PARAMETRIC_REPRESENTATION_CONTEXT() REPRESENTATION_CONTEXT('2D SPACE',''
  ) );
#12345 = PCURVE('',#12346,#12351);
#12346 = PLANE('',#12347);
#12347 = AXIS2_PLACEMENT_3D('',#12348,#12349,#12350);
#12348 = CARTESIAN_POINT('',(26.,-7.,-33.5));
#12349 = DIRECTION('',(0.,0.,1.));
#12350 = DIRECTION('',(1.,0.,-0.));
#12351 = DEFINITIONAL_REPRESENTATION('',(#12352),#12355);
#12352 = B_SPLINE_CURVE_WITH_KNOTS('',1,(#12353,#12354),.UNSPECIFIED.,
  .F.,.F.,(2,2),(-0.25,9.25),.PIECEWISE_BEZIER_KNOTS.);
#12353 = CARTESIAN_POINT('',(-4.75,-4.));
#12354 = CARTESIAN_POINT('',(4.75,-4.));
#12355 = ( GEOMETRIC_REPRESENTATION_CONTEXT(2) 
PARAMETRIC_REPRESENTATION_CONTEXT() REPRESENTATION_CONTEXT('2D SPACE',''
  ) );
#12356 = ORIENTED_EDGE('',*,*,#12357,.T.);
#12357 = EDGE_CURVE('',#12332,#12358,#12360,.T.);
#12358 = VERTEX_POINT('',#12359);
#12359 = CARTESIAN_POINT('',(28.56173769149,-11.,-28.));
#12360 = SURFACE_CURVE('',#12361,(#12365,#12371),.PCURVE_S1.);
#12361 = LINE('',#12362,#12363);
#12362 = CARTESIAN_POINT('',(28.56173769149,-11.,-33.5));
#12363 = VECTOR('',#12364,1.);
#12364 = DIRECTION('',(0.,0.,1.));
#12365 = PCURVE('',#12133,#12366);
#12366 = DEFINITIONAL_REPRESENTATION('',(#12367),#12370);
#12367 = B_SPLINE_CURVE_WITH_KNOTS('',1,(#12368,#12369),.UNSPECIFIED.,
  .F.,.F.,(2,2),(-5.999999999062E-07,5.6000006),
  .PIECEWISE_BEZIER_KNOTS.);
#12368 = CARTESIAN_POINT('',(34.4999994,11.56173769149));
#12369 = CARTESIAN_POINT('',(40.1000006,11.56173769149));
#12370 = ( GEOMETRIC_REPRESENTATION_CONTEXT(2) 
PARAMETRIC_REPRESENTATION_CONTEXT() REPRESENTATION_CONTEXT('2D SPACE',''
  ) );
#12371 = PCURVE('',#12372,#12377);
#12372 = CYLINDRICAL_SURFACE('',#12373,4.75);
#12373 = AXIS2_PLACEMENT_3D('',#12374,#12375,#12376);
#12374 = CARTESIAN_POINT('',(26.,-7.,-33.5));
#12375 = DIRECTION('',(0.,0.,1.));
#12376 = DIRECTION('',(1.,0.,-0.));
#12377 = DEFINITIONAL_REPRESENTATION('',(#12378),#12381);
#12378 = B_SPLINE_CURVE_WITH_KNOTS('',1,(#12379,#12380),.UNSPECIFIED.,
  .F.,.F.,(2,2),(-5.999999999062E-07,5.6000006),
  .PIECEWISE_BEZIER_KNOTS.);
#12379 = CARTESIAN_POINT('',(5.282010299458,-5.999999999062E-07));
#12380 = CARTESIAN_POINT('',(5.282010299458,5.6000006));
#12381 = ( GEOMETRIC_REPRESENTATION_CONTEXT(2) 
PARAMETRIC_REPRESENTATION_CONTEXT() REPRESENTATION_CONTEXT('2D SPACE',''
  ) );
#12382 = ORIENTED_EDGE('',*,*,#12383,.T.);
#12383 = EDGE_CURVE('',#12358,#12233,#12384,.T.);
#12384 = SURFACE_CURVE('',#12385,(#12389,#12396),.PCURVE_S1.);
#12385 = LINE('',#12386,#12387);
#12386 = CARTESIAN_POINT('',(17.,-11.,-28.));
#12387 = VECTOR('',#12388,1.);
#12388 = DIRECTION('',(1.,0.,-0.));
#12389 = PCURVE('',#12133,#12390);
#12390 = DEFINITIONAL_REPRESENTATION('',(#12391),#12395);
#12391 = LINE('',#12392,#12393);
#12392 = CARTESIAN_POINT('',(40.,0.));
#12393 = VECTOR('',#12394,1.);
#12394 = DIRECTION('',(0.,1.));
#12395 = ( GEOMETRIC_REPRESENTATION_CONTEXT(2) 
PARAMETRIC_REPRESENTATION_CONTEXT() REPRESENTATION_CONTEXT('2D SPACE',''
  ) );
#12396 = PCURVE('',#12215,#12397);
#12397 = DEFINITIONAL_REPRESENTATION('',(#12398),#12402);
#12398 = LINE('',#12399,#12400);
#12399 = CARTESIAN_POINT('',(0.,0.));
#12400 = VECTOR('',#12401,1.);
#12401 = DIRECTION('',(1.,0.));
#12402 = ( GEOMETRIC_REPRESENTATION_CONTEXT(2) 
PARAMETRIC_REPRESENTATION_CONTEXT() REPRESENTATION_CONTEXT('2D SPACE',''
  ) );
#12403 = ADVANCED_FACE('',(#12404),#12215,.T.);
#12404 = FACE_BOUND('',#12405,.T.);
#12405 = EDGE_LOOP('',(#12406,#12429,#12430,#12431,#12455,#12477,#12478,
    #12501,#12524,#12553));
#12406 = ORIENTED_EDGE('',*,*,#12407,.F.);
#12407 = EDGE_CURVE('',#12174,#12408,#12410,.T.);
#12408 = VERTEX_POINT('',#12409);
#12409 = CARTESIAN_POINT('',(23.43826230851,11.,-28.));
#12410 = SURFACE_CURVE('',#12411,(#12415,#12422),.PCURVE_S1.);
#12411 = LINE('',#12412,#12413);
#12412 = CARTESIAN_POINT('',(17.,11.,-28.));
#12413 = VECTOR('',#12414,1.);
#12414 = DIRECTION('',(1.,0.,-0.));
#12415 = PCURVE('',#12215,#12416);
#12416 = DEFINITIONAL_REPRESENTATION('',(#12417),#12421);
#12417 = LINE('',#12418,#12419);
#12418 = CARTESIAN_POINT('',(0.,22.));
#12419 = VECTOR('',#12420,1.);
#12420 = DIRECTION('',(1.,0.));
#12421 = ( GEOMETRIC_REPRESENTATION_CONTEXT(2) 
PARAMETRIC_REPRESENTATION_CONTEXT() REPRESENTATION_CONTEXT('2D SPACE',''
  ) );
#12422 = PCURVE('',#12189,#12423);
#12423 = DEFINITIONAL_REPRESENTATION('',(#12424),#12428);
#12424 = LINE('',#12425,#12426);
#12425 = CARTESIAN_POINT('',(40.,0.));
#12426 = VECTOR('',#12427,1.);
#12427 = DIRECTION('',(0.,1.));
#12428 = ( GEOMETRIC_REPRESENTATION_CONTEXT(2) 
PARAMETRIC_REPRESENTATION_CONTEXT() REPRESENTATION_CONTEXT('2D SPACE',''
  ) );
#12429 = ORIENTED_EDGE('',*,*,#12201,.F.);
#12430 = ORIENTED_EDGE('',*,*,#12282,.T.);
#12431 = ORIENTED_EDGE('',*,*,#12432,.F.);
#12432 = EDGE_CURVE('',#12433,#12283,#12435,.T.);
#12433 = VERTEX_POINT('',#12434);
#12434 = CARTESIAN_POINT('',(30.75,-7.,-28.));
#12435 = SURFACE_CURVE('',#12436,(#12441,#12448),.PCURVE_S1.);
#12436 = CIRCLE('',#12437,4.75);
#12437 = AXIS2_PLACEMENT_3D('',#12438,#12439,#12440);
#12438 = CARTESIAN_POINT('',(26.,-7.,-28.));
#12439 = DIRECTION('',(0.,0.,1.));
#12440 = DIRECTION('',(1.,0.,-0.));
#12441 = PCURVE('',#12215,#12442);
#12442 = DEFINITIONAL_REPRESENTATION('',(#12443),#12447);
#12443 = CIRCLE('',#12444,4.75);
#12444 = AXIS2_PLACEMENT_2D('',#12445,#12446);
#12445 = CARTESIAN_POINT('',(9.,4.));
#12446 = DIRECTION('',(1.,0.));
#12447 = ( GEOMETRIC_REPRESENTATION_CONTEXT(2) 
PARAMETRIC_REPRESENTATION_CONTEXT() REPRESENTATION_CONTEXT('2D SPACE',''
  ) );
#12448 = PCURVE('',#12320,#12449);
#12449 = DEFINITIONAL_REPRESENTATION('',(#12450),#12454);
#12450 = LINE('',#12451,#12452);
#12451 = CARTESIAN_POINT('',(0.,5.5));
#12452 = VECTOR('',#12453,1.);
#12453 = DIRECTION('',(1.,0.));
#12454 = ( GEOMETRIC_REPRESENTATION_CONTEXT(2) 
PARAMETRIC_REPRESENTATION_CONTEXT() REPRESENTATION_CONTEXT('2D SPACE',''
  ) );
#12455 = ORIENTED_EDGE('',*,*,#12456,.F.);
#12456 = EDGE_CURVE('',#12358,#12433,#12457,.T.);
#12457 = SURFACE_CURVE('',#12458,(#12463,#12470),.PCURVE_S1.);
#12458 = CIRCLE('',#12459,4.75);
#12459 = AXIS2_PLACEMENT_3D('',#12460,#12461,#12462);
#12460 = CARTESIAN_POINT('',(26.,-7.,-28.));
#12461 = DIRECTION('',(0.,0.,1.));
#12462 = DIRECTION('',(1.,0.,-0.));
#12463 = PCURVE('',#12215,#12464);
#12464 = DEFINITIONAL_REPRESENTATION('',(#12465),#12469);
#12465 = CIRCLE('',#12466,4.75);
#12466 = AXIS2_PLACEMENT_2D('',#12467,#12468);
#12467 = CARTESIAN_POINT('',(9.,4.));
#12468 = DIRECTION('',(1.,0.));
#12469 = ( GEOMETRIC_REPRESENTATION_CONTEXT(2) 
PARAMETRIC_REPRESENTATION_CONTEXT() REPRESENTATION_CONTEXT('2D SPACE',''
  ) );
#12470 = PCURVE('',#12372,#12471);
#12471 = DEFINITIONAL_REPRESENTATION('',(#12472),#12476);
#12472 = LINE('',#12473,#12474);
#12473 = CARTESIAN_POINT('',(0.,5.5));
#12474 = VECTOR('',#12475,1.);
#12475 = DIRECTION('',(1.,0.));
#12476 = ( GEOMETRIC_REPRESENTATION_CONTEXT(2) 
PARAMETRIC_REPRESENTATION_CONTEXT() REPRESENTATION_CONTEXT('2D SPACE',''
  ) );
#12477 = ORIENTED_EDGE('',*,*,#12383,.T.);
#12478 = ORIENTED_EDGE('',*,*,#12479,.T.);
#12479 = EDGE_CURVE('',#12233,#12480,#12482,.T.);
#12480 = VERTEX_POINT('',#12481);
#12481 = CARTESIAN_POINT('',(35.,11.,-28.));
#12482 = SURFACE_CURVE('',#12483,(#12487,#12494),.PCURVE_S1.);
#12483 = LINE('',#12484,#12485);
#12484 = CARTESIAN_POINT('',(35.,-11.,-28.));
#12485 = VECTOR('',#12486,1.);
#12486 = DIRECTION('',(-0.,1.,0.));
#12487 = PCURVE('',#12215,#12488);
#12488 = DEFINITIONAL_REPRESENTATION('',(#12489),#12493);
#12489 = LINE('',#12490,#12491);
#12490 = CARTESIAN_POINT('',(18.,0.));
#12491 = VECTOR('',#12492,1.);
#12492 = DIRECTION('',(0.,1.));
#12493 = ( GEOMETRIC_REPRESENTATION_CONTEXT(2) 
PARAMETRIC_REPRESENTATION_CONTEXT() REPRESENTATION_CONTEXT('2D SPACE',''
  ) );
#12494 = PCURVE('',#12248,#12495);
#12495 = DEFINITIONAL_REPRESENTATION('',(#12496),#12500);
#12496 = LINE('',#12497,#12498);
#12497 = CARTESIAN_POINT('',(40.,0.));
#12498 = VECTOR('',#12499,1.);
#12499 = DIRECTION('',(0.,-1.));
#12500 = ( GEOMETRIC_REPRESENTATION_CONTEXT(2) 
PARAMETRIC_REPRESENTATION_CONTEXT() REPRESENTATION_CONTEXT('2D SPACE',''
  ) );
#12501 = ORIENTED_EDGE('',*,*,#12502,.F.);
#12502 = EDGE_CURVE('',#12503,#12480,#12505,.T.);
#12503 = VERTEX_POINT('',#12504);
#12504 = CARTESIAN_POINT('',(28.56173769149,11.,-28.));
#12505 = SURFACE_CURVE('',#12506,(#12510,#12517),.PCURVE_S1.);
#12506 = LINE('',#12507,#12508);
#12507 = CARTESIAN_POINT('',(17.,11.,-28.));
#12508 = VECTOR('',#12509,1.);
#12509 = DIRECTION('',(1.,0.,-0.));
#12510 = PCURVE('',#12215,#12511);
#12511 = DEFINITIONAL_REPRESENTATION('',(#12512),#12516);
#12512 = LINE('',#12513,#12514);
#12513 = CARTESIAN_POINT('',(0.,22.));
#12514 = VECTOR('',#12515,1.);
#12515 = DIRECTION('',(1.,0.));
#12516 = ( GEOMETRIC_REPRESENTATION_CONTEXT(2) 
PARAMETRIC_REPRESENTATION_CONTEXT() REPRESENTATION_CONTEXT('2D SPACE',''
  ) );
#12517 = PCURVE('',#12189,#12518);
#12518 = DEFINITIONAL_REPRESENTATION('',(#12519),#12523);
#12519 = LINE('',#12520,#12521);
#12520 = CARTESIAN_POINT('',(40.,0.));
#12521 = VECTOR('',#12522,1.);
#12522 = DIRECTION('',(0.,1.));
#12523 = ( GEOMETRIC_REPRESENTATION_CONTEXT(2) 
PARAMETRIC_REPRESENTATION_CONTEXT() REPRESENTATION_CONTEXT('2D SPACE',''
  ) );
#12524 = ORIENTED_EDGE('',*,*,#12525,.F.);
#12525 = EDGE_CURVE('',#12526,#12503,#12528,.T.);
#12526 = VERTEX_POINT('',#12527);
#12527 = CARTESIAN_POINT('',(30.75,7.,-28.));
#12528 = SURFACE_CURVE('',#12529,(#12534,#12541),.PCURVE_S1.);
#12529 = CIRCLE('',#12530,4.75);
#12530 = AXIS2_PLACEMENT_3D('',#12531,#12532,#12533);
#12531 = CARTESIAN_POINT('',(26.,7.,-28.));
#12532 = DIRECTION('',(0.,0.,1.));
#12533 = DIRECTION('',(1.,0.,-0.));
#12534 = PCURVE('',#12215,#12535);
#12535 = DEFINITIONAL_REPRESENTATION('',(#12536),#12540);
#12536 = CIRCLE('',#12537,4.75);
#12537 = AXIS2_PLACEMENT_2D('',#12538,#12539);
#12538 = CARTESIAN_POINT('',(9.,18.));
#12539 = DIRECTION('',(1.,0.));
#12540 = ( GEOMETRIC_REPRESENTATION_CONTEXT(2) 
PARAMETRIC_REPRESENTATION_CONTEXT() REPRESENTATION_CONTEXT('2D SPACE',''
  ) );
#12541 = PCURVE('',#12542,#12547);
#12542 = CYLINDRICAL_SURFACE('',#12543,4.75);
#12543 = AXIS2_PLACEMENT_3D('',#12544,#12545,#12546);
#12544 = CARTESIAN_POINT('',(26.,7.,-33.5));
#12545 = DIRECTION('',(0.,0.,1.));
#12546 = DIRECTION('',(1.,0.,-0.));
#12547 = DEFINITIONAL_REPRESENTATION('',(#12548),#12552);
#12548 = LINE('',#12549,#12550);
#12549 = CARTESIAN_POINT('',(0.,5.5));
#12550 = VECTOR('',#12551,1.);
#12551 = DIRECTION('',(1.,0.));
#12552 = ( GEOMETRIC_REPRESENTATION_CONTEXT(2) 
PARAMETRIC_REPRESENTATION_CONTEXT() REPRESENTATION_CONTEXT('2D SPACE',''
  ) );
#12553 = ORIENTED_EDGE('',*,*,#12554,.F.);
#12554 = EDGE_CURVE('',#12408,#12526,#12555,.T.);
#12555 = SURFACE_CURVE('',#12556,(#12561,#12568),.PCURVE_S1.);
#12556 = CIRCLE('',#12557,4.75);
#12557 = AXIS2_PLACEMENT_3D('',#12558,#12559,#12560);
#12558 = CARTESIAN_POINT('',(26.,7.,-28.));
#12559 = DIRECTION('',(0.,0.,1.));
#12560 = DIRECTION('',(1.,0.,-0.));
#12561 = PCURVE('',#12215,#12562);
#12562 = DEFINITIONAL_REPRESENTATION('',(#12563),#12567);
#12563 = CIRCLE('',#12564,4.75);
#12564 = AXIS2_PLACEMENT_2D('',#12565,#12566);
#12565 = CARTESIAN_POINT('',(9.,18.));
#12566 = DIRECTION('',(1.,0.));
#12567 = ( GEOMETRIC_REPRESENTATION_CONTEXT(2) 
PARAMETRIC_REPRESENTATION_CONTEXT() REPRESENTATION_CONTEXT('2D SPACE',''
  ) );
#12568 = PCURVE('',#12569,#12574);
#12569 = CYLINDRICAL_SURFACE('',#12570,4.75);
#12570 = AXIS2_PLACEMENT_3D('',#12571,#12572,#12573);
#12571 = CARTESIAN_POINT('',(26.,7.,-33.5));
#12572 = DIRECTION('',(0.,0.,1.));
#12573 = DIRECTION('',(1.,0.,-0.));
#12574 = DEFINITIONAL_REPRESENTATION('',(#12575),#12579);
#12575 = LINE('',#12576,#12577);
#12576 = CARTESIAN_POINT('',(0.,5.5));
#12577 = VECTOR('',#12578,1.);
#12578 = DIRECTION('',(1.,0.));
#12579 = ( GEOMETRIC_REPRESENTATION_CONTEXT(2) 
PARAMETRIC_REPRESENTATION_CONTEXT() REPRESENTATION_CONTEXT('2D SPACE',''
  ) );
#12580 = ADVANCED_FACE('',(#12581),#12189,.T.);
#12581 = FACE_BOUND('',#12582,.T.);
#12582 = EDGE_LOOP('',(#12583,#12606,#12627,#12628,#12629,#12650,#12676,
    #12695));
#12583 = ORIENTED_EDGE('',*,*,#12584,.F.);
#12584 = EDGE_CURVE('',#12585,#12480,#12587,.T.);
#12585 = VERTEX_POINT('',#12586);
#12586 = CARTESIAN_POINT('',(35.,11.,-68.));
#12587 = SURFACE_CURVE('',#12588,(#12592,#12599),.PCURVE_S1.);
#12588 = LINE('',#12589,#12590);
#12589 = CARTESIAN_POINT('',(35.,11.,-68.));
#12590 = VECTOR('',#12591,1.);
#12591 = DIRECTION('',(0.,0.,1.));
#12592 = PCURVE('',#12189,#12593);
#12593 = DEFINITIONAL_REPRESENTATION('',(#12594),#12598);
#12594 = LINE('',#12595,#12596);
#12595 = CARTESIAN_POINT('',(0.,18.));
#12596 = VECTOR('',#12597,1.);
#12597 = DIRECTION('',(1.,0.));
#12598 = ( GEOMETRIC_REPRESENTATION_CONTEXT(2) 
PARAMETRIC_REPRESENTATION_CONTEXT() REPRESENTATION_CONTEXT('2D SPACE',''
  ) );
#12599 = PCURVE('',#12248,#12600);
#12600 = DEFINITIONAL_REPRESENTATION('',(#12601),#12605);
#12601 = LINE('',#12602,#12603);
#12602 = CARTESIAN_POINT('',(0.,-22.));
#12603 = VECTOR('',#12604,1.);
#12604 = DIRECTION('',(1.,0.));
#12605 = ( GEOMETRIC_REPRESENTATION_CONTEXT(2) 
PARAMETRIC_REPRESENTATION_CONTEXT() REPRESENTATION_CONTEXT('2D SPACE',''
  ) );
#12606 = ORIENTED_EDGE('',*,*,#12607,.F.);
#12607 = EDGE_CURVE('',#12146,#12585,#12608,.T.);
#12608 = SURFACE_CURVE('',#12609,(#12613,#12620),.PCURVE_S1.);
#12609 = LINE('',#12610,#12611);
#12610 = CARTESIAN_POINT('',(17.,11.,-68.));
#12611 = VECTOR('',#12612,1.);
#12612 = DIRECTION('',(1.,0.,-0.));
#12613 = PCURVE('',#12189,#12614);
#12614 = DEFINITIONAL_REPRESENTATION('',(#12615),#12619);
#12615 = LINE('',#12616,#12617);
#12616 = CARTESIAN_POINT('',(0.,0.));
#12617 = VECTOR('',#12618,1.);
#12618 = DIRECTION('',(0.,1.));
#12619 = ( GEOMETRIC_REPRESENTATION_CONTEXT(2) 
PARAMETRIC_REPRESENTATION_CONTEXT() REPRESENTATION_CONTEXT('2D SPACE',''
  ) );
#12620 = PCURVE('',#12161,#12621);
#12621 = DEFINITIONAL_REPRESENTATION('',(#12622),#12626);
#12622 = LINE('',#12623,#12624);
#12623 = CARTESIAN_POINT('',(0.,22.));
#12624 = VECTOR('',#12625,1.);
#12625 = DIRECTION('',(1.,0.));
#12626 = ( GEOMETRIC_REPRESENTATION_CONTEXT(2) 
PARAMETRIC_REPRESENTATION_CONTEXT() REPRESENTATION_CONTEXT('2D SPACE',''
  ) );
#12627 = ORIENTED_EDGE('',*,*,#12173,.T.);
#12628 = ORIENTED_EDGE('',*,*,#12407,.T.);
#12629 = ORIENTED_EDGE('',*,*,#12630,.F.);
#12630 = EDGE_CURVE('',#12631,#12408,#12633,.T.);
#12631 = VERTEX_POINT('',#12632);
#12632 = CARTESIAN_POINT('',(23.43826230851,11.,-33.5));
#12633 = SURFACE_CURVE('',#12634,(#12638,#12644),.PCURVE_S1.);
#12634 = LINE('',#12635,#12636);
#12635 = CARTESIAN_POINT('',(23.43826230851,11.,-33.5));
#12636 = VECTOR('',#12637,1.);
#12637 = DIRECTION('',(0.,0.,1.));
#12638 = PCURVE('',#12189,#12639);
#12639 = DEFINITIONAL_REPRESENTATION('',(#12640),#12643);
#12640 = B_SPLINE_CURVE_WITH_KNOTS('',1,(#12641,#12642),.UNSPECIFIED.,
  .F.,.F.,(2,2),(-5.999999999062E-07,5.6000006),
  .PIECEWISE_BEZIER_KNOTS.);
#12641 = CARTESIAN_POINT('',(34.4999994,6.43826230851));
#12642 = CARTESIAN_POINT('',(40.1000006,6.43826230851));
#12643 = ( GEOMETRIC_REPRESENTATION_CONTEXT(2) 
PARAMETRIC_REPRESENTATION_CONTEXT() REPRESENTATION_CONTEXT('2D SPACE',''
  ) );
#12644 = PCURVE('',#12569,#12645);
#12645 = DEFINITIONAL_REPRESENTATION('',(#12646),#12649);
#12646 = B_SPLINE_CURVE_WITH_KNOTS('',1,(#12647,#12648),.UNSPECIFIED.,
  .F.,.F.,(2,2),(-5.999999999062E-07,5.6000006),
  .PIECEWISE_BEZIER_KNOTS.);
#12647 = CARTESIAN_POINT('',(2.140417645868,-5.999999999062E-07));
#12648 = CARTESIAN_POINT('',(2.140417645868,5.6000006));
#12649 = ( GEOMETRIC_REPRESENTATION_CONTEXT(2) 
PARAMETRIC_REPRESENTATION_CONTEXT() REPRESENTATION_CONTEXT('2D SPACE',''
  ) );
#12650 = ORIENTED_EDGE('',*,*,#12651,.T.);
#12651 = EDGE_CURVE('',#12631,#12652,#12654,.T.);
#12652 = VERTEX_POINT('',#12653);
#12653 = CARTESIAN_POINT('',(28.56173769149,11.,-33.5));
#12654 = SURFACE_CURVE('',#12655,(#12659,#12665),.PCURVE_S1.);
#12655 = LINE('',#12656,#12657);
#12656 = CARTESIAN_POINT('',(21.5,11.,-33.5));
#12657 = VECTOR('',#12658,1.);
#12658 = DIRECTION('',(1.,0.,-0.));
#12659 = PCURVE('',#12189,#12660);
#12660 = DEFINITIONAL_REPRESENTATION('',(#12661),#12664);
#12661 = B_SPLINE_CURVE_WITH_KNOTS('',1,(#12662,#12663),.UNSPECIFIED.,
  .F.,.F.,(2,2),(-0.25,9.25),.PIECEWISE_BEZIER_KNOTS.);
#12662 = CARTESIAN_POINT('',(34.5,4.25));
#12663 = CARTESIAN_POINT('',(34.5,13.75));
#12664 = ( GEOMETRIC_REPRESENTATION_CONTEXT(2) 
PARAMETRIC_REPRESENTATION_CONTEXT() REPRESENTATION_CONTEXT('2D SPACE',''
  ) );
#12665 = PCURVE('',#12666,#12671);
#12666 = PLANE('',#12667);
#12667 = AXIS2_PLACEMENT_3D('',#12668,#12669,#12670);
#12668 = CARTESIAN_POINT('',(26.,7.,-33.5));
#12669 = DIRECTION('',(0.,0.,1.));
#12670 = DIRECTION('',(1.,0.,-0.));
#12671 = DEFINITIONAL_REPRESENTATION('',(#12672),#12675);
#12672 = B_SPLINE_CURVE_WITH_KNOTS('',1,(#12673,#12674),.UNSPECIFIED.,
  .F.,.F.,(2,2),(-0.25,9.25),.PIECEWISE_BEZIER_KNOTS.);
#12673 = CARTESIAN_POINT('',(-4.75,4.));
#12674 = CARTESIAN_POINT('',(4.75,4.));
#12675 = ( GEOMETRIC_REPRESENTATION_CONTEXT(2) 
PARAMETRIC_REPRESENTATION_CONTEXT() REPRESENTATION_CONTEXT('2D SPACE',''
  ) );
#12676 = ORIENTED_EDGE('',*,*,#12677,.T.);
#12677 = EDGE_CURVE('',#12652,#12503,#12678,.T.);
#12678 = SURFACE_CURVE('',#12679,(#12683,#12689),.PCURVE_S1.);
#12679 = LINE('',#12680,#12681);
#12680 = CARTESIAN_POINT('',(28.56173769149,11.,-33.5));
#12681 = VECTOR('',#12682,1.);
#12682 = DIRECTION('',(0.,0.,1.));
#12683 = PCURVE('',#12189,#12684);
#12684 = DEFINITIONAL_REPRESENTATION('',(#12685),#12688);
#12685 = B_SPLINE_CURVE_WITH_KNOTS('',1,(#12686,#12687),.UNSPECIFIED.,
  .F.,.F.,(2,2),(-5.999999999062E-07,5.6000006),
  .PIECEWISE_BEZIER_KNOTS.);
#12686 = CARTESIAN_POINT('',(34.4999994,11.56173769149));
#12687 = CARTESIAN_POINT('',(40.1000006,11.56173769149));
#12688 = ( GEOMETRIC_REPRESENTATION_CONTEXT(2) 
PARAMETRIC_REPRESENTATION_CONTEXT() REPRESENTATION_CONTEXT('2D SPACE',''
  ) );
#12689 = PCURVE('',#12542,#12690);
#12690 = DEFINITIONAL_REPRESENTATION('',(#12691),#12694);
#12691 = B_SPLINE_CURVE_WITH_KNOTS('',1,(#12692,#12693),.UNSPECIFIED.,
  .F.,.F.,(2,2),(-5.999999999062E-07,5.6000006),
  .PIECEWISE_BEZIER_KNOTS.);
#12692 = CARTESIAN_POINT('',(1.001175007722,-5.999999999062E-07));
#12693 = CARTESIAN_POINT('',(1.001175007722,5.6000006));
#12694 = ( GEOMETRIC_REPRESENTATION_CONTEXT(2) 
PARAMETRIC_REPRESENTATION_CONTEXT() REPRESENTATION_CONTEXT('2D SPACE',''
  ) );
#12695 = ORIENTED_EDGE('',*,*,#12502,.T.);
#12696 = ADVANCED_FACE('',(#12697,#12723,#12754,#12785,#12816),#12161,
  .F.);
#12697 = FACE_BOUND('',#12698,.F.);
#12698 = EDGE_LOOP('',(#12699,#12700,#12701,#12722));
#12699 = ORIENTED_EDGE('',*,*,#12145,.F.);
#12700 = ORIENTED_EDGE('',*,*,#12260,.T.);
#12701 = ORIENTED_EDGE('',*,*,#12702,.T.);
#12702 = EDGE_CURVE('',#12231,#12585,#12703,.T.);
#12703 = SURFACE_CURVE('',#12704,(#12708,#12715),.PCURVE_S1.);
#12704 = LINE('',#12705,#12706);
#12705 = CARTESIAN_POINT('',(35.,-11.,-68.));
#12706 = VECTOR('',#12707,1.);
#12707 = DIRECTION('',(-0.,1.,0.));
#12708 = PCURVE('',#12161,#12709);
#12709 = DEFINITIONAL_REPRESENTATION('',(#12710),#12714);
#12710 = LINE('',#12711,#12712);
#12711 = CARTESIAN_POINT('',(18.,0.));
#12712 = VECTOR('',#12713,1.);
#12713 = DIRECTION('',(0.,1.));
#12714 = ( GEOMETRIC_REPRESENTATION_CONTEXT(2) 
PARAMETRIC_REPRESENTATION_CONTEXT() REPRESENTATION_CONTEXT('2D SPACE',''
  ) );
#12715 = PCURVE('',#12248,#12716);
#12716 = DEFINITIONAL_REPRESENTATION('',(#12717),#12721);
#12717 = LINE('',#12718,#12719);
#12718 = CARTESIAN_POINT('',(0.,0.));
#12719 = VECTOR('',#12720,1.);
#12720 = DIRECTION('',(0.,-1.));
#12721 = ( GEOMETRIC_REPRESENTATION_CONTEXT(2) 
PARAMETRIC_REPRESENTATION_CONTEXT() REPRESENTATION_CONTEXT('2D SPACE',''
  ) );
#12722 = ORIENTED_EDGE('',*,*,#12607,.F.);
#12723 = FACE_BOUND('',#12724,.F.);
#12724 = EDGE_LOOP('',(#12725));
#12725 = ORIENTED_EDGE('',*,*,#12726,.F.);
#12726 = EDGE_CURVE('',#12727,#12727,#12729,.T.);
#12727 = VERTEX_POINT('',#12728);
#12728 = CARTESIAN_POINT('',(28.75,-7.,-68.));
#12729 = SURFACE_CURVE('',#12730,(#12735,#12742),.PCURVE_S1.);
#12730 = CIRCLE('',#12731,2.75);
#12731 = AXIS2_PLACEMENT_3D('',#12732,#12733,#12734);
#12732 = CARTESIAN_POINT('',(26.,-7.,-68.));
#12733 = DIRECTION('',(0.,0.,1.));
#12734 = DIRECTION('',(1.,0.,-0.));
#12735 = PCURVE('',#12161,#12736);
#12736 = DEFINITIONAL_REPRESENTATION('',(#12737),#12741);
#12737 = CIRCLE('',#12738,2.75);
#12738 = AXIS2_PLACEMENT_2D('',#12739,#12740);
#12739 = CARTESIAN_POINT('',(9.,4.));
#12740 = DIRECTION('',(1.,0.));
#12741 = ( GEOMETRIC_REPRESENTATION_CONTEXT(2) 
PARAMETRIC_REPRESENTATION_CONTEXT() REPRESENTATION_CONTEXT('2D SPACE',''
  ) );
#12742 = PCURVE('',#12743,#12748);
#12743 = CYLINDRICAL_SURFACE('',#12744,2.75);
#12744 = AXIS2_PLACEMENT_3D('',#12745,#12746,#12747);
#12745 = CARTESIAN_POINT('',(26.,-7.,-70.));
#12746 = DIRECTION('',(0.,0.,1.));
#12747 = DIRECTION('',(1.,0.,-0.));
#12748 = DEFINITIONAL_REPRESENTATION('',(#12749),#12753);
#12749 = LINE('',#12750,#12751);
#12750 = CARTESIAN_POINT('',(0.,2.));
#12751 = VECTOR('',#12752,1.);
#12752 = DIRECTION('',(1.,0.));
#12753 = ( GEOMETRIC_REPRESENTATION_CONTEXT(2) 
PARAMETRIC_REPRESENTATION_CONTEXT() REPRESENTATION_CONTEXT('2D SPACE',''
  ) );
#12754 = FACE_BOUND('',#12755,.F.);
#12755 = EDGE_LOOP('',(#12756));
#12756 = ORIENTED_EDGE('',*,*,#12757,.F.);
#12757 = EDGE_CURVE('',#12758,#12758,#12760,.T.);
#12758 = VERTEX_POINT('',#12759);
#12759 = CARTESIAN_POINT('',(24.1,-5.143516556419E-16,-68.));
#12760 = SURFACE_CURVE('',#12761,(#12766,#12773),.PCURVE_S1.);
#12761 = CIRCLE('',#12762,2.1);
#12762 = AXIS2_PLACEMENT_3D('',#12763,#12764,#12765);
#12763 = CARTESIAN_POINT('',(22.,0.,-68.));
#12764 = DIRECTION('',(0.,0.,1.));
#12765 = DIRECTION('',(1.,0.,-0.));
#12766 = PCURVE('',#12161,#12767);
#12767 = DEFINITIONAL_REPRESENTATION('',(#12768),#12772);
#12768 = CIRCLE('',#12769,2.1);
#12769 = AXIS2_PLACEMENT_2D('',#12770,#12771);
#12770 = CARTESIAN_POINT('',(5.,11.));
#12771 = DIRECTION('',(1.,0.));
#12772 = ( GEOMETRIC_REPRESENTATION_CONTEXT(2) 
PARAMETRIC_REPRESENTATION_CONTEXT() REPRESENTATION_CONTEXT('2D SPACE',''
  ) );
#12773 = PCURVE('',#12774,#12779);
#12774 = CYLINDRICAL_SURFACE('',#12775,2.1);
#12775 = AXIS2_PLACEMENT_3D('',#12776,#12777,#12778);
#12776 = CARTESIAN_POINT('',(22.,0.,-68.));
#12777 = DIRECTION('',(0.,0.,1.));
#12778 = DIRECTION('',(1.,0.,-0.));
#12779 = DEFINITIONAL_REPRESENTATION('',(#12780),#12784);
#12780 = LINE('',#12781,#12782);
#12781 = CARTESIAN_POINT('',(0.,0.));
#12782 = VECTOR('',#12783,1.);
#12783 = DIRECTION('',(1.,0.));
#12784 = ( GEOMETRIC_REPRESENTATION_CONTEXT(2) 
PARAMETRIC_REPRESENTATION_CONTEXT() REPRESENTATION_CONTEXT('2D SPACE',''
  ) );
#12785 = FACE_BOUND('',#12786,.F.);
#12786 = EDGE_LOOP('',(#12787));
#12787 = ORIENTED_EDGE('',*,*,#12788,.F.);
#12788 = EDGE_CURVE('',#12789,#12789,#12791,.T.);
#12789 = VERTEX_POINT('',#12790);
#12790 = CARTESIAN_POINT('',(32.1,-5.143516556419E-16,-68.));
#12791 = SURFACE_CURVE('',#12792,(#12797,#12804),.PCURVE_S1.);
#12792 = CIRCLE('',#12793,2.1);
#12793 = AXIS2_PLACEMENT_3D('',#12794,#12795,#12796);
#12794 = CARTESIAN_POINT('',(30.,0.,-68.));
#12795 = DIRECTION('',(0.,0.,1.));
#12796 = DIRECTION('',(1.,0.,-0.));
#12797 = PCURVE('',#12161,#12798);
#12798 = DEFINITIONAL_REPRESENTATION('',(#12799),#12803);
#12799 = CIRCLE('',#12800,2.1);
#12800 = AXIS2_PLACEMENT_2D('',#12801,#12802);
#12801 = CARTESIAN_POINT('',(13.,11.));
#12802 = DIRECTION('',(1.,0.));
#12803 = ( GEOMETRIC_REPRESENTATION_CONTEXT(2) 
PARAMETRIC_REPRESENTATION_CONTEXT() REPRESENTATION_CONTEXT('2D SPACE',''
  ) );
#12804 = PCURVE('',#12805,#12810);
#12805 = CYLINDRICAL_SURFACE('',#12806,2.1);
#12806 = AXIS2_PLACEMENT_3D('',#12807,#12808,#12809);
#12807 = CARTESIAN_POINT('',(30.,0.,-68.));
#12808 = DIRECTION('',(0.,0.,1.));
#12809 = DIRECTION('',(1.,0.,-0.));
#12810 = DEFINITIONAL_REPRESENTATION('',(#12811),#12815);
#12811 = LINE('',#12812,#12813);
#12812 = CARTESIAN_POINT('',(0.,0.));
#12813 = VECTOR('',#12814,1.);
#12814 = DIRECTION('',(1.,0.));
#12815 = ( GEOMETRIC_REPRESENTATION_CONTEXT(2) 
PARAMETRIC_REPRESENTATION_CONTEXT() REPRESENTATION_CONTEXT('2D SPACE',''
  ) );
#12816 = FACE_BOUND('',#12817,.F.);
#12817 = EDGE_LOOP('',(#12818));
#12818 = ORIENTED_EDGE('',*,*,#12819,.F.);
#12819 = EDGE_CURVE('',#12820,#12820,#12822,.T.);
#12820 = VERTEX_POINT('',#12821);
#12821 = CARTESIAN_POINT('',(28.75,7.,-68.));
#12822 = SURFACE_CURVE('',#12823,(#12828,#12835),.PCURVE_S1.);
#12823 = CIRCLE('',#12824,2.75);
#12824 = AXIS2_PLACEMENT_3D('',#12825,#12826,#12827);
#12825 = CARTESIAN_POINT('',(26.,7.,-68.));
#12826 = DIRECTION('',(0.,0.,1.));
#12827 = DIRECTION('',(1.,0.,-0.));
#12828 = PCURVE('',#12161,#12829);
#12829 = DEFINITIONAL_REPRESENTATION('',(#12830),#12834);
#12830 = CIRCLE('',#12831,2.75);
#12831 = AXIS2_PLACEMENT_2D('',#12832,#12833);
#12832 = CARTESIAN_POINT('',(9.,18.));
#12833 = DIRECTION('',(1.,0.));
#12834 = ( GEOMETRIC_REPRESENTATION_CONTEXT(2) 
PARAMETRIC_REPRESENTATION_CONTEXT() REPRESENTATION_CONTEXT('2D SPACE',''
  ) );
#12835 = PCURVE('',#12836,#12841);
#12836 = CYLINDRICAL_SURFACE('',#12837,2.75);
#12837 = AXIS2_PLACEMENT_3D('',#12838,#12839,#12840);
#12838 = CARTESIAN_POINT('',(26.,7.,-70.));
#12839 = DIRECTION('',(0.,0.,1.));
#12840 = DIRECTION('',(1.,0.,-0.));
#12841 = DEFINITIONAL_REPRESENTATION('',(#12842),#12846);
#12842 = LINE('',#12843,#12844);
#12843 = CARTESIAN_POINT('',(0.,2.));
#12844 = VECTOR('',#12845,1.);
#12845 = DIRECTION('',(1.,0.));
#12846 = ( GEOMETRIC_REPRESENTATION_CONTEXT(2) 
PARAMETRIC_REPRESENTATION_CONTEXT() REPRESENTATION_CONTEXT('2D SPACE',''
  ) );
#12847 = ADVANCED_FACE('',(#12848),#12248,.T.);
#12848 = FACE_BOUND('',#12849,.T.);
#12849 = EDGE_LOOP('',(#12850,#12851,#12852,#12853));
#12850 = ORIENTED_EDGE('',*,*,#12230,.F.);
#12851 = ORIENTED_EDGE('',*,*,#12702,.T.);
#12852 = ORIENTED_EDGE('',*,*,#12584,.T.);
#12853 = ORIENTED_EDGE('',*,*,#12479,.F.);
#12854 = ADVANCED_FACE('',(#12855),#12372,.F.);
#12855 = FACE_BOUND('',#12856,.F.);
#12856 = EDGE_LOOP('',(#12857,#12880,#12881,#12882));
#12857 = ORIENTED_EDGE('',*,*,#12858,.T.);
#12858 = EDGE_CURVE('',#12859,#12433,#12861,.T.);
#12859 = VERTEX_POINT('',#12860);
#12860 = CARTESIAN_POINT('',(30.75,-7.,-33.5));
#12861 = SURFACE_CURVE('',#12862,(#12866,#12873),.PCURVE_S1.);
#12862 = LINE('',#12863,#12864);
#12863 = CARTESIAN_POINT('',(30.75,-7.,-33.5));
#12864 = VECTOR('',#12865,1.);
#12865 = DIRECTION('',(0.,0.,1.));
#12866 = PCURVE('',#12372,#12867);
#12867 = DEFINITIONAL_REPRESENTATION('',(#12868),#12872);
#12868 = LINE('',#12869,#12870);
#12869 = CARTESIAN_POINT('',(6.28318530718,-0.));
#12870 = VECTOR('',#12871,1.);
#12871 = DIRECTION('',(0.,1.));
#12872 = ( GEOMETRIC_REPRESENTATION_CONTEXT(2) 
PARAMETRIC_REPRESENTATION_CONTEXT() REPRESENTATION_CONTEXT('2D SPACE',''
  ) );
#12873 = PCURVE('',#12320,#12874);
#12874 = DEFINITIONAL_REPRESENTATION('',(#12875),#12879);
#12875 = LINE('',#12876,#12877);
#12876 = CARTESIAN_POINT('',(0.,-0.));
#12877 = VECTOR('',#12878,1.);
#12878 = DIRECTION('',(0.,1.));
#12879 = ( GEOMETRIC_REPRESENTATION_CONTEXT(2) 
PARAMETRIC_REPRESENTATION_CONTEXT() REPRESENTATION_CONTEXT('2D SPACE',''
  ) );
#12880 = ORIENTED_EDGE('',*,*,#12456,.F.);
#12881 = ORIENTED_EDGE('',*,*,#12357,.F.);
#12882 = ORIENTED_EDGE('',*,*,#12883,.T.);
#12883 = EDGE_CURVE('',#12332,#12859,#12884,.T.);
#12884 = SURFACE_CURVE('',#12885,(#12890,#12897),.PCURVE_S1.);
#12885 = CIRCLE('',#12886,4.75);
#12886 = AXIS2_PLACEMENT_3D('',#12887,#12888,#12889);
#12887 = CARTESIAN_POINT('',(26.,-7.,-33.5));
#12888 = DIRECTION('',(0.,0.,1.));
#12889 = DIRECTION('',(1.,0.,-0.));
#12890 = PCURVE('',#12372,#12891);
#12891 = DEFINITIONAL_REPRESENTATION('',(#12892),#12896);
#12892 = LINE('',#12893,#12894);
#12893 = CARTESIAN_POINT('',(0.,0.));
#12894 = VECTOR('',#12895,1.);
#12895 = DIRECTION('',(1.,0.));
#12896 = ( GEOMETRIC_REPRESENTATION_CONTEXT(2) 
PARAMETRIC_REPRESENTATION_CONTEXT() REPRESENTATION_CONTEXT('2D SPACE',''
  ) );
#12897 = PCURVE('',#12346,#12898);
#12898 = DEFINITIONAL_REPRESENTATION('',(#12899),#12903);
#12899 = CIRCLE('',#12900,4.75);
#12900 = AXIS2_PLACEMENT_2D('',#12901,#12902);
#12901 = CARTESIAN_POINT('',(0.,0.));
#12902 = DIRECTION('',(1.,0.));
#12903 = ( GEOMETRIC_REPRESENTATION_CONTEXT(2) 
PARAMETRIC_REPRESENTATION_CONTEXT() REPRESENTATION_CONTEXT('2D SPACE',''
  ) );
#12904 = ADVANCED_FACE('',(#12905,#12931),#12346,.T.);
#12905 = FACE_BOUND('',#12906,.T.);
#12906 = EDGE_LOOP('',(#12907,#12908,#12930));
#12907 = ORIENTED_EDGE('',*,*,#12883,.T.);
#12908 = ORIENTED_EDGE('',*,*,#12909,.T.);
#12909 = EDGE_CURVE('',#12859,#12306,#12910,.T.);
#12910 = SURFACE_CURVE('',#12911,(#12916,#12923),.PCURVE_S1.);
#12911 = CIRCLE('',#12912,4.75);
#12912 = AXIS2_PLACEMENT_3D('',#12913,#12914,#12915);
#12913 = CARTESIAN_POINT('',(26.,-7.,-33.5));
#12914 = DIRECTION('',(0.,0.,1.));
#12915 = DIRECTION('',(1.,0.,-0.));
#12916 = PCURVE('',#12346,#12917);
#12917 = DEFINITIONAL_REPRESENTATION('',(#12918),#12922);
#12918 = CIRCLE('',#12919,4.75);
#12919 = AXIS2_PLACEMENT_2D('',#12920,#12921);
#12920 = CARTESIAN_POINT('',(0.,0.));
#12921 = DIRECTION('',(1.,0.));
#12922 = ( GEOMETRIC_REPRESENTATION_CONTEXT(2) 
PARAMETRIC_REPRESENTATION_CONTEXT() REPRESENTATION_CONTEXT('2D SPACE',''
  ) );
#12923 = PCURVE('',#12320,#12924);
#12924 = DEFINITIONAL_REPRESENTATION('',(#12925),#12929);
#12925 = LINE('',#12926,#12927);
#12926 = CARTESIAN_POINT('',(0.,0.));
#12927 = VECTOR('',#12928,1.);
#12928 = DIRECTION('',(1.,0.));
#12929 = ( GEOMETRIC_REPRESENTATION_CONTEXT(2) 
PARAMETRIC_REPRESENTATION_CONTEXT() REPRESENTATION_CONTEXT('2D SPACE',''
  ) );
#12930 = ORIENTED_EDGE('',*,*,#12331,.T.);
#12931 = FACE_BOUND('',#12932,.T.);
#12932 = EDGE_LOOP('',(#12933));
#12933 = ORIENTED_EDGE('',*,*,#12934,.F.);
#12934 = EDGE_CURVE('',#12935,#12935,#12937,.T.);
#12935 = VERTEX_POINT('',#12936);
#12936 = CARTESIAN_POINT('',(28.75,-7.,-33.5));
#12937 = SURFACE_CURVE('',#12938,(#12943,#12950),.PCURVE_S1.);
#12938 = CIRCLE('',#12939,2.75);
#12939 = AXIS2_PLACEMENT_3D('',#12940,#12941,#12942);
#12940 = CARTESIAN_POINT('',(26.,-7.,-33.5));
#12941 = DIRECTION('',(0.,0.,1.));
#12942 = DIRECTION('',(1.,0.,-0.));
#12943 = PCURVE('',#12346,#12944);
#12944 = DEFINITIONAL_REPRESENTATION('',(#12945),#12949);
#12945 = CIRCLE('',#12946,2.75);
#12946 = AXIS2_PLACEMENT_2D('',#12947,#12948);
#12947 = CARTESIAN_POINT('',(0.,0.));
#12948 = DIRECTION('',(1.,0.));
#12949 = ( GEOMETRIC_REPRESENTATION_CONTEXT(2) 
PARAMETRIC_REPRESENTATION_CONTEXT() REPRESENTATION_CONTEXT('2D SPACE',''
  ) );
#12950 = PCURVE('',#12743,#12951);
#12951 = DEFINITIONAL_REPRESENTATION('',(#12952),#12956);
#12952 = LINE('',#12953,#12954);
#12953 = CARTESIAN_POINT('',(0.,36.5));
#12954 = VECTOR('',#12955,1.);
#12955 = DIRECTION('',(1.,0.));
#12956 = ( GEOMETRIC_REPRESENTATION_CONTEXT(2) 
PARAMETRIC_REPRESENTATION_CONTEXT() REPRESENTATION_CONTEXT('2D SPACE',''
  ) );
#12957 = ADVANCED_FACE('',(#12958),#12320,.F.);
#12958 = FACE_BOUND('',#12959,.F.);
#12959 = EDGE_LOOP('',(#12960,#12961,#12962,#12963));
#12960 = ORIENTED_EDGE('',*,*,#12432,.F.);
#12961 = ORIENTED_EDGE('',*,*,#12858,.F.);
#12962 = ORIENTED_EDGE('',*,*,#12909,.T.);
#12963 = ORIENTED_EDGE('',*,*,#12305,.T.);
#12964 = ADVANCED_FACE('',(#12965),#12569,.F.);
#12965 = FACE_BOUND('',#12966,.F.);
#12966 = EDGE_LOOP('',(#12967,#12990,#12991,#12992));
#12967 = ORIENTED_EDGE('',*,*,#12968,.T.);
#12968 = EDGE_CURVE('',#12969,#12526,#12971,.T.);
#12969 = VERTEX_POINT('',#12970);
#12970 = CARTESIAN_POINT('',(30.75,7.,-33.5));
#12971 = SURFACE_CURVE('',#12972,(#12976,#12983),.PCURVE_S1.);
#12972 = LINE('',#12973,#12974);
#12973 = CARTESIAN_POINT('',(30.75,7.,-33.5));
#12974 = VECTOR('',#12975,1.);
#12975 = DIRECTION('',(0.,0.,1.));
#12976 = PCURVE('',#12569,#12977);
#12977 = DEFINITIONAL_REPRESENTATION('',(#12978),#12982);
#12978 = LINE('',#12979,#12980);
#12979 = CARTESIAN_POINT('',(6.28318530718,-0.));
#12980 = VECTOR('',#12981,1.);
#12981 = DIRECTION('',(0.,1.));
#12982 = ( GEOMETRIC_REPRESENTATION_CONTEXT(2) 
PARAMETRIC_REPRESENTATION_CONTEXT() REPRESENTATION_CONTEXT('2D SPACE',''
  ) );
#12983 = PCURVE('',#12542,#12984);
#12984 = DEFINITIONAL_REPRESENTATION('',(#12985),#12989);
#12985 = LINE('',#12986,#12987);
#12986 = CARTESIAN_POINT('',(0.,-0.));
#12987 = VECTOR('',#12988,1.);
#12988 = DIRECTION('',(0.,1.));
#12989 = ( GEOMETRIC_REPRESENTATION_CONTEXT(2) 
PARAMETRIC_REPRESENTATION_CONTEXT() REPRESENTATION_CONTEXT('2D SPACE',''
  ) );
#12990 = ORIENTED_EDGE('',*,*,#12554,.F.);
#12991 = ORIENTED_EDGE('',*,*,#12630,.F.);
#12992 = ORIENTED_EDGE('',*,*,#12993,.T.);
#12993 = EDGE_CURVE('',#12631,#12969,#12994,.T.);
#12994 = SURFACE_CURVE('',#12995,(#13000,#13007),.PCURVE_S1.);
#12995 = CIRCLE('',#12996,4.75);
#12996 = AXIS2_PLACEMENT_3D('',#12997,#12998,#12999);
#12997 = CARTESIAN_POINT('',(26.,7.,-33.5));
#12998 = DIRECTION('',(0.,0.,1.));
#12999 = DIRECTION('',(1.,0.,-0.));
#13000 = PCURVE('',#12569,#13001);
#13001 = DEFINITIONAL_REPRESENTATION('',(#13002),#13006);
#13002 = LINE('',#13003,#13004);
#13003 = CARTESIAN_POINT('',(0.,0.));
#13004 = VECTOR('',#13005,1.);
#13005 = DIRECTION('',(1.,0.));
#13006 = ( GEOMETRIC_REPRESENTATION_CONTEXT(2) 
PARAMETRIC_REPRESENTATION_CONTEXT() REPRESENTATION_CONTEXT('2D SPACE',''
  ) );
#13007 = PCURVE('',#12666,#13008);
#13008 = DEFINITIONAL_REPRESENTATION('',(#13009),#13013);
#13009 = CIRCLE('',#13010,4.75);
#13010 = AXIS2_PLACEMENT_2D('',#13011,#13012);
#13011 = CARTESIAN_POINT('',(0.,0.));
#13012 = DIRECTION('',(1.,0.));
#13013 = ( GEOMETRIC_REPRESENTATION_CONTEXT(2) 
PARAMETRIC_REPRESENTATION_CONTEXT() REPRESENTATION_CONTEXT('2D SPACE',''
  ) );
#13014 = ADVANCED_FACE('',(#13015),#12542,.F.);
#13015 = FACE_BOUND('',#13016,.F.);
#13016 = EDGE_LOOP('',(#13017,#13018,#13019,#13041));
#13017 = ORIENTED_EDGE('',*,*,#12525,.F.);
#13018 = ORIENTED_EDGE('',*,*,#12968,.F.);
#13019 = ORIENTED_EDGE('',*,*,#13020,.T.);
#13020 = EDGE_CURVE('',#12969,#12652,#13021,.T.);
#13021 = SURFACE_CURVE('',#13022,(#13027,#13034),.PCURVE_S1.);
#13022 = CIRCLE('',#13023,4.75);
#13023 = AXIS2_PLACEMENT_3D('',#13024,#13025,#13026);
#13024 = CARTESIAN_POINT('',(26.,7.,-33.5));
#13025 = DIRECTION('',(0.,0.,1.));
#13026 = DIRECTION('',(1.,0.,-0.));
#13027 = PCURVE('',#12542,#13028);
#13028 = DEFINITIONAL_REPRESENTATION('',(#13029),#13033);
#13029 = LINE('',#13030,#13031);
#13030 = CARTESIAN_POINT('',(0.,0.));
#13031 = VECTOR('',#13032,1.);
#13032 = DIRECTION('',(1.,0.));
#13033 = ( GEOMETRIC_REPRESENTATION_CONTEXT(2) 
PARAMETRIC_REPRESENTATION_CONTEXT() REPRESENTATION_CONTEXT('2D SPACE',''
  ) );
#13034 = PCURVE('',#12666,#13035);
#13035 = DEFINITIONAL_REPRESENTATION('',(#13036),#13040);
#13036 = CIRCLE('',#13037,4.75);
#13037 = AXIS2_PLACEMENT_2D('',#13038,#13039);
#13038 = CARTESIAN_POINT('',(0.,0.));
#13039 = DIRECTION('',(1.,0.));
#13040 = ( GEOMETRIC_REPRESENTATION_CONTEXT(2) 
PARAMETRIC_REPRESENTATION_CONTEXT() REPRESENTATION_CONTEXT('2D SPACE',''
  ) );
#13041 = ORIENTED_EDGE('',*,*,#12677,.T.);
#13042 = ADVANCED_FACE('',(#13043,#13048),#12666,.T.);
#13043 = FACE_BOUND('',#13044,.T.);
#13044 = EDGE_LOOP('',(#13045,#13046,#13047));
#13045 = ORIENTED_EDGE('',*,*,#12993,.T.);
#13046 = ORIENTED_EDGE('',*,*,#13020,.T.);
#13047 = ORIENTED_EDGE('',*,*,#12651,.F.);
#13048 = FACE_BOUND('',#13049,.T.);
#13049 = EDGE_LOOP('',(#13050));
#13050 = ORIENTED_EDGE('',*,*,#13051,.F.);
#13051 = EDGE_CURVE('',#13052,#13052,#13054,.T.);
#13052 = VERTEX_POINT('',#13053);
#13053 = CARTESIAN_POINT('',(28.75,7.,-33.5));
#13054 = SURFACE_CURVE('',#13055,(#13060,#13067),.PCURVE_S1.);
#13055 = CIRCLE('',#13056,2.75);
#13056 = AXIS2_PLACEMENT_3D('',#13057,#13058,#13059);
#13057 = CARTESIAN_POINT('',(26.,7.,-33.5));
#13058 = DIRECTION('',(0.,0.,1.));
#13059 = DIRECTION('',(1.,0.,-0.));
#13060 = PCURVE('',#12666,#13061);
#13061 = DEFINITIONAL_REPRESENTATION('',(#13062),#13066);
#13062 = CIRCLE('',#13063,2.75);
#13063 = AXIS2_PLACEMENT_2D('',#13064,#13065);
#13064 = CARTESIAN_POINT('',(0.,0.));
#13065 = DIRECTION('',(1.,0.));
#13066 = ( GEOMETRIC_REPRESENTATION_CONTEXT(2) 
PARAMETRIC_REPRESENTATION_CONTEXT() REPRESENTATION_CONTEXT('2D SPACE',''
  ) );
#13067 = PCURVE('',#12836,#13068);
#13068 = DEFINITIONAL_REPRESENTATION('',(#13069),#13073);
#13069 = LINE('',#13070,#13071);
#13070 = CARTESIAN_POINT('',(0.,36.5));
#13071 = VECTOR('',#13072,1.);
#13072 = DIRECTION('',(1.,0.));
#13073 = ( GEOMETRIC_REPRESENTATION_CONTEXT(2) 
PARAMETRIC_REPRESENTATION_CONTEXT() REPRESENTATION_CONTEXT('2D SPACE',''
  ) );
#13074 = ADVANCED_FACE('',(#13075),#12743,.F.);
#13075 = FACE_BOUND('',#13076,.F.);
#13076 = EDGE_LOOP('',(#13077,#13098,#13099,#13100));
#13077 = ORIENTED_EDGE('',*,*,#13078,.T.);
#13078 = EDGE_CURVE('',#12727,#12935,#13079,.T.);
#13079 = SEAM_CURVE('',#13080,(#13084,#13091),.PCURVE_S1.);
#13080 = LINE('',#13081,#13082);
#13081 = CARTESIAN_POINT('',(28.75,-7.,-70.));
#13082 = VECTOR('',#13083,1.);
#13083 = DIRECTION('',(0.,0.,1.));
#13084 = PCURVE('',#12743,#13085);
#13085 = DEFINITIONAL_REPRESENTATION('',(#13086),#13090);
#13086 = LINE('',#13087,#13088);
#13087 = CARTESIAN_POINT('',(6.28318530718,-0.));
#13088 = VECTOR('',#13089,1.);
#13089 = DIRECTION('',(0.,1.));
#13090 = ( GEOMETRIC_REPRESENTATION_CONTEXT(2) 
PARAMETRIC_REPRESENTATION_CONTEXT() REPRESENTATION_CONTEXT('2D SPACE',''
  ) );
#13091 = PCURVE('',#12743,#13092);
#13092 = DEFINITIONAL_REPRESENTATION('',(#13093),#13097);
#13093 = LINE('',#13094,#13095);
#13094 = CARTESIAN_POINT('',(0.,-0.));
#13095 = VECTOR('',#13096,1.);
#13096 = DIRECTION('',(0.,1.));
#13097 = ( GEOMETRIC_REPRESENTATION_CONTEXT(2) 
PARAMETRIC_REPRESENTATION_CONTEXT() REPRESENTATION_CONTEXT('2D SPACE',''
  ) );
#13098 = ORIENTED_EDGE('',*,*,#12934,.F.);
#13099 = ORIENTED_EDGE('',*,*,#13078,.F.);
#13100 = ORIENTED_EDGE('',*,*,#12726,.T.);
#13101 = ADVANCED_FACE('',(#13102),#12774,.F.);
#13102 = FACE_BOUND('',#13103,.F.);
#13103 = EDGE_LOOP('',(#13104,#13133,#13154,#13155));
#13104 = ORIENTED_EDGE('',*,*,#13105,.F.);
#13105 = EDGE_CURVE('',#13106,#13106,#13108,.T.);
#13106 = VERTEX_POINT('',#13107);
#13107 = CARTESIAN_POINT('',(24.1,-5.143516556419E-16,-54.));
#13108 = SURFACE_CURVE('',#13109,(#13114,#13121),.PCURVE_S1.);
#13109 = CIRCLE('',#13110,2.1);
#13110 = AXIS2_PLACEMENT_3D('',#13111,#13112,#13113);
#13111 = CARTESIAN_POINT('',(22.,0.,-54.));
#13112 = DIRECTION('',(0.,0.,1.));
#13113 = DIRECTION('',(1.,0.,-0.));
#13114 = PCURVE('',#12774,#13115);
#13115 = DEFINITIONAL_REPRESENTATION('',(#13116),#13120);
#13116 = LINE('',#13117,#13118);
#13117 = CARTESIAN_POINT('',(0.,14.));
#13118 = VECTOR('',#13119,1.);
#13119 = DIRECTION('',(1.,0.));
#13120 = ( GEOMETRIC_REPRESENTATION_CONTEXT(2) 
PARAMETRIC_REPRESENTATION_CONTEXT() REPRESENTATION_CONTEXT('2D SPACE',''
  ) );
#13121 = PCURVE('',#13122,#13127);
#13122 = PLANE('',#13123);
#13123 = AXIS2_PLACEMENT_3D('',#13124,#13125,#13126);
#13124 = CARTESIAN_POINT('',(22.,0.,-54.));
#13125 = DIRECTION('',(0.,0.,1.));
#13126 = DIRECTION('',(1.,0.,-0.));
#13127 = DEFINITIONAL_REPRESENTATION('',(#13128),#13132);
#13128 = CIRCLE('',#13129,2.1);
#13129 = AXIS2_PLACEMENT_2D('',#13130,#13131);
#13130 = CARTESIAN_POINT('',(0.,0.));
#13131 = DIRECTION('',(1.,0.));
#13132 = ( GEOMETRIC_REPRESENTATION_CONTEXT(2) 
PARAMETRIC_REPRESENTATION_CONTEXT() REPRESENTATION_CONTEXT('2D SPACE',''
  ) );
#13133 = ORIENTED_EDGE('',*,*,#13134,.F.);
#13134 = EDGE_CURVE('',#12758,#13106,#13135,.T.);
#13135 = SEAM_CURVE('',#13136,(#13140,#13147),.PCURVE_S1.);
#13136 = LINE('',#13137,#13138);
#13137 = CARTESIAN_POINT('',(24.1,-5.143516556419E-16,-68.));
#13138 = VECTOR('',#13139,1.);
#13139 = DIRECTION('',(0.,0.,1.));
#13140 = PCURVE('',#12774,#13141);
#13141 = DEFINITIONAL_REPRESENTATION('',(#13142),#13146);
#13142 = LINE('',#13143,#13144);
#13143 = CARTESIAN_POINT('',(6.28318530718,-0.));
#13144 = VECTOR('',#13145,1.);
#13145 = DIRECTION('',(0.,1.));
#13146 = ( GEOMETRIC_REPRESENTATION_CONTEXT(2) 
PARAMETRIC_REPRESENTATION_CONTEXT() REPRESENTATION_CONTEXT('2D SPACE',''
  ) );
#13147 = PCURVE('',#12774,#13148);
#13148 = DEFINITIONAL_REPRESENTATION('',(#13149),#13153);
#13149 = LINE('',#13150,#13151);
#13150 = CARTESIAN_POINT('',(0.,-0.));
#13151 = VECTOR('',#13152,1.);
#13152 = DIRECTION('',(0.,1.));
#13153 = ( GEOMETRIC_REPRESENTATION_CONTEXT(2) 
PARAMETRIC_REPRESENTATION_CONTEXT() REPRESENTATION_CONTEXT('2D SPACE',''
  ) );
#13154 = ORIENTED_EDGE('',*,*,#12757,.T.);
#13155 = ORIENTED_EDGE('',*,*,#13134,.T.);
#13156 = ADVANCED_FACE('',(#13157),#12805,.F.);
#13157 = FACE_BOUND('',#13158,.F.);
#13158 = EDGE_LOOP('',(#13159,#13188,#13209,#13210));
#13159 = ORIENTED_EDGE('',*,*,#13160,.F.);
#13160 = EDGE_CURVE('',#13161,#13161,#13163,.T.);
#13161 = VERTEX_POINT('',#13162);
#13162 = CARTESIAN_POINT('',(32.1,-5.143516556419E-16,-54.));
#13163 = SURFACE_CURVE('',#13164,(#13169,#13176),.PCURVE_S1.);
#13164 = CIRCLE('',#13165,2.1);
#13165 = AXIS2_PLACEMENT_3D('',#13166,#13167,#13168);
#13166 = CARTESIAN_POINT('',(30.,0.,-54.));
#13167 = DIRECTION('',(0.,0.,1.));
#13168 = DIRECTION('',(1.,0.,-0.));
#13169 = PCURVE('',#12805,#13170);
#13170 = DEFINITIONAL_REPRESENTATION('',(#13171),#13175);
#13171 = LINE('',#13172,#13173);
#13172 = CARTESIAN_POINT('',(0.,14.));
#13173 = VECTOR('',#13174,1.);
#13174 = DIRECTION('',(1.,0.));
#13175 = ( GEOMETRIC_REPRESENTATION_CONTEXT(2) 
PARAMETRIC_REPRESENTATION_CONTEXT() REPRESENTATION_CONTEXT('2D SPACE',''
  ) );
#13176 = PCURVE('',#13177,#13182);
#13177 = PLANE('',#13178);
#13178 = AXIS2_PLACEMENT_3D('',#13179,#13180,#13181);
#13179 = CARTESIAN_POINT('',(30.,0.,-54.));
#13180 = DIRECTION('',(0.,0.,1.));
#13181 = DIRECTION('',(1.,0.,-0.));
#13182 = DEFINITIONAL_REPRESENTATION('',(#13183),#13187);
#13183 = CIRCLE('',#13184,2.1);
#13184 = AXIS2_PLACEMENT_2D('',#13185,#13186);
#13185 = CARTESIAN_POINT('',(0.,0.));
#13186 = DIRECTION('',(1.,0.));
#13187 = ( GEOMETRIC_REPRESENTATION_CONTEXT(2) 
PARAMETRIC_REPRESENTATION_CONTEXT() REPRESENTATION_CONTEXT('2D SPACE',''
  ) );
#13188 = ORIENTED_EDGE('',*,*,#13189,.F.);
#13189 = EDGE_CURVE('',#12789,#13161,#13190,.T.);
#13190 = SEAM_CURVE('',#13191,(#13195,#13202),.PCURVE_S1.);
#13191 = LINE('',#13192,#13193);
#13192 = CARTESIAN_POINT('',(32.1,-5.143516556419E-16,-68.));
#13193 = VECTOR('',#13194,1.);
#13194 = DIRECTION('',(0.,0.,1.));
#13195 = PCURVE('',#12805,#13196);
#13196 = DEFINITIONAL_REPRESENTATION('',(#13197),#13201);
#13197 = LINE('',#13198,#13199);
#13198 = CARTESIAN_POINT('',(6.28318530718,-0.));
#13199 = VECTOR('',#13200,1.);
#13200 = DIRECTION('',(0.,1.));
#13201 = ( GEOMETRIC_REPRESENTATION_CONTEXT(2) 
PARAMETRIC_REPRESENTATION_CONTEXT() REPRESENTATION_CONTEXT('2D SPACE',''
  ) );
#13202 = PCURVE('',#12805,#13203);
#13203 = DEFINITIONAL_REPRESENTATION('',(#13204),#13208);
#13204 = LINE('',#13205,#13206);
#13205 = CARTESIAN_POINT('',(0.,-0.));
#13206 = VECTOR('',#13207,1.);
#13207 = DIRECTION('',(0.,1.));
#13208 = ( GEOMETRIC_REPRESENTATION_CONTEXT(2) 
PARAMETRIC_REPRESENTATION_CONTEXT() REPRESENTATION_CONTEXT('2D SPACE',''
  ) );
#13209 = ORIENTED_EDGE('',*,*,#12788,.T.);
#13210 = ORIENTED_EDGE('',*,*,#13189,.T.);
#13211 = ADVANCED_FACE('',(#13212),#12836,.F.);
#13212 = FACE_BOUND('',#13213,.F.);
#13213 = EDGE_LOOP('',(#13214,#13235,#13236,#13237));
#13214 = ORIENTED_EDGE('',*,*,#13215,.T.);
#13215 = EDGE_CURVE('',#12820,#13052,#13216,.T.);
#13216 = SEAM_CURVE('',#13217,(#13221,#13228),.PCURVE_S1.);
#13217 = LINE('',#13218,#13219);
#13218 = CARTESIAN_POINT('',(28.75,7.,-70.));
#13219 = VECTOR('',#13220,1.);
#13220 = DIRECTION('',(0.,0.,1.));
#13221 = PCURVE('',#12836,#13222);
#13222 = DEFINITIONAL_REPRESENTATION('',(#13223),#13227);
#13223 = LINE('',#13224,#13225);
#13224 = CARTESIAN_POINT('',(6.28318530718,-0.));
#13225 = VECTOR('',#13226,1.);
#13226 = DIRECTION('',(0.,1.));
#13227 = ( GEOMETRIC_REPRESENTATION_CONTEXT(2) 
PARAMETRIC_REPRESENTATION_CONTEXT() REPRESENTATION_CONTEXT('2D SPACE',''
  ) );
#13228 = PCURVE('',#12836,#13229);
#13229 = DEFINITIONAL_REPRESENTATION('',(#13230),#13234);
#13230 = LINE('',#13231,#13232);
#13231 = CARTESIAN_POINT('',(0.,-0.));
#13232 = VECTOR('',#13233,1.);
#13233 = DIRECTION('',(0.,1.));
#13234 = ( GEOMETRIC_REPRESENTATION_CONTEXT(2) 
PARAMETRIC_REPRESENTATION_CONTEXT() REPRESENTATION_CONTEXT('2D SPACE',''
  ) );
#13235 = ORIENTED_EDGE('',*,*,#13051,.F.);
#13236 = ORIENTED_EDGE('',*,*,#13215,.F.);
#13237 = ORIENTED_EDGE('',*,*,#12819,.T.);
#13238 = ADVANCED_FACE('',(#13239),#13122,.F.);
#13239 = FACE_BOUND('',#13240,.F.);
#13240 = EDGE_LOOP('',(#13241));
#13241 = ORIENTED_EDGE('',*,*,#13105,.T.);
#13242 = ADVANCED_FACE('',(#13243),#13177,.F.);
#13243 = FACE_BOUND('',#13244,.F.);
#13244 = EDGE_LOOP('',(#13245));
#13245 = ORIENTED_EDGE('',*,*,#13160,.T.);
#13246 = ( GEOMETRIC_REPRESENTATION_CONTEXT(3) 
GLOBAL_UNCERTAINTY_ASSIGNED_CONTEXT((#13250)) 
GLOBAL_UNIT_ASSIGNED_CONTEXT((#13247,#13248,#13249)) 
REPRESENTATION_CONTEXT('Context #1',
  '3D Context with UNIT and UNCERTAINTY') );
#13247 = ( LENGTH_UNIT() NAMED_UNIT(*) SI_UNIT(.MILLI.,.METRE.) );
#13248 = ( NAMED_UNIT(*) PLANE_ANGLE_UNIT() SI_UNIT($,.RADIAN.) );
#13249 = ( NAMED_UNIT(*) SI_UNIT($,.STERADIAN.) SOLID_ANGLE_UNIT() );
#13250 = UNCERTAINTY_MEASURE_WITH_UNIT(LENGTH_MEASURE(1.E-07),#13247,
  'distance_accuracy_value','confusion accuracy');
#13251 = CONTEXT_DEPENDENT_SHAPE_REPRESENTATION(#13252,#13254);
#13252 = ( REPRESENTATION_RELATIONSHIP('','',#12103,#10) 
REPRESENTATION_RELATIONSHIP_WITH_TRANSFORMATION(#13253) 
SHAPE_REPRESENTATION_RELATIONSHIP() );
#13253 = ITEM_DEFINED_TRANSFORMATION('','',#11,#43);
#13254 = PRODUCT_DEFINITION_SHAPE('Placement','Placement of an item',
  #13255);
#13255 = NEXT_ASSEMBLY_USAGE_OCCURRENCE('22','','',#5,#12098,$);
#13256 = PRODUCT_RELATED_PRODUCT_CATEGORY('part',$,(#12100));
#13257 = SHAPE_DEFINITION_REPRESENTATION(#13258,#13264);
#13258 = PRODUCT_DEFINITION_SHAPE('','',#13259);
#13259 = PRODUCT_DEFINITION('design','',#13260,#13263);
#13260 = PRODUCT_DEFINITION_FORMATION('','',#13261);
#13261 = PRODUCT('Open CASCADE STEP translator 7.9 13.9',
  'Open CASCADE STEP translator 7.9 13.9','',(#13262));
#13262 = PRODUCT_CONTEXT('',#2,'mechanical');
#13263 = PRODUCT_DEFINITION_CONTEXT('part definition',#2,'design');
#13264 = ADVANCED_BREP_SHAPE_REPRESENTATION('',(#11,#13265),#14559);
#13265 = MANIFOLD_SOLID_BREP('',#13266);
#13266 = CLOSED_SHELL('',(#13267,#13387,#13463,#13601,#13650,#13677,
    #13715,#13788,#13843,#13871,#14323,#14385,#14462,#14490,#14494,
    #14500,#14555));
#13267 = ADVANCED_FACE('',(#13268),#13282,.F.);
#13268 = FACE_BOUND('',#13269,.F.);
#13269 = EDGE_LOOP('',(#13270,#13305,#13333,#13361));
#13270 = ORIENTED_EDGE('',*,*,#13271,.F.);
#13271 = EDGE_CURVE('',#13272,#13274,#13276,.T.);
#13272 = VERTEX_POINT('',#13273);
#13273 = CARTESIAN_POINT('',(17.,-12.,-91.));
#13274 = VERTEX_POINT('',#13275);
#13275 = CARTESIAN_POINT('',(17.,-12.,-59.));
#13276 = SURFACE_CURVE('',#13277,(#13281,#13293),.PCURVE_S1.);
#13277 = LINE('',#13278,#13279);
#13278 = CARTESIAN_POINT('',(17.,-12.,-91.));
#13279 = VECTOR('',#13280,1.);
#13280 = DIRECTION('',(0.,0.,1.));
#13281 = PCURVE('',#13282,#13287);
#13282 = PLANE('',#13283);
#13283 = AXIS2_PLACEMENT_3D('',#13284,#13285,#13286);
#13284 = CARTESIAN_POINT('',(17.,-12.,-91.));
#13285 = DIRECTION('',(1.,0.,-0.));
#13286 = DIRECTION('',(0.,0.,1.));
#13287 = DEFINITIONAL_REPRESENTATION('',(#13288),#13292);
#13288 = LINE('',#13289,#13290);
#13289 = CARTESIAN_POINT('',(0.,0.));
#13290 = VECTOR('',#13291,1.);
#13291 = DIRECTION('',(1.,0.));
#13292 = ( GEOMETRIC_REPRESENTATION_CONTEXT(2) 
PARAMETRIC_REPRESENTATION_CONTEXT() REPRESENTATION_CONTEXT('2D SPACE',''
  ) );
#13293 = PCURVE('',#13294,#13299);
#13294 = PLANE('',#13295);
#13295 = AXIS2_PLACEMENT_3D('',#13296,#13297,#13298);
#13296 = CARTESIAN_POINT('',(17.,-12.,-91.));
#13297 = DIRECTION('',(-0.,1.,0.));
#13298 = DIRECTION('',(0.,0.,1.));
#13299 = DEFINITIONAL_REPRESENTATION('',(#13300),#13304);
#13300 = LINE('',#13301,#13302);
#13301 = CARTESIAN_POINT('',(0.,0.));
#13302 = VECTOR('',#13303,1.);
#13303 = DIRECTION('',(1.,0.));
#13304 = ( GEOMETRIC_REPRESENTATION_CONTEXT(2) 
PARAMETRIC_REPRESENTATION_CONTEXT() REPRESENTATION_CONTEXT('2D SPACE',''
  ) );
#13305 = ORIENTED_EDGE('',*,*,#13306,.T.);
#13306 = EDGE_CURVE('',#13272,#13307,#13309,.T.);
#13307 = VERTEX_POINT('',#13308);
#13308 = CARTESIAN_POINT('',(17.,12.,-91.));
#13309 = SURFACE_CURVE('',#13310,(#13314,#13321),.PCURVE_S1.);
#13310 = LINE('',#13311,#13312);
#13311 = CARTESIAN_POINT('',(17.,-12.,-91.));
#13312 = VECTOR('',#13313,1.);
#13313 = DIRECTION('',(-0.,1.,0.));
#13314 = PCURVE('',#13282,#13315);
#13315 = DEFINITIONAL_REPRESENTATION('',(#13316),#13320);
#13316 = LINE('',#13317,#13318);
#13317 = CARTESIAN_POINT('',(0.,0.));
#13318 = VECTOR('',#13319,1.);
#13319 = DIRECTION('',(0.,-1.));
#13320 = ( GEOMETRIC_REPRESENTATION_CONTEXT(2) 
PARAMETRIC_REPRESENTATION_CONTEXT() REPRESENTATION_CONTEXT('2D SPACE',''
  ) );
#13321 = PCURVE('',#13322,#13327);
#13322 = PLANE('',#13323);
#13323 = AXIS2_PLACEMENT_3D('',#13324,#13325,#13326);
#13324 = CARTESIAN_POINT('',(17.,-12.,-91.));
#13325 = DIRECTION('',(0.,0.,1.));
#13326 = DIRECTION('',(1.,0.,-0.));
#13327 = DEFINITIONAL_REPRESENTATION('',(#13328),#13332);
#13328 = LINE('',#13329,#13330);
#13329 = CARTESIAN_POINT('',(0.,0.));
#13330 = VECTOR('',#13331,1.);
#13331 = DIRECTION('',(0.,1.));
#13332 = ( GEOMETRIC_REPRESENTATION_CONTEXT(2) 
PARAMETRIC_REPRESENTATION_CONTEXT() REPRESENTATION_CONTEXT('2D SPACE',''
  ) );
#13333 = ORIENTED_EDGE('',*,*,#13334,.T.);
#13334 = EDGE_CURVE('',#13307,#13335,#13337,.T.);
#13335 = VERTEX_POINT('',#13336);
#13336 = CARTESIAN_POINT('',(17.,12.,-59.));
#13337 = SURFACE_CURVE('',#13338,(#13342,#13349),.PCURVE_S1.);
#13338 = LINE('',#13339,#13340);
#13339 = CARTESIAN_POINT('',(17.,12.,-91.));
#13340 = VECTOR('',#13341,1.);
#13341 = DIRECTION('',(0.,0.,1.));
#13342 = PCURVE('',#13282,#13343);
#13343 = DEFINITIONAL_REPRESENTATION('',(#13344),#13348);
#13344 = LINE('',#13345,#13346);
#13345 = CARTESIAN_POINT('',(0.,-24.));
#13346 = VECTOR('',#13347,1.);
#13347 = DIRECTION('',(1.,0.));
#13348 = ( GEOMETRIC_REPRESENTATION_CONTEXT(2) 
PARAMETRIC_REPRESENTATION_CONTEXT() REPRESENTATION_CONTEXT('2D SPACE',''
  ) );
#13349 = PCURVE('',#13350,#13355);
#13350 = PLANE('',#13351);
#13351 = AXIS2_PLACEMENT_3D('',#13352,#13353,#13354);
#13352 = CARTESIAN_POINT('',(17.,12.,-91.));
#13353 = DIRECTION('',(-0.,1.,0.));
#13354 = DIRECTION('',(0.,0.,1.));
#13355 = DEFINITIONAL_REPRESENTATION('',(#13356),#13360);
#13356 = LINE('',#13357,#13358);
#13357 = CARTESIAN_POINT('',(0.,0.));
#13358 = VECTOR('',#13359,1.);
#13359 = DIRECTION('',(1.,0.));
#13360 = ( GEOMETRIC_REPRESENTATION_CONTEXT(2) 
PARAMETRIC_REPRESENTATION_CONTEXT() REPRESENTATION_CONTEXT('2D SPACE',''
  ) );
#13361 = ORIENTED_EDGE('',*,*,#13362,.F.);
#13362 = EDGE_CURVE('',#13274,#13335,#13363,.T.);
#13363 = SURFACE_CURVE('',#13364,(#13368,#13375),.PCURVE_S1.);
#13364 = LINE('',#13365,#13366);
#13365 = CARTESIAN_POINT('',(17.,-12.,-59.));
#13366 = VECTOR('',#13367,1.);
#13367 = DIRECTION('',(-0.,1.,0.));
#13368 = PCURVE('',#13282,#13369);
#13369 = DEFINITIONAL_REPRESENTATION('',(#13370),#13374);
#13370 = LINE('',#13371,#13372);
#13371 = CARTESIAN_POINT('',(32.,0.));
#13372 = VECTOR('',#13373,1.);
#13373 = DIRECTION('',(0.,-1.));
#13374 = ( GEOMETRIC_REPRESENTATION_CONTEXT(2) 
PARAMETRIC_REPRESENTATION_CONTEXT() REPRESENTATION_CONTEXT('2D SPACE',''
  ) );
#13375 = PCURVE('',#13376,#13381);
#13376 = PLANE('',#13377);
#13377 = AXIS2_PLACEMENT_3D('',#13378,#13379,#13380);
#13378 = CARTESIAN_POINT('',(17.,-12.,-59.));
#13379 = DIRECTION('',(0.,0.,1.));
#13380 = DIRECTION('',(1.,0.,-0.));
#13381 = DEFINITIONAL_REPRESENTATION('',(#13382),#13386);
#13382 = LINE('',#13383,#13384);
#13383 = CARTESIAN_POINT('',(0.,0.));
#13384 = VECTOR('',#13385,1.);
#13385 = DIRECTION('',(0.,1.));
#13386 = ( GEOMETRIC_REPRESENTATION_CONTEXT(2) 
PARAMETRIC_REPRESENTATION_CONTEXT() REPRESENTATION_CONTEXT('2D SPACE',''
  ) );
#13387 = ADVANCED_FACE('',(#13388),#13294,.F.);
#13388 = FACE_BOUND('',#13389,.F.);
#13389 = EDGE_LOOP('',(#13390,#13413,#13414,#13437));
#13390 = ORIENTED_EDGE('',*,*,#13391,.F.);
#13391 = EDGE_CURVE('',#13272,#13392,#13394,.T.);
#13392 = VERTEX_POINT('',#13393);
#13393 = CARTESIAN_POINT('',(43.,-12.,-91.));
#13394 = SURFACE_CURVE('',#13395,(#13399,#13406),.PCURVE_S1.);
#13395 = LINE('',#13396,#13397);
#13396 = CARTESIAN_POINT('',(17.,-12.,-91.));
#13397 = VECTOR('',#13398,1.);
#13398 = DIRECTION('',(1.,0.,-0.));
#13399 = PCURVE('',#13294,#13400);
#13400 = DEFINITIONAL_REPRESENTATION('',(#13401),#13405);
#13401 = LINE('',#13402,#13403);
#13402 = CARTESIAN_POINT('',(0.,0.));
#13403 = VECTOR('',#13404,1.);
#13404 = DIRECTION('',(0.,1.));
#13405 = ( GEOMETRIC_REPRESENTATION_CONTEXT(2) 
PARAMETRIC_REPRESENTATION_CONTEXT() REPRESENTATION_CONTEXT('2D SPACE',''
  ) );
#13406 = PCURVE('',#13322,#13407);
#13407 = DEFINITIONAL_REPRESENTATION('',(#13408),#13412);
#13408 = LINE('',#13409,#13410);
#13409 = CARTESIAN_POINT('',(0.,0.));
#13410 = VECTOR('',#13411,1.);
#13411 = DIRECTION('',(1.,0.));
#13412 = ( GEOMETRIC_REPRESENTATION_CONTEXT(2) 
PARAMETRIC_REPRESENTATION_CONTEXT() REPRESENTATION_CONTEXT('2D SPACE',''
  ) );
#13413 = ORIENTED_EDGE('',*,*,#13271,.T.);
#13414 = ORIENTED_EDGE('',*,*,#13415,.T.);
#13415 = EDGE_CURVE('',#13274,#13416,#13418,.T.);
#13416 = VERTEX_POINT('',#13417);
#13417 = CARTESIAN_POINT('',(43.,-12.,-59.));
#13418 = SURFACE_CURVE('',#13419,(#13423,#13430),.PCURVE_S1.);
#13419 = LINE('',#13420,#13421);
#13420 = CARTESIAN_POINT('',(17.,-12.,-59.));
#13421 = VECTOR('',#13422,1.);
#13422 = DIRECTION('',(1.,0.,-0.));
#13423 = PCURVE('',#13294,#13424);
#13424 = DEFINITIONAL_REPRESENTATION('',(#13425),#13429);
#13425 = LINE('',#13426,#13427);
#13426 = CARTESIAN_POINT('',(32.,0.));
#13427 = VECTOR('',#13428,1.);
#13428 = DIRECTION('',(0.,1.));
#13429 = ( GEOMETRIC_REPRESENTATION_CONTEXT(2) 
PARAMETRIC_REPRESENTATION_CONTEXT() REPRESENTATION_CONTEXT('2D SPACE',''
  ) );
#13430 = PCURVE('',#13376,#13431);
#13431 = DEFINITIONAL_REPRESENTATION('',(#13432),#13436);
#13432 = LINE('',#13433,#13434);
#13433 = CARTESIAN_POINT('',(0.,0.));
#13434 = VECTOR('',#13435,1.);
#13435 = DIRECTION('',(1.,0.));
#13436 = ( GEOMETRIC_REPRESENTATION_CONTEXT(2) 
PARAMETRIC_REPRESENTATION_CONTEXT() REPRESENTATION_CONTEXT('2D SPACE',''
  ) );
#13437 = ORIENTED_EDGE('',*,*,#13438,.F.);
#13438 = EDGE_CURVE('',#13392,#13416,#13439,.T.);
#13439 = SURFACE_CURVE('',#13440,(#13444,#13451),.PCURVE_S1.);
#13440 = LINE('',#13441,#13442);
#13441 = CARTESIAN_POINT('',(43.,-12.,-91.));
#13442 = VECTOR('',#13443,1.);
#13443 = DIRECTION('',(0.,0.,1.));
#13444 = PCURVE('',#13294,#13445);
#13445 = DEFINITIONAL_REPRESENTATION('',(#13446),#13450);
#13446 = LINE('',#13447,#13448);
#13447 = CARTESIAN_POINT('',(0.,26.));
#13448 = VECTOR('',#13449,1.);
#13449 = DIRECTION('',(1.,0.));
#13450 = ( GEOMETRIC_REPRESENTATION_CONTEXT(2) 
PARAMETRIC_REPRESENTATION_CONTEXT() REPRESENTATION_CONTEXT('2D SPACE',''
  ) );
#13451 = PCURVE('',#13452,#13457);
#13452 = PLANE('',#13453);
#13453 = AXIS2_PLACEMENT_3D('',#13454,#13455,#13456);
#13454 = CARTESIAN_POINT('',(43.,-12.,-91.));
#13455 = DIRECTION('',(1.,0.,-0.));
#13456 = DIRECTION('',(0.,0.,1.));
#13457 = DEFINITIONAL_REPRESENTATION('',(#13458),#13462);
#13458 = LINE('',#13459,#13460);
#13459 = CARTESIAN_POINT('',(0.,0.));
#13460 = VECTOR('',#13461,1.);
#13461 = DIRECTION('',(1.,0.));
#13462 = ( GEOMETRIC_REPRESENTATION_CONTEXT(2) 
PARAMETRIC_REPRESENTATION_CONTEXT() REPRESENTATION_CONTEXT('2D SPACE',''
  ) );
#13463 = ADVANCED_FACE('',(#13464,#13512),#13376,.T.);
#13464 = FACE_BOUND('',#13465,.T.);
#13465 = EDGE_LOOP('',(#13466,#13467,#13468,#13491));
#13466 = ORIENTED_EDGE('',*,*,#13362,.F.);
#13467 = ORIENTED_EDGE('',*,*,#13415,.T.);
#13468 = ORIENTED_EDGE('',*,*,#13469,.T.);
#13469 = EDGE_CURVE('',#13416,#13470,#13472,.T.);
#13470 = VERTEX_POINT('',#13471);
#13471 = CARTESIAN_POINT('',(43.,12.,-59.));
#13472 = SURFACE_CURVE('',#13473,(#13477,#13484),.PCURVE_S1.);
#13473 = LINE('',#13474,#13475);
#13474 = CARTESIAN_POINT('',(43.,-12.,-59.));
#13475 = VECTOR('',#13476,1.);
#13476 = DIRECTION('',(-0.,1.,0.));
#13477 = PCURVE('',#13376,#13478);
#13478 = DEFINITIONAL_REPRESENTATION('',(#13479),#13483);
#13479 = LINE('',#13480,#13481);
#13480 = CARTESIAN_POINT('',(26.,0.));
#13481 = VECTOR('',#13482,1.);
#13482 = DIRECTION('',(0.,1.));
#13483 = ( GEOMETRIC_REPRESENTATION_CONTEXT(2) 
PARAMETRIC_REPRESENTATION_CONTEXT() REPRESENTATION_CONTEXT('2D SPACE',''
  ) );
#13484 = PCURVE('',#13452,#13485);
#13485 = DEFINITIONAL_REPRESENTATION('',(#13486),#13490);
#13486 = LINE('',#13487,#13488);
#13487 = CARTESIAN_POINT('',(32.,0.));
#13488 = VECTOR('',#13489,1.);
#13489 = DIRECTION('',(0.,-1.));
#13490 = ( GEOMETRIC_REPRESENTATION_CONTEXT(2) 
PARAMETRIC_REPRESENTATION_CONTEXT() REPRESENTATION_CONTEXT('2D SPACE',''
  ) );
#13491 = ORIENTED_EDGE('',*,*,#13492,.F.);
#13492 = EDGE_CURVE('',#13335,#13470,#13493,.T.);
#13493 = SURFACE_CURVE('',#13494,(#13498,#13505),.PCURVE_S1.);
#13494 = LINE('',#13495,#13496);
#13495 = CARTESIAN_POINT('',(17.,12.,-59.));
#13496 = VECTOR('',#13497,1.);
#13497 = DIRECTION('',(1.,0.,-0.));
#13498 = PCURVE('',#13376,#13499);
#13499 = DEFINITIONAL_REPRESENTATION('',(#13500),#13504);
#13500 = LINE('',#13501,#13502);
#13501 = CARTESIAN_POINT('',(0.,24.));
#13502 = VECTOR('',#13503,1.);
#13503 = DIRECTION('',(1.,0.));
#13504 = ( GEOMETRIC_REPRESENTATION_CONTEXT(2) 
PARAMETRIC_REPRESENTATION_CONTEXT() REPRESENTATION_CONTEXT('2D SPACE',''
  ) );
#13505 = PCURVE('',#13350,#13506);
#13506 = DEFINITIONAL_REPRESENTATION('',(#13507),#13511);
#13507 = LINE('',#13508,#13509);
#13508 = CARTESIAN_POINT('',(32.,0.));
#13509 = VECTOR('',#13510,1.);
#13510 = DIRECTION('',(0.,1.));
#13511 = ( GEOMETRIC_REPRESENTATION_CONTEXT(2) 
PARAMETRIC_REPRESENTATION_CONTEXT() REPRESENTATION_CONTEXT('2D SPACE',''
  ) );
#13512 = FACE_BOUND('',#13513,.T.);
#13513 = EDGE_LOOP('',(#13514,#13545,#13574));
#13514 = ORIENTED_EDGE('',*,*,#13515,.F.);
#13515 = EDGE_CURVE('',#13516,#13518,#13520,.T.);
#13516 = VERTEX_POINT('',#13517);
#13517 = CARTESIAN_POINT('',(26.,2.56173769149,-59.));
#13518 = VERTEX_POINT('',#13519);
#13519 = CARTESIAN_POINT('',(26.,-2.56173769149,-59.));
#13520 = SURFACE_CURVE('',#13521,(#13526,#13533),.PCURVE_S1.);
#13521 = CIRCLE('',#13522,4.75);
#13522 = AXIS2_PLACEMENT_3D('',#13523,#13524,#13525);
#13523 = CARTESIAN_POINT('',(22.,0.,-59.));
#13524 = DIRECTION('',(0.,0.,1.));
#13525 = DIRECTION('',(1.,0.,-0.));
#13526 = PCURVE('',#13376,#13527);
#13527 = DEFINITIONAL_REPRESENTATION('',(#13528),#13532);
#13528 = CIRCLE('',#13529,4.75);
#13529 = AXIS2_PLACEMENT_2D('',#13530,#13531);
#13530 = CARTESIAN_POINT('',(5.,12.));
#13531 = DIRECTION('',(1.,0.));
#13532 = ( GEOMETRIC_REPRESENTATION_CONTEXT(2) 
PARAMETRIC_REPRESENTATION_CONTEXT() REPRESENTATION_CONTEXT('2D SPACE',''
  ) );
#13533 = PCURVE('',#13534,#13539);
#13534 = CYLINDRICAL_SURFACE('',#13535,4.75);
#13535 = AXIS2_PLACEMENT_3D('',#13536,#13537,#13538);
#13536 = CARTESIAN_POINT('',(22.,0.,-64.5));
#13537 = DIRECTION('',(0.,0.,1.));
#13538 = DIRECTION('',(1.,0.,-0.));
#13539 = DEFINITIONAL_REPRESENTATION('',(#13540),#13544);
#13540 = LINE('',#13541,#13542);
#13541 = CARTESIAN_POINT('',(0.,5.5));
#13542 = VECTOR('',#13543,1.);
#13543 = DIRECTION('',(1.,0.));
#13544 = ( GEOMETRIC_REPRESENTATION_CONTEXT(2) 
PARAMETRIC_REPRESENTATION_CONTEXT() REPRESENTATION_CONTEXT('2D SPACE',''
  ) );
#13545 = ORIENTED_EDGE('',*,*,#13546,.F.);
#13546 = EDGE_CURVE('',#13547,#13516,#13549,.T.);
#13547 = VERTEX_POINT('',#13548);
#13548 = CARTESIAN_POINT('',(34.75,-1.16341445919E-15,-59.));
#13549 = SURFACE_CURVE('',#13550,(#13555,#13562),.PCURVE_S1.);
#13550 = CIRCLE('',#13551,4.75);
#13551 = AXIS2_PLACEMENT_3D('',#13552,#13553,#13554);
#13552 = CARTESIAN_POINT('',(30.,0.,-59.));
#13553 = DIRECTION('',(0.,0.,1.));
#13554 = DIRECTION('',(1.,0.,-0.));
#13555 = PCURVE('',#13376,#13556);
#13556 = DEFINITIONAL_REPRESENTATION('',(#13557),#13561);
#13557 = CIRCLE('',#13558,4.75);
#13558 = AXIS2_PLACEMENT_2D('',#13559,#13560);
#13559 = CARTESIAN_POINT('',(13.,12.));
#13560 = DIRECTION('',(1.,0.));
#13561 = ( GEOMETRIC_REPRESENTATION_CONTEXT(2) 
PARAMETRIC_REPRESENTATION_CONTEXT() REPRESENTATION_CONTEXT('2D SPACE',''
  ) );
#13562 = PCURVE('',#13563,#13568);
#13563 = CYLINDRICAL_SURFACE('',#13564,4.75);
#13564 = AXIS2_PLACEMENT_3D('',#13565,#13566,#13567);
#13565 = CARTESIAN_POINT('',(30.,0.,-64.5));
#13566 = DIRECTION('',(0.,0.,1.));
#13567 = DIRECTION('',(1.,0.,-0.));
#13568 = DEFINITIONAL_REPRESENTATION('',(#13569),#13573);
#13569 = LINE('',#13570,#13571);
#13570 = CARTESIAN_POINT('',(0.,5.5));
#13571 = VECTOR('',#13572,1.);
#13572 = DIRECTION('',(1.,0.));
#13573 = ( GEOMETRIC_REPRESENTATION_CONTEXT(2) 
PARAMETRIC_REPRESENTATION_CONTEXT() REPRESENTATION_CONTEXT('2D SPACE',''
  ) );
#13574 = ORIENTED_EDGE('',*,*,#13575,.F.);
#13575 = EDGE_CURVE('',#13518,#13547,#13576,.T.);
#13576 = SURFACE_CURVE('',#13577,(#13582,#13589),.PCURVE_S1.);
#13577 = CIRCLE('',#13578,4.75);
#13578 = AXIS2_PLACEMENT_3D('',#13579,#13580,#13581);
#13579 = CARTESIAN_POINT('',(30.,0.,-59.));
#13580 = DIRECTION('',(0.,0.,1.));
#13581 = DIRECTION('',(1.,0.,-0.));
#13582 = PCURVE('',#13376,#13583);
#13583 = DEFINITIONAL_REPRESENTATION('',(#13584),#13588);
#13584 = CIRCLE('',#13585,4.75);
#13585 = AXIS2_PLACEMENT_2D('',#13586,#13587);
#13586 = CARTESIAN_POINT('',(13.,12.));
#13587 = DIRECTION('',(1.,0.));
#13588 = ( GEOMETRIC_REPRESENTATION_CONTEXT(2) 
PARAMETRIC_REPRESENTATION_CONTEXT() REPRESENTATION_CONTEXT('2D SPACE',''
  ) );
#13589 = PCURVE('',#13590,#13595);
#13590 = CYLINDRICAL_SURFACE('',#13591,4.75);
#13591 = AXIS2_PLACEMENT_3D('',#13592,#13593,#13594);
#13592 = CARTESIAN_POINT('',(30.,0.,-64.5));
#13593 = DIRECTION('',(0.,0.,1.));
#13594 = DIRECTION('',(1.,0.,-0.));
#13595 = DEFINITIONAL_REPRESENTATION('',(#13596),#13600);
#13596 = LINE('',#13597,#13598);
#13597 = CARTESIAN_POINT('',(0.,5.5));
#13598 = VECTOR('',#13599,1.);
#13599 = DIRECTION('',(1.,0.));
#13600 = ( GEOMETRIC_REPRESENTATION_CONTEXT(2) 
PARAMETRIC_REPRESENTATION_CONTEXT() REPRESENTATION_CONTEXT('2D SPACE',''
  ) );
#13601 = ADVANCED_FACE('',(#13602),#13350,.T.);
#13602 = FACE_BOUND('',#13603,.T.);
#13603 = EDGE_LOOP('',(#13604,#13627,#13628,#13629));
#13604 = ORIENTED_EDGE('',*,*,#13605,.F.);
#13605 = EDGE_CURVE('',#13307,#13606,#13608,.T.);
#13606 = VERTEX_POINT('',#13607);
#13607 = CARTESIAN_POINT('',(43.,12.,-91.));
#13608 = SURFACE_CURVE('',#13609,(#13613,#13620),.PCURVE_S1.);
#13609 = LINE('',#13610,#13611);
#13610 = CARTESIAN_POINT('',(17.,12.,-91.));
#13611 = VECTOR('',#13612,1.);
#13612 = DIRECTION('',(1.,0.,-0.));
#13613 = PCURVE('',#13350,#13614);
#13614 = DEFINITIONAL_REPRESENTATION('',(#13615),#13619);
#13615 = LINE('',#13616,#13617);
#13616 = CARTESIAN_POINT('',(0.,0.));
#13617 = VECTOR('',#13618,1.);
#13618 = DIRECTION('',(0.,1.));
#13619 = ( GEOMETRIC_REPRESENTATION_CONTEXT(2) 
PARAMETRIC_REPRESENTATION_CONTEXT() REPRESENTATION_CONTEXT('2D SPACE',''
  ) );
#13620 = PCURVE('',#13322,#13621);
#13621 = DEFINITIONAL_REPRESENTATION('',(#13622),#13626);
#13622 = LINE('',#13623,#13624);
#13623 = CARTESIAN_POINT('',(0.,24.));
#13624 = VECTOR('',#13625,1.);
#13625 = DIRECTION('',(1.,0.));
#13626 = ( GEOMETRIC_REPRESENTATION_CONTEXT(2) 
PARAMETRIC_REPRESENTATION_CONTEXT() REPRESENTATION_CONTEXT('2D SPACE',''
  ) );
#13627 = ORIENTED_EDGE('',*,*,#13334,.T.);
#13628 = ORIENTED_EDGE('',*,*,#13492,.T.);
#13629 = ORIENTED_EDGE('',*,*,#13630,.F.);
#13630 = EDGE_CURVE('',#13606,#13470,#13631,.T.);
#13631 = SURFACE_CURVE('',#13632,(#13636,#13643),.PCURVE_S1.);
#13632 = LINE('',#13633,#13634);
#13633 = CARTESIAN_POINT('',(43.,12.,-91.));
#13634 = VECTOR('',#13635,1.);
#13635 = DIRECTION('',(0.,0.,1.));
#13636 = PCURVE('',#13350,#13637);
#13637 = DEFINITIONAL_REPRESENTATION('',(#13638),#13642);
#13638 = LINE('',#13639,#13640);
#13639 = CARTESIAN_POINT('',(0.,26.));
#13640 = VECTOR('',#13641,1.);
#13641 = DIRECTION('',(1.,0.));
#13642 = ( GEOMETRIC_REPRESENTATION_CONTEXT(2) 
PARAMETRIC_REPRESENTATION_CONTEXT() REPRESENTATION_CONTEXT('2D SPACE',''
  ) );
#13643 = PCURVE('',#13452,#13644);
#13644 = DEFINITIONAL_REPRESENTATION('',(#13645),#13649);
#13645 = LINE('',#13646,#13647);
#13646 = CARTESIAN_POINT('',(0.,-24.));
#13647 = VECTOR('',#13648,1.);
#13648 = DIRECTION('',(1.,0.));
#13649 = ( GEOMETRIC_REPRESENTATION_CONTEXT(2) 
PARAMETRIC_REPRESENTATION_CONTEXT() REPRESENTATION_CONTEXT('2D SPACE',''
  ) );
#13650 = ADVANCED_FACE('',(#13651),#13322,.F.);
#13651 = FACE_BOUND('',#13652,.F.);
#13652 = EDGE_LOOP('',(#13653,#13654,#13655,#13676));
#13653 = ORIENTED_EDGE('',*,*,#13306,.F.);
#13654 = ORIENTED_EDGE('',*,*,#13391,.T.);
#13655 = ORIENTED_EDGE('',*,*,#13656,.T.);
#13656 = EDGE_CURVE('',#13392,#13606,#13657,.T.);
#13657 = SURFACE_CURVE('',#13658,(#13662,#13669),.PCURVE_S1.);
#13658 = LINE('',#13659,#13660);
#13659 = CARTESIAN_POINT('',(43.,-12.,-91.));
#13660 = VECTOR('',#13661,1.);
#13661 = DIRECTION('',(-0.,1.,0.));
#13662 = PCURVE('',#13322,#13663);
#13663 = DEFINITIONAL_REPRESENTATION('',(#13664),#13668);
#13664 = LINE('',#13665,#13666);
#13665 = CARTESIAN_POINT('',(26.,0.));
#13666 = VECTOR('',#13667,1.);
#13667 = DIRECTION('',(0.,1.));
#13668 = ( GEOMETRIC_REPRESENTATION_CONTEXT(2) 
PARAMETRIC_REPRESENTATION_CONTEXT() REPRESENTATION_CONTEXT('2D SPACE',''
  ) );
#13669 = PCURVE('',#13452,#13670);
#13670 = DEFINITIONAL_REPRESENTATION('',(#13671),#13675);
#13671 = LINE('',#13672,#13673);
#13672 = CARTESIAN_POINT('',(0.,0.));
#13673 = VECTOR('',#13674,1.);
#13674 = DIRECTION('',(0.,-1.));
#13675 = ( GEOMETRIC_REPRESENTATION_CONTEXT(2) 
PARAMETRIC_REPRESENTATION_CONTEXT() REPRESENTATION_CONTEXT('2D SPACE',''
  ) );
#13676 = ORIENTED_EDGE('',*,*,#13605,.F.);
#13677 = ADVANCED_FACE('',(#13678,#13684),#13452,.T.);
#13678 = FACE_BOUND('',#13679,.T.);
#13679 = EDGE_LOOP('',(#13680,#13681,#13682,#13683));
#13680 = ORIENTED_EDGE('',*,*,#13438,.F.);
#13681 = ORIENTED_EDGE('',*,*,#13656,.T.);
#13682 = ORIENTED_EDGE('',*,*,#13630,.T.);
#13683 = ORIENTED_EDGE('',*,*,#13469,.F.);
#13684 = FACE_BOUND('',#13685,.T.);
#13685 = EDGE_LOOP('',(#13686));
#13686 = ORIENTED_EDGE('',*,*,#13687,.F.);
#13687 = EDGE_CURVE('',#13688,#13688,#13690,.T.);
#13688 = VERTEX_POINT('',#13689);
#13689 = CARTESIAN_POINT('',(43.,1.420590287011E-15,-69.2));
#13690 = SURFACE_CURVE('',#13691,(#13696,#13703),.PCURVE_S1.);
#13691 = CIRCLE('',#13692,5.8);
#13692 = AXIS2_PLACEMENT_3D('',#13693,#13694,#13695);
#13693 = CARTESIAN_POINT('',(43.,0.,-75.));
#13694 = DIRECTION('',(1.,0.,0.));
#13695 = DIRECTION('',(-0.,0.,1.));
#13696 = PCURVE('',#13452,#13697);
#13697 = DEFINITIONAL_REPRESENTATION('',(#13698),#13702);
#13698 = CIRCLE('',#13699,5.8);
#13699 = AXIS2_PLACEMENT_2D('',#13700,#13701);
#13700 = CARTESIAN_POINT('',(16.,-12.));
#13701 = DIRECTION('',(1.,0.));
#13702 = ( GEOMETRIC_REPRESENTATION_CONTEXT(2) 
PARAMETRIC_REPRESENTATION_CONTEXT() REPRESENTATION_CONTEXT('2D SPACE',''
  ) );
#13703 = PCURVE('',#13704,#13709);
#13704 = CYLINDRICAL_SURFACE('',#13705,5.8);
#13705 = AXIS2_PLACEMENT_3D('',#13706,#13707,#13708);
#13706 = CARTESIAN_POINT('',(25.5,0.,-75.));
#13707 = DIRECTION('',(1.,0.,0.));
#13708 = DIRECTION('',(-0.,0.,1.));
#13709 = DEFINITIONAL_REPRESENTATION('',(#13710),#13714);
#13710 = LINE('',#13711,#13712);
#13711 = CARTESIAN_POINT('',(0.,17.5));
#13712 = VECTOR('',#13713,1.);
#13713 = DIRECTION('',(1.,0.));
#13714 = ( GEOMETRIC_REPRESENTATION_CONTEXT(2) 
PARAMETRIC_REPRESENTATION_CONTEXT() REPRESENTATION_CONTEXT('2D SPACE',''
  ) );
#13715 = ADVANCED_FACE('',(#13716),#13534,.F.);
#13716 = FACE_BOUND('',#13717,.F.);
#13717 = EDGE_LOOP('',(#13718,#13719,#13740,#13769));
#13718 = ORIENTED_EDGE('',*,*,#13515,.F.);
#13719 = ORIENTED_EDGE('',*,*,#13720,.F.);
#13720 = EDGE_CURVE('',#13721,#13516,#13723,.T.);
#13721 = VERTEX_POINT('',#13722);
#13722 = CARTESIAN_POINT('',(26.,2.56173769149,-64.5));
#13723 = SURFACE_CURVE('',#13724,(#13728,#13734),.PCURVE_S1.);
#13724 = LINE('',#13725,#13726);
#13725 = CARTESIAN_POINT('',(26.,2.56173769149,-64.5));
#13726 = VECTOR('',#13727,1.);
#13727 = DIRECTION('',(0.,0.,1.));
#13728 = PCURVE('',#13534,#13729);
#13729 = DEFINITIONAL_REPRESENTATION('',(#13730),#13733);
#13730 = B_SPLINE_CURVE_WITH_KNOTS('',1,(#13731,#13732),.UNSPECIFIED.,
  .F.,.F.,(2,2),(-6.000000070117E-07,5.5000006),
  .PIECEWISE_BEZIER_KNOTS.);
#13731 = CARTESIAN_POINT('',(0.569621319073,-6.000000070117E-07));
#13732 = CARTESIAN_POINT('',(0.569621319073,5.5000006));
#13733 = ( GEOMETRIC_REPRESENTATION_CONTEXT(2) 
PARAMETRIC_REPRESENTATION_CONTEXT() REPRESENTATION_CONTEXT('2D SPACE',''
  ) );
#13734 = PCURVE('',#13563,#13735);
#13735 = DEFINITIONAL_REPRESENTATION('',(#13736),#13739);
#13736 = B_SPLINE_CURVE_WITH_KNOTS('',1,(#13737,#13738),.UNSPECIFIED.,
  .F.,.F.,(2,2),(-6.000000070117E-07,5.5000006),
  .PIECEWISE_BEZIER_KNOTS.);
#13737 = CARTESIAN_POINT('',(2.571971334517,-6.000000070117E-07));
#13738 = CARTESIAN_POINT('',(2.571971334517,5.5000006));
#13739 = ( GEOMETRIC_REPRESENTATION_CONTEXT(2) 
PARAMETRIC_REPRESENTATION_CONTEXT() REPRESENTATION_CONTEXT('2D SPACE',''
  ) );
#13740 = ORIENTED_EDGE('',*,*,#13741,.T.);
#13741 = EDGE_CURVE('',#13721,#13742,#13744,.T.);
#13742 = VERTEX_POINT('',#13743);
#13743 = CARTESIAN_POINT('',(26.,-2.56173769149,-64.5));
#13744 = SURFACE_CURVE('',#13745,(#13750,#13757),.PCURVE_S1.);
#13745 = CIRCLE('',#13746,4.75);
#13746 = AXIS2_PLACEMENT_3D('',#13747,#13748,#13749);
#13747 = CARTESIAN_POINT('',(22.,0.,-64.5));
#13748 = DIRECTION('',(0.,0.,1.));
#13749 = DIRECTION('',(1.,0.,-0.));
#13750 = PCURVE('',#13534,#13751);
#13751 = DEFINITIONAL_REPRESENTATION('',(#13752),#13756);
#13752 = LINE('',#13753,#13754);
#13753 = CARTESIAN_POINT('',(0.,0.));
#13754 = VECTOR('',#13755,1.);
#13755 = DIRECTION('',(1.,0.));
#13756 = ( GEOMETRIC_REPRESENTATION_CONTEXT(2) 
PARAMETRIC_REPRESENTATION_CONTEXT() REPRESENTATION_CONTEXT('2D SPACE',''
  ) );
#13757 = PCURVE('',#13758,#13763);
#13758 = PLANE('',#13759);
#13759 = AXIS2_PLACEMENT_3D('',#13760,#13761,#13762);
#13760 = CARTESIAN_POINT('',(22.,0.,-64.5));
#13761 = DIRECTION('',(0.,0.,1.));
#13762 = DIRECTION('',(1.,0.,-0.));
#13763 = DEFINITIONAL_REPRESENTATION('',(#13764),#13768);
#13764 = CIRCLE('',#13765,4.75);
#13765 = AXIS2_PLACEMENT_2D('',#13766,#13767);
#13766 = CARTESIAN_POINT('',(0.,0.));
#13767 = DIRECTION('',(1.,0.));
#13768 = ( GEOMETRIC_REPRESENTATION_CONTEXT(2) 
PARAMETRIC_REPRESENTATION_CONTEXT() REPRESENTATION_CONTEXT('2D SPACE',''
  ) );
#13769 = ORIENTED_EDGE('',*,*,#13770,.T.);
#13770 = EDGE_CURVE('',#13742,#13518,#13771,.T.);
#13771 = SURFACE_CURVE('',#13772,(#13776,#13782),.PCURVE_S1.);
#13772 = LINE('',#13773,#13774);
#13773 = CARTESIAN_POINT('',(26.,-2.56173769149,-64.5));
#13774 = VECTOR('',#13775,1.);
#13775 = DIRECTION('',(0.,0.,1.));
#13776 = PCURVE('',#13534,#13777);
#13777 = DEFINITIONAL_REPRESENTATION('',(#13778),#13781);
#13778 = B_SPLINE_CURVE_WITH_KNOTS('',1,(#13779,#13780),.UNSPECIFIED.,
  .F.,.F.,(2,2),(-6.000000070117E-07,5.5000006),
  .PIECEWISE_BEZIER_KNOTS.);
#13779 = CARTESIAN_POINT('',(5.713563988107,-6.000000070117E-07));
#13780 = CARTESIAN_POINT('',(5.713563988107,5.5000006));
#13781 = ( GEOMETRIC_REPRESENTATION_CONTEXT(2) 
PARAMETRIC_REPRESENTATION_CONTEXT() REPRESENTATION_CONTEXT('2D SPACE',''
  ) );
#13782 = PCURVE('',#13590,#13783);
#13783 = DEFINITIONAL_REPRESENTATION('',(#13784),#13787);
#13784 = B_SPLINE_CURVE_WITH_KNOTS('',1,(#13785,#13786),.UNSPECIFIED.,
  .F.,.F.,(2,2),(-6.000000070117E-07,5.5000006),
  .PIECEWISE_BEZIER_KNOTS.);
#13785 = CARTESIAN_POINT('',(3.711213972663,-6.000000070117E-07));
#13786 = CARTESIAN_POINT('',(3.711213972663,5.5000006));
#13787 = ( GEOMETRIC_REPRESENTATION_CONTEXT(2) 
PARAMETRIC_REPRESENTATION_CONTEXT() REPRESENTATION_CONTEXT('2D SPACE',''
  ) );
#13788 = ADVANCED_FACE('',(#13789),#13590,.F.);
#13789 = FACE_BOUND('',#13790,.F.);
#13790 = EDGE_LOOP('',(#13791,#13814,#13815,#13816));
#13791 = ORIENTED_EDGE('',*,*,#13792,.T.);
#13792 = EDGE_CURVE('',#13793,#13547,#13795,.T.);
#13793 = VERTEX_POINT('',#13794);
#13794 = CARTESIAN_POINT('',(34.75,-1.16341445919E-15,-64.5));
#13795 = SURFACE_CURVE('',#13796,(#13800,#13807),.PCURVE_S1.);
#13796 = LINE('',#13797,#13798);
#13797 = CARTESIAN_POINT('',(34.75,-1.16341445919E-15,-64.5));
#13798 = VECTOR('',#13799,1.);
#13799 = DIRECTION('',(0.,0.,1.));
#13800 = PCURVE('',#13590,#13801);
#13801 = DEFINITIONAL_REPRESENTATION('',(#13802),#13806);
#13802 = LINE('',#13803,#13804);
#13803 = CARTESIAN_POINT('',(6.28318530718,-0.));
#13804 = VECTOR('',#13805,1.);
#13805 = DIRECTION('',(0.,1.));
#13806 = ( GEOMETRIC_REPRESENTATION_CONTEXT(2) 
PARAMETRIC_REPRESENTATION_CONTEXT() REPRESENTATION_CONTEXT('2D SPACE',''
  ) );
#13807 = PCURVE('',#13563,#13808);
#13808 = DEFINITIONAL_REPRESENTATION('',(#13809),#13813);
#13809 = LINE('',#13810,#13811);
#13810 = CARTESIAN_POINT('',(0.,-0.));
#13811 = VECTOR('',#13812,1.);
#13812 = DIRECTION('',(0.,1.));
#13813 = ( GEOMETRIC_REPRESENTATION_CONTEXT(2) 
PARAMETRIC_REPRESENTATION_CONTEXT() REPRESENTATION_CONTEXT('2D SPACE',''
  ) );
#13814 = ORIENTED_EDGE('',*,*,#13575,.F.);
#13815 = ORIENTED_EDGE('',*,*,#13770,.F.);
#13816 = ORIENTED_EDGE('',*,*,#13817,.T.);
#13817 = EDGE_CURVE('',#13742,#13793,#13818,.T.);
#13818 = SURFACE_CURVE('',#13819,(#13824,#13831),.PCURVE_S1.);
#13819 = CIRCLE('',#13820,4.75);
#13820 = AXIS2_PLACEMENT_3D('',#13821,#13822,#13823);
#13821 = CARTESIAN_POINT('',(30.,0.,-64.5));
#13822 = DIRECTION('',(0.,0.,1.));
#13823 = DIRECTION('',(1.,0.,-0.));
#13824 = PCURVE('',#13590,#13825);
#13825 = DEFINITIONAL_REPRESENTATION('',(#13826),#13830);
#13826 = LINE('',#13827,#13828);
#13827 = CARTESIAN_POINT('',(0.,0.));
#13828 = VECTOR('',#13829,1.);
#13829 = DIRECTION('',(1.,0.));
#13830 = ( GEOMETRIC_REPRESENTATION_CONTEXT(2) 
PARAMETRIC_REPRESENTATION_CONTEXT() REPRESENTATION_CONTEXT('2D SPACE',''
  ) );
#13831 = PCURVE('',#13832,#13837);
#13832 = PLANE('',#13833);
#13833 = AXIS2_PLACEMENT_3D('',#13834,#13835,#13836);
#13834 = CARTESIAN_POINT('',(30.,0.,-64.5));
#13835 = DIRECTION('',(0.,0.,1.));
#13836 = DIRECTION('',(1.,0.,-0.));
#13837 = DEFINITIONAL_REPRESENTATION('',(#13838),#13842);
#13838 = CIRCLE('',#13839,4.75);
#13839 = AXIS2_PLACEMENT_2D('',#13840,#13841);
#13840 = CARTESIAN_POINT('',(0.,0.));
#13841 = DIRECTION('',(1.,0.));
#13842 = ( GEOMETRIC_REPRESENTATION_CONTEXT(2) 
PARAMETRIC_REPRESENTATION_CONTEXT() REPRESENTATION_CONTEXT('2D SPACE',''
  ) );
#13843 = ADVANCED_FACE('',(#13844),#13563,.F.);
#13844 = FACE_BOUND('',#13845,.F.);
#13845 = EDGE_LOOP('',(#13846,#13847,#13848,#13870));
#13846 = ORIENTED_EDGE('',*,*,#13546,.F.);
#13847 = ORIENTED_EDGE('',*,*,#13792,.F.);
#13848 = ORIENTED_EDGE('',*,*,#13849,.T.);
#13849 = EDGE_CURVE('',#13793,#13721,#13850,.T.);
#13850 = SURFACE_CURVE('',#13851,(#13856,#13863),.PCURVE_S1.);
#13851 = CIRCLE('',#13852,4.75);
#13852 = AXIS2_PLACEMENT_3D('',#13853,#13854,#13855);
#13853 = CARTESIAN_POINT('',(30.,0.,-64.5));
#13854 = DIRECTION('',(0.,0.,1.));
#13855 = DIRECTION('',(1.,0.,-0.));
#13856 = PCURVE('',#13563,#13857);
#13857 = DEFINITIONAL_REPRESENTATION('',(#13858),#13862);
#13858 = LINE('',#13859,#13860);
#13859 = CARTESIAN_POINT('',(0.,0.));
#13860 = VECTOR('',#13861,1.);
#13861 = DIRECTION('',(1.,0.));
#13862 = ( GEOMETRIC_REPRESENTATION_CONTEXT(2) 
PARAMETRIC_REPRESENTATION_CONTEXT() REPRESENTATION_CONTEXT('2D SPACE',''
  ) );
#13863 = PCURVE('',#13832,#13864);
#13864 = DEFINITIONAL_REPRESENTATION('',(#13865),#13869);
#13865 = CIRCLE('',#13866,4.75);
#13866 = AXIS2_PLACEMENT_2D('',#13867,#13868);
#13867 = CARTESIAN_POINT('',(0.,0.));
#13868 = DIRECTION('',(1.,0.));
#13869 = ( GEOMETRIC_REPRESENTATION_CONTEXT(2) 
PARAMETRIC_REPRESENTATION_CONTEXT() REPRESENTATION_CONTEXT('2D SPACE',''
  ) );
#13870 = ORIENTED_EDGE('',*,*,#13720,.T.);
#13871 = ADVANCED_FACE('',(#13872),#13704,.F.);
#13872 = FACE_BOUND('',#13873,.F.);
#13873 = EDGE_LOOP('',(#13874,#13875,#13898,#14088,#14111,#14138,#14139,
    #14322));
#13874 = ORIENTED_EDGE('',*,*,#13687,.F.);
#13875 = ORIENTED_EDGE('',*,*,#13876,.F.);
#13876 = EDGE_CURVE('',#13877,#13688,#13879,.T.);
#13877 = VERTEX_POINT('',#13878);
#13878 = CARTESIAN_POINT('',(32.75,3.735172737399E-16,-69.2));
#13879 = SEAM_CURVE('',#13880,(#13884,#13891),.PCURVE_S1.);
#13880 = LINE('',#13881,#13882);
#13881 = CARTESIAN_POINT('',(25.5,1.420590287011E-15,-69.2));
#13882 = VECTOR('',#13883,1.);
#13883 = DIRECTION('',(1.,0.,0.));
#13884 = PCURVE('',#13704,#13885);
#13885 = DEFINITIONAL_REPRESENTATION('',(#13886),#13890);
#13886 = LINE('',#13887,#13888);
#13887 = CARTESIAN_POINT('',(6.28318530718,-0.));
#13888 = VECTOR('',#13889,1.);
#13889 = DIRECTION('',(0.,1.));
#13890 = ( GEOMETRIC_REPRESENTATION_CONTEXT(2) 
PARAMETRIC_REPRESENTATION_CONTEXT() REPRESENTATION_CONTEXT('2D SPACE',''
  ) );
#13891 = PCURVE('',#13704,#13892);
#13892 = DEFINITIONAL_REPRESENTATION('',(#13893),#13897);
#13893 = LINE('',#13894,#13895);
#13894 = CARTESIAN_POINT('',(0.,-0.));
#13895 = VECTOR('',#13896,1.);
#13896 = DIRECTION('',(0.,1.));
#13897 = ( GEOMETRIC_REPRESENTATION_CONTEXT(2) 
PARAMETRIC_REPRESENTATION_CONTEXT() REPRESENTATION_CONTEXT('2D SPACE',''
  ) );
#13898 = ORIENTED_EDGE('',*,*,#13899,.F.);
#13899 = EDGE_CURVE('',#13900,#13877,#13902,.T.);
#13900 = VERTEX_POINT('',#13901);
#13901 = CARTESIAN_POINT('',(27.25,1.420590287011E-15,-69.2));
#13902 = SURFACE_CURVE('',#13903,(#13961,#14022),.PCURVE_S1.);
#13903 = B_SPLINE_CURVE_WITH_KNOTS('',6,(#13904,#13905,#13906,#13907,
    #13908,#13909,#13910,#13911,#13912,#13913,#13914,#13915,#13916,
    #13917,#13918,#13919,#13920,#13921,#13922,#13923,#13924,#13925,
    #13926,#13927,#13928,#13929,#13930,#13931,#13932,#13933,#13934,
    #13935,#13936,#13937,#13938,#13939,#13940,#13941,#13942,#13943,
    #13944,#13945,#13946,#13947,#13948,#13949,#13950,#13951,#13952,
    #13953,#13954,#13955,#13956,#13957,#13958,#13959,#13960),
  .UNSPECIFIED.,.F.,.F.,(7,5,5,5,5,5,5,5,5,5,5,7),(0.,0.123067596734,
    0.178405427694,0.252150785049,0.348257965791,0.419349595403,
    0.499718365171,0.651555457527,0.747006438255,0.819923675261,
    0.923908801645,1.),.UNSPECIFIED.);
#13904 = CARTESIAN_POINT('',(27.25,4.440892098501E-16,-69.2));
#13905 = CARTESIAN_POINT('',(27.25,-0.215609901813,-69.2));
#13906 = CARTESIAN_POINT('',(27.270285643808,-0.429438191356,
    -69.2096182203));
#13907 = CARTESIAN_POINT('',(27.310227489201,-0.637982982979,
    -69.22855600326));
#13908 = CARTESIAN_POINT('',(27.368134102616,-0.837862751129,
    -69.25559975219));
#13909 = CARTESIAN_POINT('',(27.441262552477,-1.026039366725,
    -69.28870675495));
#13910 = CARTESIAN_POINT('',(27.563590593394,-1.278268308463,
    -69.34204764812));
#13911 = CARTESIAN_POINT('',(27.603979903698,-1.353986885361,
    -69.35941276906));
#13912 = CARTESIAN_POINT('',(27.646618538188,-1.427173324935,
    -69.37744923383));
#13913 = CARTESIAN_POINT('',(27.691323757068,-1.497822372725,
    -69.39601471311));
#13914 = CARTESIAN_POINT('',(27.737925822363,-1.565937310811,
    -69.41497427408));
#13915 = CARTESIAN_POINT('',(27.850689485216,-1.718940117641,
    -69.45982472847));
#13916 = CARTESIAN_POINT('',(27.918214161427,-1.801888774887,
    -69.48592873951));
#13917 = CARTESIAN_POINT('',(27.98851579833,-1.880456202994,
    -69.51223205479));
#13918 = CARTESIAN_POINT('',(28.061316224484,-1.954725376731,
    -69.53848031538));
#13919 = CARTESIAN_POINT('',(28.136384344036,-2.024780239206,
    -69.56444482852));
#13920 = CARTESIAN_POINT('',(28.3140815983,-2.176618919454,
    -69.62312230941));
#13921 = CARTESIAN_POINT('',(28.418183362987,-2.255533309026,
    -69.6555000733));
#13922 = CARTESIAN_POINT('',(28.525394664322,-2.327587707041,
    -69.68658611883));
#13923 = CARTESIAN_POINT('',(28.63533949437,-2.392897385678,
    -69.71596427432));
#13924 = CARTESIAN_POINT('',(28.747709967228,-2.451551009454,
    -69.74326829234));
#13925 = CARTESIAN_POINT('',(28.94700125651,-2.54211661264,
    -69.78660709866));
#13926 = CARTESIAN_POINT('',(29.03292120662,-2.57700960785,
    -69.80372262328));
#13927 = CARTESIAN_POINT('',(29.119882080903,-2.608293209983,
    -69.81938838192));
#13928 = CARTESIAN_POINT('',(29.207750570397,-2.635971583018,
    -69.83348353795));
#13929 = CARTESIAN_POINT('',(29.296401747297,-2.660046239234,
    -69.84590582659));
#13930 = CARTESIAN_POINT('',(29.486691393909,-2.703654039646,
    -69.86863218133));
#13931 = CARTESIAN_POINT('',(29.588509829799,-2.722183364125,
    -69.87844772815));
#13932 = CARTESIAN_POINT('',(29.690958438158,-2.736088783469,
    -69.8858950676));
#13933 = CARTESIAN_POINT('',(29.793826403178,-2.745362321486,
    -69.89088924845));
#13934 = CARTESIAN_POINT('',(29.896907533071,-2.75,-69.89338664083));
#13935 = CARTESIAN_POINT('',(30.19476794864,-2.75,-69.89338664083));
#13936 = CARTESIAN_POINT('',(30.389320806813,-2.733446883034,
    -69.88447251556));
#13937 = CARTESIAN_POINT('',(30.582433280939,-2.700408236948,
    -69.86668056412));
#13938 = CARTESIAN_POINT('',(30.772854213174,-2.650902654263,
    -69.84054018898));
#13939 = CARTESIAN_POINT('',(30.959220993685,-2.584927449942,
    -69.80707393229));
#13940 = CARTESIAN_POINT('',(31.253616938458,-2.450823676955,
    -69.74293278989));
#13941 = CARTESIAN_POINT('',(31.365097791655,-2.392565766826,
    -69.71582328495));
#13942 = CARTESIAN_POINT('',(31.474188267003,-2.327753695034,
    -69.68667373101));
#13943 = CARTESIAN_POINT('',(31.58058740304,-2.256300819721,
    -69.65584207887));
#13944 = CARTESIAN_POINT('',(31.683928240285,-2.178094698358,
    -69.62373466566));
#13945 = CARTESIAN_POINT('',(31.860051599733,-2.0279920923,
    -69.56565490266));
#13946 = CARTESIAN_POINT('',(31.934298830279,-1.95895593924,
    -69.54002031353));
#13947 = CARTESIAN_POINT('',(32.006340105516,-1.885809922903,
    -69.51410137374));
#13948 = CARTESIAN_POINT('',(32.075953866656,-1.80847320753,
    -69.4881178841));
#13949 = CARTESIAN_POINT('',(32.142873898729,-1.726865690078,
    -69.46231399782));
#13950 = CARTESIAN_POINT('',(32.297936193785,-1.518329004495,
    -69.40080271382));
#13951 = CARTESIAN_POINT('',(32.383193498511,-1.386606028813,
    -69.36547240632));
#13952 = CARTESIAN_POINT('',(32.461299195567,-1.24583625284,
    -69.33187807739));
#13953 = CARTESIAN_POINT('',(32.530954009758,-1.096240732291,
    -69.30101956125));
#13954 = CARTESIAN_POINT('',(32.590791629157,-0.938189806261,
    -69.27393324433));
#13955 = CARTESIAN_POINT('',(32.674881463721,-0.650784237426,
    -69.23532355846));
#13956 = CARTESIAN_POINT('',(32.704361424662,-0.525146327466,
    -69.22157989656));
#13957 = CARTESIAN_POINT('',(32.727015895521,-0.396240871357,
    -69.21089764198));
#13958 = CARTESIAN_POINT('',(32.742323556867,-0.26506032655,
    -69.20363969113));
#13959 = CARTESIAN_POINT('',(32.75,-0.132634160179,-69.2));
#13960 = CARTESIAN_POINT('',(32.75,-4.440892098501E-16,-69.2));
#13961 = PCURVE('',#13704,#13962);
#13962 = DEFINITIONAL_REPRESENTATION('',(#13963),#14021);
#13963 = B_SPLINE_CURVE_WITH_KNOTS('',6,(#13964,#13965,#13966,#13967,
    #13968,#13969,#13970,#13971,#13972,#13973,#13974,#13975,#13976,
    #13977,#13978,#13979,#13980,#13981,#13982,#13983,#13984,#13985,
    #13986,#13987,#13988,#13989,#13990,#13991,#13992,#13993,#13994,
    #13995,#13996,#13997,#13998,#13999,#14000,#14001,#14002,#14003,
    #14004,#14005,#14006,#14007,#14008,#14009,#14010,#14011,#14012,
    #14013,#14014,#14015,#14016,#14017,#14018,#14019,#14020),
  .UNSPECIFIED.,.F.,.F.,(7,5,5,5,5,5,5,5,5,5,5,7),(0.,0.123067596734,
    0.178405427694,0.252150785049,0.348257965791,0.419349595403,
    0.499718365171,0.651555457527,0.747006438255,0.819923675261,
    0.923908801645,1.),.UNSPECIFIED.);
#13964 = CARTESIAN_POINT('',(0.,1.75));
#13965 = CARTESIAN_POINT('',(3.717412100217E-02,1.75));
#13966 = CARTESIAN_POINT('',(7.40411308694E-02,1.770285643808));
#13967 = CARTESIAN_POINT('',(0.110089282267,1.810227489201));
#13968 = CARTESIAN_POINT('',(0.144821957888,1.868134102616));
#13969 = CARTESIAN_POINT('',(0.17774523674,1.941262552477));
#13970 = CARTESIAN_POINT('',(0.222194799981,2.063590593394));
#13971 = CARTESIAN_POINT('',(0.235586701737,2.103979903698));
#13972 = CARTESIAN_POINT('',(0.248580142228,2.146618538188));
#13973 = CARTESIAN_POINT('',(0.261172519311,2.191323757068));
#13974 = CARTESIAN_POINT('',(0.273361791104,2.237925822363));
#13975 = CARTESIAN_POINT('',(0.300851613108,2.350689485216));
#13976 = CARTESIAN_POINT('',(0.31584165862,2.418214161427));
#13977 = CARTESIAN_POINT('',(0.330123441909,2.48851579833));
#13978 = CARTESIAN_POINT('',(0.343702200384,2.561316224484));
#13979 = CARTESIAN_POINT('',(0.356582292946,2.636384344036));
#13980 = CARTESIAN_POINT('',(0.384648182584,2.8140815983));
#13981 = CARTESIAN_POINT('',(0.399351686713,2.918183362987));
#13982 = CARTESIAN_POINT('',(0.412878823941,3.025394664322));
#13983 = CARTESIAN_POINT('',(0.425224271461,3.13533949437));
#13984 = CARTESIAN_POINT('',(0.436378353628,3.247709967228));
#13985 = CARTESIAN_POINT('',(0.453688887881,3.44700125651));
#13986 = CARTESIAN_POINT('',(0.460389378752,3.53292120662));
#13987 = CARTESIAN_POINT('',(0.466421337897,3.619882080903));
#13988 = CARTESIAN_POINT('',(0.471776508831,3.707750570397));
#13989 = CARTESIAN_POINT('',(0.476447266978,3.796401747297));
#13990 = CARTESIAN_POINT('',(0.484925622046,3.986691393909));
#13991 = CARTESIAN_POINT('',(0.488540816408,4.088509829799));
#13992 = CARTESIAN_POINT('',(0.491260471444,4.190958438158));
#13993 = CARTESIAN_POINT('',(0.493076491966,4.293826403178));
#13994 = CARTESIAN_POINT('',(0.493984650799,4.396907533071));
#13995 = CARTESIAN_POINT('',(0.493984650799,4.69476794864));
#13996 = CARTESIAN_POINT('',(0.490743161211,4.889320806813));
#13997 = CARTESIAN_POINT('',(0.484273309241,5.082433280939));
#13998 = CARTESIAN_POINT('',(0.47462152273,5.272854213174));
#13999 = CARTESIAN_POINT('',(0.461870206542,5.459220993685));
#14000 = CARTESIAN_POINT('',(0.436240266643,5.753616938458));
#14001 = CARTESIAN_POINT('',(0.425162179925,5.865097791655));
#14002 = CARTESIAN_POINT('',(0.412911111224,5.974188267003));
#14003 = CARTESIAN_POINT('',(0.399496503411,6.08058740304));
#14004 = CARTESIAN_POINT('',(0.384923580457,6.183928240285));
#14005 = CARTESIAN_POINT('',(0.35717403642,6.360051599733));
#14006 = CARTESIAN_POINT('',(0.344478352296,6.434298830279));
#14007 = CARTESIAN_POINT('',(0.331100984868,6.506340105516));
#14008 = CARTESIAN_POINT('',(0.317037763773,6.575953866656));
#14009 = CARTESIAN_POINT('',(0.302283664827,6.642873898729));
#14010 = CARTESIAN_POINT('',(0.264797564632,6.797936193785));
#14011 = CARTESIAN_POINT('',(0.241291138126,6.883193498511));
#14012 = CARTESIAN_POINT('',(0.216354304464,6.961299195567));
#14013 = CARTESIAN_POINT('',(0.1900397067,7.030954009758));
#14014 = CARTESIAN_POINT('',(0.16241044795,7.090791629157));
#14015 = CARTESIAN_POINT('',(0.112412627296,7.174881463721));
#14016 = CARTESIAN_POINT('',(9.062827675768E-02,7.204361424663));
#14017 = CARTESIAN_POINT('',(6.833890006016E-02,7.227015895521));
#14018 = CARTESIAN_POINT('',(4.570006065715E-02,7.242323556867));
#14019 = CARTESIAN_POINT('',(2.286795865152E-02,7.25));
#14020 = CARTESIAN_POINT('',(0.,7.25));
#14021 = ( GEOMETRIC_REPRESENTATION_CONTEXT(2) 
PARAMETRIC_REPRESENTATION_CONTEXT() REPRESENTATION_CONTEXT('2D SPACE',''
  ) );
#14022 = PCURVE('',#14023,#14028);
#14023 = CYLINDRICAL_SURFACE('',#14024,2.75);
#14024 = AXIS2_PLACEMENT_3D('',#14025,#14026,#14027);
#14025 = CARTESIAN_POINT('',(30.,0.,-79.));
#14026 = DIRECTION('',(0.,0.,1.));
#14027 = DIRECTION('',(1.,0.,-0.));
#14028 = DEFINITIONAL_REPRESENTATION('',(#14029),#14087);
#14029 = B_SPLINE_CURVE_WITH_KNOTS('',6,(#14030,#14031,#14032,#14033,
    #14034,#14035,#14036,#14037,#14038,#14039,#14040,#14041,#14042,
    #14043,#14044,#14045,#14046,#14047,#14048,#14049,#14050,#14051,
    #14052,#14053,#14054,#14055,#14056,#14057,#14058,#14059,#14060,
    #14061,#14062,#14063,#14064,#14065,#14066,#14067,#14068,#14069,
    #14070,#14071,#14072,#14073,#14074,#14075,#14076,#14077,#14078,
    #14079,#14080,#14081,#14082,#14083,#14084,#14085,#14086),
  .UNSPECIFIED.,.F.,.F.,(7,5,5,5,5,5,5,5,5,5,5,7),(0.,0.123067596734,
    0.178405427694,0.252150785049,0.348257965791,0.419349595403,
    0.499718365171,0.651555457527,0.747006438255,0.819923675261,
    0.923908801645,1.),.UNSPECIFIED.);
#14030 = CARTESIAN_POINT('',(3.14159265359,9.8));
#14031 = CARTESIAN_POINT('',(3.219996254249,9.8));
#14032 = CARTESIAN_POINT('',(3.297751912627,9.790381779692));
#14033 = CARTESIAN_POINT('',(3.374454355797,9.771443996734));
#14034 = CARTESIAN_POINT('',(3.449667343812,9.744400247807));
#14035 = CARTESIAN_POINT('',(3.522840413139,9.711293245049));
#14036 = CARTESIAN_POINT('',(3.624777738654,9.657952351874));
#14037 = CARTESIAN_POINT('',(3.655960948126,9.640587230931));
#14038 = CARTESIAN_POINT('',(3.68672946932,9.622550766161));
#14039 = CARTESIAN_POINT('',(3.717101732175,9.603985286889));
#14040 = CARTESIAN_POINT('',(3.747094569482,9.585025725913));
#14041 = CARTESIAN_POINT('',(3.816209878625,9.540175271524));
#14042 = CARTESIAN_POINT('',(3.855058782998,9.51407126049));
#14043 = CARTESIAN_POINT('',(3.893334994396,9.487767945201));
#14044 = CARTESIAN_POINT('',(3.931096056238,9.461519684617));
#14045 = CARTESIAN_POINT('',(3.968397945896,9.435555171472));
#14046 = CARTESIAN_POINT('',(4.053391906978,9.376877690581));
#14047 = CARTESIAN_POINT('',(4.100813277774,9.344499926698));
#14048 = CARTESIAN_POINT('',(4.147673787707,9.313413881166));
#14049 = CARTESIAN_POINT('',(4.19406970466,9.284035725676));
#14050 = CARTESIAN_POINT('',(4.24009463614,9.256731707651));
#14051 = CARTESIAN_POINT('',(4.319696244549,9.213392901333));
#14052 = CARTESIAN_POINT('',(4.353389989115,9.196277376711));
#14053 = CARTESIAN_POINT('',(4.386955119998,9.180611618074));
#14054 = CARTESIAN_POINT('',(4.420414775174,9.166516462045));
#14055 = CARTESIAN_POINT('',(4.453792546047,9.154094173408));
#14056 = CARTESIAN_POINT('',(4.524782513784,9.131367818669));
#14057 = CARTESIAN_POINT('',(4.562376957256,9.121552271845));
#14058 = CARTESIAN_POINT('',(4.599915409118,9.114104932397));
#14059 = CARTESIAN_POINT('',(4.637416758128,9.109110751542));
#14060 = CARTESIAN_POINT('',(4.674900810592,9.106613359165));
#14061 = CARTESIAN_POINT('',(4.783213688981,9.106613359165));
#14062 = CARTESIAN_POINT('',(4.853960157523,9.115527484438));
#14063 = CARTESIAN_POINT('',(4.924822465887,9.133319435874));
#14064 = CARTESIAN_POINT('',(4.995977592774,9.15945981102));
#14065 = CARTESIAN_POINT('',(5.067595376348,9.192926067701));
#14066 = CARTESIAN_POINT('',(5.185232045859,9.257067210104));
#14067 = CARTESIAN_POINT('',(5.230905172943,9.284176715048));
#14068 = CARTESIAN_POINT('',(5.276943976722,9.313326268984));
#14069 = CARTESIAN_POINT('',(5.323439960114,9.344157921123));
#14070 = CARTESIAN_POINT('',(5.370487202035,9.376265334339));
#14071 = CARTESIAN_POINT('',(5.454636011655,9.434345097333));
#14072 = CARTESIAN_POINT('',(5.491468298197,9.459979686465));
#14073 = CARTESIAN_POINT('',(5.528746683174,9.485898626259));
#14074 = CARTESIAN_POINT('',(5.566525132149,9.511882115897));
#14075 = CARTESIAN_POINT('',(5.604859073906,9.537686002176));
#14076 = CARTESIAN_POINT('',(5.699356869294,9.599197286171));
#14077 = CARTESIAN_POINT('',(5.756293278688,9.634527593675));
#14078 = CARTESIAN_POINT('',(5.814627691371,9.668121922609));
#14079 = CARTESIAN_POINT('',(5.87439616324,9.698980438746));
#14080 = CARTESIAN_POINT('',(5.935667336269,9.726066755665));
#14081 = CARTESIAN_POINT('',(6.044559920402,9.764676441538));
#14082 = CARTESIAN_POINT('',(6.091418436585,9.778420103434));
#14083 = CARTESIAN_POINT('',(6.138895748316,9.789102358015));
#14084 = CARTESIAN_POINT('',(6.186799738803,9.796360308869));
#14085 = CARTESIAN_POINT('',(6.234954703478,9.8));
#14086 = CARTESIAN_POINT('',(6.28318530718,9.8));
#14087 = ( GEOMETRIC_REPRESENTATION_CONTEXT(2) 
PARAMETRIC_REPRESENTATION_CONTEXT() REPRESENTATION_CONTEXT('2D SPACE',''
  ) );
#14088 = ORIENTED_EDGE('',*,*,#14089,.F.);
#14089 = EDGE_CURVE('',#14090,#13900,#14092,.T.);
#14090 = VERTEX_POINT('',#14091);
#14091 = CARTESIAN_POINT('',(25.5,1.420590287011E-15,-69.2));
#14092 = SEAM_CURVE('',#14093,(#14097,#14104),.PCURVE_S1.);
#14093 = LINE('',#14094,#14095);
#14094 = CARTESIAN_POINT('',(25.5,1.420590287011E-15,-69.2));
#14095 = VECTOR('',#14096,1.);
#14096 = DIRECTION('',(1.,0.,0.));
#14097 = PCURVE('',#13704,#14098);
#14098 = DEFINITIONAL_REPRESENTATION('',(#14099),#14103);
#14099 = LINE('',#14100,#14101);
#14100 = CARTESIAN_POINT('',(6.28318530718,-0.));
#14101 = VECTOR('',#14102,1.);
#14102 = DIRECTION('',(0.,1.));
#14103 = ( GEOMETRIC_REPRESENTATION_CONTEXT(2) 
PARAMETRIC_REPRESENTATION_CONTEXT() REPRESENTATION_CONTEXT('2D SPACE',''
  ) );
#14104 = PCURVE('',#13704,#14105);
#14105 = DEFINITIONAL_REPRESENTATION('',(#14106),#14110);
#14106 = LINE('',#14107,#14108);
#14107 = CARTESIAN_POINT('',(0.,-0.));
#14108 = VECTOR('',#14109,1.);
#14109 = DIRECTION('',(0.,1.));
#14110 = ( GEOMETRIC_REPRESENTATION_CONTEXT(2) 
PARAMETRIC_REPRESENTATION_CONTEXT() REPRESENTATION_CONTEXT('2D SPACE',''
  ) );
#14111 = ORIENTED_EDGE('',*,*,#14112,.T.);
#14112 = EDGE_CURVE('',#14090,#14090,#14113,.T.);
#14113 = SURFACE_CURVE('',#14114,(#14119,#14126),.PCURVE_S1.);
#14114 = CIRCLE('',#14115,5.8);
#14115 = AXIS2_PLACEMENT_3D('',#14116,#14117,#14118);
#14116 = CARTESIAN_POINT('',(25.5,0.,-75.));
#14117 = DIRECTION('',(1.,0.,0.));
#14118 = DIRECTION('',(-0.,0.,1.));
#14119 = PCURVE('',#13704,#14120);
#14120 = DEFINITIONAL_REPRESENTATION('',(#14121),#14125);
#14121 = LINE('',#14122,#14123);
#14122 = CARTESIAN_POINT('',(0.,0.));
#14123 = VECTOR('',#14124,1.);
#14124 = DIRECTION('',(1.,0.));
#14125 = ( GEOMETRIC_REPRESENTATION_CONTEXT(2) 
PARAMETRIC_REPRESENTATION_CONTEXT() REPRESENTATION_CONTEXT('2D SPACE',''
  ) );
#14126 = PCURVE('',#14127,#14132);
#14127 = PLANE('',#14128);
#14128 = AXIS2_PLACEMENT_3D('',#14129,#14130,#14131);
#14129 = CARTESIAN_POINT('',(25.5,0.,-75.));
#14130 = DIRECTION('',(1.,0.,0.));
#14131 = DIRECTION('',(-0.,0.,1.));
#14132 = DEFINITIONAL_REPRESENTATION('',(#14133),#14137);
#14133 = CIRCLE('',#14134,5.8);
#14134 = AXIS2_PLACEMENT_2D('',#14135,#14136);
#14135 = CARTESIAN_POINT('',(0.,0.));
#14136 = DIRECTION('',(1.,0.));
#14137 = ( GEOMETRIC_REPRESENTATION_CONTEXT(2) 
PARAMETRIC_REPRESENTATION_CONTEXT() REPRESENTATION_CONTEXT('2D SPACE',''
  ) );
#14138 = ORIENTED_EDGE('',*,*,#14089,.T.);
#14139 = ORIENTED_EDGE('',*,*,#14140,.F.);
#14140 = EDGE_CURVE('',#13877,#13900,#14141,.T.);
#14141 = SURFACE_CURVE('',#14142,(#14200,#14261),.PCURVE_S1.);
#14142 = B_SPLINE_CURVE_WITH_KNOTS('',6,(#14143,#14144,#14145,#14146,
    #14147,#14148,#14149,#14150,#14151,#14152,#14153,#14154,#14155,
    #14156,#14157,#14158,#14159,#14160,#14161,#14162,#14163,#14164,
    #14165,#14166,#14167,#14168,#14169,#14170,#14171,#14172,#14173,
    #14174,#14175,#14176,#14177,#14178,#14179,#14180,#14181,#14182,
    #14183,#14184,#14185,#14186,#14187,#14188,#14189,#14190,#14191,
    #14192,#14193,#14194,#14195,#14196,#14197,#14198,#14199),
  .UNSPECIFIED.,.F.,.F.,(7,5,5,5,5,5,5,5,5,5,5,7),(0.,0.123067596744,
    0.178405427713,0.252150785086,0.34825796585,0.419349595479,
    0.499718365266,0.651555457658,0.747006438408,0.819923675431,
    0.923908801753,1.),.UNSPECIFIED.);
#14143 = CARTESIAN_POINT('',(32.75,3.735172737399E-16,-69.2));
#14144 = CARTESIAN_POINT('',(32.75,0.215609901813,-69.2));
#14145 = CARTESIAN_POINT('',(32.729714356192,0.429438191356,
    -69.2096182203));
#14146 = CARTESIAN_POINT('',(32.6897725108,0.637982982979,
    -69.22855600326));
#14147 = CARTESIAN_POINT('',(32.631865897384,0.837862751129,
    -69.25559975219));
#14148 = CARTESIAN_POINT('',(32.558737447523,1.026039366725,
    -69.28870675495));
#14149 = CARTESIAN_POINT('',(32.436409406603,1.278268308469,
    -69.34204764812));
#14150 = CARTESIAN_POINT('',(32.396020096302,1.353986885359,
    -69.35941276906));
#14151 = CARTESIAN_POINT('',(32.353381461815,1.42717332493,
    -69.37744923383));
#14152 = CARTESIAN_POINT('',(32.308676242934,1.497822372724,
    -69.39601471311));
#14153 = CARTESIAN_POINT('',(32.262074177633,1.565937310816,
    -69.41497427408));
#14154 = CARTESIAN_POINT('',(32.149310514784,1.718940117641,
    -69.45982472847));
#14155 = CARTESIAN_POINT('',(32.081785838573,1.801888774887,
    -69.48592873951));
#14156 = CARTESIAN_POINT('',(32.01148420167,1.880456202994,
    -69.51223205479));
#14157 = CARTESIAN_POINT('',(31.938683775516,1.954725376731,
    -69.53848031538));
#14158 = CARTESIAN_POINT('',(31.863615655964,2.024780239206,
    -69.56444482852));
#14159 = CARTESIAN_POINT('',(31.6859184017,2.176618919454,
    -69.62312230941));
#14160 = CARTESIAN_POINT('',(31.581816637013,2.255533309026,
    -69.6555000733));
#14161 = CARTESIAN_POINT('',(31.474605335678,2.327587707041,
    -69.68658611883));
#14162 = CARTESIAN_POINT('',(31.36466050563,2.392897385678,
    -69.71596427432));
#14163 = CARTESIAN_POINT('',(31.252290032772,2.451551009454,
    -69.74326829234));
#14164 = CARTESIAN_POINT('',(31.05299874349,2.54211661264,
    -69.78660709866));
#14165 = CARTESIAN_POINT('',(30.96707879338,2.57700960785,
    -69.80372262328));
#14166 = CARTESIAN_POINT('',(30.880117919097,2.608293209983,
    -69.81938838192));
#14167 = CARTESIAN_POINT('',(30.792249429603,2.635971583018,
    -69.83348353795));
#14168 = CARTESIAN_POINT('',(30.703598252703,2.660046239234,
    -69.84590582659));
#14169 = CARTESIAN_POINT('',(30.513308606091,2.703654039646,
    -69.86863218133));
#14170 = CARTESIAN_POINT('',(30.411490170201,2.722183364125,
    -69.87844772815));
#14171 = CARTESIAN_POINT('',(30.309041561842,2.736088783469,
    -69.8858950676));
#14172 = CARTESIAN_POINT('',(30.206173596822,2.745362321486,
    -69.89088924845));
#14173 = CARTESIAN_POINT('',(30.103092466929,2.75,-69.89338664083));
#14174 = CARTESIAN_POINT('',(29.80523205136,2.75,-69.89338664083));
#14175 = CARTESIAN_POINT('',(29.610679193187,2.733446883034,
    -69.88447251556));
#14176 = CARTESIAN_POINT('',(29.417566719061,2.700408236948,
    -69.86668056412));
#14177 = CARTESIAN_POINT('',(29.227145786826,2.650902654263,
    -69.84054018898));
#14178 = CARTESIAN_POINT('',(29.040779006315,2.584927449942,
    -69.80707393229));
#14179 = CARTESIAN_POINT('',(28.746383061542,2.450823676955,
    -69.74293278989));
#14180 = CARTESIAN_POINT('',(28.634902208345,2.392565766826,
    -69.71582328495));
#14181 = CARTESIAN_POINT('',(28.525811732997,2.327753695034,
    -69.68667373101));
#14182 = CARTESIAN_POINT('',(28.41941259696,2.256300819721,
    -69.65584207887));
#14183 = CARTESIAN_POINT('',(28.316071759715,2.178094698358,
    -69.62373466566));
#14184 = CARTESIAN_POINT('',(28.139948400267,2.0279920923,
    -69.56565490266));
#14185 = CARTESIAN_POINT('',(28.06570116972,1.95895593924,
    -69.54002031353));
#14186 = CARTESIAN_POINT('',(27.993659894484,1.885809922903,
    -69.51410137374));
#14187 = CARTESIAN_POINT('',(27.924046133344,1.80847320753,
    -69.4881178841));
#14188 = CARTESIAN_POINT('',(27.857126101271,1.726865690078,
    -69.46231399782));
#14189 = CARTESIAN_POINT('',(27.70206380629,1.518329004596,
    -69.40080271385));
#14190 = CARTESIAN_POINT('',(27.616806501445,1.38660602878,
    -69.3654724063));
#14191 = CARTESIAN_POINT('',(27.538700804377,1.245836252728,
    -69.33187807736));
#14192 = CARTESIAN_POINT('',(27.469045990259,1.096240732269,
    -69.30101956125));
#14193 = CARTESIAN_POINT('',(27.409208370883,0.938189806399,
    -69.27393324435));
#14194 = CARTESIAN_POINT('',(27.325118536279,0.650784237426,
    -69.23532355846));
#14195 = CARTESIAN_POINT('',(27.295638575337,0.525146327466,
    -69.22157989656));
#14196 = CARTESIAN_POINT('',(27.272984104479,0.396240871357,
    -69.21089764198));
#14197 = CARTESIAN_POINT('',(27.257676443133,0.26506032655,
    -69.20363969113));
#14198 = CARTESIAN_POINT('',(27.25,0.132634160179,-69.2));
#14199 = CARTESIAN_POINT('',(27.25,1.215461948154E-15,-69.2));
#14200 = PCURVE('',#13704,#14201);
#14201 = DEFINITIONAL_REPRESENTATION('',(#14202),#14260);
#14202 = B_SPLINE_CURVE_WITH_KNOTS('',6,(#14203,#14204,#14205,#14206,
    #14207,#14208,#14209,#14210,#14211,#14212,#14213,#14214,#14215,
    #14216,#14217,#14218,#14219,#14220,#14221,#14222,#14223,#14224,
    #14225,#14226,#14227,#14228,#14229,#14230,#14231,#14232,#14233,
    #14234,#14235,#14236,#14237,#14238,#14239,#14240,#14241,#14242,
    #14243,#14244,#14245,#14246,#14247,#14248,#14249,#14250,#14251,
    #14252,#14253,#14254,#14255,#14256,#14257,#14258,#14259),
  .UNSPECIFIED.,.F.,.F.,(7,5,5,5,5,5,5,5,5,5,5,7),(0.,0.123067596744,
    0.178405427713,0.252150785086,0.34825796585,0.419349595479,
    0.499718365266,0.651555457658,0.747006438408,0.819923675431,
    0.923908801753,1.),.UNSPECIFIED.);
#14203 = CARTESIAN_POINT('',(6.28318530718,7.25));
#14204 = CARTESIAN_POINT('',(6.246011186177,7.25));
#14205 = CARTESIAN_POINT('',(6.20914417631,7.229714356192));
#14206 = CARTESIAN_POINT('',(6.173096024912,7.189772510799));
#14207 = CARTESIAN_POINT('',(6.138363349291,7.131865897384));
#14208 = CARTESIAN_POINT('',(6.105440070439,7.058737447523));
#14209 = CARTESIAN_POINT('',(6.060990507198,6.936409406603));
#14210 = CARTESIAN_POINT('',(6.047598605443,6.896020096302));
#14211 = CARTESIAN_POINT('',(6.034605164952,6.853381461815));
#14212 = CARTESIAN_POINT('',(6.022012787869,6.808676242934));
#14213 = CARTESIAN_POINT('',(6.009823516075,6.762074177633));
#14214 = CARTESIAN_POINT('',(5.982333694072,6.649310514784));
#14215 = CARTESIAN_POINT('',(5.967343648559,6.581785838573));
#14216 = CARTESIAN_POINT('',(5.953061865271,6.51148420167));
#14217 = CARTESIAN_POINT('',(5.939483106795,6.438683775516));
#14218 = CARTESIAN_POINT('',(5.926603014234,6.363615655964));
#14219 = CARTESIAN_POINT('',(5.898537124595,6.1859184017));
#14220 = CARTESIAN_POINT('',(5.883833620466,6.081816637013));
#14221 = CARTESIAN_POINT('',(5.870306483238,5.974605335678));
#14222 = CARTESIAN_POINT('',(5.857961035719,5.86466050563));
#14223 = CARTESIAN_POINT('',(5.846806953552,5.752290032772));
#14224 = CARTESIAN_POINT('',(5.829496419299,5.55299874349));
#14225 = CARTESIAN_POINT('',(5.822795928427,5.46707879338));
#14226 = CARTESIAN_POINT('',(5.816763969283,5.380117919097));
#14227 = CARTESIAN_POINT('',(5.811408798348,5.292249429603));
#14228 = CARTESIAN_POINT('',(5.806738040202,5.203598252703));
#14229 = CARTESIAN_POINT('',(5.798259685134,5.013308606091));
#14230 = CARTESIAN_POINT('',(5.794644490772,4.911490170201));
#14231 = CARTESIAN_POINT('',(5.791924835735,4.809041561842));
#14232 = CARTESIAN_POINT('',(5.790108815214,4.706173596822));
#14233 = CARTESIAN_POINT('',(5.789200656381,4.603092466929));
#14234 = CARTESIAN_POINT('',(5.789200656381,4.305232051361));
#14235 = CARTESIAN_POINT('',(5.792442145968,4.110679193187));
#14236 = CARTESIAN_POINT('',(5.798911997939,3.917566719061));
#14237 = CARTESIAN_POINT('',(5.80856378445,3.727145786826));
#14238 = CARTESIAN_POINT('',(5.821315100638,3.540779006315));
#14239 = CARTESIAN_POINT('',(5.846945040536,3.246383061542));
#14240 = CARTESIAN_POINT('',(5.858023127255,3.134902208345));
#14241 = CARTESIAN_POINT('',(5.870274195956,3.025811732997));
#14242 = CARTESIAN_POINT('',(5.883688803768,2.91941259696));
#14243 = CARTESIAN_POINT('',(5.898261726723,2.816071759715));
#14244 = CARTESIAN_POINT('',(5.92601127076,2.639948400267));
#14245 = CARTESIAN_POINT('',(5.938706954884,2.56570116972));
#14246 = CARTESIAN_POINT('',(5.952084322311,2.493659894484));
#14247 = CARTESIAN_POINT('',(5.966147543406,2.424046133344));
#14248 = CARTESIAN_POINT('',(5.980901642353,2.357126101271));
#14249 = CARTESIAN_POINT('',(6.01838774253,2.20206380629));
#14250 = CARTESIAN_POINT('',(6.041894169059,2.116806501445));
#14251 = CARTESIAN_POINT('',(6.066831002735,2.038700804377));
#14252 = CARTESIAN_POINT('',(6.093145600483,1.969045990259));
#14253 = CARTESIAN_POINT('',(6.120774859206,1.909208370883));
#14254 = CARTESIAN_POINT('',(6.170772679884,1.825118536279));
#14255 = CARTESIAN_POINT('',(6.192557030422,1.795638575337));
#14256 = CARTESIAN_POINT('',(6.214846407119,1.772984104479));
#14257 = CARTESIAN_POINT('',(6.237485246522,1.757676443133));
#14258 = CARTESIAN_POINT('',(6.260317348528,1.75));
#14259 = CARTESIAN_POINT('',(6.28318530718,1.75));
#14260 = ( GEOMETRIC_REPRESENTATION_CONTEXT(2) 
PARAMETRIC_REPRESENTATION_CONTEXT() REPRESENTATION_CONTEXT('2D SPACE',''
  ) );
#14261 = PCURVE('',#14023,#14262);
#14262 = DEFINITIONAL_REPRESENTATION('',(#14263),#14321);
#14263 = B_SPLINE_CURVE_WITH_KNOTS('',6,(#14264,#14265,#14266,#14267,
    #14268,#14269,#14270,#14271,#14272,#14273,#14274,#14275,#14276,
    #14277,#14278,#14279,#14280,#14281,#14282,#14283,#14284,#14285,
    #14286,#14287,#14288,#14289,#14290,#14291,#14292,#14293,#14294,
    #14295,#14296,#14297,#14298,#14299,#14300,#14301,#14302,#14303,
    #14304,#14305,#14306,#14307,#14308,#14309,#14310,#14311,#14312,
    #14313,#14314,#14315,#14316,#14317,#14318,#14319,#14320),
  .UNSPECIFIED.,.F.,.F.,(7,5,5,5,5,5,5,5,5,5,5,7),(0.,0.123067596744,
    0.178405427713,0.252150785086,0.34825796585,0.419349595479,
    0.499718365266,0.651555457658,0.747006438408,0.819923675431,
    0.923908801753,1.),.UNSPECIFIED.);
#14264 = CARTESIAN_POINT('',(0.,9.8));
#14265 = CARTESIAN_POINT('',(7.840360065914E-02,9.8));
#14266 = CARTESIAN_POINT('',(0.156159259037,9.790381779692));
#14267 = CARTESIAN_POINT('',(0.232861702207,9.771443996734));
#14268 = CARTESIAN_POINT('',(0.308074690222,9.744400247807));
#14269 = CARTESIAN_POINT('',(0.381247759549,9.711293245049));
#14270 = CARTESIAN_POINT('',(0.483185085066,9.657952351873));
#14271 = CARTESIAN_POINT('',(0.514368294536,9.640587230931));
#14272 = CARTESIAN_POINT('',(0.545136815728,9.622550766162));
#14273 = CARTESIAN_POINT('',(0.575509078584,9.603985286889));
#14274 = CARTESIAN_POINT('',(0.605501915894,9.585025725912));
#14275 = CARTESIAN_POINT('',(0.674617225036,9.540175271524));
#14276 = CARTESIAN_POINT('',(0.713466129408,9.51407126049));
#14277 = CARTESIAN_POINT('',(0.751742340806,9.487767945201));
#14278 = CARTESIAN_POINT('',(0.789503402648,9.461519684617));
#14279 = CARTESIAN_POINT('',(0.826805292306,9.435555171472));
#14280 = CARTESIAN_POINT('',(0.911799253389,9.376877690581));
#14281 = CARTESIAN_POINT('',(0.959220624184,9.344499926698));
#14282 = CARTESIAN_POINT('',(1.006081134117,9.313413881166));
#14283 = CARTESIAN_POINT('',(1.05247705107,9.284035725676));
#14284 = CARTESIAN_POINT('',(1.09850198255,9.256731707651));
#14285 = CARTESIAN_POINT('',(1.178103590959,9.213392901333));
#14286 = CARTESIAN_POINT('',(1.211797335526,9.196277376711));
#14287 = CARTESIAN_POINT('',(1.245362466408,9.180611618074));
#14288 = CARTESIAN_POINT('',(1.278822121584,9.166516462045));
#14289 = CARTESIAN_POINT('',(1.312199892457,9.154094173408));
#14290 = CARTESIAN_POINT('',(1.383189860194,9.131367818669));
#14291 = CARTESIAN_POINT('',(1.420784303666,9.121552271845));
#14292 = CARTESIAN_POINT('',(1.458322755528,9.114104932397));
#14293 = CARTESIAN_POINT('',(1.495824104538,9.109110751542));
#14294 = CARTESIAN_POINT('',(1.533308157003,9.106613359165));
#14295 = CARTESIAN_POINT('',(1.641621035391,9.106613359165));
#14296 = CARTESIAN_POINT('',(1.712367503933,9.115527484438));
#14297 = CARTESIAN_POINT('',(1.783229812297,9.133319435874));
#14298 = CARTESIAN_POINT('',(1.854384939184,9.15945981102));
#14299 = CARTESIAN_POINT('',(1.926002722758,9.192926067701));
#14300 = CARTESIAN_POINT('',(2.043639392269,9.257067210104));
#14301 = CARTESIAN_POINT('',(2.089312519353,9.284176715048));
#14302 = CARTESIAN_POINT('',(2.135351323133,9.313326268984));
#14303 = CARTESIAN_POINT('',(2.181847306524,9.344157921123));
#14304 = CARTESIAN_POINT('',(2.228894548446,9.376265334339));
#14305 = CARTESIAN_POINT('',(2.313043358066,9.434345097333));
#14306 = CARTESIAN_POINT('',(2.349875644607,9.459979686465));
#14307 = CARTESIAN_POINT('',(2.387154029585,9.485898626259));
#14308 = CARTESIAN_POINT('',(2.42493247856,9.511882115897));
#14309 = CARTESIAN_POINT('',(2.463266420316,9.537686002176));
#14310 = CARTESIAN_POINT('',(2.557764215658,9.599197286141));
#14311 = CARTESIAN_POINT('',(2.614700625117,9.634527593691));
#14312 = CARTESIAN_POINT('',(2.673035037828,9.668121922632));
#14313 = CARTESIAN_POINT('',(2.732803509655,9.698980438741));
#14314 = CARTESIAN_POINT('',(2.794074682627,9.726066755646));
#14315 = CARTESIAN_POINT('',(2.902967266812,9.764676441538));
#14316 = CARTESIAN_POINT('',(2.949825782995,9.778420103434));
#14317 = CARTESIAN_POINT('',(2.997303094726,9.789102358015));
#14318 = CARTESIAN_POINT('',(3.045207085213,9.796360308869));
#14319 = CARTESIAN_POINT('',(3.093362049888,9.8));
#14320 = CARTESIAN_POINT('',(3.14159265359,9.8));
#14321 = ( GEOMETRIC_REPRESENTATION_CONTEXT(2) 
PARAMETRIC_REPRESENTATION_CONTEXT() REPRESENTATION_CONTEXT('2D SPACE',''
  ) );
#14322 = ORIENTED_EDGE('',*,*,#13876,.T.);
#14323 = ADVANCED_FACE('',(#14324,#14354),#13758,.T.);
#14324 = FACE_BOUND('',#14325,.T.);
#14325 = EDGE_LOOP('',(#14326,#14353));
#14326 = ORIENTED_EDGE('',*,*,#14327,.F.);
#14327 = EDGE_CURVE('',#13721,#13742,#14328,.T.);
#14328 = SURFACE_CURVE('',#14329,(#14334,#14341),.PCURVE_S1.);
#14329 = CIRCLE('',#14330,4.75);
#14330 = AXIS2_PLACEMENT_3D('',#14331,#14332,#14333);
#14331 = CARTESIAN_POINT('',(30.,0.,-64.5));
#14332 = DIRECTION('',(0.,0.,1.));
#14333 = DIRECTION('',(1.,0.,-0.));
#14334 = PCURVE('',#13758,#14335);
#14335 = DEFINITIONAL_REPRESENTATION('',(#14336),#14340);
#14336 = CIRCLE('',#14337,4.75);
#14337 = AXIS2_PLACEMENT_2D('',#14338,#14339);
#14338 = CARTESIAN_POINT('',(8.,0.));
#14339 = DIRECTION('',(1.,0.));
#14340 = ( GEOMETRIC_REPRESENTATION_CONTEXT(2) 
PARAMETRIC_REPRESENTATION_CONTEXT() REPRESENTATION_CONTEXT('2D SPACE',''
  ) );
#14341 = PCURVE('',#14342,#14347);
#14342 = PLANE('',#14343);
#14343 = AXIS2_PLACEMENT_3D('',#14344,#14345,#14346);
#14344 = CARTESIAN_POINT('',(22.,0.,-64.5));
#14345 = DIRECTION('',(0.,0.,1.));
#14346 = DIRECTION('',(1.,0.,-0.));
#14347 = DEFINITIONAL_REPRESENTATION('',(#14348),#14352);
#14348 = CIRCLE('',#14349,4.75);
#14349 = AXIS2_PLACEMENT_2D('',#14350,#14351);
#14350 = CARTESIAN_POINT('',(8.,0.));
#14351 = DIRECTION('',(1.,0.));
#14352 = ( GEOMETRIC_REPRESENTATION_CONTEXT(2) 
PARAMETRIC_REPRESENTATION_CONTEXT() REPRESENTATION_CONTEXT('2D SPACE',''
  ) );
#14353 = ORIENTED_EDGE('',*,*,#13741,.T.);
#14354 = FACE_BOUND('',#14355,.T.);
#14355 = EDGE_LOOP('',(#14356));
#14356 = ORIENTED_EDGE('',*,*,#14357,.F.);
#14357 = EDGE_CURVE('',#14358,#14358,#14360,.T.);
#14358 = VERTEX_POINT('',#14359);
#14359 = CARTESIAN_POINT('',(24.75,-6.73555739531E-16,-64.5));
#14360 = SURFACE_CURVE('',#14361,(#14366,#14373),.PCURVE_S1.);
#14361 = CIRCLE('',#14362,2.75);
#14362 = AXIS2_PLACEMENT_3D('',#14363,#14364,#14365);
#14363 = CARTESIAN_POINT('',(22.,0.,-64.5));
#14364 = DIRECTION('',(0.,0.,1.));
#14365 = DIRECTION('',(1.,0.,-0.));
#14366 = PCURVE('',#13758,#14367);
#14367 = DEFINITIONAL_REPRESENTATION('',(#14368),#14372);
#14368 = CIRCLE('',#14369,2.75);
#14369 = AXIS2_PLACEMENT_2D('',#14370,#14371);
#14370 = CARTESIAN_POINT('',(0.,0.));
#14371 = DIRECTION('',(1.,0.));
#14372 = ( GEOMETRIC_REPRESENTATION_CONTEXT(2) 
PARAMETRIC_REPRESENTATION_CONTEXT() REPRESENTATION_CONTEXT('2D SPACE',''
  ) );
#14373 = PCURVE('',#14374,#14379);
#14374 = CYLINDRICAL_SURFACE('',#14375,2.75);
#14375 = AXIS2_PLACEMENT_3D('',#14376,#14377,#14378);
#14376 = CARTESIAN_POINT('',(22.,0.,-79.));
#14377 = DIRECTION('',(0.,0.,1.));
#14378 = DIRECTION('',(1.,0.,-0.));
#14379 = DEFINITIONAL_REPRESENTATION('',(#14380),#14384);
#14380 = LINE('',#14381,#14382);
#14381 = CARTESIAN_POINT('',(0.,14.5));
#14382 = VECTOR('',#14383,1.);
#14383 = DIRECTION('',(1.,0.));
#14384 = ( GEOMETRIC_REPRESENTATION_CONTEXT(2) 
PARAMETRIC_REPRESENTATION_CONTEXT() REPRESENTATION_CONTEXT('2D SPACE',''
  ) );
#14385 = ADVANCED_FACE('',(#14386,#14436),#13832,.T.);
#14386 = FACE_BOUND('',#14387,.T.);
#14387 = EDGE_LOOP('',(#14388,#14389,#14390,#14414));
#14388 = ORIENTED_EDGE('',*,*,#13817,.T.);
#14389 = ORIENTED_EDGE('',*,*,#13849,.T.);
#14390 = ORIENTED_EDGE('',*,*,#14391,.F.);
#14391 = EDGE_CURVE('',#14392,#13721,#14394,.T.);
#14392 = VERTEX_POINT('',#14393);
#14393 = CARTESIAN_POINT('',(26.75,-1.16341445919E-15,-64.5));
#14394 = SURFACE_CURVE('',#14395,(#14400,#14407),.PCURVE_S1.);
#14395 = CIRCLE('',#14396,4.75);
#14396 = AXIS2_PLACEMENT_3D('',#14397,#14398,#14399);
#14397 = CARTESIAN_POINT('',(22.,0.,-64.5));
#14398 = DIRECTION('',(0.,0.,1.));
#14399 = DIRECTION('',(1.,0.,-0.));
#14400 = PCURVE('',#13832,#14401);
#14401 = DEFINITIONAL_REPRESENTATION('',(#14402),#14406);
#14402 = CIRCLE('',#14403,4.75);
#14403 = AXIS2_PLACEMENT_2D('',#14404,#14405);
#14404 = CARTESIAN_POINT('',(-8.,0.));
#14405 = DIRECTION('',(1.,0.));
#14406 = ( GEOMETRIC_REPRESENTATION_CONTEXT(2) 
PARAMETRIC_REPRESENTATION_CONTEXT() REPRESENTATION_CONTEXT('2D SPACE',''
  ) );
#14407 = PCURVE('',#14342,#14408);
#14408 = DEFINITIONAL_REPRESENTATION('',(#14409),#14413);
#14409 = CIRCLE('',#14410,4.75);
#14410 = AXIS2_PLACEMENT_2D('',#14411,#14412);
#14411 = CARTESIAN_POINT('',(0.,0.));
#14412 = DIRECTION('',(1.,0.));
#14413 = ( GEOMETRIC_REPRESENTATION_CONTEXT(2) 
PARAMETRIC_REPRESENTATION_CONTEXT() REPRESENTATION_CONTEXT('2D SPACE',''
  ) );
#14414 = ORIENTED_EDGE('',*,*,#14415,.F.);
#14415 = EDGE_CURVE('',#13742,#14392,#14416,.T.);
#14416 = SURFACE_CURVE('',#14417,(#14422,#14429),.PCURVE_S1.);
#14417 = CIRCLE('',#14418,4.75);
#14418 = AXIS2_PLACEMENT_3D('',#14419,#14420,#14421);
#14419 = CARTESIAN_POINT('',(22.,0.,-64.5));
#14420 = DIRECTION('',(0.,0.,1.));
#14421 = DIRECTION('',(1.,0.,-0.));
#14422 = PCURVE('',#13832,#14423);
#14423 = DEFINITIONAL_REPRESENTATION('',(#14424),#14428);
#14424 = CIRCLE('',#14425,4.75);
#14425 = AXIS2_PLACEMENT_2D('',#14426,#14427);
#14426 = CARTESIAN_POINT('',(-8.,0.));
#14427 = DIRECTION('',(1.,0.));
#14428 = ( GEOMETRIC_REPRESENTATION_CONTEXT(2) 
PARAMETRIC_REPRESENTATION_CONTEXT() REPRESENTATION_CONTEXT('2D SPACE',''
  ) );
#14429 = PCURVE('',#14342,#14430);
#14430 = DEFINITIONAL_REPRESENTATION('',(#14431),#14435);
#14431 = CIRCLE('',#14432,4.75);
#14432 = AXIS2_PLACEMENT_2D('',#14433,#14434);
#14433 = CARTESIAN_POINT('',(0.,0.));
#14434 = DIRECTION('',(1.,0.));
#14435 = ( GEOMETRIC_REPRESENTATION_CONTEXT(2) 
PARAMETRIC_REPRESENTATION_CONTEXT() REPRESENTATION_CONTEXT('2D SPACE',''
  ) );
#14436 = FACE_BOUND('',#14437,.T.);
#14437 = EDGE_LOOP('',(#14438));
#14438 = ORIENTED_EDGE('',*,*,#14439,.F.);
#14439 = EDGE_CURVE('',#14440,#14440,#14442,.T.);
#14440 = VERTEX_POINT('',#14441);
#14441 = CARTESIAN_POINT('',(32.75,-6.73555739531E-16,-64.5));
#14442 = SURFACE_CURVE('',#14443,(#14448,#14455),.PCURVE_S1.);
#14443 = CIRCLE('',#14444,2.75);
#14444 = AXIS2_PLACEMENT_3D('',#14445,#14446,#14447);
#14445 = CARTESIAN_POINT('',(30.,0.,-64.5));
#14446 = DIRECTION('',(0.,0.,1.));
#14447 = DIRECTION('',(1.,0.,-0.));
#14448 = PCURVE('',#13832,#14449);
#14449 = DEFINITIONAL_REPRESENTATION('',(#14450),#14454);
#14450 = CIRCLE('',#14451,2.75);
#14451 = AXIS2_PLACEMENT_2D('',#14452,#14453);
#14452 = CARTESIAN_POINT('',(0.,0.));
#14453 = DIRECTION('',(1.,0.));
#14454 = ( GEOMETRIC_REPRESENTATION_CONTEXT(2) 
PARAMETRIC_REPRESENTATION_CONTEXT() REPRESENTATION_CONTEXT('2D SPACE',''
  ) );
#14455 = PCURVE('',#14023,#14456);
#14456 = DEFINITIONAL_REPRESENTATION('',(#14457),#14461);
#14457 = LINE('',#14458,#14459);
#14458 = CARTESIAN_POINT('',(0.,14.5));
#14459 = VECTOR('',#14460,1.);
#14460 = DIRECTION('',(1.,0.));
#14461 = ( GEOMETRIC_REPRESENTATION_CONTEXT(2) 
PARAMETRIC_REPRESENTATION_CONTEXT() REPRESENTATION_CONTEXT('2D SPACE',''
  ) );
#14462 = ADVANCED_FACE('',(#14463),#14023,.F.);
#14463 = FACE_BOUND('',#14464,.F.);
#14464 = EDGE_LOOP('',(#14465,#14486,#14487,#14488,#14489));
#14465 = ORIENTED_EDGE('',*,*,#14466,.T.);
#14466 = EDGE_CURVE('',#13877,#14440,#14467,.T.);
#14467 = SEAM_CURVE('',#14468,(#14472,#14479),.PCURVE_S1.);
#14468 = LINE('',#14469,#14470);
#14469 = CARTESIAN_POINT('',(32.75,-6.73555739531E-16,-79.));
#14470 = VECTOR('',#14471,1.);
#14471 = DIRECTION('',(0.,0.,1.));
#14472 = PCURVE('',#14023,#14473);
#14473 = DEFINITIONAL_REPRESENTATION('',(#14474),#14478);
#14474 = LINE('',#14475,#14476);
#14475 = CARTESIAN_POINT('',(6.28318530718,-0.));
#14476 = VECTOR('',#14477,1.);
#14477 = DIRECTION('',(0.,1.));
#14478 = ( GEOMETRIC_REPRESENTATION_CONTEXT(2) 
PARAMETRIC_REPRESENTATION_CONTEXT() REPRESENTATION_CONTEXT('2D SPACE',''
  ) );
#14479 = PCURVE('',#14023,#14480);
#14480 = DEFINITIONAL_REPRESENTATION('',(#14481),#14485);
#14481 = LINE('',#14482,#14483);
#14482 = CARTESIAN_POINT('',(0.,-0.));
#14483 = VECTOR('',#14484,1.);
#14484 = DIRECTION('',(0.,1.));
#14485 = ( GEOMETRIC_REPRESENTATION_CONTEXT(2) 
PARAMETRIC_REPRESENTATION_CONTEXT() REPRESENTATION_CONTEXT('2D SPACE',''
  ) );
#14486 = ORIENTED_EDGE('',*,*,#14439,.F.);
#14487 = ORIENTED_EDGE('',*,*,#14466,.F.);
#14488 = ORIENTED_EDGE('',*,*,#14140,.T.);
#14489 = ORIENTED_EDGE('',*,*,#13899,.T.);
#14490 = ADVANCED_FACE('',(#14491),#14127,.T.);
#14491 = FACE_BOUND('',#14492,.F.);
#14492 = EDGE_LOOP('',(#14493));
#14493 = ORIENTED_EDGE('',*,*,#14112,.F.);
#14494 = ADVANCED_FACE('',(#14495),#14342,.T.);
#14495 = FACE_BOUND('',#14496,.T.);
#14496 = EDGE_LOOP('',(#14497,#14498,#14499));
#14497 = ORIENTED_EDGE('',*,*,#14415,.T.);
#14498 = ORIENTED_EDGE('',*,*,#14391,.T.);
#14499 = ORIENTED_EDGE('',*,*,#14327,.T.);
#14500 = ADVANCED_FACE('',(#14501),#14374,.F.);
#14501 = FACE_BOUND('',#14502,.F.);
#14502 = EDGE_LOOP('',(#14503,#14504,#14527,#14554));
#14503 = ORIENTED_EDGE('',*,*,#14357,.F.);
#14504 = ORIENTED_EDGE('',*,*,#14505,.F.);
#14505 = EDGE_CURVE('',#14506,#14358,#14508,.T.);
#14506 = VERTEX_POINT('',#14507);
#14507 = CARTESIAN_POINT('',(24.75,-6.73555739531E-16,-79.));
#14508 = SEAM_CURVE('',#14509,(#14513,#14520),.PCURVE_S1.);
#14509 = LINE('',#14510,#14511);
#14510 = CARTESIAN_POINT('',(24.75,-6.73555739531E-16,-79.));
#14511 = VECTOR('',#14512,1.);
#14512 = DIRECTION('',(0.,0.,1.));
#14513 = PCURVE('',#14374,#14514);
#14514 = DEFINITIONAL_REPRESENTATION('',(#14515),#14519);
#14515 = LINE('',#14516,#14517);
#14516 = CARTESIAN_POINT('',(6.28318530718,-0.));
#14517 = VECTOR('',#14518,1.);
#14518 = DIRECTION('',(0.,1.));
#14519 = ( GEOMETRIC_REPRESENTATION_CONTEXT(2) 
PARAMETRIC_REPRESENTATION_CONTEXT() REPRESENTATION_CONTEXT('2D SPACE',''
  ) );
#14520 = PCURVE('',#14374,#14521);
#14521 = DEFINITIONAL_REPRESENTATION('',(#14522),#14526);
#14522 = LINE('',#14523,#14524);
#14523 = CARTESIAN_POINT('',(0.,-0.));
#14524 = VECTOR('',#14525,1.);
#14525 = DIRECTION('',(0.,1.));
#14526 = ( GEOMETRIC_REPRESENTATION_CONTEXT(2) 
PARAMETRIC_REPRESENTATION_CONTEXT() REPRESENTATION_CONTEXT('2D SPACE',''
  ) );
#14527 = ORIENTED_EDGE('',*,*,#14528,.T.);
#14528 = EDGE_CURVE('',#14506,#14506,#14529,.T.);
#14529 = SURFACE_CURVE('',#14530,(#14535,#14542),.PCURVE_S1.);
#14530 = CIRCLE('',#14531,2.75);
#14531 = AXIS2_PLACEMENT_3D('',#14532,#14533,#14534);
#14532 = CARTESIAN_POINT('',(22.,0.,-79.));
#14533 = DIRECTION('',(0.,0.,1.));
#14534 = DIRECTION('',(1.,0.,-0.));
#14535 = PCURVE('',#14374,#14536);
#14536 = DEFINITIONAL_REPRESENTATION('',(#14537),#14541);
#14537 = LINE('',#14538,#14539);
#14538 = CARTESIAN_POINT('',(0.,0.));
#14539 = VECTOR('',#14540,1.);
#14540 = DIRECTION('',(1.,0.));
#14541 = ( GEOMETRIC_REPRESENTATION_CONTEXT(2) 
PARAMETRIC_REPRESENTATION_CONTEXT() REPRESENTATION_CONTEXT('2D SPACE',''
  ) );
#14542 = PCURVE('',#14543,#14548);
#14543 = PLANE('',#14544);
#14544 = AXIS2_PLACEMENT_3D('',#14545,#14546,#14547);
#14545 = CARTESIAN_POINT('',(22.,0.,-79.));
#14546 = DIRECTION('',(0.,0.,1.));
#14547 = DIRECTION('',(1.,0.,-0.));
#14548 = DEFINITIONAL_REPRESENTATION('',(#14549),#14553);
#14549 = CIRCLE('',#14550,2.75);
#14550 = AXIS2_PLACEMENT_2D('',#14551,#14552);
#14551 = CARTESIAN_POINT('',(0.,0.));
#14552 = DIRECTION('',(1.,0.));
#14553 = ( GEOMETRIC_REPRESENTATION_CONTEXT(2) 
PARAMETRIC_REPRESENTATION_CONTEXT() REPRESENTATION_CONTEXT('2D SPACE',''
  ) );
#14554 = ORIENTED_EDGE('',*,*,#14505,.T.);
#14555 = ADVANCED_FACE('',(#14556),#14543,.T.);
#14556 = FACE_BOUND('',#14557,.F.);
#14557 = EDGE_LOOP('',(#14558));
#14558 = ORIENTED_EDGE('',*,*,#14528,.F.);
#14559 = ( GEOMETRIC_REPRESENTATION_CONTEXT(3) 
GLOBAL_UNCERTAINTY_ASSIGNED_CONTEXT((#14563)) 
GLOBAL_UNIT_ASSIGNED_CONTEXT((#14560,#14561,#14562)) 
REPRESENTATION_CONTEXT('Context #1',
  '3D Context with UNIT and UNCERTAINTY') );
#14560 = ( LENGTH_UNIT() NAMED_UNIT(*) SI_UNIT(.MILLI.,.METRE.) );
#14561 = ( NAMED_UNIT(*) PLANE_ANGLE_UNIT() SI_UNIT($,.RADIAN.) );
#14562 = ( NAMED_UNIT(*) SI_UNIT($,.STERADIAN.) SOLID_ANGLE_UNIT() );
#14563 = UNCERTAINTY_MEASURE_WITH_UNIT(LENGTH_MEASURE(1.E-07),#14560,
  'distance_accuracy_value','confusion accuracy');
#14564 = CONTEXT_DEPENDENT_SHAPE_REPRESENTATION(#14565,#14567);
#14565 = ( REPRESENTATION_RELATIONSHIP('','',#13264,#10) 
REPRESENTATION_RELATIONSHIP_WITH_TRANSFORMATION(#14566) 
SHAPE_REPRESENTATION_RELATIONSHIP() );
#14566 = ITEM_DEFINED_TRANSFORMATION('','',#11,#47);
#14567 = PRODUCT_DEFINITION_SHAPE('Placement','Placement of an item',
  #14568);
#14568 = NEXT_ASSEMBLY_USAGE_OCCURRENCE('23','','',#5,#13259,$);
#14569 = PRODUCT_RELATED_PRODUCT_CATEGORY('part',$,(#13261));
#14570 = SHAPE_DEFINITION_REPRESENTATION(#14571,#14577);
#14571 = PRODUCT_DEFINITION_SHAPE('','',#14572);
#14572 = PRODUCT_DEFINITION('design','',#14573,#14576);
#14573 = PRODUCT_DEFINITION_FORMATION('','',#14574);
#14574 = PRODUCT('Open CASCADE STEP translator 7.9 13.10',
  'Open CASCADE STEP translator 7.9 13.10','',(#14575));
#14575 = PRODUCT_CONTEXT('',#2,'mechanical');
#14576 = PRODUCT_DEFINITION_CONTEXT('part definition',#2,'design');
#14577 = ADVANCED_BREP_SHAPE_REPRESENTATION('',(#11,#14578),#15030);
#14578 = MANIFOLD_SOLID_BREP('',#14579);
#14579 = CLOSED_SHELL('',(#14580,#14668,#14703,#14738,#14793,#14848,
    #14883,#14918,#14973,#15023));
#14580 = ADVANCED_FACE('',(#14581),#14594,.T.);
#14581 = FACE_BOUND('',#14582,.T.);
#14582 = EDGE_LOOP('',(#14583,#14617,#14640,#14667));
#14583 = ORIENTED_EDGE('',*,*,#14584,.F.);
#14584 = EDGE_CURVE('',#14585,#14585,#14587,.T.);
#14585 = VERTEX_POINT('',#14586);
#14586 = CARTESIAN_POINT('',(138.,2.081899558551E-15,-66.5));
#14587 = SURFACE_CURVE('',#14588,(#14593,#14605),.PCURVE_S1.);
#14588 = CIRCLE('',#14589,8.5);
#14589 = AXIS2_PLACEMENT_3D('',#14590,#14591,#14592);
#14590 = CARTESIAN_POINT('',(138.,0.,-75.));
#14591 = DIRECTION('',(1.,0.,0.));
#14592 = DIRECTION('',(-0.,0.,1.));
#14593 = PCURVE('',#14594,#14599);
#14594 = CYLINDRICAL_SURFACE('',#14595,8.5);
#14595 = AXIS2_PLACEMENT_3D('',#14596,#14597,#14598);
#14596 = CARTESIAN_POINT('',(126.,0.,-75.));
#14597 = DIRECTION('',(1.,0.,0.));
#14598 = DIRECTION('',(-0.,0.,1.));
#14599 = DEFINITIONAL_REPRESENTATION('',(#14600),#14604);
#14600 = LINE('',#14601,#14602);
#14601 = CARTESIAN_POINT('',(0.,12.));
#14602 = VECTOR('',#14603,1.);
#14603 = DIRECTION('',(1.,0.));
#14604 = ( GEOMETRIC_REPRESENTATION_CONTEXT(2) 
PARAMETRIC_REPRESENTATION_CONTEXT() REPRESENTATION_CONTEXT('2D SPACE',''
  ) );
#14605 = PCURVE('',#14606,#14611);
#14606 = PLANE('',#14607);
#14607 = AXIS2_PLACEMENT_3D('',#14608,#14609,#14610);
#14608 = CARTESIAN_POINT('',(138.,0.,-75.));
#14609 = DIRECTION('',(1.,0.,0.));
#14610 = DIRECTION('',(-0.,0.,1.));
#14611 = DEFINITIONAL_REPRESENTATION('',(#14612),#14616);
#14612 = CIRCLE('',#14613,8.5);
#14613 = AXIS2_PLACEMENT_2D('',#14614,#14615);
#14614 = CARTESIAN_POINT('',(0.,0.));
#14615 = DIRECTION('',(1.,0.));
#14616 = ( GEOMETRIC_REPRESENTATION_CONTEXT(2) 
PARAMETRIC_REPRESENTATION_CONTEXT() REPRESENTATION_CONTEXT('2D SPACE',''
  ) );
#14617 = ORIENTED_EDGE('',*,*,#14618,.F.);
#14618 = EDGE_CURVE('',#14619,#14585,#14621,.T.);
#14619 = VERTEX_POINT('',#14620);
#14620 = CARTESIAN_POINT('',(126.,2.081899558551E-15,-66.5));
#14621 = SEAM_CURVE('',#14622,(#14626,#14633),.PCURVE_S1.);
#14622 = LINE('',#14623,#14624);
#14623 = CARTESIAN_POINT('',(126.,2.081899558551E-15,-66.5));
#14624 = VECTOR('',#14625,1.);
#14625 = DIRECTION('',(1.,0.,0.));
#14626 = PCURVE('',#14594,#14627);
#14627 = DEFINITIONAL_REPRESENTATION('',(#14628),#14632);
#14628 = LINE('',#14629,#14630);
#14629 = CARTESIAN_POINT('',(6.28318530718,-0.));
#14630 = VECTOR('',#14631,1.);
#14631 = DIRECTION('',(0.,1.));
#14632 = ( GEOMETRIC_REPRESENTATION_CONTEXT(2) 
PARAMETRIC_REPRESENTATION_CONTEXT() REPRESENTATION_CONTEXT('2D SPACE',''
  ) );
#14633 = PCURVE('',#14594,#14634);
#14634 = DEFINITIONAL_REPRESENTATION('',(#14635),#14639);
#14635 = LINE('',#14636,#14637);
#14636 = CARTESIAN_POINT('',(0.,-0.));
#14637 = VECTOR('',#14638,1.);
#14638 = DIRECTION('',(0.,1.));
#14639 = ( GEOMETRIC_REPRESENTATION_CONTEXT(2) 
PARAMETRIC_REPRESENTATION_CONTEXT() REPRESENTATION_CONTEXT('2D SPACE',''
  ) );
#14640 = ORIENTED_EDGE('',*,*,#14641,.T.);
#14641 = EDGE_CURVE('',#14619,#14619,#14642,.T.);
#14642 = SURFACE_CURVE('',#14643,(#14648,#14655),.PCURVE_S1.);
#14643 = CIRCLE('',#14644,8.5);
#14644 = AXIS2_PLACEMENT_3D('',#14645,#14646,#14647);
#14645 = CARTESIAN_POINT('',(126.,0.,-75.));
#14646 = DIRECTION('',(1.,0.,0.));
#14647 = DIRECTION('',(-0.,0.,1.));
#14648 = PCURVE('',#14594,#14649);
#14649 = DEFINITIONAL_REPRESENTATION('',(#14650),#14654);
#14650 = LINE('',#14651,#14652);
#14651 = CARTESIAN_POINT('',(0.,0.));
#14652 = VECTOR('',#14653,1.);
#14653 = DIRECTION('',(1.,0.));
#14654 = ( GEOMETRIC_REPRESENTATION_CONTEXT(2) 
PARAMETRIC_REPRESENTATION_CONTEXT() REPRESENTATION_CONTEXT('2D SPACE',''
  ) );
#14655 = PCURVE('',#14656,#14661);
#14656 = PLANE('',#14657);
#14657 = AXIS2_PLACEMENT_3D('',#14658,#14659,#14660);
#14658 = CARTESIAN_POINT('',(126.,0.,-75.));
#14659 = DIRECTION('',(1.,0.,0.));
#14660 = DIRECTION('',(-0.,0.,1.));
#14661 = DEFINITIONAL_REPRESENTATION('',(#14662),#14666);
#14662 = CIRCLE('',#14663,8.5);
#14663 = AXIS2_PLACEMENT_2D('',#14664,#14665);
#14664 = CARTESIAN_POINT('',(0.,0.));
#14665 = DIRECTION('',(1.,0.));
#14666 = ( GEOMETRIC_REPRESENTATION_CONTEXT(2) 
PARAMETRIC_REPRESENTATION_CONTEXT() REPRESENTATION_CONTEXT('2D SPACE',''
  ) );
#14667 = ORIENTED_EDGE('',*,*,#14618,.T.);
#14668 = ADVANCED_FACE('',(#14669,#14672),#14606,.T.);
#14669 = FACE_BOUND('',#14670,.T.);
#14670 = EDGE_LOOP('',(#14671));
#14671 = ORIENTED_EDGE('',*,*,#14584,.T.);
#14672 = FACE_BOUND('',#14673,.T.);
#14673 = EDGE_LOOP('',(#14674));
#14674 = ORIENTED_EDGE('',*,*,#14675,.F.);
#14675 = EDGE_CURVE('',#14676,#14676,#14678,.T.);
#14676 = VERTEX_POINT('',#14677);
#14677 = CARTESIAN_POINT('',(138.,4.898587196589E-16,-73.));
#14678 = SURFACE_CURVE('',#14679,(#14684,#14691),.PCURVE_S1.);
#14679 = CIRCLE('',#14680,2.);
#14680 = AXIS2_PLACEMENT_3D('',#14681,#14682,#14683);
#14681 = CARTESIAN_POINT('',(138.,0.,-75.));
#14682 = DIRECTION('',(1.,0.,0.));
#14683 = DIRECTION('',(-0.,0.,1.));
#14684 = PCURVE('',#14606,#14685);
#14685 = DEFINITIONAL_REPRESENTATION('',(#14686),#14690);
#14686 = CIRCLE('',#14687,2.);
#14687 = AXIS2_PLACEMENT_2D('',#14688,#14689);
#14688 = CARTESIAN_POINT('',(0.,0.));
#14689 = DIRECTION('',(1.,0.));
#14690 = ( GEOMETRIC_REPRESENTATION_CONTEXT(2) 
PARAMETRIC_REPRESENTATION_CONTEXT() REPRESENTATION_CONTEXT('2D SPACE',''
  ) );
#14691 = PCURVE('',#14692,#14697);
#14692 = CYLINDRICAL_SURFACE('',#14693,2.);
#14693 = AXIS2_PLACEMENT_3D('',#14694,#14695,#14696);
#14694 = CARTESIAN_POINT('',(26.,0.,-75.));
#14695 = DIRECTION('',(1.,0.,0.));
#14696 = DIRECTION('',(-0.,0.,1.));
#14697 = DEFINITIONAL_REPRESENTATION('',(#14698),#14702);
#14698 = LINE('',#14699,#14700);
#14699 = CARTESIAN_POINT('',(0.,112.));
#14700 = VECTOR('',#14701,1.);
#14701 = DIRECTION('',(1.,0.));
#14702 = ( GEOMETRIC_REPRESENTATION_CONTEXT(2) 
PARAMETRIC_REPRESENTATION_CONTEXT() REPRESENTATION_CONTEXT('2D SPACE',''
  ) );
#14703 = ADVANCED_FACE('',(#14704,#14707),#14656,.F.);
#14704 = FACE_BOUND('',#14705,.F.);
#14705 = EDGE_LOOP('',(#14706));
#14706 = ORIENTED_EDGE('',*,*,#14641,.T.);
#14707 = FACE_BOUND('',#14708,.F.);
#14708 = EDGE_LOOP('',(#14709));
#14709 = ORIENTED_EDGE('',*,*,#14710,.F.);
#14710 = EDGE_CURVE('',#14711,#14711,#14713,.T.);
#14711 = VERTEX_POINT('',#14712);
#14712 = CARTESIAN_POINT('',(126.,1.224646799147E-15,-70.));
#14713 = SURFACE_CURVE('',#14714,(#14719,#14726),.PCURVE_S1.);
#14714 = CIRCLE('',#14715,5.);
#14715 = AXIS2_PLACEMENT_3D('',#14716,#14717,#14718);
#14716 = CARTESIAN_POINT('',(126.,0.,-75.));
#14717 = DIRECTION('',(1.,0.,0.));
#14718 = DIRECTION('',(-0.,0.,1.));
#14719 = PCURVE('',#14656,#14720);
#14720 = DEFINITIONAL_REPRESENTATION('',(#14721),#14725);
#14721 = CIRCLE('',#14722,5.);
#14722 = AXIS2_PLACEMENT_2D('',#14723,#14724);
#14723 = CARTESIAN_POINT('',(0.,0.));
#14724 = DIRECTION('',(1.,0.));
#14725 = ( GEOMETRIC_REPRESENTATION_CONTEXT(2) 
PARAMETRIC_REPRESENTATION_CONTEXT() REPRESENTATION_CONTEXT('2D SPACE',''
  ) );
#14726 = PCURVE('',#14727,#14732);
#14727 = CYLINDRICAL_SURFACE('',#14728,5.);
#14728 = AXIS2_PLACEMENT_3D('',#14729,#14730,#14731);
#14729 = CARTESIAN_POINT('',(73.5,0.,-75.));
#14730 = DIRECTION('',(1.,0.,0.));
#14731 = DIRECTION('',(-0.,0.,1.));
#14732 = DEFINITIONAL_REPRESENTATION('',(#14733),#14737);
#14733 = LINE('',#14734,#14735);
#14734 = CARTESIAN_POINT('',(0.,52.5));
#14735 = VECTOR('',#14736,1.);
#14736 = DIRECTION('',(1.,0.));
#14737 = ( GEOMETRIC_REPRESENTATION_CONTEXT(2) 
PARAMETRIC_REPRESENTATION_CONTEXT() REPRESENTATION_CONTEXT('2D SPACE',''
  ) );
#14738 = ADVANCED_FACE('',(#14739),#14692,.F.);
#14739 = FACE_BOUND('',#14740,.F.);
#14740 = EDGE_LOOP('',(#14741,#14742,#14765,#14792));
#14741 = ORIENTED_EDGE('',*,*,#14675,.F.);
#14742 = ORIENTED_EDGE('',*,*,#14743,.F.);
#14743 = EDGE_CURVE('',#14744,#14676,#14746,.T.);
#14744 = VERTEX_POINT('',#14745);
#14745 = CARTESIAN_POINT('',(40.,4.898587196589E-16,-73.));
#14746 = SEAM_CURVE('',#14747,(#14751,#14758),.PCURVE_S1.);
#14747 = LINE('',#14748,#14749);
#14748 = CARTESIAN_POINT('',(26.,4.898587196589E-16,-73.));
#14749 = VECTOR('',#14750,1.);
#14750 = DIRECTION('',(1.,0.,0.));
#14751 = PCURVE('',#14692,#14752);
#14752 = DEFINITIONAL_REPRESENTATION('',(#14753),#14757);
#14753 = LINE('',#14754,#14755);
#14754 = CARTESIAN_POINT('',(6.28318530718,-0.));
#14755 = VECTOR('',#14756,1.);
#14756 = DIRECTION('',(0.,1.));
#14757 = ( GEOMETRIC_REPRESENTATION_CONTEXT(2) 
PARAMETRIC_REPRESENTATION_CONTEXT() REPRESENTATION_CONTEXT('2D SPACE',''
  ) );
#14758 = PCURVE('',#14692,#14759);
#14759 = DEFINITIONAL_REPRESENTATION('',(#14760),#14764);
#14760 = LINE('',#14761,#14762);
#14761 = CARTESIAN_POINT('',(0.,-0.));
#14762 = VECTOR('',#14763,1.);
#14763 = DIRECTION('',(0.,1.));
#14764 = ( GEOMETRIC_REPRESENTATION_CONTEXT(2) 
PARAMETRIC_REPRESENTATION_CONTEXT() REPRESENTATION_CONTEXT('2D SPACE',''
  ) );
#14765 = ORIENTED_EDGE('',*,*,#14766,.T.);
#14766 = EDGE_CURVE('',#14744,#14744,#14767,.T.);
#14767 = SURFACE_CURVE('',#14768,(#14773,#14780),.PCURVE_S1.);
#14768 = CIRCLE('',#14769,2.);
#14769 = AXIS2_PLACEMENT_3D('',#14770,#14771,#14772);
#14770 = CARTESIAN_POINT('',(40.,0.,-75.));
#14771 = DIRECTION('',(1.,0.,0.));
#14772 = DIRECTION('',(-0.,0.,1.));
#14773 = PCURVE('',#14692,#14774);
#14774 = DEFINITIONAL_REPRESENTATION('',(#14775),#14779);
#14775 = LINE('',#14776,#14777);
#14776 = CARTESIAN_POINT('',(0.,14.));
#14777 = VECTOR('',#14778,1.);
#14778 = DIRECTION('',(1.,0.));
#14779 = ( GEOMETRIC_REPRESENTATION_CONTEXT(2) 
PARAMETRIC_REPRESENTATION_CONTEXT() REPRESENTATION_CONTEXT('2D SPACE',''
  ) );
#14780 = PCURVE('',#14781,#14786);
#14781 = PLANE('',#14782);
#14782 = AXIS2_PLACEMENT_3D('',#14783,#14784,#14785);
#14783 = CARTESIAN_POINT('',(40.,0.,-75.));
#14784 = DIRECTION('',(1.,0.,0.));
#14785 = DIRECTION('',(-0.,0.,1.));
#14786 = DEFINITIONAL_REPRESENTATION('',(#14787),#14791);
#14787 = CIRCLE('',#14788,2.);
#14788 = AXIS2_PLACEMENT_2D('',#14789,#14790);
#14789 = CARTESIAN_POINT('',(0.,0.));
#14790 = DIRECTION('',(1.,0.));
#14791 = ( GEOMETRIC_REPRESENTATION_CONTEXT(2) 
PARAMETRIC_REPRESENTATION_CONTEXT() REPRESENTATION_CONTEXT('2D SPACE',''
  ) );
#14792 = ORIENTED_EDGE('',*,*,#14743,.T.);
#14793 = ADVANCED_FACE('',(#14794),#14727,.T.);
#14794 = FACE_BOUND('',#14795,.T.);
#14795 = EDGE_LOOP('',(#14796,#14825,#14846,#14847));
#14796 = ORIENTED_EDGE('',*,*,#14797,.T.);
#14797 = EDGE_CURVE('',#14798,#14798,#14800,.T.);
#14798 = VERTEX_POINT('',#14799);
#14799 = CARTESIAN_POINT('',(85.5,1.224646799147E-15,-70.));
#14800 = SURFACE_CURVE('',#14801,(#14806,#14813),.PCURVE_S1.);
#14801 = CIRCLE('',#14802,5.);
#14802 = AXIS2_PLACEMENT_3D('',#14803,#14804,#14805);
#14803 = CARTESIAN_POINT('',(85.5,0.,-75.));
#14804 = DIRECTION('',(1.,0.,0.));
#14805 = DIRECTION('',(-0.,0.,1.));
#14806 = PCURVE('',#14727,#14807);
#14807 = DEFINITIONAL_REPRESENTATION('',(#14808),#14812);
#14808 = LINE('',#14809,#14810);
#14809 = CARTESIAN_POINT('',(0.,12.));
#14810 = VECTOR('',#14811,1.);
#14811 = DIRECTION('',(1.,0.));
#14812 = ( GEOMETRIC_REPRESENTATION_CONTEXT(2) 
PARAMETRIC_REPRESENTATION_CONTEXT() REPRESENTATION_CONTEXT('2D SPACE',''
  ) );
#14813 = PCURVE('',#14814,#14819);
#14814 = PLANE('',#14815);
#14815 = AXIS2_PLACEMENT_3D('',#14816,#14817,#14818);
#14816 = CARTESIAN_POINT('',(85.5,0.,-75.));
#14817 = DIRECTION('',(1.,0.,0.));
#14818 = DIRECTION('',(-0.,0.,1.));
#14819 = DEFINITIONAL_REPRESENTATION('',(#14820),#14824);
#14820 = CIRCLE('',#14821,5.);
#14821 = AXIS2_PLACEMENT_2D('',#14822,#14823);
#14822 = CARTESIAN_POINT('',(0.,0.));
#14823 = DIRECTION('',(1.,0.));
#14824 = ( GEOMETRIC_REPRESENTATION_CONTEXT(2) 
PARAMETRIC_REPRESENTATION_CONTEXT() REPRESENTATION_CONTEXT('2D SPACE',''
  ) );
#14825 = ORIENTED_EDGE('',*,*,#14826,.T.);
#14826 = EDGE_CURVE('',#14798,#14711,#14827,.T.);
#14827 = SEAM_CURVE('',#14828,(#14832,#14839),.PCURVE_S1.);
#14828 = LINE('',#14829,#14830);
#14829 = CARTESIAN_POINT('',(73.5,1.224646799147E-15,-70.));
#14830 = VECTOR('',#14831,1.);
#14831 = DIRECTION('',(1.,0.,0.));
#14832 = PCURVE('',#14727,#14833);
#14833 = DEFINITIONAL_REPRESENTATION('',(#14834),#14838);
#14834 = LINE('',#14835,#14836);
#14835 = CARTESIAN_POINT('',(0.,-0.));
#14836 = VECTOR('',#14837,1.);
#14837 = DIRECTION('',(0.,1.));
#14838 = ( GEOMETRIC_REPRESENTATION_CONTEXT(2) 
PARAMETRIC_REPRESENTATION_CONTEXT() REPRESENTATION_CONTEXT('2D SPACE',''
  ) );
#14839 = PCURVE('',#14727,#14840);
#14840 = DEFINITIONAL_REPRESENTATION('',(#14841),#14845);
#14841 = LINE('',#14842,#14843);
#14842 = CARTESIAN_POINT('',(6.28318530718,-0.));
#14843 = VECTOR('',#14844,1.);
#14844 = DIRECTION('',(0.,1.));
#14845 = ( GEOMETRIC_REPRESENTATION_CONTEXT(2) 
PARAMETRIC_REPRESENTATION_CONTEXT() REPRESENTATION_CONTEXT('2D SPACE',''
  ) );
#14846 = ORIENTED_EDGE('',*,*,#14710,.F.);
#14847 = ORIENTED_EDGE('',*,*,#14826,.F.);
#14848 = ADVANCED_FACE('',(#14849,#14880),#14781,.F.);
#14849 = FACE_BOUND('',#14850,.F.);
#14850 = EDGE_LOOP('',(#14851));
#14851 = ORIENTED_EDGE('',*,*,#14852,.T.);
#14852 = EDGE_CURVE('',#14853,#14853,#14855,.T.);
#14853 = VERTEX_POINT('',#14854);
#14854 = CARTESIAN_POINT('',(40.,2.449293598295E-15,-65.));
#14855 = SURFACE_CURVE('',#14856,(#14861,#14868),.PCURVE_S1.);
#14856 = CIRCLE('',#14857,10.);
#14857 = AXIS2_PLACEMENT_3D('',#14858,#14859,#14860);
#14858 = CARTESIAN_POINT('',(40.,0.,-75.));
#14859 = DIRECTION('',(1.,0.,0.));
#14860 = DIRECTION('',(-0.,0.,1.));
#14861 = PCURVE('',#14781,#14862);
#14862 = DEFINITIONAL_REPRESENTATION('',(#14863),#14867);
#14863 = CIRCLE('',#14864,10.);
#14864 = AXIS2_PLACEMENT_2D('',#14865,#14866);
#14865 = CARTESIAN_POINT('',(0.,0.));
#14866 = DIRECTION('',(1.,0.));
#14867 = ( GEOMETRIC_REPRESENTATION_CONTEXT(2) 
PARAMETRIC_REPRESENTATION_CONTEXT() REPRESENTATION_CONTEXT('2D SPACE',''
  ) );
#14868 = PCURVE('',#14869,#14874);
#14869 = CYLINDRICAL_SURFACE('',#14870,10.);
#14870 = AXIS2_PLACEMENT_3D('',#14871,#14872,#14873);
#14871 = CARTESIAN_POINT('',(40.,0.,-75.));
#14872 = DIRECTION('',(1.,0.,0.));
#14873 = DIRECTION('',(-0.,0.,1.));
#14874 = DEFINITIONAL_REPRESENTATION('',(#14875),#14879);
#14875 = LINE('',#14876,#14877);
#14876 = CARTESIAN_POINT('',(0.,0.));
#14877 = VECTOR('',#14878,1.);
#14878 = DIRECTION('',(1.,0.));
#14879 = ( GEOMETRIC_REPRESENTATION_CONTEXT(2) 
PARAMETRIC_REPRESENTATION_CONTEXT() REPRESENTATION_CONTEXT('2D SPACE',''
  ) );
#14880 = FACE_BOUND('',#14881,.F.);
#14881 = EDGE_LOOP('',(#14882));
#14882 = ORIENTED_EDGE('',*,*,#14766,.F.);
#14883 = ADVANCED_FACE('',(#14884,#14915),#14814,.T.);
#14884 = FACE_BOUND('',#14885,.T.);
#14885 = EDGE_LOOP('',(#14886));
#14886 = ORIENTED_EDGE('',*,*,#14887,.T.);
#14887 = EDGE_CURVE('',#14888,#14888,#14890,.T.);
#14888 = VERTEX_POINT('',#14889);
#14889 = CARTESIAN_POINT('',(85.5,1.959434878636E-15,-67.));
#14890 = SURFACE_CURVE('',#14891,(#14896,#14903),.PCURVE_S1.);
#14891 = CIRCLE('',#14892,8.);
#14892 = AXIS2_PLACEMENT_3D('',#14893,#14894,#14895);
#14893 = CARTESIAN_POINT('',(85.5,0.,-75.));
#14894 = DIRECTION('',(1.,0.,0.));
#14895 = DIRECTION('',(-0.,0.,1.));
#14896 = PCURVE('',#14814,#14897);
#14897 = DEFINITIONAL_REPRESENTATION('',(#14898),#14902);
#14898 = CIRCLE('',#14899,8.);
#14899 = AXIS2_PLACEMENT_2D('',#14900,#14901);
#14900 = CARTESIAN_POINT('',(0.,0.));
#14901 = DIRECTION('',(1.,0.));
#14902 = ( GEOMETRIC_REPRESENTATION_CONTEXT(2) 
PARAMETRIC_REPRESENTATION_CONTEXT() REPRESENTATION_CONTEXT('2D SPACE',''
  ) );
#14903 = PCURVE('',#14904,#14909);
#14904 = CYLINDRICAL_SURFACE('',#14905,8.);
#14905 = AXIS2_PLACEMENT_3D('',#14906,#14907,#14908);
#14906 = CARTESIAN_POINT('',(50.5,0.,-75.));
#14907 = DIRECTION('',(1.,0.,0.));
#14908 = DIRECTION('',(-0.,0.,1.));
#14909 = DEFINITIONAL_REPRESENTATION('',(#14910),#14914);
#14910 = LINE('',#14911,#14912);
#14911 = CARTESIAN_POINT('',(0.,35.));
#14912 = VECTOR('',#14913,1.);
#14913 = DIRECTION('',(1.,0.));
#14914 = ( GEOMETRIC_REPRESENTATION_CONTEXT(2) 
PARAMETRIC_REPRESENTATION_CONTEXT() REPRESENTATION_CONTEXT('2D SPACE',''
  ) );
#14915 = FACE_BOUND('',#14916,.T.);
#14916 = EDGE_LOOP('',(#14917));
#14917 = ORIENTED_EDGE('',*,*,#14797,.F.);
#14918 = ADVANCED_FACE('',(#14919),#14869,.T.);
#14919 = FACE_BOUND('',#14920,.T.);
#14920 = EDGE_LOOP('',(#14921,#14950,#14971,#14972));
#14921 = ORIENTED_EDGE('',*,*,#14922,.F.);
#14922 = EDGE_CURVE('',#14923,#14923,#14925,.T.);
#14923 = VERTEX_POINT('',#14924);
#14924 = CARTESIAN_POINT('',(52.,2.449293598295E-15,-65.));
#14925 = SURFACE_CURVE('',#14926,(#14931,#14938),.PCURVE_S1.);
#14926 = CIRCLE('',#14927,10.);
#14927 = AXIS2_PLACEMENT_3D('',#14928,#14929,#14930);
#14928 = CARTESIAN_POINT('',(52.,0.,-75.));
#14929 = DIRECTION('',(1.,0.,0.));
#14930 = DIRECTION('',(-0.,0.,1.));
#14931 = PCURVE('',#14869,#14932);
#14932 = DEFINITIONAL_REPRESENTATION('',(#14933),#14937);
#14933 = LINE('',#14934,#14935);
#14934 = CARTESIAN_POINT('',(0.,12.));
#14935 = VECTOR('',#14936,1.);
#14936 = DIRECTION('',(1.,0.));
#14937 = ( GEOMETRIC_REPRESENTATION_CONTEXT(2) 
PARAMETRIC_REPRESENTATION_CONTEXT() REPRESENTATION_CONTEXT('2D SPACE',''
  ) );
#14938 = PCURVE('',#14939,#14944);
#14939 = PLANE('',#14940);
#14940 = AXIS2_PLACEMENT_3D('',#14941,#14942,#14943);
#14941 = CARTESIAN_POINT('',(52.,0.,-75.));
#14942 = DIRECTION('',(1.,0.,0.));
#14943 = DIRECTION('',(-0.,0.,1.));
#14944 = DEFINITIONAL_REPRESENTATION('',(#14945),#14949);
#14945 = CIRCLE('',#14946,10.);
#14946 = AXIS2_PLACEMENT_2D('',#14947,#14948);
#14947 = CARTESIAN_POINT('',(0.,0.));
#14948 = DIRECTION('',(1.,0.));
#14949 = ( GEOMETRIC_REPRESENTATION_CONTEXT(2) 
PARAMETRIC_REPRESENTATION_CONTEXT() REPRESENTATION_CONTEXT('2D SPACE',''
  ) );
#14950 = ORIENTED_EDGE('',*,*,#14951,.F.);
#14951 = EDGE_CURVE('',#14853,#14923,#14952,.T.);
#14952 = SEAM_CURVE('',#14953,(#14957,#14964),.PCURVE_S1.);
#14953 = LINE('',#14954,#14955);
#14954 = CARTESIAN_POINT('',(40.,2.449293598295E-15,-65.));
#14955 = VECTOR('',#14956,1.);
#14956 = DIRECTION('',(1.,0.,0.));
#14957 = PCURVE('',#14869,#14958);
#14958 = DEFINITIONAL_REPRESENTATION('',(#14959),#14963);
#14959 = LINE('',#14960,#14961);
#14960 = CARTESIAN_POINT('',(6.28318530718,-0.));
#14961 = VECTOR('',#14962,1.);
#14962 = DIRECTION('',(0.,1.));
#14963 = ( GEOMETRIC_REPRESENTATION_CONTEXT(2) 
PARAMETRIC_REPRESENTATION_CONTEXT() REPRESENTATION_CONTEXT('2D SPACE',''
  ) );
#14964 = PCURVE('',#14869,#14965);
#14965 = DEFINITIONAL_REPRESENTATION('',(#14966),#14970);
#14966 = LINE('',#14967,#14968);
#14967 = CARTESIAN_POINT('',(0.,-0.));
#14968 = VECTOR('',#14969,1.);
#14969 = DIRECTION('',(0.,1.));
#14970 = ( GEOMETRIC_REPRESENTATION_CONTEXT(2) 
PARAMETRIC_REPRESENTATION_CONTEXT() REPRESENTATION_CONTEXT('2D SPACE',''
  ) );
#14971 = ORIENTED_EDGE('',*,*,#14852,.T.);
#14972 = ORIENTED_EDGE('',*,*,#14951,.T.);
#14973 = ADVANCED_FACE('',(#14974),#14904,.T.);
#14974 = FACE_BOUND('',#14975,.T.);
#14975 = EDGE_LOOP('',(#14976,#14999,#15000,#15001));
#14976 = ORIENTED_EDGE('',*,*,#14977,.T.);
#14977 = EDGE_CURVE('',#14978,#14888,#14980,.T.);
#14978 = VERTEX_POINT('',#14979);
#14979 = CARTESIAN_POINT('',(52.,1.959434878636E-15,-67.));
#14980 = SEAM_CURVE('',#14981,(#14985,#14992),.PCURVE_S1.);
#14981 = LINE('',#14982,#14983);
#14982 = CARTESIAN_POINT('',(50.5,1.959434878636E-15,-67.));
#14983 = VECTOR('',#14984,1.);
#14984 = DIRECTION('',(1.,0.,0.));
#14985 = PCURVE('',#14904,#14986);
#14986 = DEFINITIONAL_REPRESENTATION('',(#14987),#14991);
#14987 = LINE('',#14988,#14989);
#14988 = CARTESIAN_POINT('',(6.28318530718,-0.));
#14989 = VECTOR('',#14990,1.);
#14990 = DIRECTION('',(0.,1.));
#14991 = ( GEOMETRIC_REPRESENTATION_CONTEXT(2) 
PARAMETRIC_REPRESENTATION_CONTEXT() REPRESENTATION_CONTEXT('2D SPACE',''
  ) );
#14992 = PCURVE('',#14904,#14993);
#14993 = DEFINITIONAL_REPRESENTATION('',(#14994),#14998);
#14994 = LINE('',#14995,#14996);
#14995 = CARTESIAN_POINT('',(0.,-0.));
#14996 = VECTOR('',#14997,1.);
#14997 = DIRECTION('',(0.,1.));
#14998 = ( GEOMETRIC_REPRESENTATION_CONTEXT(2) 
PARAMETRIC_REPRESENTATION_CONTEXT() REPRESENTATION_CONTEXT('2D SPACE',''
  ) );
#14999 = ORIENTED_EDGE('',*,*,#14887,.F.);
#15000 = ORIENTED_EDGE('',*,*,#14977,.F.);
#15001 = ORIENTED_EDGE('',*,*,#15002,.T.);
#15002 = EDGE_CURVE('',#14978,#14978,#15003,.T.);
#15003 = SURFACE_CURVE('',#15004,(#15009,#15016),.PCURVE_S1.);
#15004 = CIRCLE('',#15005,8.);
#15005 = AXIS2_PLACEMENT_3D('',#15006,#15007,#15008);
#15006 = CARTESIAN_POINT('',(52.,0.,-75.));
#15007 = DIRECTION('',(1.,0.,0.));
#15008 = DIRECTION('',(-0.,0.,1.));
#15009 = PCURVE('',#14904,#15010);
#15010 = DEFINITIONAL_REPRESENTATION('',(#15011),#15015);
#15011 = LINE('',#15012,#15013);
#15012 = CARTESIAN_POINT('',(0.,1.5));
#15013 = VECTOR('',#15014,1.);
#15014 = DIRECTION('',(1.,0.));
#15015 = ( GEOMETRIC_REPRESENTATION_CONTEXT(2) 
PARAMETRIC_REPRESENTATION_CONTEXT() REPRESENTATION_CONTEXT('2D SPACE',''
  ) );
#15016 = PCURVE('',#14939,#15017);
#15017 = DEFINITIONAL_REPRESENTATION('',(#15018),#15022);
#15018 = CIRCLE('',#15019,8.);
#15019 = AXIS2_PLACEMENT_2D('',#15020,#15021);
#15020 = CARTESIAN_POINT('',(0.,0.));
#15021 = DIRECTION('',(1.,0.));
#15022 = ( GEOMETRIC_REPRESENTATION_CONTEXT(2) 
PARAMETRIC_REPRESENTATION_CONTEXT() REPRESENTATION_CONTEXT('2D SPACE',''
  ) );
#15023 = ADVANCED_FACE('',(#15024,#15027),#14939,.T.);
#15024 = FACE_BOUND('',#15025,.T.);
#15025 = EDGE_LOOP('',(#15026));
#15026 = ORIENTED_EDGE('',*,*,#14922,.T.);
#15027 = FACE_BOUND('',#15028,.T.);
#15028 = EDGE_LOOP('',(#15029));
#15029 = ORIENTED_EDGE('',*,*,#15002,.F.);
#15030 = ( GEOMETRIC_REPRESENTATION_CONTEXT(3) 
GLOBAL_UNCERTAINTY_ASSIGNED_CONTEXT((#15034)) 
GLOBAL_UNIT_ASSIGNED_CONTEXT((#15031,#15032,#15033)) 
REPRESENTATION_CONTEXT('Context #1',
  '3D Context with UNIT and UNCERTAINTY') );
#15031 = ( LENGTH_UNIT() NAMED_UNIT(*) SI_UNIT(.MILLI.,.METRE.) );
#15032 = ( NAMED_UNIT(*) PLANE_ANGLE_UNIT() SI_UNIT($,.RADIAN.) );
#15033 = ( NAMED_UNIT(*) SI_UNIT($,.STERADIAN.) SOLID_ANGLE_UNIT() );
#15034 = UNCERTAINTY_MEASURE_WITH_UNIT(LENGTH_MEASURE(1.E-07),#15031,
  'distance_accuracy_value','confusion accuracy');
#15035 = CONTEXT_DEPENDENT_SHAPE_REPRESENTATION(#15036,#15038);
#15036 = ( REPRESENTATION_RELATIONSHIP('','',#14577,#10) 
REPRESENTATION_RELATIONSHIP_WITH_TRANSFORMATION(#15037) 
SHAPE_REPRESENTATION_RELATIONSHIP() );
#15037 = ITEM_DEFINED_TRANSFORMATION('','',#11,#51);
#15038 = PRODUCT_DEFINITION_SHAPE('Placement','Placement of an item',
  #15039);
#15039 = NEXT_ASSEMBLY_USAGE_OCCURRENCE('24','','',#5,#14572,$);
#15040 = PRODUCT_RELATED_PRODUCT_CATEGORY('part',$,(#14574));
#15041 = SHAPE_DEFINITION_REPRESENTATION(#15042,#15048);
#15042 = PRODUCT_DEFINITION_SHAPE('','',#15043);
#15043 = PRODUCT_DEFINITION('design','',#15044,#15047);
#15044 = PRODUCT_DEFINITION_FORMATION('','',#15045);
#15045 = PRODUCT('Open CASCADE STEP translator 7.9 13.11',
  'Open CASCADE STEP translator 7.9 13.11','',(#15046));
#15046 = PRODUCT_CONTEXT('',#2,'mechanical');
#15047 = PRODUCT_DEFINITION_CONTEXT('part definition',#2,'design');
#15048 = SHAPE_REPRESENTATION('',(#11,#15049,#15053,#15057),#15061);
#15049 = AXIS2_PLACEMENT_3D('',#15050,#15051,#15052);
#15050 = CARTESIAN_POINT('',(0.,0.,0.));
#15051 = DIRECTION('',(0.,0.,1.));
#15052 = DIRECTION('',(1.,0.,-0.));
#15053 = AXIS2_PLACEMENT_3D('',#15054,#15055,#15056);
#15054 = CARTESIAN_POINT('',(0.,0.,0.));
#15055 = DIRECTION('',(0.,0.,1.));
#15056 = DIRECTION('',(1.,0.,-0.));
#15057 = AXIS2_PLACEMENT_3D('',#15058,#15059,#15060);
#15058 = CARTESIAN_POINT('',(0.,0.,0.));
#15059 = DIRECTION('',(0.,0.,1.));
#15060 = DIRECTION('',(1.,0.,-0.));
#15061 = ( GEOMETRIC_REPRESENTATION_CONTEXT(3) 
GLOBAL_UNCERTAINTY_ASSIGNED_CONTEXT((#15065)) 
GLOBAL_UNIT_ASSIGNED_CONTEXT((#15062,#15063,#15064)) 
REPRESENTATION_CONTEXT('Context #1',
  '3D Context with UNIT and UNCERTAINTY') );
#15062 = ( LENGTH_UNIT() NAMED_UNIT(*) SI_UNIT(.MILLI.,.METRE.) );
#15063 = ( NAMED_UNIT(*) PLANE_ANGLE_UNIT() SI_UNIT($,.RADIAN.) );
#15064 = ( NAMED_UNIT(*) SI_UNIT($,.STERADIAN.) SOLID_ANGLE_UNIT() );
#15065 = UNCERTAINTY_MEASURE_WITH_UNIT(LENGTH_MEASURE(1.E-07),#15062,
  'distance_accuracy_value','confusion accuracy');
#15066 = CONTEXT_DEPENDENT_SHAPE_REPRESENTATION(#15067,#15069);
#15067 = ( REPRESENTATION_RELATIONSHIP('','',#15048,#10) 
REPRESENTATION_RELATIONSHIP_WITH_TRANSFORMATION(#15068) 
SHAPE_REPRESENTATION_RELATIONSHIP() );
#15068 = ITEM_DEFINED_TRANSFORMATION('','',#11,#55);
#15069 = PRODUCT_DEFINITION_SHAPE('Placement','Placement of an item',
  #15070);
#15070 = NEXT_ASSEMBLY_USAGE_OCCURRENCE('28','','',#5,#15043,$);
#15071 = PRODUCT_RELATED_PRODUCT_CATEGORY('part',$,(#15045));
#15072 = SHAPE_DEFINITION_REPRESENTATION(#15073,#15079);
#15073 = PRODUCT_DEFINITION_SHAPE('','',#15074);
#15074 = PRODUCT_DEFINITION('design','',#15075,#15078);
#15075 = PRODUCT_DEFINITION_FORMATION('','',#15076);
#15076 = PRODUCT('Open CASCADE STEP translator 7.9 13.11.1',
  'Open CASCADE STEP translator 7.9 13.11.1','',(#15077));
#15077 = PRODUCT_CONTEXT('',#2,'mechanical');
#15078 = PRODUCT_DEFINITION_CONTEXT('part definition',#2,'design');
#15079 = ADVANCED_BREP_SHAPE_REPRESENTATION('',(#11,#15080),#15268);
#15080 = MANIFOLD_SOLID_BREP('',#15081);
#15081 = CLOSED_SHELL('',(#15082,#15170,#15205,#15209,#15264));
#15082 = ADVANCED_FACE('',(#15083),#15096,.T.);
#15083 = FACE_BOUND('',#15084,.T.);
#15084 = EDGE_LOOP('',(#15085,#15119,#15142,#15169));
#15085 = ORIENTED_EDGE('',*,*,#15086,.F.);
#15086 = EDGE_CURVE('',#15087,#15087,#15089,.T.);
#15087 = VERTEX_POINT('',#15088);
#15088 = CARTESIAN_POINT('',(186.,6.368163355566E-15,-49.));
#15089 = SURFACE_CURVE('',#15090,(#15095,#15107),.PCURVE_S1.);
#15090 = CIRCLE('',#15091,26.);
#15091 = AXIS2_PLACEMENT_3D('',#15092,#15093,#15094);
#15092 = CARTESIAN_POINT('',(186.,0.,-75.));
#15093 = DIRECTION('',(1.,0.,0.));
#15094 = DIRECTION('',(-0.,0.,1.));
#15095 = PCURVE('',#15096,#15101);
#15096 = CONICAL_SURFACE('',#15097,16.,0.785398163397);
#15097 = AXIS2_PLACEMENT_3D('',#15098,#15099,#15100);
#15098 = CARTESIAN_POINT('',(176.,0.,-75.));
#15099 = DIRECTION('',(1.,0.,0.));
#15100 = DIRECTION('',(-0.,0.,1.));
#15101 = DEFINITIONAL_REPRESENTATION('',(#15102),#15106);
#15102 = LINE('',#15103,#15104);
#15103 = CARTESIAN_POINT('',(0.,10.));
#15104 = VECTOR('',#15105,1.);
#15105 = DIRECTION('',(1.,0.));
#15106 = ( GEOMETRIC_REPRESENTATION_CONTEXT(2) 
PARAMETRIC_REPRESENTATION_CONTEXT() REPRESENTATION_CONTEXT('2D SPACE',''
  ) );
#15107 = PCURVE('',#15108,#15113);
#15108 = PLANE('',#15109);
#15109 = AXIS2_PLACEMENT_3D('',#15110,#15111,#15112);
#15110 = CARTESIAN_POINT('',(186.,0.,-75.));
#15111 = DIRECTION('',(1.,0.,0.));
#15112 = DIRECTION('',(-0.,0.,1.));
#15113 = DEFINITIONAL_REPRESENTATION('',(#15114),#15118);
#15114 = CIRCLE('',#15115,26.);
#15115 = AXIS2_PLACEMENT_2D('',#15116,#15117);
#15116 = CARTESIAN_POINT('',(0.,0.));
#15117 = DIRECTION('',(1.,0.));
#15118 = ( GEOMETRIC_REPRESENTATION_CONTEXT(2) 
PARAMETRIC_REPRESENTATION_CONTEXT() REPRESENTATION_CONTEXT('2D SPACE',''
  ) );
#15119 = ORIENTED_EDGE('',*,*,#15120,.F.);
#15120 = EDGE_CURVE('',#15121,#15087,#15123,.T.);
#15121 = VERTEX_POINT('',#15122);
#15122 = CARTESIAN_POINT('',(176.,3.918869757272E-15,-59.));
#15123 = SEAM_CURVE('',#15124,(#15128,#15135),.PCURVE_S1.);
#15124 = LINE('',#15125,#15126);
#15125 = CARTESIAN_POINT('',(176.,3.918869757272E-15,-59.));
#15126 = VECTOR('',#15127,1.);
#15127 = DIRECTION('',(0.707106781187,1.731912112471E-16,0.707106781187)
  );
#15128 = PCURVE('',#15096,#15129);
#15129 = DEFINITIONAL_REPRESENTATION('',(#15130),#15134);
#15130 = LINE('',#15131,#15132);
#15131 = CARTESIAN_POINT('',(6.28318530718,-0.));
#15132 = VECTOR('',#15133,1.);
#15133 = DIRECTION('',(0.,1.));
#15134 = ( GEOMETRIC_REPRESENTATION_CONTEXT(2) 
PARAMETRIC_REPRESENTATION_CONTEXT() REPRESENTATION_CONTEXT('2D SPACE',''
  ) );
#15135 = PCURVE('',#15096,#15136);
#15136 = DEFINITIONAL_REPRESENTATION('',(#15137),#15141);
#15137 = LINE('',#15138,#15139);
#15138 = CARTESIAN_POINT('',(0.,-0.));
#15139 = VECTOR('',#15140,1.);
#15140 = DIRECTION('',(0.,1.));
#15141 = ( GEOMETRIC_REPRESENTATION_CONTEXT(2) 
PARAMETRIC_REPRESENTATION_CONTEXT() REPRESENTATION_CONTEXT('2D SPACE',''
  ) );
#15142 = ORIENTED_EDGE('',*,*,#15143,.T.);
#15143 = EDGE_CURVE('',#15121,#15121,#15144,.T.);
#15144 = SURFACE_CURVE('',#15145,(#15150,#15157),.PCURVE_S1.);
#15145 = CIRCLE('',#15146,16.);
#15146 = AXIS2_PLACEMENT_3D('',#15147,#15148,#15149);
#15147 = CARTESIAN_POINT('',(176.,0.,-75.));
#15148 = DIRECTION('',(1.,0.,0.));
#15149 = DIRECTION('',(-0.,0.,1.));
#15150 = PCURVE('',#15096,#15151);
#15151 = DEFINITIONAL_REPRESENTATION('',(#15152),#15156);
#15152 = LINE('',#15153,#15154);
#15153 = CARTESIAN_POINT('',(0.,0.));
#15154 = VECTOR('',#15155,1.);
#15155 = DIRECTION('',(1.,0.));
#15156 = ( GEOMETRIC_REPRESENTATION_CONTEXT(2) 
PARAMETRIC_REPRESENTATION_CONTEXT() REPRESENTATION_CONTEXT('2D SPACE',''
  ) );
#15157 = PCURVE('',#15158,#15163);
#15158 = PLANE('',#15159);
#15159 = AXIS2_PLACEMENT_3D('',#15160,#15161,#15162);
#15160 = CARTESIAN_POINT('',(176.,0.,-75.));
#15161 = DIRECTION('',(1.,0.,0.));
#15162 = DIRECTION('',(-0.,0.,1.));
#15163 = DEFINITIONAL_REPRESENTATION('',(#15164),#15168);
#15164 = CIRCLE('',#15165,16.);
#15165 = AXIS2_PLACEMENT_2D('',#15166,#15167);
#15166 = CARTESIAN_POINT('',(0.,0.));
#15167 = DIRECTION('',(1.,0.));
#15168 = ( GEOMETRIC_REPRESENTATION_CONTEXT(2) 
PARAMETRIC_REPRESENTATION_CONTEXT() REPRESENTATION_CONTEXT('2D SPACE',''
  ) );
#15169 = ORIENTED_EDGE('',*,*,#15120,.T.);
#15170 = ADVANCED_FACE('',(#15171,#15174),#15108,.T.);
#15171 = FACE_BOUND('',#15172,.T.);
#15172 = EDGE_LOOP('',(#15173));
#15173 = ORIENTED_EDGE('',*,*,#15086,.T.);
#15174 = FACE_BOUND('',#15175,.T.);
#15175 = EDGE_LOOP('',(#15176));
#15176 = ORIENTED_EDGE('',*,*,#15177,.F.);
#15177 = EDGE_CURVE('',#15178,#15178,#15180,.T.);
#15178 = VERTEX_POINT('',#15179);
#15179 = CARTESIAN_POINT('',(186.,4.592425496803E-15,-56.25));
#15180 = SURFACE_CURVE('',#15181,(#15186,#15193),.PCURVE_S1.);
#15181 = CIRCLE('',#15182,18.75);
#15182 = AXIS2_PLACEMENT_3D('',#15183,#15184,#15185);
#15183 = CARTESIAN_POINT('',(186.,0.,-75.));
#15184 = DIRECTION('',(1.,0.,0.));
#15185 = DIRECTION('',(-0.,0.,1.));
#15186 = PCURVE('',#15108,#15187);
#15187 = DEFINITIONAL_REPRESENTATION('',(#15188),#15192);
#15188 = CIRCLE('',#15189,18.75);
#15189 = AXIS2_PLACEMENT_2D('',#15190,#15191);
#15190 = CARTESIAN_POINT('',(0.,0.));
#15191 = DIRECTION('',(1.,0.));
#15192 = ( GEOMETRIC_REPRESENTATION_CONTEXT(2) 
PARAMETRIC_REPRESENTATION_CONTEXT() REPRESENTATION_CONTEXT('2D SPACE',''
  ) );
#15193 = PCURVE('',#15194,#15199);
#15194 = CONICAL_SURFACE('',#15195,6.,1.130953743979);
#15195 = AXIS2_PLACEMENT_3D('',#15196,#15197,#15198);
#15196 = CARTESIAN_POINT('',(180.,0.,-75.));
#15197 = DIRECTION('',(1.,0.,0.));
#15198 = DIRECTION('',(-0.,0.,1.));
#15199 = DEFINITIONAL_REPRESENTATION('',(#15200),#15204);
#15200 = LINE('',#15201,#15202);
#15201 = CARTESIAN_POINT('',(0.,6.));
#15202 = VECTOR('',#15203,1.);
#15203 = DIRECTION('',(1.,0.));
#15204 = ( GEOMETRIC_REPRESENTATION_CONTEXT(2) 
PARAMETRIC_REPRESENTATION_CONTEXT() REPRESENTATION_CONTEXT('2D SPACE',''
  ) );
#15205 = ADVANCED_FACE('',(#15206),#15158,.F.);
#15206 = FACE_BOUND('',#15207,.T.);
#15207 = EDGE_LOOP('',(#15208));
#15208 = ORIENTED_EDGE('',*,*,#15143,.F.);
#15209 = ADVANCED_FACE('',(#15210),#15194,.F.);
#15210 = FACE_BOUND('',#15211,.F.);
#15211 = EDGE_LOOP('',(#15212,#15213,#15236,#15263));
#15212 = ORIENTED_EDGE('',*,*,#15177,.F.);
#15213 = ORIENTED_EDGE('',*,*,#15214,.F.);
#15214 = EDGE_CURVE('',#15215,#15178,#15217,.T.);
#15215 = VERTEX_POINT('',#15216);
#15216 = CARTESIAN_POINT('',(180.,1.469576158977E-15,-69.));
#15217 = SEAM_CURVE('',#15218,(#15222,#15229),.PCURVE_S1.);
#15218 = LINE('',#15219,#15220);
#15219 = CARTESIAN_POINT('',(180.,1.469576158977E-15,-69.));
#15220 = VECTOR('',#15221,1.);
#15221 = DIRECTION('',(0.42579703633,2.216166654918E-16,0.904818702201)
  );
#15222 = PCURVE('',#15194,#15223);
#15223 = DEFINITIONAL_REPRESENTATION('',(#15224),#15228);
#15224 = LINE('',#15225,#15226);
#15225 = CARTESIAN_POINT('',(6.28318530718,-0.));
#15226 = VECTOR('',#15227,1.);
#15227 = DIRECTION('',(0.,1.));
#15228 = ( GEOMETRIC_REPRESENTATION_CONTEXT(2) 
PARAMETRIC_REPRESENTATION_CONTEXT() REPRESENTATION_CONTEXT('2D SPACE',''
  ) );
#15229 = PCURVE('',#15194,#15230);
#15230 = DEFINITIONAL_REPRESENTATION('',(#15231),#15235);
#15231 = LINE('',#15232,#15233);
#15232 = CARTESIAN_POINT('',(0.,-0.));
#15233 = VECTOR('',#15234,1.);
#15234 = DIRECTION('',(0.,1.));
#15235 = ( GEOMETRIC_REPRESENTATION_CONTEXT(2) 
PARAMETRIC_REPRESENTATION_CONTEXT() REPRESENTATION_CONTEXT('2D SPACE',''
  ) );
#15236 = ORIENTED_EDGE('',*,*,#15237,.T.);
#15237 = EDGE_CURVE('',#15215,#15215,#15238,.T.);
#15238 = SURFACE_CURVE('',#15239,(#15244,#15251),.PCURVE_S1.);
#15239 = CIRCLE('',#15240,6.);
#15240 = AXIS2_PLACEMENT_3D('',#15241,#15242,#15243);
#15241 = CARTESIAN_POINT('',(180.,0.,-75.));
#15242 = DIRECTION('',(1.,0.,0.));
#15243 = DIRECTION('',(-0.,0.,1.));
#15244 = PCURVE('',#15194,#15245);
#15245 = DEFINITIONAL_REPRESENTATION('',(#15246),#15250);
#15246 = LINE('',#15247,#15248);
#15247 = CARTESIAN_POINT('',(0.,0.));
#15248 = VECTOR('',#15249,1.);
#15249 = DIRECTION('',(1.,0.));
#15250 = ( GEOMETRIC_REPRESENTATION_CONTEXT(2) 
PARAMETRIC_REPRESENTATION_CONTEXT() REPRESENTATION_CONTEXT('2D SPACE',''
  ) );
#15251 = PCURVE('',#15252,#15257);
#15252 = PLANE('',#15253);
#15253 = AXIS2_PLACEMENT_3D('',#15254,#15255,#15256);
#15254 = CARTESIAN_POINT('',(180.,0.,-75.));
#15255 = DIRECTION('',(1.,0.,0.));
#15256 = DIRECTION('',(-0.,0.,1.));
#15257 = DEFINITIONAL_REPRESENTATION('',(#15258),#15262);
#15258 = CIRCLE('',#15259,6.);
#15259 = AXIS2_PLACEMENT_2D('',#15260,#15261);
#15260 = CARTESIAN_POINT('',(0.,0.));
#15261 = DIRECTION('',(1.,0.));
#15262 = ( GEOMETRIC_REPRESENTATION_CONTEXT(2) 
PARAMETRIC_REPRESENTATION_CONTEXT() REPRESENTATION_CONTEXT('2D SPACE',''
  ) );
#15263 = ORIENTED_EDGE('',*,*,#15214,.T.);
#15264 = ADVANCED_FACE('',(#15265),#15252,.T.);
#15265 = FACE_BOUND('',#15266,.F.);
#15266 = EDGE_LOOP('',(#15267));
#15267 = ORIENTED_EDGE('',*,*,#15237,.F.);
#15268 = ( GEOMETRIC_REPRESENTATION_CONTEXT(3) 
GLOBAL_UNCERTAINTY_ASSIGNED_CONTEXT((#15272)) 
GLOBAL_UNIT_ASSIGNED_CONTEXT((#15269,#15270,#15271)) 
REPRESENTATION_CONTEXT('Context #1',
  '3D Context with UNIT and UNCERTAINTY') );
#15269 = ( LENGTH_UNIT() NAMED_UNIT(*) SI_UNIT(.MILLI.,.METRE.) );
#15270 = ( NAMED_UNIT(*) PLANE_ANGLE_UNIT() SI_UNIT($,.RADIAN.) );
#15271 = ( NAMED_UNIT(*) SI_UNIT($,.STERADIAN.) SOLID_ANGLE_UNIT() );
#15272 = UNCERTAINTY_MEASURE_WITH_UNIT(LENGTH_MEASURE(1.E-07),#15269,
  'distance_accuracy_value','confusion accuracy');
#15273 = CONTEXT_DEPENDENT_SHAPE_REPRESENTATION(#15274,#15276);
#15274 = ( REPRESENTATION_RELATIONSHIP('','',#15079,#15048) 
REPRESENTATION_RELATIONSHIP_WITH_TRANSFORMATION(#15275) 
SHAPE_REPRESENTATION_RELATIONSHIP() );
#15275 = ITEM_DEFINED_TRANSFORMATION('','',#11,#15049);
#15276 = PRODUCT_DEFINITION_SHAPE('Placement','Placement of an item',
  #15277);
#15277 = NEXT_ASSEMBLY_USAGE_OCCURRENCE('25','','',#15043,#15074,$);
#15278 = PRODUCT_RELATED_PRODUCT_CATEGORY('part',$,(#15076));
#15279 = SHAPE_DEFINITION_REPRESENTATION(#15280,#15286);
#15280 = PRODUCT_DEFINITION_SHAPE('','',#15281);
#15281 = PRODUCT_DEFINITION('design','',#15282,#15285);
#15282 = PRODUCT_DEFINITION_FORMATION('','',#15283);
#15283 = PRODUCT('Open CASCADE STEP translator 7.9 13.11.2',
  'Open CASCADE STEP translator 7.9 13.11.2','',(#15284));
#15284 = PRODUCT_CONTEXT('',#2,'mechanical');
#15285 = PRODUCT_DEFINITION_CONTEXT('part definition',#2,'design');
#15286 = ADVANCED_BREP_SHAPE_REPRESENTATION('',(#11,#15287),#15385);
#15287 = MANIFOLD_SOLID_BREP('',#15288);
#15288 = CLOSED_SHELL('',(#15289,#15377,#15381));
#15289 = ADVANCED_FACE('',(#15290),#15303,.T.);
#15290 = FACE_BOUND('',#15291,.T.);
#15291 = EDGE_LOOP('',(#15292,#15326,#15349,#15376));
#15292 = ORIENTED_EDGE('',*,*,#15293,.F.);
#15293 = EDGE_CURVE('',#15294,#15294,#15296,.T.);
#15294 = VERTEX_POINT('',#15295);
#15295 = CARTESIAN_POINT('',(172.,5.388445916248E-15,-53.));
#15296 = SURFACE_CURVE('',#15297,(#15302,#15314),.PCURVE_S1.);
#15297 = CIRCLE('',#15298,22.);
#15298 = AXIS2_PLACEMENT_3D('',#15299,#15300,#15301);
#15299 = CARTESIAN_POINT('',(172.,0.,-75.));
#15300 = DIRECTION('',(1.,0.,0.));
#15301 = DIRECTION('',(-0.,0.,1.));
#15302 = PCURVE('',#15303,#15308);
#15303 = CONICAL_SURFACE('',#15304,13.,0.732815101787);
#15304 = AXIS2_PLACEMENT_3D('',#15305,#15306,#15307);
#15305 = CARTESIAN_POINT('',(162.,0.,-75.));
#15306 = DIRECTION('',(1.,0.,0.));
#15307 = DIRECTION('',(-0.,0.,1.));
#15308 = DEFINITIONAL_REPRESENTATION('',(#15309),#15313);
#15309 = LINE('',#15310,#15311);
#15310 = CARTESIAN_POINT('',(0.,10.));
#15311 = VECTOR('',#15312,1.);
#15312 = DIRECTION('',(1.,0.));
#15313 = ( GEOMETRIC_REPRESENTATION_CONTEXT(2) 
PARAMETRIC_REPRESENTATION_CONTEXT() REPRESENTATION_CONTEXT('2D SPACE',''
  ) );
#15314 = PCURVE('',#15315,#15320);
#15315 = PLANE('',#15316);
#15316 = AXIS2_PLACEMENT_3D('',#15317,#15318,#15319);
#15317 = CARTESIAN_POINT('',(172.,0.,-75.));
#15318 = DIRECTION('',(1.,0.,0.));
#15319 = DIRECTION('',(-0.,0.,1.));
#15320 = DEFINITIONAL_REPRESENTATION('',(#15321),#15325);
#15321 = CIRCLE('',#15322,22.);
#15322 = AXIS2_PLACEMENT_2D('',#15323,#15324);
#15323 = CARTESIAN_POINT('',(0.,0.));
#15324 = DIRECTION('',(1.,0.));
#15325 = ( GEOMETRIC_REPRESENTATION_CONTEXT(2) 
PARAMETRIC_REPRESENTATION_CONTEXT() REPRESENTATION_CONTEXT('2D SPACE',''
  ) );
#15326 = ORIENTED_EDGE('',*,*,#15327,.F.);
#15327 = EDGE_CURVE('',#15328,#15294,#15330,.T.);
#15328 = VERTEX_POINT('',#15329);
#15329 = CARTESIAN_POINT('',(162.,3.184081677783E-15,-62.));
#15330 = SEAM_CURVE('',#15331,(#15335,#15342),.PCURVE_S1.);
#15331 = LINE('',#15332,#15333);
#15332 = CARTESIAN_POINT('',(162.,3.184081677783E-15,-62.));
#15333 = VECTOR('',#15334,1.);
#15334 = DIRECTION('',(0.743294146247,1.638491034648E-16,0.668964731622)
  );
#15335 = PCURVE('',#15303,#15336);
#15336 = DEFINITIONAL_REPRESENTATION('',(#15337),#15341);
#15337 = LINE('',#15338,#15339);
#15338 = CARTESIAN_POINT('',(6.28318530718,-0.));
#15339 = VECTOR('',#15340,1.);
#15340 = DIRECTION('',(0.,1.));
#15341 = ( GEOMETRIC_REPRESENTATION_CONTEXT(2) 
PARAMETRIC_REPRESENTATION_CONTEXT() REPRESENTATION_CONTEXT('2D SPACE',''
  ) );
#15342 = PCURVE('',#15303,#15343);
#15343 = DEFINITIONAL_REPRESENTATION('',(#15344),#15348);
#15344 = LINE('',#15345,#15346);
#15345 = CARTESIAN_POINT('',(0.,-0.));
#15346 = VECTOR('',#15347,1.);
#15347 = DIRECTION('',(0.,1.));
#15348 = ( GEOMETRIC_REPRESENTATION_CONTEXT(2) 
PARAMETRIC_REPRESENTATION_CONTEXT() REPRESENTATION_CONTEXT('2D SPACE',''
  ) );
#15349 = ORIENTED_EDGE('',*,*,#15350,.T.);
#15350 = EDGE_CURVE('',#15328,#15328,#15351,.T.);
#15351 = SURFACE_CURVE('',#15352,(#15357,#15364),.PCURVE_S1.);
#15352 = CIRCLE('',#15353,13.);
#15353 = AXIS2_PLACEMENT_3D('',#15354,#15355,#15356);
#15354 = CARTESIAN_POINT('',(162.,0.,-75.));
#15355 = DIRECTION('',(1.,0.,0.));
#15356 = DIRECTION('',(-0.,0.,1.));
#15357 = PCURVE('',#15303,#15358);
#15358 = DEFINITIONAL_REPRESENTATION('',(#15359),#15363);
#15359 = LINE('',#15360,#15361);
#15360 = CARTESIAN_POINT('',(0.,0.));
#15361 = VECTOR('',#15362,1.);
#15362 = DIRECTION('',(1.,0.));
#15363 = ( GEOMETRIC_REPRESENTATION_CONTEXT(2) 
PARAMETRIC_REPRESENTATION_CONTEXT() REPRESENTATION_CONTEXT('2D SPACE',''
  ) );
#15364 = PCURVE('',#15365,#15370);
#15365 = PLANE('',#15366);
#15366 = AXIS2_PLACEMENT_3D('',#15367,#15368,#15369);
#15367 = CARTESIAN_POINT('',(162.,0.,-75.));
#15368 = DIRECTION('',(1.,0.,0.));
#15369 = DIRECTION('',(-0.,0.,1.));
#15370 = DEFINITIONAL_REPRESENTATION('',(#15371),#15375);
#15371 = CIRCLE('',#15372,13.);
#15372 = AXIS2_PLACEMENT_2D('',#15373,#15374);
#15373 = CARTESIAN_POINT('',(0.,0.));
#15374 = DIRECTION('',(1.,0.));
#15375 = ( GEOMETRIC_REPRESENTATION_CONTEXT(2) 
PARAMETRIC_REPRESENTATION_CONTEXT() REPRESENTATION_CONTEXT('2D SPACE',''
  ) );
#15376 = ORIENTED_EDGE('',*,*,#15327,.T.);
#15377 = ADVANCED_FACE('',(#15378),#15315,.T.);
#15378 = FACE_BOUND('',#15379,.T.);
#15379 = EDGE_LOOP('',(#15380));
#15380 = ORIENTED_EDGE('',*,*,#15293,.T.);
#15381 = ADVANCED_FACE('',(#15382),#15365,.F.);
#15382 = FACE_BOUND('',#15383,.T.);
#15383 = EDGE_LOOP('',(#15384));
#15384 = ORIENTED_EDGE('',*,*,#15350,.F.);
#15385 = ( GEOMETRIC_REPRESENTATION_CONTEXT(3) 
GLOBAL_UNCERTAINTY_ASSIGNED_CONTEXT((#15389)) 
GLOBAL_UNIT_ASSIGNED_CONTEXT((#15386,#15387,#15388)) 
REPRESENTATION_CONTEXT('Context #1',
  '3D Context with UNIT and UNCERTAINTY') );
#15386 = ( LENGTH_UNIT() NAMED_UNIT(*) SI_UNIT(.MILLI.,.METRE.) );
#15387 = ( NAMED_UNIT(*) PLANE_ANGLE_UNIT() SI_UNIT($,.RADIAN.) );
#15388 = ( NAMED_UNIT(*) SI_UNIT($,.STERADIAN.) SOLID_ANGLE_UNIT() );
#15389 = UNCERTAINTY_MEASURE_WITH_UNIT(LENGTH_MEASURE(1.E-07),#15386,
  'distance_accuracy_value','confusion accuracy');
#15390 = CONTEXT_DEPENDENT_SHAPE_REPRESENTATION(#15391,#15393);
#15391 = ( REPRESENTATION_RELATIONSHIP('','',#15286,#15048) 
REPRESENTATION_RELATIONSHIP_WITH_TRANSFORMATION(#15392) 
SHAPE_REPRESENTATION_RELATIONSHIP() );
#15392 = ITEM_DEFINED_TRANSFORMATION('','',#11,#15053);
#15393 = PRODUCT_DEFINITION_SHAPE('Placement','Placement of an item',
  #15394);
#15394 = NEXT_ASSEMBLY_USAGE_OCCURRENCE('26','','',#15043,#15281,$);
#15395 = PRODUCT_RELATED_PRODUCT_CATEGORY('part',$,(#15283));
#15396 = SHAPE_DEFINITION_REPRESENTATION(#15397,#15403);
#15397 = PRODUCT_DEFINITION_SHAPE('','',#15398);
#15398 = PRODUCT_DEFINITION('design','',#15399,#15402);
#15399 = PRODUCT_DEFINITION_FORMATION('','',#15400);
#15400 = PRODUCT('Open CASCADE STEP translator 7.9 13.11.3',
  'Open CASCADE STEP translator 7.9 13.11.3','',(#15401));
#15401 = PRODUCT_CONTEXT('',#2,'mechanical');
#15402 = PRODUCT_DEFINITION_CONTEXT('part definition',#2,'design');
#15403 = ADVANCED_BREP_SHAPE_REPRESENTATION('',(#11,#15404),#15557);
#15404 = MANIFOLD_SOLID_BREP('',#15405);
#15405 = CLOSED_SHELL('',(#15406,#15494,#15549,#15553));
#15406 = ADVANCED_FACE('',(#15407),#15420,.T.);
#15407 = FACE_BOUND('',#15408,.T.);
#15408 = EDGE_LOOP('',(#15409,#15443,#15466,#15493));
#15409 = ORIENTED_EDGE('',*,*,#15410,.F.);
#15410 = EDGE_CURVE('',#15411,#15411,#15413,.T.);
#15411 = VERTEX_POINT('',#15412);
#15412 = CARTESIAN_POINT('',(148.,2.204364238465E-15,-66.));
#15413 = SURFACE_CURVE('',#15414,(#15419,#15431),.PCURVE_S1.);
#15414 = CIRCLE('',#15415,9.);
#15415 = AXIS2_PLACEMENT_3D('',#15416,#15417,#15418);
#15416 = CARTESIAN_POINT('',(148.,0.,-75.));
#15417 = DIRECTION('',(1.,0.,0.));
#15418 = DIRECTION('',(-0.,0.,1.));
#15419 = PCURVE('',#15420,#15425);
#15420 = CYLINDRICAL_SURFACE('',#15421,9.);
#15421 = AXIS2_PLACEMENT_3D('',#15422,#15423,#15424);
#15422 = CARTESIAN_POINT('',(142.,0.,-75.));
#15423 = DIRECTION('',(1.,0.,0.));
#15424 = DIRECTION('',(-0.,0.,1.));
#15425 = DEFINITIONAL_REPRESENTATION('',(#15426),#15430);
#15426 = LINE('',#15427,#15428);
#15427 = CARTESIAN_POINT('',(0.,6.));
#15428 = VECTOR('',#15429,1.);
#15429 = DIRECTION('',(1.,0.));
#15430 = ( GEOMETRIC_REPRESENTATION_CONTEXT(2) 
PARAMETRIC_REPRESENTATION_CONTEXT() REPRESENTATION_CONTEXT('2D SPACE',''
  ) );
#15431 = PCURVE('',#15432,#15437);
#15432 = CONICAL_SURFACE('',#15433,9.,0.732815101787);
#15433 = AXIS2_PLACEMENT_3D('',#15434,#15435,#15436);
#15434 = CARTESIAN_POINT('',(148.,0.,-75.));
#15435 = DIRECTION('',(1.,0.,0.));
#15436 = DIRECTION('',(-0.,0.,1.));
#15437 = DEFINITIONAL_REPRESENTATION('',(#15438),#15442);
#15438 = LINE('',#15439,#15440);
#15439 = CARTESIAN_POINT('',(0.,0.));
#15440 = VECTOR('',#15441,1.);
#15441 = DIRECTION('',(1.,0.));
#15442 = ( GEOMETRIC_REPRESENTATION_CONTEXT(2) 
PARAMETRIC_REPRESENTATION_CONTEXT() REPRESENTATION_CONTEXT('2D SPACE',''
  ) );
#15443 = ORIENTED_EDGE('',*,*,#15444,.F.);
#15444 = EDGE_CURVE('',#15445,#15411,#15447,.T.);
#15445 = VERTEX_POINT('',#15446);
#15446 = CARTESIAN_POINT('',(142.,2.204364238465E-15,-66.));
#15447 = SEAM_CURVE('',#15448,(#15452,#15459),.PCURVE_S1.);
#15448 = LINE('',#15449,#15450);
#15449 = CARTESIAN_POINT('',(142.,2.204364238465E-15,-66.));
#15450 = VECTOR('',#15451,1.);
#15451 = DIRECTION('',(1.,0.,0.));
#15452 = PCURVE('',#15420,#15453);
#15453 = DEFINITIONAL_REPRESENTATION('',(#15454),#15458);
#15454 = LINE('',#15455,#15456);
#15455 = CARTESIAN_POINT('',(6.28318530718,-0.));
#15456 = VECTOR('',#15457,1.);
#15457 = DIRECTION('',(0.,1.));
#15458 = ( GEOMETRIC_REPRESENTATION_CONTEXT(2) 
PARAMETRIC_REPRESENTATION_CONTEXT() REPRESENTATION_CONTEXT('2D SPACE',''
  ) );
#15459 = PCURVE('',#15420,#15460);
#15460 = DEFINITIONAL_REPRESENTATION('',(#15461),#15465);
#15461 = LINE('',#15462,#15463);
#15462 = CARTESIAN_POINT('',(0.,-0.));
#15463 = VECTOR('',#15464,1.);
#15464 = DIRECTION('',(0.,1.));
#15465 = ( GEOMETRIC_REPRESENTATION_CONTEXT(2) 
PARAMETRIC_REPRESENTATION_CONTEXT() REPRESENTATION_CONTEXT('2D SPACE',''
  ) );
#15466 = ORIENTED_EDGE('',*,*,#15467,.T.);
#15467 = EDGE_CURVE('',#15445,#15445,#15468,.T.);
#15468 = SURFACE_CURVE('',#15469,(#15474,#15481),.PCURVE_S1.);
#15469 = CIRCLE('',#15470,9.);
#15470 = AXIS2_PLACEMENT_3D('',#15471,#15472,#15473);
#15471 = CARTESIAN_POINT('',(142.,0.,-75.));
#15472 = DIRECTION('',(1.,0.,0.));
#15473 = DIRECTION('',(-0.,0.,1.));
#15474 = PCURVE('',#15420,#15475);
#15475 = DEFINITIONAL_REPRESENTATION('',(#15476),#15480);
#15476 = LINE('',#15477,#15478);
#15477 = CARTESIAN_POINT('',(0.,0.));
#15478 = VECTOR('',#15479,1.);
#15479 = DIRECTION('',(1.,0.));
#15480 = ( GEOMETRIC_REPRESENTATION_CONTEXT(2) 
PARAMETRIC_REPRESENTATION_CONTEXT() REPRESENTATION_CONTEXT('2D SPACE',''
  ) );
#15481 = PCURVE('',#15482,#15487);
#15482 = PLANE('',#15483);
#15483 = AXIS2_PLACEMENT_3D('',#15484,#15485,#15486);
#15484 = CARTESIAN_POINT('',(142.,0.,-75.));
#15485 = DIRECTION('',(1.,0.,0.));
#15486 = DIRECTION('',(-0.,0.,1.));
#15487 = DEFINITIONAL_REPRESENTATION('',(#15488),#15492);
#15488 = CIRCLE('',#15489,9.);
#15489 = AXIS2_PLACEMENT_2D('',#15490,#15491);
#15490 = CARTESIAN_POINT('',(0.,0.));
#15491 = DIRECTION('',(1.,0.));
#15492 = ( GEOMETRIC_REPRESENTATION_CONTEXT(2) 
PARAMETRIC_REPRESENTATION_CONTEXT() REPRESENTATION_CONTEXT('2D SPACE',''
  ) );
#15493 = ORIENTED_EDGE('',*,*,#15444,.T.);
#15494 = ADVANCED_FACE('',(#15495),#15432,.T.);
#15495 = FACE_BOUND('',#15496,.T.);
#15496 = EDGE_LOOP('',(#15497,#15526,#15547,#15548));
#15497 = ORIENTED_EDGE('',*,*,#15498,.F.);
#15498 = EDGE_CURVE('',#15499,#15499,#15501,.T.);
#15499 = VERTEX_POINT('',#15500);
#15500 = CARTESIAN_POINT('',(158.,4.40872847693E-15,-57.));
#15501 = SURFACE_CURVE('',#15502,(#15507,#15514),.PCURVE_S1.);
#15502 = CIRCLE('',#15503,18.);
#15503 = AXIS2_PLACEMENT_3D('',#15504,#15505,#15506);
#15504 = CARTESIAN_POINT('',(158.,0.,-75.));
#15505 = DIRECTION('',(1.,0.,0.));
#15506 = DIRECTION('',(-0.,0.,1.));
#15507 = PCURVE('',#15432,#15508);
#15508 = DEFINITIONAL_REPRESENTATION('',(#15509),#15513);
#15509 = LINE('',#15510,#15511);
#15510 = CARTESIAN_POINT('',(0.,10.));
#15511 = VECTOR('',#15512,1.);
#15512 = DIRECTION('',(1.,0.));
#15513 = ( GEOMETRIC_REPRESENTATION_CONTEXT(2) 
PARAMETRIC_REPRESENTATION_CONTEXT() REPRESENTATION_CONTEXT('2D SPACE',''
  ) );
#15514 = PCURVE('',#15515,#15520);
#15515 = PLANE('',#15516);
#15516 = AXIS2_PLACEMENT_3D('',#15517,#15518,#15519);
#15517 = CARTESIAN_POINT('',(158.,0.,-75.));
#15518 = DIRECTION('',(1.,0.,0.));
#15519 = DIRECTION('',(-0.,0.,1.));
#15520 = DEFINITIONAL_REPRESENTATION('',(#15521),#15525);
#15521 = CIRCLE('',#15522,18.);
#15522 = AXIS2_PLACEMENT_2D('',#15523,#15524);
#15523 = CARTESIAN_POINT('',(0.,0.));
#15524 = DIRECTION('',(1.,0.));
#15525 = ( GEOMETRIC_REPRESENTATION_CONTEXT(2) 
PARAMETRIC_REPRESENTATION_CONTEXT() REPRESENTATION_CONTEXT('2D SPACE',''
  ) );
#15526 = ORIENTED_EDGE('',*,*,#15527,.F.);
#15527 = EDGE_CURVE('',#15411,#15499,#15528,.T.);
#15528 = SEAM_CURVE('',#15529,(#15533,#15540),.PCURVE_S1.);
#15529 = LINE('',#15530,#15531);
#15530 = CARTESIAN_POINT('',(148.,2.204364238465E-15,-66.));
#15531 = VECTOR('',#15532,1.);
#15532 = DIRECTION('',(0.743294146247,1.638491034648E-16,0.668964731622)
  );
#15533 = PCURVE('',#15432,#15534);
#15534 = DEFINITIONAL_REPRESENTATION('',(#15535),#15539);
#15535 = LINE('',#15536,#15537);
#15536 = CARTESIAN_POINT('',(6.28318530718,-0.));
#15537 = VECTOR('',#15538,1.);
#15538 = DIRECTION('',(0.,1.));
#15539 = ( GEOMETRIC_REPRESENTATION_CONTEXT(2) 
PARAMETRIC_REPRESENTATION_CONTEXT() REPRESENTATION_CONTEXT('2D SPACE',''
  ) );
#15540 = PCURVE('',#15432,#15541);
#15541 = DEFINITIONAL_REPRESENTATION('',(#15542),#15546);
#15542 = LINE('',#15543,#15544);
#15543 = CARTESIAN_POINT('',(0.,-0.));
#15544 = VECTOR('',#15545,1.);
#15545 = DIRECTION('',(0.,1.));
#15546 = ( GEOMETRIC_REPRESENTATION_CONTEXT(2) 
PARAMETRIC_REPRESENTATION_CONTEXT() REPRESENTATION_CONTEXT('2D SPACE',''
  ) );
#15547 = ORIENTED_EDGE('',*,*,#15410,.T.);
#15548 = ORIENTED_EDGE('',*,*,#15527,.T.);
#15549 = ADVANCED_FACE('',(#15550),#15482,.F.);
#15550 = FACE_BOUND('',#15551,.T.);
#15551 = EDGE_LOOP('',(#15552));
#15552 = ORIENTED_EDGE('',*,*,#15467,.F.);
#15553 = ADVANCED_FACE('',(#15554),#15515,.T.);
#15554 = FACE_BOUND('',#15555,.T.);
#15555 = EDGE_LOOP('',(#15556));
#15556 = ORIENTED_EDGE('',*,*,#15498,.T.);
#15557 = ( GEOMETRIC_REPRESENTATION_CONTEXT(3) 
GLOBAL_UNCERTAINTY_ASSIGNED_CONTEXT((#15561)) 
GLOBAL_UNIT_ASSIGNED_CONTEXT((#15558,#15559,#15560)) 
REPRESENTATION_CONTEXT('Context #1',
  '3D Context with UNIT and UNCERTAINTY') );
#15558 = ( LENGTH_UNIT() NAMED_UNIT(*) SI_UNIT(.MILLI.,.METRE.) );
#15559 = ( NAMED_UNIT(*) PLANE_ANGLE_UNIT() SI_UNIT($,.RADIAN.) );
#15560 = ( NAMED_UNIT(*) SI_UNIT($,.STERADIAN.) SOLID_ANGLE_UNIT() );
#15561 = UNCERTAINTY_MEASURE_WITH_UNIT(LENGTH_MEASURE(1.E-07),#15558,
  'distance_accuracy_value','confusion accuracy');
#15562 = CONTEXT_DEPENDENT_SHAPE_REPRESENTATION(#15563,#15565);
#15563 = ( REPRESENTATION_RELATIONSHIP('','',#15403,#15048) 
REPRESENTATION_RELATIONSHIP_WITH_TRANSFORMATION(#15564) 
SHAPE_REPRESENTATION_RELATIONSHIP() );
#15564 = ITEM_DEFINED_TRANSFORMATION('','',#11,#15057);
#15565 = PRODUCT_DEFINITION_SHAPE('Placement','Placement of an item',
  #15566);
#15566 = NEXT_ASSEMBLY_USAGE_OCCURRENCE('27','','',#15043,#15398,$);
#15567 = PRODUCT_RELATED_PRODUCT_CATEGORY('part',$,(#15400));
#15568 = SHAPE_DEFINITION_REPRESENTATION(#15569,#15575);
#15569 = PRODUCT_DEFINITION_SHAPE('','',#15570);
#15570 = PRODUCT_DEFINITION('design','',#15571,#15574);
#15571 = PRODUCT_DEFINITION_FORMATION('','',#15572);
#15572 = PRODUCT('Open CASCADE STEP translator 7.9 13.12',
  'Open CASCADE STEP translator 7.9 13.12','',(#15573));
#15573 = PRODUCT_CONTEXT('',#2,'mechanical');
#15574 = PRODUCT_DEFINITION_CONTEXT('part definition',#2,'design');
#15575 = SHAPE_REPRESENTATION('',(#11,#15576,#15580,#15584,#15588,#15592
    ,#15596,#15600,#15604,#15608,#15612,#15616),#15620);
#15576 = AXIS2_PLACEMENT_3D('',#15577,#15578,#15579);
#15577 = CARTESIAN_POINT('',(0.,0.,0.));
#15578 = DIRECTION('',(0.,0.,1.));
#15579 = DIRECTION('',(1.,0.,-0.));
#15580 = AXIS2_PLACEMENT_3D('',#15581,#15582,#15583);
#15581 = CARTESIAN_POINT('',(0.,0.,0.));
#15582 = DIRECTION('',(0.,0.,1.));
#15583 = DIRECTION('',(1.,0.,-0.));
#15584 = AXIS2_PLACEMENT_3D('',#15585,#15586,#15587);
#15585 = CARTESIAN_POINT('',(0.,0.,0.));
#15586 = DIRECTION('',(0.,0.,1.));
#15587 = DIRECTION('',(1.,0.,-0.));
#15588 = AXIS2_PLACEMENT_3D('',#15589,#15590,#15591);
#15589 = CARTESIAN_POINT('',(0.,0.,0.));
#15590 = DIRECTION('',(0.,0.,1.));
#15591 = DIRECTION('',(1.,0.,-0.));
#15592 = AXIS2_PLACEMENT_3D('',#15593,#15594,#15595);
#15593 = CARTESIAN_POINT('',(0.,0.,0.));
#15594 = DIRECTION('',(0.,0.,1.));
#15595 = DIRECTION('',(1.,0.,-0.));
#15596 = AXIS2_PLACEMENT_3D('',#15597,#15598,#15599);
#15597 = CARTESIAN_POINT('',(0.,0.,0.));
#15598 = DIRECTION('',(0.,0.,1.));
#15599 = DIRECTION('',(1.,0.,-0.));
#15600 = AXIS2_PLACEMENT_3D('',#15601,#15602,#15603);
#15601 = CARTESIAN_POINT('',(0.,0.,0.));
#15602 = DIRECTION('',(0.,0.,1.));
#15603 = DIRECTION('',(1.,0.,-0.));
#15604 = AXIS2_PLACEMENT_3D('',#15605,#15606,#15607);
#15605 = CARTESIAN_POINT('',(0.,0.,0.));
#15606 = DIRECTION('',(0.,0.,1.));
#15607 = DIRECTION('',(1.,0.,-0.));
#15608 = AXIS2_PLACEMENT_3D('',#15609,#15610,#15611);
#15609 = CARTESIAN_POINT('',(0.,0.,0.));
#15610 = DIRECTION('',(0.,0.,1.));
#15611 = DIRECTION('',(1.,0.,-0.));
#15612 = AXIS2_PLACEMENT_3D('',#15613,#15614,#15615);
#15613 = CARTESIAN_POINT('',(0.,0.,0.));
#15614 = DIRECTION('',(0.,0.,1.));
#15615 = DIRECTION('',(1.,0.,-0.));
#15616 = AXIS2_PLACEMENT_3D('',#15617,#15618,#15619);
#15617 = CARTESIAN_POINT('',(0.,0.,0.));
#15618 = DIRECTION('',(0.,0.,1.));
#15619 = DIRECTION('',(1.,0.,-0.));
#15620 = ( GEOMETRIC_REPRESENTATION_CONTEXT(3) 
GLOBAL_UNCERTAINTY_ASSIGNED_CONTEXT((#15624)) 
GLOBAL_UNIT_ASSIGNED_CONTEXT((#15621,#15622,#15623)) 
REPRESENTATION_CONTEXT('Context #1',
  '3D Context with UNIT and UNCERTAINTY') );
#15621 = ( LENGTH_UNIT() NAMED_UNIT(*) SI_UNIT(.MILLI.,.METRE.) );
#15622 = ( NAMED_UNIT(*) PLANE_ANGLE_UNIT() SI_UNIT($,.RADIAN.) );
#15623 = ( NAMED_UNIT(*) SI_UNIT($,.STERADIAN.) SOLID_ANGLE_UNIT() );
#15624 = UNCERTAINTY_MEASURE_WITH_UNIT(LENGTH_MEASURE(1.E-07),#15621,
  'distance_accuracy_value','confusion accuracy');
#15625 = CONTEXT_DEPENDENT_SHAPE_REPRESENTATION(#15626,#15628);
#15626 = ( REPRESENTATION_RELATIONSHIP('','',#15575,#10) 
REPRESENTATION_RELATIONSHIP_WITH_TRANSFORMATION(#15627) 
SHAPE_REPRESENTATION_RELATIONSHIP() );
#15627 = ITEM_DEFINED_TRANSFORMATION('','',#11,#59);
#15628 = PRODUCT_DEFINITION_SHAPE('Placement','Placement of an item',
  #15629);
#15629 = NEXT_ASSEMBLY_USAGE_OCCURRENCE('40','','',#5,#15570,$);
#15630 = PRODUCT_RELATED_PRODUCT_CATEGORY('part',$,(#15572));
#15631 = SHAPE_DEFINITION_REPRESENTATION(#15632,#15638);
#15632 = PRODUCT_DEFINITION_SHAPE('','',#15633);
#15633 = PRODUCT_DEFINITION('design','',#15634,#15637);
#15634 = PRODUCT_DEFINITION_FORMATION('','',#15635);
#15635 = PRODUCT('Open CASCADE STEP translator 7.9 13.12.1',
  'Open CASCADE STEP translator 7.9 13.12.1','',(#15636));
#15636 = PRODUCT_CONTEXT('',#2,'mechanical');
#15637 = PRODUCT_DEFINITION_CONTEXT('part definition',#2,'design');
#15638 = ADVANCED_BREP_SHAPE_REPRESENTATION('',(#11,#15639),#15737);
#15639 = MANIFOLD_SOLID_BREP('',#15640);
#15640 = CLOSED_SHELL('',(#15641,#15729,#15733));
#15641 = ADVANCED_FACE('',(#15642),#15655,.T.);
#15642 = FACE_BOUND('',#15643,.T.);
#15643 = EDGE_LOOP('',(#15644,#15678,#15701,#15728));
#15644 = ORIENTED_EDGE('',*,*,#15645,.F.);
#15645 = EDGE_CURVE('',#15646,#15646,#15648,.T.);
#15646 = VERTEX_POINT('',#15647);
#15647 = CARTESIAN_POINT('',(26.,28.,-14.));
#15648 = SURFACE_CURVE('',#15649,(#15654,#15666),.PCURVE_S1.);
#15649 = CIRCLE('',#15650,5.);
#15650 = AXIS2_PLACEMENT_3D('',#15651,#15652,#15653);
#15651 = CARTESIAN_POINT('',(26.,28.,-19.));
#15652 = DIRECTION('',(0.,1.,0.));
#15653 = DIRECTION('',(0.,-0.,1.));
#15654 = PCURVE('',#15655,#15660);
#15655 = CYLINDRICAL_SURFACE('',#15656,5.);
#15656 = AXIS2_PLACEMENT_3D('',#15657,#15658,#15659);
#15657 = CARTESIAN_POINT('',(26.,16.,-19.));
#15658 = DIRECTION('',(0.,1.,0.));
#15659 = DIRECTION('',(0.,-0.,1.));
#15660 = DEFINITIONAL_REPRESENTATION('',(#15661),#15665);
#15661 = LINE('',#15662,#15663);
#15662 = CARTESIAN_POINT('',(0.,12.));
#15663 = VECTOR('',#15664,1.);
#15664 = DIRECTION('',(1.,0.));
#15665 = ( GEOMETRIC_REPRESENTATION_CONTEXT(2) 
PARAMETRIC_REPRESENTATION_CONTEXT() REPRESENTATION_CONTEXT('2D SPACE',''
  ) );
#15666 = PCURVE('',#15667,#15672);
#15667 = PLANE('',#15668);
#15668 = AXIS2_PLACEMENT_3D('',#15669,#15670,#15671);
#15669 = CARTESIAN_POINT('',(26.,28.,-19.));
#15670 = DIRECTION('',(0.,1.,0.));
#15671 = DIRECTION('',(0.,-0.,1.));
#15672 = DEFINITIONAL_REPRESENTATION('',(#15673),#15677);
#15673 = CIRCLE('',#15674,5.);
#15674 = AXIS2_PLACEMENT_2D('',#15675,#15676);
#15675 = CARTESIAN_POINT('',(0.,0.));
#15676 = DIRECTION('',(1.,0.));
#15677 = ( GEOMETRIC_REPRESENTATION_CONTEXT(2) 
PARAMETRIC_REPRESENTATION_CONTEXT() REPRESENTATION_CONTEXT('2D SPACE',''
  ) );
#15678 = ORIENTED_EDGE('',*,*,#15679,.F.);
#15679 = EDGE_CURVE('',#15680,#15646,#15682,.T.);
#15680 = VERTEX_POINT('',#15681);
#15681 = CARTESIAN_POINT('',(26.,16.,-14.));
#15682 = SEAM_CURVE('',#15683,(#15687,#15694),.PCURVE_S1.);
#15683 = LINE('',#15684,#15685);
#15684 = CARTESIAN_POINT('',(26.,16.,-14.));
#15685 = VECTOR('',#15686,1.);
#15686 = DIRECTION('',(0.,1.,0.));
#15687 = PCURVE('',#15655,#15688);
#15688 = DEFINITIONAL_REPRESENTATION('',(#15689),#15693);
#15689 = LINE('',#15690,#15691);
#15690 = CARTESIAN_POINT('',(6.28318530718,-0.));
#15691 = VECTOR('',#15692,1.);
#15692 = DIRECTION('',(0.,1.));
#15693 = ( GEOMETRIC_REPRESENTATION_CONTEXT(2) 
PARAMETRIC_REPRESENTATION_CONTEXT() REPRESENTATION_CONTEXT('2D SPACE',''
  ) );
#15694 = PCURVE('',#15655,#15695);
#15695 = DEFINITIONAL_REPRESENTATION('',(#15696),#15700);
#15696 = LINE('',#15697,#15698);
#15697 = CARTESIAN_POINT('',(0.,-0.));
#15698 = VECTOR('',#15699,1.);
#15699 = DIRECTION('',(0.,1.));
#15700 = ( GEOMETRIC_REPRESENTATION_CONTEXT(2) 
PARAMETRIC_REPRESENTATION_CONTEXT() REPRESENTATION_CONTEXT('2D SPACE',''
  ) );
#15701 = ORIENTED_EDGE('',*,*,#15702,.T.);
#15702 = EDGE_CURVE('',#15680,#15680,#15703,.T.);
#15703 = SURFACE_CURVE('',#15704,(#15709,#15716),.PCURVE_S1.);
#15704 = CIRCLE('',#15705,5.);
#15705 = AXIS2_PLACEMENT_3D('',#15706,#15707,#15708);
#15706 = CARTESIAN_POINT('',(26.,16.,-19.));
#15707 = DIRECTION('',(0.,1.,0.));
#15708 = DIRECTION('',(0.,-0.,1.));
#15709 = PCURVE('',#15655,#15710);
#15710 = DEFINITIONAL_REPRESENTATION('',(#15711),#15715);
#15711 = LINE('',#15712,#15713);
#15712 = CARTESIAN_POINT('',(0.,0.));
#15713 = VECTOR('',#15714,1.);
#15714 = DIRECTION('',(1.,0.));
#15715 = ( GEOMETRIC_REPRESENTATION_CONTEXT(2) 
PARAMETRIC_REPRESENTATION_CONTEXT() REPRESENTATION_CONTEXT('2D SPACE',''
  ) );
#15716 = PCURVE('',#15717,#15722);
#15717 = PLANE('',#15718);
#15718 = AXIS2_PLACEMENT_3D('',#15719,#15720,#15721);
#15719 = CARTESIAN_POINT('',(26.,16.,-19.));
#15720 = DIRECTION('',(0.,1.,0.));
#15721 = DIRECTION('',(0.,-0.,1.));
#15722 = DEFINITIONAL_REPRESENTATION('',(#15723),#15727);
#15723 = CIRCLE('',#15724,5.);
#15724 = AXIS2_PLACEMENT_2D('',#15725,#15726);
#15725 = CARTESIAN_POINT('',(0.,0.));
#15726 = DIRECTION('',(1.,0.));
#15727 = ( GEOMETRIC_REPRESENTATION_CONTEXT(2) 
PARAMETRIC_REPRESENTATION_CONTEXT() REPRESENTATION_CONTEXT('2D SPACE',''
  ) );
#15728 = ORIENTED_EDGE('',*,*,#15679,.T.);
#15729 = ADVANCED_FACE('',(#15730),#15667,.T.);
#15730 = FACE_BOUND('',#15731,.T.);
#15731 = EDGE_LOOP('',(#15732));
#15732 = ORIENTED_EDGE('',*,*,#15645,.T.);
#15733 = ADVANCED_FACE('',(#15734),#15717,.F.);
#15734 = FACE_BOUND('',#15735,.T.);
#15735 = EDGE_LOOP('',(#15736));
#15736 = ORIENTED_EDGE('',*,*,#15702,.F.);
#15737 = ( GEOMETRIC_REPRESENTATION_CONTEXT(3) 
GLOBAL_UNCERTAINTY_ASSIGNED_CONTEXT((#15741)) 
GLOBAL_UNIT_ASSIGNED_CONTEXT((#15738,#15739,#15740)) 
REPRESENTATION_CONTEXT('Context #1',
  '3D Context with UNIT and UNCERTAINTY') );
#15738 = ( LENGTH_UNIT() NAMED_UNIT(*) SI_UNIT(.MILLI.,.METRE.) );
#15739 = ( NAMED_UNIT(*) PLANE_ANGLE_UNIT() SI_UNIT($,.RADIAN.) );
#15740 = ( NAMED_UNIT(*) SI_UNIT($,.STERADIAN.) SOLID_ANGLE_UNIT() );
#15741 = UNCERTAINTY_MEASURE_WITH_UNIT(LENGTH_MEASURE(1.E-07),#15738,
  'distance_accuracy_value','confusion accuracy');
#15742 = CONTEXT_DEPENDENT_SHAPE_REPRESENTATION(#15743,#15745);
#15743 = ( REPRESENTATION_RELATIONSHIP('','',#15638,#15575) 
REPRESENTATION_RELATIONSHIP_WITH_TRANSFORMATION(#15744) 
SHAPE_REPRESENTATION_RELATIONSHIP() );
#15744 = ITEM_DEFINED_TRANSFORMATION('','',#11,#15576);
#15745 = PRODUCT_DEFINITION_SHAPE('Placement','Placement of an item',
  #15746);
#15746 = NEXT_ASSEMBLY_USAGE_OCCURRENCE('29','','',#15570,#15633,$);
#15747 = PRODUCT_RELATED_PRODUCT_CATEGORY('part',$,(#15635));
#15748 = SHAPE_DEFINITION_REPRESENTATION(#15749,#15755);
#15749 = PRODUCT_DEFINITION_SHAPE('','',#15750);
#15750 = PRODUCT_DEFINITION('design','',#15751,#15754);
#15751 = PRODUCT_DEFINITION_FORMATION('','',#15752);
#15752 = PRODUCT('Open CASCADE STEP translator 7.9 13.12.2',
  'Open CASCADE STEP translator 7.9 13.12.2','',(#15753));
#15753 = PRODUCT_CONTEXT('',#2,'mechanical');
#15754 = PRODUCT_DEFINITION_CONTEXT('part definition',#2,'design');
#15755 = ADVANCED_BREP_SHAPE_REPRESENTATION('',(#11,#15756),#15854);
#15756 = MANIFOLD_SOLID_BREP('',#15757);
#15757 = CLOSED_SHELL('',(#15758,#15846,#15850));
#15758 = ADVANCED_FACE('',(#15759),#15772,.T.);
#15759 = FACE_BOUND('',#15760,.T.);
#15760 = EDGE_LOOP('',(#15761,#15795,#15818,#15845));
#15761 = ORIENTED_EDGE('',*,*,#15762,.F.);
#15762 = EDGE_CURVE('',#15763,#15763,#15765,.T.);
#15763 = VERTEX_POINT('',#15764);
#15764 = CARTESIAN_POINT('',(-14.,28.,-14.));
#15765 = SURFACE_CURVE('',#15766,(#15771,#15783),.PCURVE_S1.);
#15766 = CIRCLE('',#15767,5.);
#15767 = AXIS2_PLACEMENT_3D('',#15768,#15769,#15770);
#15768 = CARTESIAN_POINT('',(-14.,28.,-19.));
#15769 = DIRECTION('',(0.,1.,0.));
#15770 = DIRECTION('',(0.,-0.,1.));
#15771 = PCURVE('',#15772,#15777);
#15772 = CYLINDRICAL_SURFACE('',#15773,5.);
#15773 = AXIS2_PLACEMENT_3D('',#15774,#15775,#15776);
#15774 = CARTESIAN_POINT('',(-14.,16.,-19.));
#15775 = DIRECTION('',(0.,1.,0.));
#15776 = DIRECTION('',(0.,-0.,1.));
#15777 = DEFINITIONAL_REPRESENTATION('',(#15778),#15782);
#15778 = LINE('',#15779,#15780);
#15779 = CARTESIAN_POINT('',(0.,12.));
#15780 = VECTOR('',#15781,1.);
#15781 = DIRECTION('',(1.,0.));
#15782 = ( GEOMETRIC_REPRESENTATION_CONTEXT(2) 
PARAMETRIC_REPRESENTATION_CONTEXT() REPRESENTATION_CONTEXT('2D SPACE',''
  ) );
#15783 = PCURVE('',#15784,#15789);
#15784 = PLANE('',#15785);
#15785 = AXIS2_PLACEMENT_3D('',#15786,#15787,#15788);
#15786 = CARTESIAN_POINT('',(-14.,28.,-19.));
#15787 = DIRECTION('',(0.,1.,0.));
#15788 = DIRECTION('',(0.,-0.,1.));
#15789 = DEFINITIONAL_REPRESENTATION('',(#15790),#15794);
#15790 = CIRCLE('',#15791,5.);
#15791 = AXIS2_PLACEMENT_2D('',#15792,#15793);
#15792 = CARTESIAN_POINT('',(0.,0.));
#15793 = DIRECTION('',(1.,0.));
#15794 = ( GEOMETRIC_REPRESENTATION_CONTEXT(2) 
PARAMETRIC_REPRESENTATION_CONTEXT() REPRESENTATION_CONTEXT('2D SPACE',''
  ) );
#15795 = ORIENTED_EDGE('',*,*,#15796,.F.);
#15796 = EDGE_CURVE('',#15797,#15763,#15799,.T.);
#15797 = VERTEX_POINT('',#15798);
#15798 = CARTESIAN_POINT('',(-14.,16.,-14.));
#15799 = SEAM_CURVE('',#15800,(#15804,#15811),.PCURVE_S1.);
#15800 = LINE('',#15801,#15802);
#15801 = CARTESIAN_POINT('',(-14.,16.,-14.));
#15802 = VECTOR('',#15803,1.);
#15803 = DIRECTION('',(0.,1.,0.));
#15804 = PCURVE('',#15772,#15805);
#15805 = DEFINITIONAL_REPRESENTATION('',(#15806),#15810);
#15806 = LINE('',#15807,#15808);
#15807 = CARTESIAN_POINT('',(6.28318530718,-0.));
#15808 = VECTOR('',#15809,1.);
#15809 = DIRECTION('',(0.,1.));
#15810 = ( GEOMETRIC_REPRESENTATION_CONTEXT(2) 
PARAMETRIC_REPRESENTATION_CONTEXT() REPRESENTATION_CONTEXT('2D SPACE',''
  ) );
#15811 = PCURVE('',#15772,#15812);
#15812 = DEFINITIONAL_REPRESENTATION('',(#15813),#15817);
#15813 = LINE('',#15814,#15815);
#15814 = CARTESIAN_POINT('',(0.,-0.));
#15815 = VECTOR('',#15816,1.);
#15816 = DIRECTION('',(0.,1.));
#15817 = ( GEOMETRIC_REPRESENTATION_CONTEXT(2) 
PARAMETRIC_REPRESENTATION_CONTEXT() REPRESENTATION_CONTEXT('2D SPACE',''
  ) );
#15818 = ORIENTED_EDGE('',*,*,#15819,.T.);
#15819 = EDGE_CURVE('',#15797,#15797,#15820,.T.);
#15820 = SURFACE_CURVE('',#15821,(#15826,#15833),.PCURVE_S1.);
#15821 = CIRCLE('',#15822,5.);
#15822 = AXIS2_PLACEMENT_3D('',#15823,#15824,#15825);
#15823 = CARTESIAN_POINT('',(-14.,16.,-19.));
#15824 = DIRECTION('',(0.,1.,0.));
#15825 = DIRECTION('',(0.,-0.,1.));
#15826 = PCURVE('',#15772,#15827);
#15827 = DEFINITIONAL_REPRESENTATION('',(#15828),#15832);
#15828 = LINE('',#15829,#15830);
#15829 = CARTESIAN_POINT('',(0.,0.));
#15830 = VECTOR('',#15831,1.);
#15831 = DIRECTION('',(1.,0.));
#15832 = ( GEOMETRIC_REPRESENTATION_CONTEXT(2) 
PARAMETRIC_REPRESENTATION_CONTEXT() REPRESENTATION_CONTEXT('2D SPACE',''
  ) );
#15833 = PCURVE('',#15834,#15839);
#15834 = PLANE('',#15835);
#15835 = AXIS2_PLACEMENT_3D('',#15836,#15837,#15838);
#15836 = CARTESIAN_POINT('',(-14.,16.,-19.));
#15837 = DIRECTION('',(0.,1.,0.));
#15838 = DIRECTION('',(0.,-0.,1.));
#15839 = DEFINITIONAL_REPRESENTATION('',(#15840),#15844);
#15840 = CIRCLE('',#15841,5.);
#15841 = AXIS2_PLACEMENT_2D('',#15842,#15843);
#15842 = CARTESIAN_POINT('',(0.,0.));
#15843 = DIRECTION('',(1.,0.));
#15844 = ( GEOMETRIC_REPRESENTATION_CONTEXT(2) 
PARAMETRIC_REPRESENTATION_CONTEXT() REPRESENTATION_CONTEXT('2D SPACE',''
  ) );
#15845 = ORIENTED_EDGE('',*,*,#15796,.T.);
#15846 = ADVANCED_FACE('',(#15847),#15784,.T.);
#15847 = FACE_BOUND('',#15848,.T.);
#15848 = EDGE_LOOP('',(#15849));
#15849 = ORIENTED_EDGE('',*,*,#15762,.T.);
#15850 = ADVANCED_FACE('',(#15851),#15834,.F.);
#15851 = FACE_BOUND('',#15852,.T.);
#15852 = EDGE_LOOP('',(#15853));
#15853 = ORIENTED_EDGE('',*,*,#15819,.F.);
#15854 = ( GEOMETRIC_REPRESENTATION_CONTEXT(3) 
GLOBAL_UNCERTAINTY_ASSIGNED_CONTEXT((#15858)) 
GLOBAL_UNIT_ASSIGNED_CONTEXT((#15855,#15856,#15857)) 
REPRESENTATION_CONTEXT('Context #1',
  '3D Context with UNIT and UNCERTAINTY') );
#15855 = ( LENGTH_UNIT() NAMED_UNIT(*) SI_UNIT(.MILLI.,.METRE.) );
#15856 = ( NAMED_UNIT(*) PLANE_ANGLE_UNIT() SI_UNIT($,.RADIAN.) );
#15857 = ( NAMED_UNIT(*) SI_UNIT($,.STERADIAN.) SOLID_ANGLE_UNIT() );
#15858 = UNCERTAINTY_MEASURE_WITH_UNIT(LENGTH_MEASURE(1.E-07),#15855,
  'distance_accuracy_value','confusion accuracy');
#15859 = CONTEXT_DEPENDENT_SHAPE_REPRESENTATION(#15860,#15862);
#15860 = ( REPRESENTATION_RELATIONSHIP('','',#15755,#15575) 
REPRESENTATION_RELATIONSHIP_WITH_TRANSFORMATION(#15861) 
SHAPE_REPRESENTATION_RELATIONSHIP() );
#15861 = ITEM_DEFINED_TRANSFORMATION('','',#11,#15580);
#15862 = PRODUCT_DEFINITION_SHAPE('Placement','Placement of an item',
  #15863);
#15863 = NEXT_ASSEMBLY_USAGE_OCCURRENCE('30','','',#15570,#15750,$);
#15864 = PRODUCT_RELATED_PRODUCT_CATEGORY('part',$,(#15752));
#15865 = SHAPE_DEFINITION_REPRESENTATION(#15866,#15872);
#15866 = PRODUCT_DEFINITION_SHAPE('','',#15867);
#15867 = PRODUCT_DEFINITION('design','',#15868,#15871);
#15868 = PRODUCT_DEFINITION_FORMATION('','',#15869);
#15869 = PRODUCT('Open CASCADE STEP translator 7.9 13.12.3',
  'Open CASCADE STEP translator 7.9 13.12.3','',(#15870));
#15870 = PRODUCT_CONTEXT('',#2,'mechanical');
#15871 = PRODUCT_DEFINITION_CONTEXT('part definition',#2,'design');
#15872 = ADVANCED_BREP_SHAPE_REPRESENTATION('',(#11,#15873),#15971);
#15873 = MANIFOLD_SOLID_BREP('',#15874);
#15874 = CLOSED_SHELL('',(#15875,#15963,#15967));
#15875 = ADVANCED_FACE('',(#15876),#15889,.T.);
#15876 = FACE_BOUND('',#15877,.T.);
#15877 = EDGE_LOOP('',(#15878,#15912,#15935,#15962));
#15878 = ORIENTED_EDGE('',*,*,#15879,.F.);
#15879 = EDGE_CURVE('',#15880,#15880,#15882,.T.);
#15880 = VERTEX_POINT('',#15881);
#15881 = CARTESIAN_POINT('',(-26.,28.,-14.));
#15882 = SURFACE_CURVE('',#15883,(#15888,#15900),.PCURVE_S1.);
#15883 = CIRCLE('',#15884,5.);
#15884 = AXIS2_PLACEMENT_3D('',#15885,#15886,#15887);
#15885 = CARTESIAN_POINT('',(-26.,28.,-19.));
#15886 = DIRECTION('',(0.,1.,0.));
#15887 = DIRECTION('',(0.,-0.,1.));
#15888 = PCURVE('',#15889,#15894);
#15889 = CYLINDRICAL_SURFACE('',#15890,5.);
#15890 = AXIS2_PLACEMENT_3D('',#15891,#15892,#15893);
#15891 = CARTESIAN_POINT('',(-26.,16.,-19.));
#15892 = DIRECTION('',(0.,1.,0.));
#15893 = DIRECTION('',(0.,-0.,1.));
#15894 = DEFINITIONAL_REPRESENTATION('',(#15895),#15899);
#15895 = LINE('',#15896,#15897);
#15896 = CARTESIAN_POINT('',(0.,12.));
#15897 = VECTOR('',#15898,1.);
#15898 = DIRECTION('',(1.,0.));
#15899 = ( GEOMETRIC_REPRESENTATION_CONTEXT(2) 
PARAMETRIC_REPRESENTATION_CONTEXT() REPRESENTATION_CONTEXT('2D SPACE',''
  ) );
#15900 = PCURVE('',#15901,#15906);
#15901 = PLANE('',#15902);
#15902 = AXIS2_PLACEMENT_3D('',#15903,#15904,#15905);
#15903 = CARTESIAN_POINT('',(-26.,28.,-19.));
#15904 = DIRECTION('',(0.,1.,0.));
#15905 = DIRECTION('',(0.,-0.,1.));
#15906 = DEFINITIONAL_REPRESENTATION('',(#15907),#15911);
#15907 = CIRCLE('',#15908,5.);
#15908 = AXIS2_PLACEMENT_2D('',#15909,#15910);
#15909 = CARTESIAN_POINT('',(0.,0.));
#15910 = DIRECTION('',(1.,0.));
#15911 = ( GEOMETRIC_REPRESENTATION_CONTEXT(2) 
PARAMETRIC_REPRESENTATION_CONTEXT() REPRESENTATION_CONTEXT('2D SPACE',''
  ) );
#15912 = ORIENTED_EDGE('',*,*,#15913,.F.);
#15913 = EDGE_CURVE('',#15914,#15880,#15916,.T.);
#15914 = VERTEX_POINT('',#15915);
#15915 = CARTESIAN_POINT('',(-26.,16.,-14.));
#15916 = SEAM_CURVE('',#15917,(#15921,#15928),.PCURVE_S1.);
#15917 = LINE('',#15918,#15919);
#15918 = CARTESIAN_POINT('',(-26.,16.,-14.));
#15919 = VECTOR('',#15920,1.);
#15920 = DIRECTION('',(0.,1.,0.));
#15921 = PCURVE('',#15889,#15922);
#15922 = DEFINITIONAL_REPRESENTATION('',(#15923),#15927);
#15923 = LINE('',#15924,#15925);
#15924 = CARTESIAN_POINT('',(6.28318530718,-0.));
#15925 = VECTOR('',#15926,1.);
#15926 = DIRECTION('',(0.,1.));
#15927 = ( GEOMETRIC_REPRESENTATION_CONTEXT(2) 
PARAMETRIC_REPRESENTATION_CONTEXT() REPRESENTATION_CONTEXT('2D SPACE',''
  ) );
#15928 = PCURVE('',#15889,#15929);
#15929 = DEFINITIONAL_REPRESENTATION('',(#15930),#15934);
#15930 = LINE('',#15931,#15932);
#15931 = CARTESIAN_POINT('',(0.,-0.));
#15932 = VECTOR('',#15933,1.);
#15933 = DIRECTION('',(0.,1.));
#15934 = ( GEOMETRIC_REPRESENTATION_CONTEXT(2) 
PARAMETRIC_REPRESENTATION_CONTEXT() REPRESENTATION_CONTEXT('2D SPACE',''
  ) );
#15935 = ORIENTED_EDGE('',*,*,#15936,.T.);
#15936 = EDGE_CURVE('',#15914,#15914,#15937,.T.);
#15937 = SURFACE_CURVE('',#15938,(#15943,#15950),.PCURVE_S1.);
#15938 = CIRCLE('',#15939,5.);
#15939 = AXIS2_PLACEMENT_3D('',#15940,#15941,#15942);
#15940 = CARTESIAN_POINT('',(-26.,16.,-19.));
#15941 = DIRECTION('',(0.,1.,0.));
#15942 = DIRECTION('',(0.,-0.,1.));
#15943 = PCURVE('',#15889,#15944);
#15944 = DEFINITIONAL_REPRESENTATION('',(#15945),#15949);
#15945 = LINE('',#15946,#15947);
#15946 = CARTESIAN_POINT('',(0.,0.));
#15947 = VECTOR('',#15948,1.);
#15948 = DIRECTION('',(1.,0.));
#15949 = ( GEOMETRIC_REPRESENTATION_CONTEXT(2) 
PARAMETRIC_REPRESENTATION_CONTEXT() REPRESENTATION_CONTEXT('2D SPACE',''
  ) );
#15950 = PCURVE('',#15951,#15956);
#15951 = PLANE('',#15952);
#15952 = AXIS2_PLACEMENT_3D('',#15953,#15954,#15955);
#15953 = CARTESIAN_POINT('',(-26.,16.,-19.));
#15954 = DIRECTION('',(0.,1.,0.));
#15955 = DIRECTION('',(0.,-0.,1.));
#15956 = DEFINITIONAL_REPRESENTATION('',(#15957),#15961);
#15957 = CIRCLE('',#15958,5.);
#15958 = AXIS2_PLACEMENT_2D('',#15959,#15960);
#15959 = CARTESIAN_POINT('',(0.,0.));
#15960 = DIRECTION('',(1.,0.));
#15961 = ( GEOMETRIC_REPRESENTATION_CONTEXT(2) 
PARAMETRIC_REPRESENTATION_CONTEXT() REPRESENTATION_CONTEXT('2D SPACE',''
  ) );
#15962 = ORIENTED_EDGE('',*,*,#15913,.T.);
#15963 = ADVANCED_FACE('',(#15964),#15901,.T.);
#15964 = FACE_BOUND('',#15965,.T.);
#15965 = EDGE_LOOP('',(#15966));
#15966 = ORIENTED_EDGE('',*,*,#15879,.T.);
#15967 = ADVANCED_FACE('',(#15968),#15951,.F.);
#15968 = FACE_BOUND('',#15969,.T.);
#15969 = EDGE_LOOP('',(#15970));
#15970 = ORIENTED_EDGE('',*,*,#15936,.F.);
#15971 = ( GEOMETRIC_REPRESENTATION_CONTEXT(3) 
GLOBAL_UNCERTAINTY_ASSIGNED_CONTEXT((#15975)) 
GLOBAL_UNIT_ASSIGNED_CONTEXT((#15972,#15973,#15974)) 
REPRESENTATION_CONTEXT('Context #1',
  '3D Context with UNIT and UNCERTAINTY') );
#15972 = ( LENGTH_UNIT() NAMED_UNIT(*) SI_UNIT(.MILLI.,.METRE.) );
#15973 = ( NAMED_UNIT(*) PLANE_ANGLE_UNIT() SI_UNIT($,.RADIAN.) );
#15974 = ( NAMED_UNIT(*) SI_UNIT($,.STERADIAN.) SOLID_ANGLE_UNIT() );
#15975 = UNCERTAINTY_MEASURE_WITH_UNIT(LENGTH_MEASURE(1.E-07),#15972,
  'distance_accuracy_value','confusion accuracy');
#15976 = CONTEXT_DEPENDENT_SHAPE_REPRESENTATION(#15977,#15979);
#15977 = ( REPRESENTATION_RELATIONSHIP('','',#15872,#15575) 
REPRESENTATION_RELATIONSHIP_WITH_TRANSFORMATION(#15978) 
SHAPE_REPRESENTATION_RELATIONSHIP() );
#15978 = ITEM_DEFINED_TRANSFORMATION('','',#11,#15584);
#15979 = PRODUCT_DEFINITION_SHAPE('Placement','Placement of an item',
  #15980);
#15980 = NEXT_ASSEMBLY_USAGE_OCCURRENCE('31','','',#15570,#15867,$);
#15981 = PRODUCT_RELATED_PRODUCT_CATEGORY('part',$,(#15869));
#15982 = SHAPE_DEFINITION_REPRESENTATION(#15983,#15989);
#15983 = PRODUCT_DEFINITION_SHAPE('','',#15984);
#15984 = PRODUCT_DEFINITION('design','',#15985,#15988);
#15985 = PRODUCT_DEFINITION_FORMATION('','',#15986);
#15986 = PRODUCT('Open CASCADE STEP translator 7.9 13.12.4',
  'Open CASCADE STEP translator 7.9 13.12.4','',(#15987));
#15987 = PRODUCT_CONTEXT('',#2,'mechanical');
#15988 = PRODUCT_DEFINITION_CONTEXT('part definition',#2,'design');
#15989 = ADVANCED_BREP_SHAPE_REPRESENTATION('',(#11,#15990),#16268);
#15990 = MANIFOLD_SOLID_BREP('',#15991);
#15991 = CLOSED_SHELL('',(#15992,#16080,#16115,#16150,#16205,#16260,
    #16264));
#15992 = ADVANCED_FACE('',(#15993),#16006,.T.);
#15993 = FACE_BOUND('',#15994,.T.);
#15994 = EDGE_LOOP('',(#15995,#16029,#16052,#16079));
#15995 = ORIENTED_EDGE('',*,*,#15996,.F.);
#15996 = EDGE_CURVE('',#15997,#15997,#15999,.T.);
#15997 = VERTEX_POINT('',#15998);
#15998 = CARTESIAN_POINT('',(30.,-1.224646799147E-15,0.));
#15999 = SURFACE_CURVE('',#16000,(#16005,#16017),.PCURVE_S1.);
#16000 = CIRCLE('',#16001,5.);
#16001 = AXIS2_PLACEMENT_3D('',#16002,#16003,#16004);
#16002 = CARTESIAN_POINT('',(25.,0.,0.));
#16003 = DIRECTION('',(0.,0.,1.));
#16004 = DIRECTION('',(1.,0.,-0.));
#16005 = PCURVE('',#16006,#16011);
#16006 = CYLINDRICAL_SURFACE('',#16007,5.);
#16007 = AXIS2_PLACEMENT_3D('',#16008,#16009,#16010);
#16008 = CARTESIAN_POINT('',(25.,0.,-6.));
#16009 = DIRECTION('',(0.,0.,1.));
#16010 = DIRECTION('',(1.,0.,-0.));
#16011 = DEFINITIONAL_REPRESENTATION('',(#16012),#16016);
#16012 = LINE('',#16013,#16014);
#16013 = CARTESIAN_POINT('',(0.,6.));
#16014 = VECTOR('',#16015,1.);
#16015 = DIRECTION('',(1.,0.));
#16016 = ( GEOMETRIC_REPRESENTATION_CONTEXT(2) 
PARAMETRIC_REPRESENTATION_CONTEXT() REPRESENTATION_CONTEXT('2D SPACE',''
  ) );
#16017 = PCURVE('',#16018,#16023);
#16018 = PLANE('',#16019);
#16019 = AXIS2_PLACEMENT_3D('',#16020,#16021,#16022);
#16020 = CARTESIAN_POINT('',(25.,0.,0.));
#16021 = DIRECTION('',(0.,0.,1.));
#16022 = DIRECTION('',(1.,0.,-0.));
#16023 = DEFINITIONAL_REPRESENTATION('',(#16024),#16028);
#16024 = CIRCLE('',#16025,5.);
#16025 = AXIS2_PLACEMENT_2D('',#16026,#16027);
#16026 = CARTESIAN_POINT('',(0.,0.));
#16027 = DIRECTION('',(1.,0.));
#16028 = ( GEOMETRIC_REPRESENTATION_CONTEXT(2) 
PARAMETRIC_REPRESENTATION_CONTEXT() REPRESENTATION_CONTEXT('2D SPACE',''
  ) );
#16029 = ORIENTED_EDGE('',*,*,#16030,.F.);
#16030 = EDGE_CURVE('',#16031,#15997,#16033,.T.);
#16031 = VERTEX_POINT('',#16032);
#16032 = CARTESIAN_POINT('',(30.,-1.224646799147E-15,-6.));
#16033 = SEAM_CURVE('',#16034,(#16038,#16045),.PCURVE_S1.);
#16034 = LINE('',#16035,#16036);
#16035 = CARTESIAN_POINT('',(30.,-1.224646799147E-15,-6.));
#16036 = VECTOR('',#16037,1.);
#16037 = DIRECTION('',(0.,0.,1.));
#16038 = PCURVE('',#16006,#16039);
#16039 = DEFINITIONAL_REPRESENTATION('',(#16040),#16044);
#16040 = LINE('',#16041,#16042);
#16041 = CARTESIAN_POINT('',(6.28318530718,-0.));
#16042 = VECTOR('',#16043,1.);
#16043 = DIRECTION('',(0.,1.));
#16044 = ( GEOMETRIC_REPRESENTATION_CONTEXT(2) 
PARAMETRIC_REPRESENTATION_CONTEXT() REPRESENTATION_CONTEXT('2D SPACE',''
  ) );
#16045 = PCURVE('',#16006,#16046);
#16046 = DEFINITIONAL_REPRESENTATION('',(#16047),#16051);
#16047 = LINE('',#16048,#16049);
#16048 = CARTESIAN_POINT('',(0.,-0.));
#16049 = VECTOR('',#16050,1.);
#16050 = DIRECTION('',(0.,1.));
#16051 = ( GEOMETRIC_REPRESENTATION_CONTEXT(2) 
PARAMETRIC_REPRESENTATION_CONTEXT() REPRESENTATION_CONTEXT('2D SPACE',''
  ) );
#16052 = ORIENTED_EDGE('',*,*,#16053,.T.);
#16053 = EDGE_CURVE('',#16031,#16031,#16054,.T.);
#16054 = SURFACE_CURVE('',#16055,(#16060,#16067),.PCURVE_S1.);
#16055 = CIRCLE('',#16056,5.);
#16056 = AXIS2_PLACEMENT_3D('',#16057,#16058,#16059);
#16057 = CARTESIAN_POINT('',(25.,0.,-6.));
#16058 = DIRECTION('',(0.,0.,1.));
#16059 = DIRECTION('',(1.,0.,-0.));
#16060 = PCURVE('',#16006,#16061);
#16061 = DEFINITIONAL_REPRESENTATION('',(#16062),#16066);
#16062 = LINE('',#16063,#16064);
#16063 = CARTESIAN_POINT('',(0.,0.));
#16064 = VECTOR('',#16065,1.);
#16065 = DIRECTION('',(1.,0.));
#16066 = ( GEOMETRIC_REPRESENTATION_CONTEXT(2) 
PARAMETRIC_REPRESENTATION_CONTEXT() REPRESENTATION_CONTEXT('2D SPACE',''
  ) );
#16067 = PCURVE('',#16068,#16073);
#16068 = PLANE('',#16069);
#16069 = AXIS2_PLACEMENT_3D('',#16070,#16071,#16072);
#16070 = CARTESIAN_POINT('',(25.,0.,-6.));
#16071 = DIRECTION('',(0.,0.,1.));
#16072 = DIRECTION('',(1.,0.,-0.));
#16073 = DEFINITIONAL_REPRESENTATION('',(#16074),#16078);
#16074 = CIRCLE('',#16075,5.);
#16075 = AXIS2_PLACEMENT_2D('',#16076,#16077);
#16076 = CARTESIAN_POINT('',(0.,0.));
#16077 = DIRECTION('',(1.,0.));
#16078 = ( GEOMETRIC_REPRESENTATION_CONTEXT(2) 
PARAMETRIC_REPRESENTATION_CONTEXT() REPRESENTATION_CONTEXT('2D SPACE',''
  ) );
#16079 = ORIENTED_EDGE('',*,*,#16030,.T.);
#16080 = ADVANCED_FACE('',(#16081,#16084),#16018,.T.);
#16081 = FACE_BOUND('',#16082,.T.);
#16082 = EDGE_LOOP('',(#16083));
#16083 = ORIENTED_EDGE('',*,*,#15996,.T.);
#16084 = FACE_BOUND('',#16085,.T.);
#16085 = EDGE_LOOP('',(#16086));
#16086 = ORIENTED_EDGE('',*,*,#16087,.F.);
#16087 = EDGE_CURVE('',#16088,#16088,#16090,.T.);
#16088 = VERTEX_POINT('',#16089);
#16089 = CARTESIAN_POINT('',(27.5,-6.123233995737E-16,0.));
#16090 = SURFACE_CURVE('',#16091,(#16096,#16103),.PCURVE_S1.);
#16091 = CIRCLE('',#16092,2.5);
#16092 = AXIS2_PLACEMENT_3D('',#16093,#16094,#16095);
#16093 = CARTESIAN_POINT('',(25.,0.,0.));
#16094 = DIRECTION('',(0.,0.,1.));
#16095 = DIRECTION('',(1.,0.,-0.));
#16096 = PCURVE('',#16018,#16097);
#16097 = DEFINITIONAL_REPRESENTATION('',(#16098),#16102);
#16098 = CIRCLE('',#16099,2.5);
#16099 = AXIS2_PLACEMENT_2D('',#16100,#16101);
#16100 = CARTESIAN_POINT('',(0.,0.));
#16101 = DIRECTION('',(1.,0.));
#16102 = ( GEOMETRIC_REPRESENTATION_CONTEXT(2) 
PARAMETRIC_REPRESENTATION_CONTEXT() REPRESENTATION_CONTEXT('2D SPACE',''
  ) );
#16103 = PCURVE('',#16104,#16109);
#16104 = CYLINDRICAL_SURFACE('',#16105,2.5);
#16105 = AXIS2_PLACEMENT_3D('',#16106,#16107,#16108);
#16106 = CARTESIAN_POINT('',(25.,0.,-3.5));
#16107 = DIRECTION('',(0.,0.,1.));
#16108 = DIRECTION('',(1.,0.,-0.));
#16109 = DEFINITIONAL_REPRESENTATION('',(#16110),#16114);
#16110 = LINE('',#16111,#16112);
#16111 = CARTESIAN_POINT('',(0.,3.5));
#16112 = VECTOR('',#16113,1.);
#16113 = DIRECTION('',(1.,0.));
#16114 = ( GEOMETRIC_REPRESENTATION_CONTEXT(2) 
PARAMETRIC_REPRESENTATION_CONTEXT() REPRESENTATION_CONTEXT('2D SPACE',''
  ) );
#16115 = ADVANCED_FACE('',(#16116,#16119),#16068,.F.);
#16116 = FACE_BOUND('',#16117,.F.);
#16117 = EDGE_LOOP('',(#16118));
#16118 = ORIENTED_EDGE('',*,*,#16053,.T.);
#16119 = FACE_BOUND('',#16120,.F.);
#16120 = EDGE_LOOP('',(#16121));
#16121 = ORIENTED_EDGE('',*,*,#16122,.F.);
#16122 = EDGE_CURVE('',#16123,#16123,#16125,.T.);
#16123 = VERTEX_POINT('',#16124);
#16124 = CARTESIAN_POINT('',(28.,-7.347880794884E-16,-6.));
#16125 = SURFACE_CURVE('',#16126,(#16131,#16138),.PCURVE_S1.);
#16126 = CIRCLE('',#16127,3.);
#16127 = AXIS2_PLACEMENT_3D('',#16128,#16129,#16130);
#16128 = CARTESIAN_POINT('',(25.,0.,-6.));
#16129 = DIRECTION('',(0.,0.,1.));
#16130 = DIRECTION('',(1.,0.,-0.));
#16131 = PCURVE('',#16068,#16132);
#16132 = DEFINITIONAL_REPRESENTATION('',(#16133),#16137);
#16133 = CIRCLE('',#16134,3.);
#16134 = AXIS2_PLACEMENT_2D('',#16135,#16136);
#16135 = CARTESIAN_POINT('',(0.,0.));
#16136 = DIRECTION('',(1.,0.));
#16137 = ( GEOMETRIC_REPRESENTATION_CONTEXT(2) 
PARAMETRIC_REPRESENTATION_CONTEXT() REPRESENTATION_CONTEXT('2D SPACE',''
  ) );
#16138 = PCURVE('',#16139,#16144);
#16139 = CYLINDRICAL_SURFACE('',#16140,3.);
#16140 = AXIS2_PLACEMENT_3D('',#16141,#16142,#16143);
#16141 = CARTESIAN_POINT('',(25.,0.,-22.));
#16142 = DIRECTION('',(0.,0.,1.));
#16143 = DIRECTION('',(1.,0.,-0.));
#16144 = DEFINITIONAL_REPRESENTATION('',(#16145),#16149);
#16145 = LINE('',#16146,#16147);
#16146 = CARTESIAN_POINT('',(0.,16.));
#16147 = VECTOR('',#16148,1.);
#16148 = DIRECTION('',(1.,0.));
#16149 = ( GEOMETRIC_REPRESENTATION_CONTEXT(2) 
PARAMETRIC_REPRESENTATION_CONTEXT() REPRESENTATION_CONTEXT('2D SPACE',''
  ) );
#16150 = ADVANCED_FACE('',(#16151),#16104,.F.);
#16151 = FACE_BOUND('',#16152,.F.);
#16152 = EDGE_LOOP('',(#16153,#16154,#16177,#16204));
#16153 = ORIENTED_EDGE('',*,*,#16087,.F.);
#16154 = ORIENTED_EDGE('',*,*,#16155,.F.);
#16155 = EDGE_CURVE('',#16156,#16088,#16158,.T.);
#16156 = VERTEX_POINT('',#16157);
#16157 = CARTESIAN_POINT('',(27.5,-6.123233995737E-16,-3.5));
#16158 = SEAM_CURVE('',#16159,(#16163,#16170),.PCURVE_S1.);
#16159 = LINE('',#16160,#16161);
#16160 = CARTESIAN_POINT('',(27.5,-6.123233995737E-16,-3.5));
#16161 = VECTOR('',#16162,1.);
#16162 = DIRECTION('',(0.,0.,1.));
#16163 = PCURVE('',#16104,#16164);
#16164 = DEFINITIONAL_REPRESENTATION('',(#16165),#16169);
#16165 = LINE('',#16166,#16167);
#16166 = CARTESIAN_POINT('',(6.28318530718,-0.));
#16167 = VECTOR('',#16168,1.);
#16168 = DIRECTION('',(0.,1.));
#16169 = ( GEOMETRIC_REPRESENTATION_CONTEXT(2) 
PARAMETRIC_REPRESENTATION_CONTEXT() REPRESENTATION_CONTEXT('2D SPACE',''
  ) );
#16170 = PCURVE('',#16104,#16171);
#16171 = DEFINITIONAL_REPRESENTATION('',(#16172),#16176);
#16172 = LINE('',#16173,#16174);
#16173 = CARTESIAN_POINT('',(0.,-0.));
#16174 = VECTOR('',#16175,1.);
#16175 = DIRECTION('',(0.,1.));
#16176 = ( GEOMETRIC_REPRESENTATION_CONTEXT(2) 
PARAMETRIC_REPRESENTATION_CONTEXT() REPRESENTATION_CONTEXT('2D SPACE',''
  ) );
#16177 = ORIENTED_EDGE('',*,*,#16178,.T.);
#16178 = EDGE_CURVE('',#16156,#16156,#16179,.T.);
#16179 = SURFACE_CURVE('',#16180,(#16185,#16192),.PCURVE_S1.);
#16180 = CIRCLE('',#16181,2.5);
#16181 = AXIS2_PLACEMENT_3D('',#16182,#16183,#16184);
#16182 = CARTESIAN_POINT('',(25.,0.,-3.5));
#16183 = DIRECTION('',(0.,0.,1.));
#16184 = DIRECTION('',(1.,0.,-0.));
#16185 = PCURVE('',#16104,#16186);
#16186 = DEFINITIONAL_REPRESENTATION('',(#16187),#16191);
#16187 = LINE('',#16188,#16189);
#16188 = CARTESIAN_POINT('',(0.,0.));
#16189 = VECTOR('',#16190,1.);
#16190 = DIRECTION('',(1.,0.));
#16191 = ( GEOMETRIC_REPRESENTATION_CONTEXT(2) 
PARAMETRIC_REPRESENTATION_CONTEXT() REPRESENTATION_CONTEXT('2D SPACE',''
  ) );
#16192 = PCURVE('',#16193,#16198);
#16193 = PLANE('',#16194);
#16194 = AXIS2_PLACEMENT_3D('',#16195,#16196,#16197);
#16195 = CARTESIAN_POINT('',(25.,0.,-3.5));
#16196 = DIRECTION('',(0.,0.,1.));
#16197 = DIRECTION('',(1.,0.,-0.));
#16198 = DEFINITIONAL_REPRESENTATION('',(#16199),#16203);
#16199 = CIRCLE('',#16200,2.5);
#16200 = AXIS2_PLACEMENT_2D('',#16201,#16202);
#16201 = CARTESIAN_POINT('',(0.,0.));
#16202 = DIRECTION('',(1.,0.));
#16203 = ( GEOMETRIC_REPRESENTATION_CONTEXT(2) 
PARAMETRIC_REPRESENTATION_CONTEXT() REPRESENTATION_CONTEXT('2D SPACE',''
  ) );
#16204 = ORIENTED_EDGE('',*,*,#16155,.T.);
#16205 = ADVANCED_FACE('',(#16206),#16139,.T.);
#16206 = FACE_BOUND('',#16207,.T.);
#16207 = EDGE_LOOP('',(#16208,#16209,#16232,#16259));
#16208 = ORIENTED_EDGE('',*,*,#16122,.F.);
#16209 = ORIENTED_EDGE('',*,*,#16210,.F.);
#16210 = EDGE_CURVE('',#16211,#16123,#16213,.T.);
#16211 = VERTEX_POINT('',#16212);
#16212 = CARTESIAN_POINT('',(28.,-7.347880794884E-16,-22.));
#16213 = SEAM_CURVE('',#16214,(#16218,#16225),.PCURVE_S1.);
#16214 = LINE('',#16215,#16216);
#16215 = CARTESIAN_POINT('',(28.,-7.347880794884E-16,-22.));
#16216 = VECTOR('',#16217,1.);
#16217 = DIRECTION('',(0.,0.,1.));
#16218 = PCURVE('',#16139,#16219);
#16219 = DEFINITIONAL_REPRESENTATION('',(#16220),#16224);
#16220 = LINE('',#16221,#16222);
#16221 = CARTESIAN_POINT('',(6.28318530718,-0.));
#16222 = VECTOR('',#16223,1.);
#16223 = DIRECTION('',(0.,1.));
#16224 = ( GEOMETRIC_REPRESENTATION_CONTEXT(2) 
PARAMETRIC_REPRESENTATION_CONTEXT() REPRESENTATION_CONTEXT('2D SPACE',''
  ) );
#16225 = PCURVE('',#16139,#16226);
#16226 = DEFINITIONAL_REPRESENTATION('',(#16227),#16231);
#16227 = LINE('',#16228,#16229);
#16228 = CARTESIAN_POINT('',(0.,-0.));
#16229 = VECTOR('',#16230,1.);
#16230 = DIRECTION('',(0.,1.));
#16231 = ( GEOMETRIC_REPRESENTATION_CONTEXT(2) 
PARAMETRIC_REPRESENTATION_CONTEXT() REPRESENTATION_CONTEXT('2D SPACE',''
  ) );
#16232 = ORIENTED_EDGE('',*,*,#16233,.T.);
#16233 = EDGE_CURVE('',#16211,#16211,#16234,.T.);
#16234 = SURFACE_CURVE('',#16235,(#16240,#16247),.PCURVE_S1.);
#16235 = CIRCLE('',#16236,3.);
#16236 = AXIS2_PLACEMENT_3D('',#16237,#16238,#16239);
#16237 = CARTESIAN_POINT('',(25.,0.,-22.));
#16238 = DIRECTION('',(0.,0.,1.));
#16239 = DIRECTION('',(1.,0.,-0.));
#16240 = PCURVE('',#16139,#16241);
#16241 = DEFINITIONAL_REPRESENTATION('',(#16242),#16246);
#16242 = LINE('',#16243,#16244);
#16243 = CARTESIAN_POINT('',(0.,0.));
#16244 = VECTOR('',#16245,1.);
#16245 = DIRECTION('',(1.,0.));
#16246 = ( GEOMETRIC_REPRESENTATION_CONTEXT(2) 
PARAMETRIC_REPRESENTATION_CONTEXT() REPRESENTATION_CONTEXT('2D SPACE',''
  ) );
#16247 = PCURVE('',#16248,#16253);
#16248 = PLANE('',#16249);
#16249 = AXIS2_PLACEMENT_3D('',#16250,#16251,#16252);
#16250 = CARTESIAN_POINT('',(25.,0.,-22.));
#16251 = DIRECTION('',(0.,0.,1.));
#16252 = DIRECTION('',(1.,0.,-0.));
#16253 = DEFINITIONAL_REPRESENTATION('',(#16254),#16258);
#16254 = CIRCLE('',#16255,3.);
#16255 = AXIS2_PLACEMENT_2D('',#16256,#16257);
#16256 = CARTESIAN_POINT('',(0.,0.));
#16257 = DIRECTION('',(1.,0.));
#16258 = ( GEOMETRIC_REPRESENTATION_CONTEXT(2) 
PARAMETRIC_REPRESENTATION_CONTEXT() REPRESENTATION_CONTEXT('2D SPACE',''
  ) );
#16259 = ORIENTED_EDGE('',*,*,#16210,.T.);
#16260 = ADVANCED_FACE('',(#16261),#16193,.T.);
#16261 = FACE_BOUND('',#16262,.F.);
#16262 = EDGE_LOOP('',(#16263));
#16263 = ORIENTED_EDGE('',*,*,#16178,.F.);
#16264 = ADVANCED_FACE('',(#16265),#16248,.F.);
#16265 = FACE_BOUND('',#16266,.T.);
#16266 = EDGE_LOOP('',(#16267));
#16267 = ORIENTED_EDGE('',*,*,#16233,.F.);
#16268 = ( GEOMETRIC_REPRESENTATION_CONTEXT(3) 
GLOBAL_UNCERTAINTY_ASSIGNED_CONTEXT((#16272)) 
GLOBAL_UNIT_ASSIGNED_CONTEXT((#16269,#16270,#16271)) 
REPRESENTATION_CONTEXT('Context #1',
  '3D Context with UNIT and UNCERTAINTY') );
#16269 = ( LENGTH_UNIT() NAMED_UNIT(*) SI_UNIT(.MILLI.,.METRE.) );
#16270 = ( NAMED_UNIT(*) PLANE_ANGLE_UNIT() SI_UNIT($,.RADIAN.) );
#16271 = ( NAMED_UNIT(*) SI_UNIT($,.STERADIAN.) SOLID_ANGLE_UNIT() );
#16272 = UNCERTAINTY_MEASURE_WITH_UNIT(LENGTH_MEASURE(1.E-07),#16269,
  'distance_accuracy_value','confusion accuracy');
#16273 = CONTEXT_DEPENDENT_SHAPE_REPRESENTATION(#16274,#16276);
#16274 = ( REPRESENTATION_RELATIONSHIP('','',#15989,#15575) 
REPRESENTATION_RELATIONSHIP_WITH_TRANSFORMATION(#16275) 
SHAPE_REPRESENTATION_RELATIONSHIP() );
#16275 = ITEM_DEFINED_TRANSFORMATION('','',#11,#15588);
#16276 = PRODUCT_DEFINITION_SHAPE('Placement','Placement of an item',
  #16277);
#16277 = NEXT_ASSEMBLY_USAGE_OCCURRENCE('32','','',#15570,#15984,$);
#16278 = PRODUCT_RELATED_PRODUCT_CATEGORY('part',$,(#15986));
#16279 = SHAPE_DEFINITION_REPRESENTATION(#16280,#16286);
#16280 = PRODUCT_DEFINITION_SHAPE('','',#16281);
#16281 = PRODUCT_DEFINITION('design','',#16282,#16285);
#16282 = PRODUCT_DEFINITION_FORMATION('','',#16283);
#16283 = PRODUCT('Open CASCADE STEP translator 7.9 13.12.5',
  'Open CASCADE STEP translator 7.9 13.12.5','',(#16284));
#16284 = PRODUCT_CONTEXT('',#2,'mechanical');
#16285 = PRODUCT_DEFINITION_CONTEXT('part definition',#2,'design');
#16286 = ADVANCED_BREP_SHAPE_REPRESENTATION('',(#11,#16287),#16565);
#16287 = MANIFOLD_SOLID_BREP('',#16288);
#16288 = CLOSED_SHELL('',(#16289,#16377,#16412,#16447,#16502,#16557,
    #16561));
#16289 = ADVANCED_FACE('',(#16290),#16303,.T.);
#16290 = FACE_BOUND('',#16291,.T.);
#16291 = EDGE_LOOP('',(#16292,#16326,#16349,#16376));
#16292 = ORIENTED_EDGE('',*,*,#16293,.F.);
#16293 = EDGE_CURVE('',#16294,#16294,#16296,.T.);
#16294 = VERTEX_POINT('',#16295);
#16295 = CARTESIAN_POINT('',(5.,25.,0.));
#16296 = SURFACE_CURVE('',#16297,(#16302,#16314),.PCURVE_S1.);
#16297 = CIRCLE('',#16298,5.);
#16298 = AXIS2_PLACEMENT_3D('',#16299,#16300,#16301);
#16299 = CARTESIAN_POINT('',(1.530808498934E-15,25.,0.));
#16300 = DIRECTION('',(0.,0.,1.));
#16301 = DIRECTION('',(1.,0.,-0.));
#16302 = PCURVE('',#16303,#16308);
#16303 = CYLINDRICAL_SURFACE('',#16304,5.);
#16304 = AXIS2_PLACEMENT_3D('',#16305,#16306,#16307);
#16305 = CARTESIAN_POINT('',(1.530808498934E-15,25.,-6.));
#16306 = DIRECTION('',(0.,0.,1.));
#16307 = DIRECTION('',(1.,0.,-0.));
#16308 = DEFINITIONAL_REPRESENTATION('',(#16309),#16313);
#16309 = LINE('',#16310,#16311);
#16310 = CARTESIAN_POINT('',(0.,6.));
#16311 = VECTOR('',#16312,1.);
#16312 = DIRECTION('',(1.,0.));
#16313 = ( GEOMETRIC_REPRESENTATION_CONTEXT(2) 
PARAMETRIC_REPRESENTATION_CONTEXT() REPRESENTATION_CONTEXT('2D SPACE',''
  ) );
#16314 = PCURVE('',#16315,#16320);
#16315 = PLANE('',#16316);
#16316 = AXIS2_PLACEMENT_3D('',#16317,#16318,#16319);
#16317 = CARTESIAN_POINT('',(1.530808498934E-15,25.,0.));
#16318 = DIRECTION('',(0.,0.,1.));
#16319 = DIRECTION('',(1.,0.,-0.));
#16320 = DEFINITIONAL_REPRESENTATION('',(#16321),#16325);
#16321 = CIRCLE('',#16322,5.);
#16322 = AXIS2_PLACEMENT_2D('',#16323,#16324);
#16323 = CARTESIAN_POINT('',(0.,0.));
#16324 = DIRECTION('',(1.,0.));
#16325 = ( GEOMETRIC_REPRESENTATION_CONTEXT(2) 
PARAMETRIC_REPRESENTATION_CONTEXT() REPRESENTATION_CONTEXT('2D SPACE',''
  ) );
#16326 = ORIENTED_EDGE('',*,*,#16327,.F.);
#16327 = EDGE_CURVE('',#16328,#16294,#16330,.T.);
#16328 = VERTEX_POINT('',#16329);
#16329 = CARTESIAN_POINT('',(5.,25.,-6.));
#16330 = SEAM_CURVE('',#16331,(#16335,#16342),.PCURVE_S1.);
#16331 = LINE('',#16332,#16333);
#16332 = CARTESIAN_POINT('',(5.,25.,-6.));
#16333 = VECTOR('',#16334,1.);
#16334 = DIRECTION('',(0.,0.,1.));
#16335 = PCURVE('',#16303,#16336);
#16336 = DEFINITIONAL_REPRESENTATION('',(#16337),#16341);
#16337 = LINE('',#16338,#16339);
#16338 = CARTESIAN_POINT('',(6.28318530718,-0.));
#16339 = VECTOR('',#16340,1.);
#16340 = DIRECTION('',(0.,1.));
#16341 = ( GEOMETRIC_REPRESENTATION_CONTEXT(2) 
PARAMETRIC_REPRESENTATION_CONTEXT() REPRESENTATION_CONTEXT('2D SPACE',''
  ) );
#16342 = PCURVE('',#16303,#16343);
#16343 = DEFINITIONAL_REPRESENTATION('',(#16344),#16348);
#16344 = LINE('',#16345,#16346);
#16345 = CARTESIAN_POINT('',(0.,-0.));
#16346 = VECTOR('',#16347,1.);
#16347 = DIRECTION('',(0.,1.));
#16348 = ( GEOMETRIC_REPRESENTATION_CONTEXT(2) 
PARAMETRIC_REPRESENTATION_CONTEXT() REPRESENTATION_CONTEXT('2D SPACE',''
  ) );
#16349 = ORIENTED_EDGE('',*,*,#16350,.T.);
#16350 = EDGE_CURVE('',#16328,#16328,#16351,.T.);
#16351 = SURFACE_CURVE('',#16352,(#16357,#16364),.PCURVE_S1.);
#16352 = CIRCLE('',#16353,5.);
#16353 = AXIS2_PLACEMENT_3D('',#16354,#16355,#16356);
#16354 = CARTESIAN_POINT('',(1.530808498934E-15,25.,-6.));
#16355 = DIRECTION('',(0.,0.,1.));
#16356 = DIRECTION('',(1.,0.,-0.));
#16357 = PCURVE('',#16303,#16358);
#16358 = DEFINITIONAL_REPRESENTATION('',(#16359),#16363);
#16359 = LINE('',#16360,#16361);
#16360 = CARTESIAN_POINT('',(0.,0.));
#16361 = VECTOR('',#16362,1.);
#16362 = DIRECTION('',(1.,0.));
#16363 = ( GEOMETRIC_REPRESENTATION_CONTEXT(2) 
PARAMETRIC_REPRESENTATION_CONTEXT() REPRESENTATION_CONTEXT('2D SPACE',''
  ) );
#16364 = PCURVE('',#16365,#16370);
#16365 = PLANE('',#16366);
#16366 = AXIS2_PLACEMENT_3D('',#16367,#16368,#16369);
#16367 = CARTESIAN_POINT('',(1.530808498934E-15,25.,-6.));
#16368 = DIRECTION('',(0.,0.,1.));
#16369 = DIRECTION('',(1.,0.,-0.));
#16370 = DEFINITIONAL_REPRESENTATION('',(#16371),#16375);
#16371 = CIRCLE('',#16372,5.);
#16372 = AXIS2_PLACEMENT_2D('',#16373,#16374);
#16373 = CARTESIAN_POINT('',(0.,0.));
#16374 = DIRECTION('',(1.,0.));
#16375 = ( GEOMETRIC_REPRESENTATION_CONTEXT(2) 
PARAMETRIC_REPRESENTATION_CONTEXT() REPRESENTATION_CONTEXT('2D SPACE',''
  ) );
#16376 = ORIENTED_EDGE('',*,*,#16327,.T.);
#16377 = ADVANCED_FACE('',(#16378,#16381),#16315,.T.);
#16378 = FACE_BOUND('',#16379,.T.);
#16379 = EDGE_LOOP('',(#16380));
#16380 = ORIENTED_EDGE('',*,*,#16293,.T.);
#16381 = FACE_BOUND('',#16382,.T.);
#16382 = EDGE_LOOP('',(#16383));
#16383 = ORIENTED_EDGE('',*,*,#16384,.F.);
#16384 = EDGE_CURVE('',#16385,#16385,#16387,.T.);
#16385 = VERTEX_POINT('',#16386);
#16386 = CARTESIAN_POINT('',(2.5,25.,0.));
#16387 = SURFACE_CURVE('',#16388,(#16393,#16400),.PCURVE_S1.);
#16388 = CIRCLE('',#16389,2.5);
#16389 = AXIS2_PLACEMENT_3D('',#16390,#16391,#16392);
#16390 = CARTESIAN_POINT('',(1.530808498934E-15,25.,0.));
#16391 = DIRECTION('',(0.,0.,1.));
#16392 = DIRECTION('',(1.,0.,-0.));
#16393 = PCURVE('',#16315,#16394);
#16394 = DEFINITIONAL_REPRESENTATION('',(#16395),#16399);
#16395 = CIRCLE('',#16396,2.5);
#16396 = AXIS2_PLACEMENT_2D('',#16397,#16398);
#16397 = CARTESIAN_POINT('',(0.,0.));
#16398 = DIRECTION('',(1.,0.));
#16399 = ( GEOMETRIC_REPRESENTATION_CONTEXT(2) 
PARAMETRIC_REPRESENTATION_CONTEXT() REPRESENTATION_CONTEXT('2D SPACE',''
  ) );
#16400 = PCURVE('',#16401,#16406);
#16401 = CYLINDRICAL_SURFACE('',#16402,2.5);
#16402 = AXIS2_PLACEMENT_3D('',#16403,#16404,#16405);
#16403 = CARTESIAN_POINT('',(1.530808498934E-15,25.,-3.5));
#16404 = DIRECTION('',(0.,0.,1.));
#16405 = DIRECTION('',(1.,0.,-0.));
#16406 = DEFINITIONAL_REPRESENTATION('',(#16407),#16411);
#16407 = LINE('',#16408,#16409);
#16408 = CARTESIAN_POINT('',(0.,3.5));
#16409 = VECTOR('',#16410,1.);
#16410 = DIRECTION('',(1.,0.));
#16411 = ( GEOMETRIC_REPRESENTATION_CONTEXT(2) 
PARAMETRIC_REPRESENTATION_CONTEXT() REPRESENTATION_CONTEXT('2D SPACE',''
  ) );
#16412 = ADVANCED_FACE('',(#16413,#16416),#16365,.F.);
#16413 = FACE_BOUND('',#16414,.F.);
#16414 = EDGE_LOOP('',(#16415));
#16415 = ORIENTED_EDGE('',*,*,#16350,.T.);
#16416 = FACE_BOUND('',#16417,.F.);
#16417 = EDGE_LOOP('',(#16418));
#16418 = ORIENTED_EDGE('',*,*,#16419,.F.);
#16419 = EDGE_CURVE('',#16420,#16420,#16422,.T.);
#16420 = VERTEX_POINT('',#16421);
#16421 = CARTESIAN_POINT('',(3.,25.,-6.));
#16422 = SURFACE_CURVE('',#16423,(#16428,#16435),.PCURVE_S1.);
#16423 = CIRCLE('',#16424,3.);
#16424 = AXIS2_PLACEMENT_3D('',#16425,#16426,#16427);
#16425 = CARTESIAN_POINT('',(1.530808498934E-15,25.,-6.));
#16426 = DIRECTION('',(0.,0.,1.));
#16427 = DIRECTION('',(1.,0.,-0.));
#16428 = PCURVE('',#16365,#16429);
#16429 = DEFINITIONAL_REPRESENTATION('',(#16430),#16434);
#16430 = CIRCLE('',#16431,3.);
#16431 = AXIS2_PLACEMENT_2D('',#16432,#16433);
#16432 = CARTESIAN_POINT('',(0.,0.));
#16433 = DIRECTION('',(1.,0.));
#16434 = ( GEOMETRIC_REPRESENTATION_CONTEXT(2) 
PARAMETRIC_REPRESENTATION_CONTEXT() REPRESENTATION_CONTEXT('2D SPACE',''
  ) );
#16435 = PCURVE('',#16436,#16441);
#16436 = CYLINDRICAL_SURFACE('',#16437,3.);
#16437 = AXIS2_PLACEMENT_3D('',#16438,#16439,#16440);
#16438 = CARTESIAN_POINT('',(1.530808498934E-15,25.,-22.));
#16439 = DIRECTION('',(0.,0.,1.));
#16440 = DIRECTION('',(1.,0.,-0.));
#16441 = DEFINITIONAL_REPRESENTATION('',(#16442),#16446);
#16442 = LINE('',#16443,#16444);
#16443 = CARTESIAN_POINT('',(0.,16.));
#16444 = VECTOR('',#16445,1.);
#16445 = DIRECTION('',(1.,0.));
#16446 = ( GEOMETRIC_REPRESENTATION_CONTEXT(2) 
PARAMETRIC_REPRESENTATION_CONTEXT() REPRESENTATION_CONTEXT('2D SPACE',''
  ) );
#16447 = ADVANCED_FACE('',(#16448),#16401,.F.);
#16448 = FACE_BOUND('',#16449,.F.);
#16449 = EDGE_LOOP('',(#16450,#16451,#16474,#16501));
#16450 = ORIENTED_EDGE('',*,*,#16384,.F.);
#16451 = ORIENTED_EDGE('',*,*,#16452,.F.);
#16452 = EDGE_CURVE('',#16453,#16385,#16455,.T.);
#16453 = VERTEX_POINT('',#16454);
#16454 = CARTESIAN_POINT('',(2.5,25.,-3.5));
#16455 = SEAM_CURVE('',#16456,(#16460,#16467),.PCURVE_S1.);
#16456 = LINE('',#16457,#16458);
#16457 = CARTESIAN_POINT('',(2.5,25.,-3.5));
#16458 = VECTOR('',#16459,1.);
#16459 = DIRECTION('',(0.,0.,1.));
#16460 = PCURVE('',#16401,#16461);
#16461 = DEFINITIONAL_REPRESENTATION('',(#16462),#16466);
#16462 = LINE('',#16463,#16464);
#16463 = CARTESIAN_POINT('',(6.28318530718,-0.));
#16464 = VECTOR('',#16465,1.);
#16465 = DIRECTION('',(0.,1.));
#16466 = ( GEOMETRIC_REPRESENTATION_CONTEXT(2) 
PARAMETRIC_REPRESENTATION_CONTEXT() REPRESENTATION_CONTEXT('2D SPACE',''
  ) );
#16467 = PCURVE('',#16401,#16468);
#16468 = DEFINITIONAL_REPRESENTATION('',(#16469),#16473);
#16469 = LINE('',#16470,#16471);
#16470 = CARTESIAN_POINT('',(0.,-0.));
#16471 = VECTOR('',#16472,1.);
#16472 = DIRECTION('',(0.,1.));
#16473 = ( GEOMETRIC_REPRESENTATION_CONTEXT(2) 
PARAMETRIC_REPRESENTATION_CONTEXT() REPRESENTATION_CONTEXT('2D SPACE',''
  ) );
#16474 = ORIENTED_EDGE('',*,*,#16475,.T.);
#16475 = EDGE_CURVE('',#16453,#16453,#16476,.T.);
#16476 = SURFACE_CURVE('',#16477,(#16482,#16489),.PCURVE_S1.);
#16477 = CIRCLE('',#16478,2.5);
#16478 = AXIS2_PLACEMENT_3D('',#16479,#16480,#16481);
#16479 = CARTESIAN_POINT('',(1.530808498934E-15,25.,-3.5));
#16480 = DIRECTION('',(0.,0.,1.));
#16481 = DIRECTION('',(1.,0.,-0.));
#16482 = PCURVE('',#16401,#16483);
#16483 = DEFINITIONAL_REPRESENTATION('',(#16484),#16488);
#16484 = LINE('',#16485,#16486);
#16485 = CARTESIAN_POINT('',(0.,0.));
#16486 = VECTOR('',#16487,1.);
#16487 = DIRECTION('',(1.,0.));
#16488 = ( GEOMETRIC_REPRESENTATION_CONTEXT(2) 
PARAMETRIC_REPRESENTATION_CONTEXT() REPRESENTATION_CONTEXT('2D SPACE',''
  ) );
#16489 = PCURVE('',#16490,#16495);
#16490 = PLANE('',#16491);
#16491 = AXIS2_PLACEMENT_3D('',#16492,#16493,#16494);
#16492 = CARTESIAN_POINT('',(1.530808498934E-15,25.,-3.5));
#16493 = DIRECTION('',(0.,0.,1.));
#16494 = DIRECTION('',(1.,0.,-0.));
#16495 = DEFINITIONAL_REPRESENTATION('',(#16496),#16500);
#16496 = CIRCLE('',#16497,2.5);
#16497 = AXIS2_PLACEMENT_2D('',#16498,#16499);
#16498 = CARTESIAN_POINT('',(0.,0.));
#16499 = DIRECTION('',(1.,0.));
#16500 = ( GEOMETRIC_REPRESENTATION_CONTEXT(2) 
PARAMETRIC_REPRESENTATION_CONTEXT() REPRESENTATION_CONTEXT('2D SPACE',''
  ) );
#16501 = ORIENTED_EDGE('',*,*,#16452,.T.);
#16502 = ADVANCED_FACE('',(#16503),#16436,.T.);
#16503 = FACE_BOUND('',#16504,.T.);
#16504 = EDGE_LOOP('',(#16505,#16506,#16529,#16556));
#16505 = ORIENTED_EDGE('',*,*,#16419,.F.);
#16506 = ORIENTED_EDGE('',*,*,#16507,.F.);
#16507 = EDGE_CURVE('',#16508,#16420,#16510,.T.);
#16508 = VERTEX_POINT('',#16509);
#16509 = CARTESIAN_POINT('',(3.,25.,-22.));
#16510 = SEAM_CURVE('',#16511,(#16515,#16522),.PCURVE_S1.);
#16511 = LINE('',#16512,#16513);
#16512 = CARTESIAN_POINT('',(3.,25.,-22.));
#16513 = VECTOR('',#16514,1.);
#16514 = DIRECTION('',(0.,0.,1.));
#16515 = PCURVE('',#16436,#16516);
#16516 = DEFINITIONAL_REPRESENTATION('',(#16517),#16521);
#16517 = LINE('',#16518,#16519);
#16518 = CARTESIAN_POINT('',(6.28318530718,-0.));
#16519 = VECTOR('',#16520,1.);
#16520 = DIRECTION('',(0.,1.));
#16521 = ( GEOMETRIC_REPRESENTATION_CONTEXT(2) 
PARAMETRIC_REPRESENTATION_CONTEXT() REPRESENTATION_CONTEXT('2D SPACE',''
  ) );
#16522 = PCURVE('',#16436,#16523);
#16523 = DEFINITIONAL_REPRESENTATION('',(#16524),#16528);
#16524 = LINE('',#16525,#16526);
#16525 = CARTESIAN_POINT('',(0.,-0.));
#16526 = VECTOR('',#16527,1.);
#16527 = DIRECTION('',(0.,1.));
#16528 = ( GEOMETRIC_REPRESENTATION_CONTEXT(2) 
PARAMETRIC_REPRESENTATION_CONTEXT() REPRESENTATION_CONTEXT('2D SPACE',''
  ) );
#16529 = ORIENTED_EDGE('',*,*,#16530,.T.);
#16530 = EDGE_CURVE('',#16508,#16508,#16531,.T.);
#16531 = SURFACE_CURVE('',#16532,(#16537,#16544),.PCURVE_S1.);
#16532 = CIRCLE('',#16533,3.);
#16533 = AXIS2_PLACEMENT_3D('',#16534,#16535,#16536);
#16534 = CARTESIAN_POINT('',(1.530808498934E-15,25.,-22.));
#16535 = DIRECTION('',(0.,0.,1.));
#16536 = DIRECTION('',(1.,0.,-0.));
#16537 = PCURVE('',#16436,#16538);
#16538 = DEFINITIONAL_REPRESENTATION('',(#16539),#16543);
#16539 = LINE('',#16540,#16541);
#16540 = CARTESIAN_POINT('',(0.,0.));
#16541 = VECTOR('',#16542,1.);
#16542 = DIRECTION('',(1.,0.));
#16543 = ( GEOMETRIC_REPRESENTATION_CONTEXT(2) 
PARAMETRIC_REPRESENTATION_CONTEXT() REPRESENTATION_CONTEXT('2D SPACE',''
  ) );
#16544 = PCURVE('',#16545,#16550);
#16545 = PLANE('',#16546);
#16546 = AXIS2_PLACEMENT_3D('',#16547,#16548,#16549);
#16547 = CARTESIAN_POINT('',(1.530808498934E-15,25.,-22.));
#16548 = DIRECTION('',(0.,0.,1.));
#16549 = DIRECTION('',(1.,0.,-0.));
#16550 = DEFINITIONAL_REPRESENTATION('',(#16551),#16555);
#16551 = CIRCLE('',#16552,3.);
#16552 = AXIS2_PLACEMENT_2D('',#16553,#16554);
#16553 = CARTESIAN_POINT('',(0.,0.));
#16554 = DIRECTION('',(1.,0.));
#16555 = ( GEOMETRIC_REPRESENTATION_CONTEXT(2) 
PARAMETRIC_REPRESENTATION_CONTEXT() REPRESENTATION_CONTEXT('2D SPACE',''
  ) );
#16556 = ORIENTED_EDGE('',*,*,#16507,.T.);
#16557 = ADVANCED_FACE('',(#16558),#16490,.T.);
#16558 = FACE_BOUND('',#16559,.F.);
#16559 = EDGE_LOOP('',(#16560));
#16560 = ORIENTED_EDGE('',*,*,#16475,.F.);
#16561 = ADVANCED_FACE('',(#16562),#16545,.F.);
#16562 = FACE_BOUND('',#16563,.T.);
#16563 = EDGE_LOOP('',(#16564));
#16564 = ORIENTED_EDGE('',*,*,#16530,.F.);
#16565 = ( GEOMETRIC_REPRESENTATION_CONTEXT(3) 
GLOBAL_UNCERTAINTY_ASSIGNED_CONTEXT((#16569)) 
GLOBAL_UNIT_ASSIGNED_CONTEXT((#16566,#16567,#16568)) 
REPRESENTATION_CONTEXT('Context #1',
  '3D Context with UNIT and UNCERTAINTY') );
#16566 = ( LENGTH_UNIT() NAMED_UNIT(*) SI_UNIT(.MILLI.,.METRE.) );
#16567 = ( NAMED_UNIT(*) PLANE_ANGLE_UNIT() SI_UNIT($,.RADIAN.) );
#16568 = ( NAMED_UNIT(*) SI_UNIT($,.STERADIAN.) SOLID_ANGLE_UNIT() );
#16569 = UNCERTAINTY_MEASURE_WITH_UNIT(LENGTH_MEASURE(1.E-07),#16566,
  'distance_accuracy_value','confusion accuracy');
#16570 = CONTEXT_DEPENDENT_SHAPE_REPRESENTATION(#16571,#16573);
#16571 = ( REPRESENTATION_RELATIONSHIP('','',#16286,#15575) 
REPRESENTATION_RELATIONSHIP_WITH_TRANSFORMATION(#16572) 
SHAPE_REPRESENTATION_RELATIONSHIP() );
#16572 = ITEM_DEFINED_TRANSFORMATION('','',#11,#15592);
#16573 = PRODUCT_DEFINITION_SHAPE('Placement','Placement of an item',
  #16574);
#16574 = NEXT_ASSEMBLY_USAGE_OCCURRENCE('33','','',#15570,#16281,$);
#16575 = PRODUCT_RELATED_PRODUCT_CATEGORY('part',$,(#16283));
#16576 = SHAPE_DEFINITION_REPRESENTATION(#16577,#16583);
#16577 = PRODUCT_DEFINITION_SHAPE('','',#16578);
#16578 = PRODUCT_DEFINITION('design','',#16579,#16582);
#16579 = PRODUCT_DEFINITION_FORMATION('','',#16580);
#16580 = PRODUCT('Open CASCADE STEP translator 7.9 13.12.6',
  'Open CASCADE STEP translator 7.9 13.12.6','',(#16581));
#16581 = PRODUCT_CONTEXT('',#2,'mechanical');
#16582 = PRODUCT_DEFINITION_CONTEXT('part definition',#2,'design');
#16583 = ADVANCED_BREP_SHAPE_REPRESENTATION('',(#11,#16584),#16862);
#16584 = MANIFOLD_SOLID_BREP('',#16585);
#16585 = CLOSED_SHELL('',(#16586,#16674,#16709,#16744,#16799,#16854,
    #16858));
#16586 = ADVANCED_FACE('',(#16587),#16600,.T.);
#16587 = FACE_BOUND('',#16588,.T.);
#16588 = EDGE_LOOP('',(#16589,#16623,#16646,#16673));
#16589 = ORIENTED_EDGE('',*,*,#16590,.F.);
#16590 = EDGE_CURVE('',#16591,#16591,#16593,.T.);
#16591 = VERTEX_POINT('',#16592);
#16592 = CARTESIAN_POINT('',(-20.,1.836970198721E-15,0.));
#16593 = SURFACE_CURVE('',#16594,(#16599,#16611),.PCURVE_S1.);
#16594 = CIRCLE('',#16595,5.);
#16595 = AXIS2_PLACEMENT_3D('',#16596,#16597,#16598);
#16596 = CARTESIAN_POINT('',(-25.,3.061616997868E-15,0.));
#16597 = DIRECTION('',(0.,0.,1.));
#16598 = DIRECTION('',(1.,0.,-0.));
#16599 = PCURVE('',#16600,#16605);
#16600 = CYLINDRICAL_SURFACE('',#16601,5.);
#16601 = AXIS2_PLACEMENT_3D('',#16602,#16603,#16604);
#16602 = CARTESIAN_POINT('',(-25.,3.061616997868E-15,-6.));
#16603 = DIRECTION('',(0.,0.,1.));
#16604 = DIRECTION('',(1.,0.,-0.));
#16605 = DEFINITIONAL_REPRESENTATION('',(#16606),#16610);
#16606 = LINE('',#16607,#16608);
#16607 = CARTESIAN_POINT('',(0.,6.));
#16608 = VECTOR('',#16609,1.);
#16609 = DIRECTION('',(1.,0.));
#16610 = ( GEOMETRIC_REPRESENTATION_CONTEXT(2) 
PARAMETRIC_REPRESENTATION_CONTEXT() REPRESENTATION_CONTEXT('2D SPACE',''
  ) );
#16611 = PCURVE('',#16612,#16617);
#16612 = PLANE('',#16613);
#16613 = AXIS2_PLACEMENT_3D('',#16614,#16615,#16616);
#16614 = CARTESIAN_POINT('',(-25.,3.061616997868E-15,0.));
#16615 = DIRECTION('',(0.,0.,1.));
#16616 = DIRECTION('',(1.,0.,-0.));
#16617 = DEFINITIONAL_REPRESENTATION('',(#16618),#16622);
#16618 = CIRCLE('',#16619,5.);
#16619 = AXIS2_PLACEMENT_2D('',#16620,#16621);
#16620 = CARTESIAN_POINT('',(0.,0.));
#16621 = DIRECTION('',(1.,0.));
#16622 = ( GEOMETRIC_REPRESENTATION_CONTEXT(2) 
PARAMETRIC_REPRESENTATION_CONTEXT() REPRESENTATION_CONTEXT('2D SPACE',''
  ) );
#16623 = ORIENTED_EDGE('',*,*,#16624,.F.);
#16624 = EDGE_CURVE('',#16625,#16591,#16627,.T.);
#16625 = VERTEX_POINT('',#16626);
#16626 = CARTESIAN_POINT('',(-20.,1.836970198721E-15,-6.));
#16627 = SEAM_CURVE('',#16628,(#16632,#16639),.PCURVE_S1.);
#16628 = LINE('',#16629,#16630);
#16629 = CARTESIAN_POINT('',(-20.,1.836970198721E-15,-6.));
#16630 = VECTOR('',#16631,1.);
#16631 = DIRECTION('',(0.,0.,1.));
#16632 = PCURVE('',#16600,#16633);
#16633 = DEFINITIONAL_REPRESENTATION('',(#16634),#16638);
#16634 = LINE('',#16635,#16636);
#16635 = CARTESIAN_POINT('',(6.28318530718,-0.));
#16636 = VECTOR('',#16637,1.);
#16637 = DIRECTION('',(0.,1.));
#16638 = ( GEOMETRIC_REPRESENTATION_CONTEXT(2) 
PARAMETRIC_REPRESENTATION_CONTEXT() REPRESENTATION_CONTEXT('2D SPACE',''
  ) );
#16639 = PCURVE('',#16600,#16640);
#16640 = DEFINITIONAL_REPRESENTATION('',(#16641),#16645);
#16641 = LINE('',#16642,#16643);
#16642 = CARTESIAN_POINT('',(0.,-0.));
#16643 = VECTOR('',#16644,1.);
#16644 = DIRECTION('',(0.,1.));
#16645 = ( GEOMETRIC_REPRESENTATION_CONTEXT(2) 
PARAMETRIC_REPRESENTATION_CONTEXT() REPRESENTATION_CONTEXT('2D SPACE',''
  ) );
#16646 = ORIENTED_EDGE('',*,*,#16647,.T.);
#16647 = EDGE_CURVE('',#16625,#16625,#16648,.T.);
#16648 = SURFACE_CURVE('',#16649,(#16654,#16661),.PCURVE_S1.);
#16649 = CIRCLE('',#16650,5.);
#16650 = AXIS2_PLACEMENT_3D('',#16651,#16652,#16653);
#16651 = CARTESIAN_POINT('',(-25.,3.061616997868E-15,-6.));
#16652 = DIRECTION('',(0.,0.,1.));
#16653 = DIRECTION('',(1.,0.,-0.));
#16654 = PCURVE('',#16600,#16655);
#16655 = DEFINITIONAL_REPRESENTATION('',(#16656),#16660);
#16656 = LINE('',#16657,#16658);
#16657 = CARTESIAN_POINT('',(0.,0.));
#16658 = VECTOR('',#16659,1.);
#16659 = DIRECTION('',(1.,0.));
#16660 = ( GEOMETRIC_REPRESENTATION_CONTEXT(2) 
PARAMETRIC_REPRESENTATION_CONTEXT() REPRESENTATION_CONTEXT('2D SPACE',''
  ) );
#16661 = PCURVE('',#16662,#16667);
#16662 = PLANE('',#16663);
#16663 = AXIS2_PLACEMENT_3D('',#16664,#16665,#16666);
#16664 = CARTESIAN_POINT('',(-25.,3.061616997868E-15,-6.));
#16665 = DIRECTION('',(0.,0.,1.));
#16666 = DIRECTION('',(1.,0.,-0.));
#16667 = DEFINITIONAL_REPRESENTATION('',(#16668),#16672);
#16668 = CIRCLE('',#16669,5.);
#16669 = AXIS2_PLACEMENT_2D('',#16670,#16671);
#16670 = CARTESIAN_POINT('',(0.,0.));
#16671 = DIRECTION('',(1.,0.));
#16672 = ( GEOMETRIC_REPRESENTATION_CONTEXT(2) 
PARAMETRIC_REPRESENTATION_CONTEXT() REPRESENTATION_CONTEXT('2D SPACE',''
  ) );
#16673 = ORIENTED_EDGE('',*,*,#16624,.T.);
#16674 = ADVANCED_FACE('',(#16675,#16678),#16612,.T.);
#16675 = FACE_BOUND('',#16676,.T.);
#16676 = EDGE_LOOP('',(#16677));
#16677 = ORIENTED_EDGE('',*,*,#16590,.T.);
#16678 = FACE_BOUND('',#16679,.T.);
#16679 = EDGE_LOOP('',(#16680));
#16680 = ORIENTED_EDGE('',*,*,#16681,.F.);
#16681 = EDGE_CURVE('',#16682,#16682,#16684,.T.);
#16682 = VERTEX_POINT('',#16683);
#16683 = CARTESIAN_POINT('',(-22.5,2.449293598295E-15,0.));
#16684 = SURFACE_CURVE('',#16685,(#16690,#16697),.PCURVE_S1.);
#16685 = CIRCLE('',#16686,2.5);
#16686 = AXIS2_PLACEMENT_3D('',#16687,#16688,#16689);
#16687 = CARTESIAN_POINT('',(-25.,3.061616997868E-15,0.));
#16688 = DIRECTION('',(0.,0.,1.));
#16689 = DIRECTION('',(1.,0.,-0.));
#16690 = PCURVE('',#16612,#16691);
#16691 = DEFINITIONAL_REPRESENTATION('',(#16692),#16696);
#16692 = CIRCLE('',#16693,2.5);
#16693 = AXIS2_PLACEMENT_2D('',#16694,#16695);
#16694 = CARTESIAN_POINT('',(0.,0.));
#16695 = DIRECTION('',(1.,0.));
#16696 = ( GEOMETRIC_REPRESENTATION_CONTEXT(2) 
PARAMETRIC_REPRESENTATION_CONTEXT() REPRESENTATION_CONTEXT('2D SPACE',''
  ) );
#16697 = PCURVE('',#16698,#16703);
#16698 = CYLINDRICAL_SURFACE('',#16699,2.5);
#16699 = AXIS2_PLACEMENT_3D('',#16700,#16701,#16702);
#16700 = CARTESIAN_POINT('',(-25.,3.061616997868E-15,-3.5));
#16701 = DIRECTION('',(0.,0.,1.));
#16702 = DIRECTION('',(1.,0.,-0.));
#16703 = DEFINITIONAL_REPRESENTATION('',(#16704),#16708);
#16704 = LINE('',#16705,#16706);
#16705 = CARTESIAN_POINT('',(0.,3.5));
#16706 = VECTOR('',#16707,1.);
#16707 = DIRECTION('',(1.,0.));
#16708 = ( GEOMETRIC_REPRESENTATION_CONTEXT(2) 
PARAMETRIC_REPRESENTATION_CONTEXT() REPRESENTATION_CONTEXT('2D SPACE',''
  ) );
#16709 = ADVANCED_FACE('',(#16710,#16713),#16662,.F.);
#16710 = FACE_BOUND('',#16711,.F.);
#16711 = EDGE_LOOP('',(#16712));
#16712 = ORIENTED_EDGE('',*,*,#16647,.T.);
#16713 = FACE_BOUND('',#16714,.F.);
#16714 = EDGE_LOOP('',(#16715));
#16715 = ORIENTED_EDGE('',*,*,#16716,.F.);
#16716 = EDGE_CURVE('',#16717,#16717,#16719,.T.);
#16717 = VERTEX_POINT('',#16718);
#16718 = CARTESIAN_POINT('',(-22.,2.32682891838E-15,-6.));
#16719 = SURFACE_CURVE('',#16720,(#16725,#16732),.PCURVE_S1.);
#16720 = CIRCLE('',#16721,3.);
#16721 = AXIS2_PLACEMENT_3D('',#16722,#16723,#16724);
#16722 = CARTESIAN_POINT('',(-25.,3.061616997868E-15,-6.));
#16723 = DIRECTION('',(0.,0.,1.));
#16724 = DIRECTION('',(1.,0.,-0.));
#16725 = PCURVE('',#16662,#16726);
#16726 = DEFINITIONAL_REPRESENTATION('',(#16727),#16731);
#16727 = CIRCLE('',#16728,3.);
#16728 = AXIS2_PLACEMENT_2D('',#16729,#16730);
#16729 = CARTESIAN_POINT('',(0.,0.));
#16730 = DIRECTION('',(1.,0.));
#16731 = ( GEOMETRIC_REPRESENTATION_CONTEXT(2) 
PARAMETRIC_REPRESENTATION_CONTEXT() REPRESENTATION_CONTEXT('2D SPACE',''
  ) );
#16732 = PCURVE('',#16733,#16738);
#16733 = CYLINDRICAL_SURFACE('',#16734,3.);
#16734 = AXIS2_PLACEMENT_3D('',#16735,#16736,#16737);
#16735 = CARTESIAN_POINT('',(-25.,3.061616997868E-15,-22.));
#16736 = DIRECTION('',(0.,0.,1.));
#16737 = DIRECTION('',(1.,0.,-0.));
#16738 = DEFINITIONAL_REPRESENTATION('',(#16739),#16743);
#16739 = LINE('',#16740,#16741);
#16740 = CARTESIAN_POINT('',(0.,16.));
#16741 = VECTOR('',#16742,1.);
#16742 = DIRECTION('',(1.,0.));
#16743 = ( GEOMETRIC_REPRESENTATION_CONTEXT(2) 
PARAMETRIC_REPRESENTATION_CONTEXT() REPRESENTATION_CONTEXT('2D SPACE',''
  ) );
#16744 = ADVANCED_FACE('',(#16745),#16698,.F.);
#16745 = FACE_BOUND('',#16746,.F.);
#16746 = EDGE_LOOP('',(#16747,#16748,#16771,#16798));
#16747 = ORIENTED_EDGE('',*,*,#16681,.F.);
#16748 = ORIENTED_EDGE('',*,*,#16749,.F.);
#16749 = EDGE_CURVE('',#16750,#16682,#16752,.T.);
#16750 = VERTEX_POINT('',#16751);
#16751 = CARTESIAN_POINT('',(-22.5,2.449293598295E-15,-3.5));
#16752 = SEAM_CURVE('',#16753,(#16757,#16764),.PCURVE_S1.);
#16753 = LINE('',#16754,#16755);
#16754 = CARTESIAN_POINT('',(-22.5,2.449293598295E-15,-3.5));
#16755 = VECTOR('',#16756,1.);
#16756 = DIRECTION('',(0.,0.,1.));
#16757 = PCURVE('',#16698,#16758);
#16758 = DEFINITIONAL_REPRESENTATION('',(#16759),#16763);
#16759 = LINE('',#16760,#16761);
#16760 = CARTESIAN_POINT('',(6.28318530718,-0.));
#16761 = VECTOR('',#16762,1.);
#16762 = DIRECTION('',(0.,1.));
#16763 = ( GEOMETRIC_REPRESENTATION_CONTEXT(2) 
PARAMETRIC_REPRESENTATION_CONTEXT() REPRESENTATION_CONTEXT('2D SPACE',''
  ) );
#16764 = PCURVE('',#16698,#16765);
#16765 = DEFINITIONAL_REPRESENTATION('',(#16766),#16770);
#16766 = LINE('',#16767,#16768);
#16767 = CARTESIAN_POINT('',(0.,-0.));
#16768 = VECTOR('',#16769,1.);
#16769 = DIRECTION('',(0.,1.));
#16770 = ( GEOMETRIC_REPRESENTATION_CONTEXT(2) 
PARAMETRIC_REPRESENTATION_CONTEXT() REPRESENTATION_CONTEXT('2D SPACE',''
  ) );
#16771 = ORIENTED_EDGE('',*,*,#16772,.T.);
#16772 = EDGE_CURVE('',#16750,#16750,#16773,.T.);
#16773 = SURFACE_CURVE('',#16774,(#16779,#16786),.PCURVE_S1.);
#16774 = CIRCLE('',#16775,2.5);
#16775 = AXIS2_PLACEMENT_3D('',#16776,#16777,#16778);
#16776 = CARTESIAN_POINT('',(-25.,3.061616997868E-15,-3.5));
#16777 = DIRECTION('',(0.,0.,1.));
#16778 = DIRECTION('',(1.,0.,-0.));
#16779 = PCURVE('',#16698,#16780);
#16780 = DEFINITIONAL_REPRESENTATION('',(#16781),#16785);
#16781 = LINE('',#16782,#16783);
#16782 = CARTESIAN_POINT('',(0.,0.));
#16783 = VECTOR('',#16784,1.);
#16784 = DIRECTION('',(1.,0.));
#16785 = ( GEOMETRIC_REPRESENTATION_CONTEXT(2) 
PARAMETRIC_REPRESENTATION_CONTEXT() REPRESENTATION_CONTEXT('2D SPACE',''
  ) );
#16786 = PCURVE('',#16787,#16792);
#16787 = PLANE('',#16788);
#16788 = AXIS2_PLACEMENT_3D('',#16789,#16790,#16791);
#16789 = CARTESIAN_POINT('',(-25.,3.061616997868E-15,-3.5));
#16790 = DIRECTION('',(0.,0.,1.));
#16791 = DIRECTION('',(1.,0.,-0.));
#16792 = DEFINITIONAL_REPRESENTATION('',(#16793),#16797);
#16793 = CIRCLE('',#16794,2.5);
#16794 = AXIS2_PLACEMENT_2D('',#16795,#16796);
#16795 = CARTESIAN_POINT('',(0.,0.));
#16796 = DIRECTION('',(1.,0.));
#16797 = ( GEOMETRIC_REPRESENTATION_CONTEXT(2) 
PARAMETRIC_REPRESENTATION_CONTEXT() REPRESENTATION_CONTEXT('2D SPACE',''
  ) );
#16798 = ORIENTED_EDGE('',*,*,#16749,.T.);
#16799 = ADVANCED_FACE('',(#16800),#16733,.T.);
#16800 = FACE_BOUND('',#16801,.T.);
#16801 = EDGE_LOOP('',(#16802,#16803,#16826,#16853));
#16802 = ORIENTED_EDGE('',*,*,#16716,.F.);
#16803 = ORIENTED_EDGE('',*,*,#16804,.F.);
#16804 = EDGE_CURVE('',#16805,#16717,#16807,.T.);
#16805 = VERTEX_POINT('',#16806);
#16806 = CARTESIAN_POINT('',(-22.,2.32682891838E-15,-22.));
#16807 = SEAM_CURVE('',#16808,(#16812,#16819),.PCURVE_S1.);
#16808 = LINE('',#16809,#16810);
#16809 = CARTESIAN_POINT('',(-22.,2.32682891838E-15,-22.));
#16810 = VECTOR('',#16811,1.);
#16811 = DIRECTION('',(0.,0.,1.));
#16812 = PCURVE('',#16733,#16813);
#16813 = DEFINITIONAL_REPRESENTATION('',(#16814),#16818);
#16814 = LINE('',#16815,#16816);
#16815 = CARTESIAN_POINT('',(6.28318530718,-0.));
#16816 = VECTOR('',#16817,1.);
#16817 = DIRECTION('',(0.,1.));
#16818 = ( GEOMETRIC_REPRESENTATION_CONTEXT(2) 
PARAMETRIC_REPRESENTATION_CONTEXT() REPRESENTATION_CONTEXT('2D SPACE',''
  ) );
#16819 = PCURVE('',#16733,#16820);
#16820 = DEFINITIONAL_REPRESENTATION('',(#16821),#16825);
#16821 = LINE('',#16822,#16823);
#16822 = CARTESIAN_POINT('',(0.,-0.));
#16823 = VECTOR('',#16824,1.);
#16824 = DIRECTION('',(0.,1.));
#16825 = ( GEOMETRIC_REPRESENTATION_CONTEXT(2) 
PARAMETRIC_REPRESENTATION_CONTEXT() REPRESENTATION_CONTEXT('2D SPACE',''
  ) );
#16826 = ORIENTED_EDGE('',*,*,#16827,.T.);
#16827 = EDGE_CURVE('',#16805,#16805,#16828,.T.);
#16828 = SURFACE_CURVE('',#16829,(#16834,#16841),.PCURVE_S1.);
#16829 = CIRCLE('',#16830,3.);
#16830 = AXIS2_PLACEMENT_3D('',#16831,#16832,#16833);
#16831 = CARTESIAN_POINT('',(-25.,3.061616997868E-15,-22.));
#16832 = DIRECTION('',(0.,0.,1.));
#16833 = DIRECTION('',(1.,0.,-0.));
#16834 = PCURVE('',#16733,#16835);
#16835 = DEFINITIONAL_REPRESENTATION('',(#16836),#16840);
#16836 = LINE('',#16837,#16838);
#16837 = CARTESIAN_POINT('',(0.,0.));
#16838 = VECTOR('',#16839,1.);
#16839 = DIRECTION('',(1.,0.));
#16840 = ( GEOMETRIC_REPRESENTATION_CONTEXT(2) 
PARAMETRIC_REPRESENTATION_CONTEXT() REPRESENTATION_CONTEXT('2D SPACE',''
  ) );
#16841 = PCURVE('',#16842,#16847);
#16842 = PLANE('',#16843);
#16843 = AXIS2_PLACEMENT_3D('',#16844,#16845,#16846);
#16844 = CARTESIAN_POINT('',(-25.,3.061616997868E-15,-22.));
#16845 = DIRECTION('',(0.,0.,1.));
#16846 = DIRECTION('',(1.,0.,-0.));
#16847 = DEFINITIONAL_REPRESENTATION('',(#16848),#16852);
#16848 = CIRCLE('',#16849,3.);
#16849 = AXIS2_PLACEMENT_2D('',#16850,#16851);
#16850 = CARTESIAN_POINT('',(0.,0.));
#16851 = DIRECTION('',(1.,0.));
#16852 = ( GEOMETRIC_REPRESENTATION_CONTEXT(2) 
PARAMETRIC_REPRESENTATION_CONTEXT() REPRESENTATION_CONTEXT('2D SPACE',''
  ) );
#16853 = ORIENTED_EDGE('',*,*,#16804,.T.);
#16854 = ADVANCED_FACE('',(#16855),#16787,.T.);
#16855 = FACE_BOUND('',#16856,.F.);
#16856 = EDGE_LOOP('',(#16857));
#16857 = ORIENTED_EDGE('',*,*,#16772,.F.);
#16858 = ADVANCED_FACE('',(#16859),#16842,.F.);
#16859 = FACE_BOUND('',#16860,.T.);
#16860 = EDGE_LOOP('',(#16861));
#16861 = ORIENTED_EDGE('',*,*,#16827,.F.);
#16862 = ( GEOMETRIC_REPRESENTATION_CONTEXT(3) 
GLOBAL_UNCERTAINTY_ASSIGNED_CONTEXT((#16866)) 
GLOBAL_UNIT_ASSIGNED_CONTEXT((#16863,#16864,#16865)) 
REPRESENTATION_CONTEXT('Context #1',
  '3D Context with UNIT and UNCERTAINTY') );
#16863 = ( LENGTH_UNIT() NAMED_UNIT(*) SI_UNIT(.MILLI.,.METRE.) );
#16864 = ( NAMED_UNIT(*) PLANE_ANGLE_UNIT() SI_UNIT($,.RADIAN.) );
#16865 = ( NAMED_UNIT(*) SI_UNIT($,.STERADIAN.) SOLID_ANGLE_UNIT() );
#16866 = UNCERTAINTY_MEASURE_WITH_UNIT(LENGTH_MEASURE(1.E-07),#16863,
  'distance_accuracy_value','confusion accuracy');
#16867 = CONTEXT_DEPENDENT_SHAPE_REPRESENTATION(#16868,#16870);
#16868 = ( REPRESENTATION_RELATIONSHIP('','',#16583,#15575) 
REPRESENTATION_RELATIONSHIP_WITH_TRANSFORMATION(#16869) 
SHAPE_REPRESENTATION_RELATIONSHIP() );
#16869 = ITEM_DEFINED_TRANSFORMATION('','',#11,#15596);
#16870 = PRODUCT_DEFINITION_SHAPE('Placement','Placement of an item',
  #16871);
#16871 = NEXT_ASSEMBLY_USAGE_OCCURRENCE('34','','',#15570,#16578,$);
#16872 = PRODUCT_RELATED_PRODUCT_CATEGORY('part',$,(#16580));
#16873 = SHAPE_DEFINITION_REPRESENTATION(#16874,#16880);
#16874 = PRODUCT_DEFINITION_SHAPE('','',#16875);
#16875 = PRODUCT_DEFINITION('design','',#16876,#16879);
#16876 = PRODUCT_DEFINITION_FORMATION('','',#16877);
#16877 = PRODUCT('Open CASCADE STEP translator 7.9 13.12.7',
  'Open CASCADE STEP translator 7.9 13.12.7','',(#16878));
#16878 = PRODUCT_CONTEXT('',#2,'mechanical');
#16879 = PRODUCT_DEFINITION_CONTEXT('part definition',#2,'design');
#16880 = ADVANCED_BREP_SHAPE_REPRESENTATION('',(#11,#16881),#17159);
#16881 = MANIFOLD_SOLID_BREP('',#16882);
#16882 = CLOSED_SHELL('',(#16883,#16971,#17006,#17041,#17096,#17151,
    #17155));
#16883 = ADVANCED_FACE('',(#16884),#16897,.T.);
#16884 = FACE_BOUND('',#16885,.T.);
#16885 = EDGE_LOOP('',(#16886,#16920,#16943,#16970));
#16886 = ORIENTED_EDGE('',*,*,#16887,.F.);
#16887 = EDGE_CURVE('',#16888,#16888,#16890,.T.);
#16888 = VERTEX_POINT('',#16889);
#16889 = CARTESIAN_POINT('',(5.,-25.,0.));
#16890 = SURFACE_CURVE('',#16891,(#16896,#16908),.PCURVE_S1.);
#16891 = CIRCLE('',#16892,5.);
#16892 = AXIS2_PLACEMENT_3D('',#16893,#16894,#16895);
#16893 = CARTESIAN_POINT('',(-4.592425496803E-15,-25.,0.));
#16894 = DIRECTION('',(0.,0.,1.));
#16895 = DIRECTION('',(1.,0.,-0.));
#16896 = PCURVE('',#16897,#16902);
#16897 = CYLINDRICAL_SURFACE('',#16898,5.);
#16898 = AXIS2_PLACEMENT_3D('',#16899,#16900,#16901);
#16899 = CARTESIAN_POINT('',(-4.592425496803E-15,-25.,-6.));
#16900 = DIRECTION('',(0.,0.,1.));
#16901 = DIRECTION('',(1.,0.,-0.));
#16902 = DEFINITIONAL_REPRESENTATION('',(#16903),#16907);
#16903 = LINE('',#16904,#16905);
#16904 = CARTESIAN_POINT('',(0.,6.));
#16905 = VECTOR('',#16906,1.);
#16906 = DIRECTION('',(1.,0.));
#16907 = ( GEOMETRIC_REPRESENTATION_CONTEXT(2) 
PARAMETRIC_REPRESENTATION_CONTEXT() REPRESENTATION_CONTEXT('2D SPACE',''
  ) );
#16908 = PCURVE('',#16909,#16914);
#16909 = PLANE('',#16910);
#16910 = AXIS2_PLACEMENT_3D('',#16911,#16912,#16913);
#16911 = CARTESIAN_POINT('',(-4.592425496803E-15,-25.,0.));
#16912 = DIRECTION('',(0.,0.,1.));
#16913 = DIRECTION('',(1.,0.,-0.));
#16914 = DEFINITIONAL_REPRESENTATION('',(#16915),#16919);
#16915 = CIRCLE('',#16916,5.);
#16916 = AXIS2_PLACEMENT_2D('',#16917,#16918);
#16917 = CARTESIAN_POINT('',(0.,0.));
#16918 = DIRECTION('',(1.,0.));
#16919 = ( GEOMETRIC_REPRESENTATION_CONTEXT(2) 
PARAMETRIC_REPRESENTATION_CONTEXT() REPRESENTATION_CONTEXT('2D SPACE',''
  ) );
#16920 = ORIENTED_EDGE('',*,*,#16921,.F.);
#16921 = EDGE_CURVE('',#16922,#16888,#16924,.T.);
#16922 = VERTEX_POINT('',#16923);
#16923 = CARTESIAN_POINT('',(5.,-25.,-6.));
#16924 = SEAM_CURVE('',#16925,(#16929,#16936),.PCURVE_S1.);
#16925 = LINE('',#16926,#16927);
#16926 = CARTESIAN_POINT('',(5.,-25.,-6.));
#16927 = VECTOR('',#16928,1.);
#16928 = DIRECTION('',(0.,0.,1.));
#16929 = PCURVE('',#16897,#16930);
#16930 = DEFINITIONAL_REPRESENTATION('',(#16931),#16935);
#16931 = LINE('',#16932,#16933);
#16932 = CARTESIAN_POINT('',(6.28318530718,-0.));
#16933 = VECTOR('',#16934,1.);
#16934 = DIRECTION('',(0.,1.));
#16935 = ( GEOMETRIC_REPRESENTATION_CONTEXT(2) 
PARAMETRIC_REPRESENTATION_CONTEXT() REPRESENTATION_CONTEXT('2D SPACE',''
  ) );
#16936 = PCURVE('',#16897,#16937);
#16937 = DEFINITIONAL_REPRESENTATION('',(#16938),#16942);
#16938 = LINE('',#16939,#16940);
#16939 = CARTESIAN_POINT('',(0.,-0.));
#16940 = VECTOR('',#16941,1.);
#16941 = DIRECTION('',(0.,1.));
#16942 = ( GEOMETRIC_REPRESENTATION_CONTEXT(2) 
PARAMETRIC_REPRESENTATION_CONTEXT() REPRESENTATION_CONTEXT('2D SPACE',''
  ) );
#16943 = ORIENTED_EDGE('',*,*,#16944,.T.);
#16944 = EDGE_CURVE('',#16922,#16922,#16945,.T.);
#16945 = SURFACE_CURVE('',#16946,(#16951,#16958),.PCURVE_S1.);
#16946 = CIRCLE('',#16947,5.);
#16947 = AXIS2_PLACEMENT_3D('',#16948,#16949,#16950);
#16948 = CARTESIAN_POINT('',(-4.592425496803E-15,-25.,-6.));
#16949 = DIRECTION('',(0.,0.,1.));
#16950 = DIRECTION('',(1.,0.,-0.));
#16951 = PCURVE('',#16897,#16952);
#16952 = DEFINITIONAL_REPRESENTATION('',(#16953),#16957);
#16953 = LINE('',#16954,#16955);
#16954 = CARTESIAN_POINT('',(0.,0.));
#16955 = VECTOR('',#16956,1.);
#16956 = DIRECTION('',(1.,0.));
#16957 = ( GEOMETRIC_REPRESENTATION_CONTEXT(2) 
PARAMETRIC_REPRESENTATION_CONTEXT() REPRESENTATION_CONTEXT('2D SPACE',''
  ) );
#16958 = PCURVE('',#16959,#16964);
#16959 = PLANE('',#16960);
#16960 = AXIS2_PLACEMENT_3D('',#16961,#16962,#16963);
#16961 = CARTESIAN_POINT('',(-4.592425496803E-15,-25.,-6.));
#16962 = DIRECTION('',(0.,0.,1.));
#16963 = DIRECTION('',(1.,0.,-0.));
#16964 = DEFINITIONAL_REPRESENTATION('',(#16965),#16969);
#16965 = CIRCLE('',#16966,5.);
#16966 = AXIS2_PLACEMENT_2D('',#16967,#16968);
#16967 = CARTESIAN_POINT('',(0.,0.));
#16968 = DIRECTION('',(1.,0.));
#16969 = ( GEOMETRIC_REPRESENTATION_CONTEXT(2) 
PARAMETRIC_REPRESENTATION_CONTEXT() REPRESENTATION_CONTEXT('2D SPACE',''
  ) );
#16970 = ORIENTED_EDGE('',*,*,#16921,.T.);
#16971 = ADVANCED_FACE('',(#16972,#16975),#16909,.T.);
#16972 = FACE_BOUND('',#16973,.T.);
#16973 = EDGE_LOOP('',(#16974));
#16974 = ORIENTED_EDGE('',*,*,#16887,.T.);
#16975 = FACE_BOUND('',#16976,.T.);
#16976 = EDGE_LOOP('',(#16977));
#16977 = ORIENTED_EDGE('',*,*,#16978,.F.);
#16978 = EDGE_CURVE('',#16979,#16979,#16981,.T.);
#16979 = VERTEX_POINT('',#16980);
#16980 = CARTESIAN_POINT('',(2.5,-25.,0.));
#16981 = SURFACE_CURVE('',#16982,(#16987,#16994),.PCURVE_S1.);
#16982 = CIRCLE('',#16983,2.5);
#16983 = AXIS2_PLACEMENT_3D('',#16984,#16985,#16986);
#16984 = CARTESIAN_POINT('',(-4.592425496803E-15,-25.,0.));
#16985 = DIRECTION('',(0.,0.,1.));
#16986 = DIRECTION('',(1.,0.,-0.));
#16987 = PCURVE('',#16909,#16988);
#16988 = DEFINITIONAL_REPRESENTATION('',(#16989),#16993);
#16989 = CIRCLE('',#16990,2.5);
#16990 = AXIS2_PLACEMENT_2D('',#16991,#16992);
#16991 = CARTESIAN_POINT('',(0.,0.));
#16992 = DIRECTION('',(1.,0.));
#16993 = ( GEOMETRIC_REPRESENTATION_CONTEXT(2) 
PARAMETRIC_REPRESENTATION_CONTEXT() REPRESENTATION_CONTEXT('2D SPACE',''
  ) );
#16994 = PCURVE('',#16995,#17000);
#16995 = CYLINDRICAL_SURFACE('',#16996,2.5);
#16996 = AXIS2_PLACEMENT_3D('',#16997,#16998,#16999);
#16997 = CARTESIAN_POINT('',(-4.592425496803E-15,-25.,-3.5));
#16998 = DIRECTION('',(0.,0.,1.));
#16999 = DIRECTION('',(1.,0.,-0.));
#17000 = DEFINITIONAL_REPRESENTATION('',(#17001),#17005);
#17001 = LINE('',#17002,#17003);
#17002 = CARTESIAN_POINT('',(0.,3.5));
#17003 = VECTOR('',#17004,1.);
#17004 = DIRECTION('',(1.,0.));
#17005 = ( GEOMETRIC_REPRESENTATION_CONTEXT(2) 
PARAMETRIC_REPRESENTATION_CONTEXT() REPRESENTATION_CONTEXT('2D SPACE',''
  ) );
#17006 = ADVANCED_FACE('',(#17007,#17010),#16959,.F.);
#17007 = FACE_BOUND('',#17008,.F.);
#17008 = EDGE_LOOP('',(#17009));
#17009 = ORIENTED_EDGE('',*,*,#16944,.T.);
#17010 = FACE_BOUND('',#17011,.F.);
#17011 = EDGE_LOOP('',(#17012));
#17012 = ORIENTED_EDGE('',*,*,#17013,.F.);
#17013 = EDGE_CURVE('',#17014,#17014,#17016,.T.);
#17014 = VERTEX_POINT('',#17015);
#17015 = CARTESIAN_POINT('',(3.,-25.,-6.));
#17016 = SURFACE_CURVE('',#17017,(#17022,#17029),.PCURVE_S1.);
#17017 = CIRCLE('',#17018,3.);
#17018 = AXIS2_PLACEMENT_3D('',#17019,#17020,#17021);
#17019 = CARTESIAN_POINT('',(-4.592425496803E-15,-25.,-6.));
#17020 = DIRECTION('',(0.,0.,1.));
#17021 = DIRECTION('',(1.,0.,-0.));
#17022 = PCURVE('',#16959,#17023);
#17023 = DEFINITIONAL_REPRESENTATION('',(#17024),#17028);
#17024 = CIRCLE('',#17025,3.);
#17025 = AXIS2_PLACEMENT_2D('',#17026,#17027);
#17026 = CARTESIAN_POINT('',(0.,0.));
#17027 = DIRECTION('',(1.,0.));
#17028 = ( GEOMETRIC_REPRESENTATION_CONTEXT(2) 
PARAMETRIC_REPRESENTATION_CONTEXT() REPRESENTATION_CONTEXT('2D SPACE',''
  ) );
#17029 = PCURVE('',#17030,#17035);
#17030 = CYLINDRICAL_SURFACE('',#17031,3.);
#17031 = AXIS2_PLACEMENT_3D('',#17032,#17033,#17034);
#17032 = CARTESIAN_POINT('',(-4.592425496803E-15,-25.,-22.));
#17033 = DIRECTION('',(0.,0.,1.));
#17034 = DIRECTION('',(1.,0.,-0.));
#17035 = DEFINITIONAL_REPRESENTATION('',(#17036),#17040);
#17036 = LINE('',#17037,#17038);
#17037 = CARTESIAN_POINT('',(0.,16.));
#17038 = VECTOR('',#17039,1.);
#17039 = DIRECTION('',(1.,0.));
#17040 = ( GEOMETRIC_REPRESENTATION_CONTEXT(2) 
PARAMETRIC_REPRESENTATION_CONTEXT() REPRESENTATION_CONTEXT('2D SPACE',''
  ) );
#17041 = ADVANCED_FACE('',(#17042),#16995,.F.);
#17042 = FACE_BOUND('',#17043,.F.);
#17043 = EDGE_LOOP('',(#17044,#17045,#17068,#17095));
#17044 = ORIENTED_EDGE('',*,*,#16978,.F.);
#17045 = ORIENTED_EDGE('',*,*,#17046,.F.);
#17046 = EDGE_CURVE('',#17047,#16979,#17049,.T.);
#17047 = VERTEX_POINT('',#17048);
#17048 = CARTESIAN_POINT('',(2.5,-25.,-3.5));
#17049 = SEAM_CURVE('',#17050,(#17054,#17061),.PCURVE_S1.);
#17050 = LINE('',#17051,#17052);
#17051 = CARTESIAN_POINT('',(2.5,-25.,-3.5));
#17052 = VECTOR('',#17053,1.);
#17053 = DIRECTION('',(0.,0.,1.));
#17054 = PCURVE('',#16995,#17055);
#17055 = DEFINITIONAL_REPRESENTATION('',(#17056),#17060);
#17056 = LINE('',#17057,#17058);
#17057 = CARTESIAN_POINT('',(6.28318530718,-0.));
#17058 = VECTOR('',#17059,1.);
#17059 = DIRECTION('',(0.,1.));
#17060 = ( GEOMETRIC_REPRESENTATION_CONTEXT(2) 
PARAMETRIC_REPRESENTATION_CONTEXT() REPRESENTATION_CONTEXT('2D SPACE',''
  ) );
#17061 = PCURVE('',#16995,#17062);
#17062 = DEFINITIONAL_REPRESENTATION('',(#17063),#17067);
#17063 = LINE('',#17064,#17065);
#17064 = CARTESIAN_POINT('',(0.,-0.));
#17065 = VECTOR('',#17066,1.);
#17066 = DIRECTION('',(0.,1.));
#17067 = ( GEOMETRIC_REPRESENTATION_CONTEXT(2) 
PARAMETRIC_REPRESENTATION_CONTEXT() REPRESENTATION_CONTEXT('2D SPACE',''
  ) );
#17068 = ORIENTED_EDGE('',*,*,#17069,.T.);
#17069 = EDGE_CURVE('',#17047,#17047,#17070,.T.);
#17070 = SURFACE_CURVE('',#17071,(#17076,#17083),.PCURVE_S1.);
#17071 = CIRCLE('',#17072,2.5);
#17072 = AXIS2_PLACEMENT_3D('',#17073,#17074,#17075);
#17073 = CARTESIAN_POINT('',(-4.592425496803E-15,-25.,-3.5));
#17074 = DIRECTION('',(0.,0.,1.));
#17075 = DIRECTION('',(1.,0.,-0.));
#17076 = PCURVE('',#16995,#17077);
#17077 = DEFINITIONAL_REPRESENTATION('',(#17078),#17082);
#17078 = LINE('',#17079,#17080);
#17079 = CARTESIAN_POINT('',(0.,0.));
#17080 = VECTOR('',#17081,1.);
#17081 = DIRECTION('',(1.,0.));
#17082 = ( GEOMETRIC_REPRESENTATION_CONTEXT(2) 
PARAMETRIC_REPRESENTATION_CONTEXT() REPRESENTATION_CONTEXT('2D SPACE',''
  ) );
#17083 = PCURVE('',#17084,#17089);
#17084 = PLANE('',#17085);
#17085 = AXIS2_PLACEMENT_3D('',#17086,#17087,#17088);
#17086 = CARTESIAN_POINT('',(-4.592425496803E-15,-25.,-3.5));
#17087 = DIRECTION('',(0.,0.,1.));
#17088 = DIRECTION('',(1.,0.,-0.));
#17089 = DEFINITIONAL_REPRESENTATION('',(#17090),#17094);
#17090 = CIRCLE('',#17091,2.5);
#17091 = AXIS2_PLACEMENT_2D('',#17092,#17093);
#17092 = CARTESIAN_POINT('',(0.,0.));
#17093 = DIRECTION('',(1.,0.));
#17094 = ( GEOMETRIC_REPRESENTATION_CONTEXT(2) 
PARAMETRIC_REPRESENTATION_CONTEXT() REPRESENTATION_CONTEXT('2D SPACE',''
  ) );
#17095 = ORIENTED_EDGE('',*,*,#17046,.T.);
#17096 = ADVANCED_FACE('',(#17097),#17030,.T.);
#17097 = FACE_BOUND('',#17098,.T.);
#17098 = EDGE_LOOP('',(#17099,#17100,#17123,#17150));
#17099 = ORIENTED_EDGE('',*,*,#17013,.F.);
#17100 = ORIENTED_EDGE('',*,*,#17101,.F.);
#17101 = EDGE_CURVE('',#17102,#17014,#17104,.T.);
#17102 = VERTEX_POINT('',#17103);
#17103 = CARTESIAN_POINT('',(3.,-25.,-22.));
#17104 = SEAM_CURVE('',#17105,(#17109,#17116),.PCURVE_S1.);
#17105 = LINE('',#17106,#17107);
#17106 = CARTESIAN_POINT('',(3.,-25.,-22.));
#17107 = VECTOR('',#17108,1.);
#17108 = DIRECTION('',(0.,0.,1.));
#17109 = PCURVE('',#17030,#17110);
#17110 = DEFINITIONAL_REPRESENTATION('',(#17111),#17115);
#17111 = LINE('',#17112,#17113);
#17112 = CARTESIAN_POINT('',(6.28318530718,-0.));
#17113 = VECTOR('',#17114,1.);
#17114 = DIRECTION('',(0.,1.));
#17115 = ( GEOMETRIC_REPRESENTATION_CONTEXT(2) 
PARAMETRIC_REPRESENTATION_CONTEXT() REPRESENTATION_CONTEXT('2D SPACE',''
  ) );
#17116 = PCURVE('',#17030,#17117);
#17117 = DEFINITIONAL_REPRESENTATION('',(#17118),#17122);
#17118 = LINE('',#17119,#17120);
#17119 = CARTESIAN_POINT('',(0.,-0.));
#17120 = VECTOR('',#17121,1.);
#17121 = DIRECTION('',(0.,1.));
#17122 = ( GEOMETRIC_REPRESENTATION_CONTEXT(2) 
PARAMETRIC_REPRESENTATION_CONTEXT() REPRESENTATION_CONTEXT('2D SPACE',''
  ) );
#17123 = ORIENTED_EDGE('',*,*,#17124,.T.);
#17124 = EDGE_CURVE('',#17102,#17102,#17125,.T.);
#17125 = SURFACE_CURVE('',#17126,(#17131,#17138),.PCURVE_S1.);
#17126 = CIRCLE('',#17127,3.);
#17127 = AXIS2_PLACEMENT_3D('',#17128,#17129,#17130);
#17128 = CARTESIAN_POINT('',(-4.592425496803E-15,-25.,-22.));
#17129 = DIRECTION('',(0.,0.,1.));
#17130 = DIRECTION('',(1.,0.,-0.));
#17131 = PCURVE('',#17030,#17132);
#17132 = DEFINITIONAL_REPRESENTATION('',(#17133),#17137);
#17133 = LINE('',#17134,#17135);
#17134 = CARTESIAN_POINT('',(0.,0.));
#17135 = VECTOR('',#17136,1.);
#17136 = DIRECTION('',(1.,0.));
#17137 = ( GEOMETRIC_REPRESENTATION_CONTEXT(2) 
PARAMETRIC_REPRESENTATION_CONTEXT() REPRESENTATION_CONTEXT('2D SPACE',''
  ) );
#17138 = PCURVE('',#17139,#17144);
#17139 = PLANE('',#17140);
#17140 = AXIS2_PLACEMENT_3D('',#17141,#17142,#17143);
#17141 = CARTESIAN_POINT('',(-4.592425496803E-15,-25.,-22.));
#17142 = DIRECTION('',(0.,0.,1.));
#17143 = DIRECTION('',(1.,0.,-0.));
#17144 = DEFINITIONAL_REPRESENTATION('',(#17145),#17149);
#17145 = CIRCLE('',#17146,3.);
#17146 = AXIS2_PLACEMENT_2D('',#17147,#17148);
#17147 = CARTESIAN_POINT('',(0.,0.));
#17148 = DIRECTION('',(1.,0.));
#17149 = ( GEOMETRIC_REPRESENTATION_CONTEXT(2) 
PARAMETRIC_REPRESENTATION_CONTEXT() REPRESENTATION_CONTEXT('2D SPACE',''
  ) );
#17150 = ORIENTED_EDGE('',*,*,#17101,.T.);
#17151 = ADVANCED_FACE('',(#17152),#17084,.T.);
#17152 = FACE_BOUND('',#17153,.F.);
#17153 = EDGE_LOOP('',(#17154));
#17154 = ORIENTED_EDGE('',*,*,#17069,.F.);
#17155 = ADVANCED_FACE('',(#17156),#17139,.F.);
#17156 = FACE_BOUND('',#17157,.T.);
#17157 = EDGE_LOOP('',(#17158));
#17158 = ORIENTED_EDGE('',*,*,#17124,.F.);
#17159 = ( GEOMETRIC_REPRESENTATION_CONTEXT(3) 
GLOBAL_UNCERTAINTY_ASSIGNED_CONTEXT((#17163)) 
GLOBAL_UNIT_ASSIGNED_CONTEXT((#17160,#17161,#17162)) 
REPRESENTATION_CONTEXT('Context #1',
  '3D Context with UNIT and UNCERTAINTY') );
#17160 = ( LENGTH_UNIT() NAMED_UNIT(*) SI_UNIT(.MILLI.,.METRE.) );
#17161 = ( NAMED_UNIT(*) PLANE_ANGLE_UNIT() SI_UNIT($,.RADIAN.) );
#17162 = ( NAMED_UNIT(*) SI_UNIT($,.STERADIAN.) SOLID_ANGLE_UNIT() );
#17163 = UNCERTAINTY_MEASURE_WITH_UNIT(LENGTH_MEASURE(1.E-07),#17160,
  'distance_accuracy_value','confusion accuracy');
#17164 = CONTEXT_DEPENDENT_SHAPE_REPRESENTATION(#17165,#17167);
#17165 = ( REPRESENTATION_RELATIONSHIP('','',#16880,#15575) 
REPRESENTATION_RELATIONSHIP_WITH_TRANSFORMATION(#17166) 
SHAPE_REPRESENTATION_RELATIONSHIP() );
#17166 = ITEM_DEFINED_TRANSFORMATION('','',#11,#15600);
#17167 = PRODUCT_DEFINITION_SHAPE('Placement','Placement of an item',
  #17168);
#17168 = NEXT_ASSEMBLY_USAGE_OCCURRENCE('35','','',#15570,#16875,$);
#17169 = PRODUCT_RELATED_PRODUCT_CATEGORY('part',$,(#16877));
#17170 = SHAPE_DEFINITION_REPRESENTATION(#17171,#17177);
#17171 = PRODUCT_DEFINITION_SHAPE('','',#17172);
#17172 = PRODUCT_DEFINITION('design','',#17173,#17176);
#17173 = PRODUCT_DEFINITION_FORMATION('','',#17174);
#17174 = PRODUCT('Open CASCADE STEP translator 7.9 13.12.8',
  'Open CASCADE STEP translator 7.9 13.12.8','',(#17175));
#17175 = PRODUCT_CONTEXT('',#2,'mechanical');
#17176 = PRODUCT_DEFINITION_CONTEXT('part definition',#2,'design');
#17177 = ADVANCED_BREP_SHAPE_REPRESENTATION('',(#11,#17178),#17456);
#17178 = MANIFOLD_SOLID_BREP('',#17179);
#17179 = CLOSED_SHELL('',(#17180,#17268,#17303,#17338,#17393,#17448,
    #17452));
#17180 = ADVANCED_FACE('',(#17181),#17194,.T.);
#17181 = FACE_BOUND('',#17182,.T.);
#17182 = EDGE_LOOP('',(#17183,#17217,#17240,#17267));
#17183 = ORIENTED_EDGE('',*,*,#17184,.F.);
#17184 = EDGE_CURVE('',#17185,#17185,#17187,.T.);
#17185 = VERTEX_POINT('',#17186);
#17186 = CARTESIAN_POINT('',(-21.75,7.,-28.));
#17187 = SURFACE_CURVE('',#17188,(#17193,#17205),.PCURVE_S1.);
#17188 = CIRCLE('',#17189,4.25);
#17189 = AXIS2_PLACEMENT_3D('',#17190,#17191,#17192);
#17190 = CARTESIAN_POINT('',(-26.,7.,-28.));
#17191 = DIRECTION('',(0.,0.,1.));
#17192 = DIRECTION('',(1.,0.,-0.));
#17193 = PCURVE('',#17194,#17199);
#17194 = CYLINDRICAL_SURFACE('',#17195,4.25);
#17195 = AXIS2_PLACEMENT_3D('',#17196,#17197,#17198);
#17196 = CARTESIAN_POINT('',(-26.,7.,-33.));
#17197 = DIRECTION('',(0.,0.,1.));
#17198 = DIRECTION('',(1.,0.,-0.));
#17199 = DEFINITIONAL_REPRESENTATION('',(#17200),#17204);
#17200 = LINE('',#17201,#17202);
#17201 = CARTESIAN_POINT('',(0.,5.));
#17202 = VECTOR('',#17203,1.);
#17203 = DIRECTION('',(1.,0.));
#17204 = ( GEOMETRIC_REPRESENTATION_CONTEXT(2) 
PARAMETRIC_REPRESENTATION_CONTEXT() REPRESENTATION_CONTEXT('2D SPACE',''
  ) );
#17205 = PCURVE('',#17206,#17211);
#17206 = PLANE('',#17207);
#17207 = AXIS2_PLACEMENT_3D('',#17208,#17209,#17210);
#17208 = CARTESIAN_POINT('',(-26.,7.,-28.));
#17209 = DIRECTION('',(0.,0.,1.));
#17210 = DIRECTION('',(1.,0.,-0.));
#17211 = DEFINITIONAL_REPRESENTATION('',(#17212),#17216);
#17212 = CIRCLE('',#17213,4.25);
#17213 = AXIS2_PLACEMENT_2D('',#17214,#17215);
#17214 = CARTESIAN_POINT('',(0.,0.));
#17215 = DIRECTION('',(1.,0.));
#17216 = ( GEOMETRIC_REPRESENTATION_CONTEXT(2) 
PARAMETRIC_REPRESENTATION_CONTEXT() REPRESENTATION_CONTEXT('2D SPACE',''
  ) );
#17217 = ORIENTED_EDGE('',*,*,#17218,.F.);
#17218 = EDGE_CURVE('',#17219,#17185,#17221,.T.);
#17219 = VERTEX_POINT('',#17220);
#17220 = CARTESIAN_POINT('',(-21.75,7.,-33.));
#17221 = SEAM_CURVE('',#17222,(#17226,#17233),.PCURVE_S1.);
#17222 = LINE('',#17223,#17224);
#17223 = CARTESIAN_POINT('',(-21.75,7.,-33.));
#17224 = VECTOR('',#17225,1.);
#17225 = DIRECTION('',(0.,0.,1.));
#17226 = PCURVE('',#17194,#17227);
#17227 = DEFINITIONAL_REPRESENTATION('',(#17228),#17232);
#17228 = LINE('',#17229,#17230);
#17229 = CARTESIAN_POINT('',(6.28318530718,-0.));
#17230 = VECTOR('',#17231,1.);
#17231 = DIRECTION('',(0.,1.));
#17232 = ( GEOMETRIC_REPRESENTATION_CONTEXT(2) 
PARAMETRIC_REPRESENTATION_CONTEXT() REPRESENTATION_CONTEXT('2D SPACE',''
  ) );
#17233 = PCURVE('',#17194,#17234);
#17234 = DEFINITIONAL_REPRESENTATION('',(#17235),#17239);
#17235 = LINE('',#17236,#17237);
#17236 = CARTESIAN_POINT('',(0.,-0.));
#17237 = VECTOR('',#17238,1.);
#17238 = DIRECTION('',(0.,1.));
#17239 = ( GEOMETRIC_REPRESENTATION_CONTEXT(2) 
PARAMETRIC_REPRESENTATION_CONTEXT() REPRESENTATION_CONTEXT('2D SPACE',''
  ) );
#17240 = ORIENTED_EDGE('',*,*,#17241,.T.);
#17241 = EDGE_CURVE('',#17219,#17219,#17242,.T.);
#17242 = SURFACE_CURVE('',#17243,(#17248,#17255),.PCURVE_S1.);
#17243 = CIRCLE('',#17244,4.25);
#17244 = AXIS2_PLACEMENT_3D('',#17245,#17246,#17247);
#17245 = CARTESIAN_POINT('',(-26.,7.,-33.));
#17246 = DIRECTION('',(0.,0.,1.));
#17247 = DIRECTION('',(1.,0.,-0.));
#17248 = PCURVE('',#17194,#17249);
#17249 = DEFINITIONAL_REPRESENTATION('',(#17250),#17254);
#17250 = LINE('',#17251,#17252);
#17251 = CARTESIAN_POINT('',(0.,0.));
#17252 = VECTOR('',#17253,1.);
#17253 = DIRECTION('',(1.,0.));
#17254 = ( GEOMETRIC_REPRESENTATION_CONTEXT(2) 
PARAMETRIC_REPRESENTATION_CONTEXT() REPRESENTATION_CONTEXT('2D SPACE',''
  ) );
#17255 = PCURVE('',#17256,#17261);
#17256 = PLANE('',#17257);
#17257 = AXIS2_PLACEMENT_3D('',#17258,#17259,#17260);
#17258 = CARTESIAN_POINT('',(-26.,7.,-33.));
#17259 = DIRECTION('',(0.,0.,1.));
#17260 = DIRECTION('',(1.,0.,-0.));
#17261 = DEFINITIONAL_REPRESENTATION('',(#17262),#17266);
#17262 = CIRCLE('',#17263,4.25);
#17263 = AXIS2_PLACEMENT_2D('',#17264,#17265);
#17264 = CARTESIAN_POINT('',(0.,0.));
#17265 = DIRECTION('',(1.,0.));
#17266 = ( GEOMETRIC_REPRESENTATION_CONTEXT(2) 
PARAMETRIC_REPRESENTATION_CONTEXT() REPRESENTATION_CONTEXT('2D SPACE',''
  ) );
#17267 = ORIENTED_EDGE('',*,*,#17218,.T.);
#17268 = ADVANCED_FACE('',(#17269,#17272),#17206,.T.);
#17269 = FACE_BOUND('',#17270,.T.);
#17270 = EDGE_LOOP('',(#17271));
#17271 = ORIENTED_EDGE('',*,*,#17184,.T.);
#17272 = FACE_BOUND('',#17273,.T.);
#17273 = EDGE_LOOP('',(#17274));
#17274 = ORIENTED_EDGE('',*,*,#17275,.F.);
#17275 = EDGE_CURVE('',#17276,#17276,#17278,.T.);
#17276 = VERTEX_POINT('',#17277);
#17277 = CARTESIAN_POINT('',(-24.,7.,-28.));
#17278 = SURFACE_CURVE('',#17279,(#17284,#17291),.PCURVE_S1.);
#17279 = CIRCLE('',#17280,2.);
#17280 = AXIS2_PLACEMENT_3D('',#17281,#17282,#17283);
#17281 = CARTESIAN_POINT('',(-26.,7.,-28.));
#17282 = DIRECTION('',(0.,0.,1.));
#17283 = DIRECTION('',(1.,0.,-0.));
#17284 = PCURVE('',#17206,#17285);
#17285 = DEFINITIONAL_REPRESENTATION('',(#17286),#17290);
#17286 = CIRCLE('',#17287,2.);
#17287 = AXIS2_PLACEMENT_2D('',#17288,#17289);
#17288 = CARTESIAN_POINT('',(0.,0.));
#17289 = DIRECTION('',(1.,0.));
#17290 = ( GEOMETRIC_REPRESENTATION_CONTEXT(2) 
PARAMETRIC_REPRESENTATION_CONTEXT() REPRESENTATION_CONTEXT('2D SPACE',''
  ) );
#17291 = PCURVE('',#17292,#17297);
#17292 = CYLINDRICAL_SURFACE('',#17293,2.);
#17293 = AXIS2_PLACEMENT_3D('',#17294,#17295,#17296);
#17294 = CARTESIAN_POINT('',(-26.,7.,-31.));
#17295 = DIRECTION('',(0.,0.,1.));
#17296 = DIRECTION('',(1.,0.,-0.));
#17297 = DEFINITIONAL_REPRESENTATION('',(#17298),#17302);
#17298 = LINE('',#17299,#17300);
#17299 = CARTESIAN_POINT('',(0.,3.));
#17300 = VECTOR('',#17301,1.);
#17301 = DIRECTION('',(1.,0.));
#17302 = ( GEOMETRIC_REPRESENTATION_CONTEXT(2) 
PARAMETRIC_REPRESENTATION_CONTEXT() REPRESENTATION_CONTEXT('2D SPACE',''
  ) );
#17303 = ADVANCED_FACE('',(#17304,#17307),#17256,.F.);
#17304 = FACE_BOUND('',#17305,.F.);
#17305 = EDGE_LOOP('',(#17306));
#17306 = ORIENTED_EDGE('',*,*,#17241,.T.);
#17307 = FACE_BOUND('',#17308,.F.);
#17308 = EDGE_LOOP('',(#17309));
#17309 = ORIENTED_EDGE('',*,*,#17310,.F.);
#17310 = EDGE_CURVE('',#17311,#17311,#17313,.T.);
#17311 = VERTEX_POINT('',#17312);
#17312 = CARTESIAN_POINT('',(-23.5,7.,-33.));
#17313 = SURFACE_CURVE('',#17314,(#17319,#17326),.PCURVE_S1.);
#17314 = CIRCLE('',#17315,2.5);
#17315 = AXIS2_PLACEMENT_3D('',#17316,#17317,#17318);
#17316 = CARTESIAN_POINT('',(-26.,7.,-33.));
#17317 = DIRECTION('',(0.,0.,1.));
#17318 = DIRECTION('',(1.,0.,-0.));
#17319 = PCURVE('',#17256,#17320);
#17320 = DEFINITIONAL_REPRESENTATION('',(#17321),#17325);
#17321 = CIRCLE('',#17322,2.5);
#17322 = AXIS2_PLACEMENT_2D('',#17323,#17324);
#17323 = CARTESIAN_POINT('',(0.,0.));
#17324 = DIRECTION('',(1.,0.));
#17325 = ( GEOMETRIC_REPRESENTATION_CONTEXT(2) 
PARAMETRIC_REPRESENTATION_CONTEXT() REPRESENTATION_CONTEXT('2D SPACE',''
  ) );
#17326 = PCURVE('',#17327,#17332);
#17327 = CYLINDRICAL_SURFACE('',#17328,2.5);
#17328 = AXIS2_PLACEMENT_3D('',#17329,#17330,#17331);
#17329 = CARTESIAN_POINT('',(-26.,7.,-47.));
#17330 = DIRECTION('',(0.,0.,1.));
#17331 = DIRECTION('',(1.,0.,-0.));
#17332 = DEFINITIONAL_REPRESENTATION('',(#17333),#17337);
#17333 = LINE('',#17334,#17335);
#17334 = CARTESIAN_POINT('',(0.,14.));
#17335 = VECTOR('',#17336,1.);
#17336 = DIRECTION('',(1.,0.));
#17337 = ( GEOMETRIC_REPRESENTATION_CONTEXT(2) 
PARAMETRIC_REPRESENTATION_CONTEXT() REPRESENTATION_CONTEXT('2D SPACE',''
  ) );
#17338 = ADVANCED_FACE('',(#17339),#17292,.F.);
#17339 = FACE_BOUND('',#17340,.F.);
#17340 = EDGE_LOOP('',(#17341,#17342,#17365,#17392));
#17341 = ORIENTED_EDGE('',*,*,#17275,.F.);
#17342 = ORIENTED_EDGE('',*,*,#17343,.F.);
#17343 = EDGE_CURVE('',#17344,#17276,#17346,.T.);
#17344 = VERTEX_POINT('',#17345);
#17345 = CARTESIAN_POINT('',(-24.,7.,-31.));
#17346 = SEAM_CURVE('',#17347,(#17351,#17358),.PCURVE_S1.);
#17347 = LINE('',#17348,#17349);
#17348 = CARTESIAN_POINT('',(-24.,7.,-31.));
#17349 = VECTOR('',#17350,1.);
#17350 = DIRECTION('',(0.,0.,1.));
#17351 = PCURVE('',#17292,#17352);
#17352 = DEFINITIONAL_REPRESENTATION('',(#17353),#17357);
#17353 = LINE('',#17354,#17355);
#17354 = CARTESIAN_POINT('',(6.28318530718,-0.));
#17355 = VECTOR('',#17356,1.);
#17356 = DIRECTION('',(0.,1.));
#17357 = ( GEOMETRIC_REPRESENTATION_CONTEXT(2) 
PARAMETRIC_REPRESENTATION_CONTEXT() REPRESENTATION_CONTEXT('2D SPACE',''
  ) );
#17358 = PCURVE('',#17292,#17359);
#17359 = DEFINITIONAL_REPRESENTATION('',(#17360),#17364);
#17360 = LINE('',#17361,#17362);
#17361 = CARTESIAN_POINT('',(0.,-0.));
#17362 = VECTOR('',#17363,1.);
#17363 = DIRECTION('',(0.,1.));
#17364 = ( GEOMETRIC_REPRESENTATION_CONTEXT(2) 
PARAMETRIC_REPRESENTATION_CONTEXT() REPRESENTATION_CONTEXT('2D SPACE',''
  ) );
#17365 = ORIENTED_EDGE('',*,*,#17366,.T.);
#17366 = EDGE_CURVE('',#17344,#17344,#17367,.T.);
#17367 = SURFACE_CURVE('',#17368,(#17373,#17380),.PCURVE_S1.);
#17368 = CIRCLE('',#17369,2.);
#17369 = AXIS2_PLACEMENT_3D('',#17370,#17371,#17372);
#17370 = CARTESIAN_POINT('',(-26.,7.,-31.));
#17371 = DIRECTION('',(0.,0.,1.));
#17372 = DIRECTION('',(1.,0.,-0.));
#17373 = PCURVE('',#17292,#17374);
#17374 = DEFINITIONAL_REPRESENTATION('',(#17375),#17379);
#17375 = LINE('',#17376,#17377);
#17376 = CARTESIAN_POINT('',(0.,0.));
#17377 = VECTOR('',#17378,1.);
#17378 = DIRECTION('',(1.,0.));
#17379 = ( GEOMETRIC_REPRESENTATION_CONTEXT(2) 
PARAMETRIC_REPRESENTATION_CONTEXT() REPRESENTATION_CONTEXT('2D SPACE',''
  ) );
#17380 = PCURVE('',#17381,#17386);
#17381 = PLANE('',#17382);
#17382 = AXIS2_PLACEMENT_3D('',#17383,#17384,#17385);
#17383 = CARTESIAN_POINT('',(-26.,7.,-31.));
#17384 = DIRECTION('',(0.,0.,1.));
#17385 = DIRECTION('',(1.,0.,-0.));
#17386 = DEFINITIONAL_REPRESENTATION('',(#17387),#17391);
#17387 = CIRCLE('',#17388,2.);
#17388 = AXIS2_PLACEMENT_2D('',#17389,#17390);
#17389 = CARTESIAN_POINT('',(0.,0.));
#17390 = DIRECTION('',(1.,0.));
#17391 = ( GEOMETRIC_REPRESENTATION_CONTEXT(2) 
PARAMETRIC_REPRESENTATION_CONTEXT() REPRESENTATION_CONTEXT('2D SPACE',''
  ) );
#17392 = ORIENTED_EDGE('',*,*,#17343,.T.);
#17393 = ADVANCED_FACE('',(#17394),#17327,.T.);
#17394 = FACE_BOUND('',#17395,.T.);
#17395 = EDGE_LOOP('',(#17396,#17397,#17420,#17447));
#17396 = ORIENTED_EDGE('',*,*,#17310,.F.);
#17397 = ORIENTED_EDGE('',*,*,#17398,.F.);
#17398 = EDGE_CURVE('',#17399,#17311,#17401,.T.);
#17399 = VERTEX_POINT('',#17400);
#17400 = CARTESIAN_POINT('',(-23.5,7.,-47.));
#17401 = SEAM_CURVE('',#17402,(#17406,#17413),.PCURVE_S1.);
#17402 = LINE('',#17403,#17404);
#17403 = CARTESIAN_POINT('',(-23.5,7.,-47.));
#17404 = VECTOR('',#17405,1.);
#17405 = DIRECTION('',(0.,0.,1.));
#17406 = PCURVE('',#17327,#17407);
#17407 = DEFINITIONAL_REPRESENTATION('',(#17408),#17412);
#17408 = LINE('',#17409,#17410);
#17409 = CARTESIAN_POINT('',(6.28318530718,-0.));
#17410 = VECTOR('',#17411,1.);
#17411 = DIRECTION('',(0.,1.));
#17412 = ( GEOMETRIC_REPRESENTATION_CONTEXT(2) 
PARAMETRIC_REPRESENTATION_CONTEXT() REPRESENTATION_CONTEXT('2D SPACE',''
  ) );
#17413 = PCURVE('',#17327,#17414);
#17414 = DEFINITIONAL_REPRESENTATION('',(#17415),#17419);
#17415 = LINE('',#17416,#17417);
#17416 = CARTESIAN_POINT('',(0.,-0.));
#17417 = VECTOR('',#17418,1.);
#17418 = DIRECTION('',(0.,1.));
#17419 = ( GEOMETRIC_REPRESENTATION_CONTEXT(2) 
PARAMETRIC_REPRESENTATION_CONTEXT() REPRESENTATION_CONTEXT('2D SPACE',''
  ) );
#17420 = ORIENTED_EDGE('',*,*,#17421,.T.);
#17421 = EDGE_CURVE('',#17399,#17399,#17422,.T.);
#17422 = SURFACE_CURVE('',#17423,(#17428,#17435),.PCURVE_S1.);
#17423 = CIRCLE('',#17424,2.5);
#17424 = AXIS2_PLACEMENT_3D('',#17425,#17426,#17427);
#17425 = CARTESIAN_POINT('',(-26.,7.,-47.));
#17426 = DIRECTION('',(0.,0.,1.));
#17427 = DIRECTION('',(1.,0.,-0.));
#17428 = PCURVE('',#17327,#17429);
#17429 = DEFINITIONAL_REPRESENTATION('',(#17430),#17434);
#17430 = LINE('',#17431,#17432);
#17431 = CARTESIAN_POINT('',(0.,0.));
#17432 = VECTOR('',#17433,1.);
#17433 = DIRECTION('',(1.,0.));
#17434 = ( GEOMETRIC_REPRESENTATION_CONTEXT(2) 
PARAMETRIC_REPRESENTATION_CONTEXT() REPRESENTATION_CONTEXT('2D SPACE',''
  ) );
#17435 = PCURVE('',#17436,#17441);
#17436 = PLANE('',#17437);
#17437 = AXIS2_PLACEMENT_3D('',#17438,#17439,#17440);
#17438 = CARTESIAN_POINT('',(-26.,7.,-47.));
#17439 = DIRECTION('',(0.,0.,1.));
#17440 = DIRECTION('',(1.,0.,-0.));
#17441 = DEFINITIONAL_REPRESENTATION('',(#17442),#17446);
#17442 = CIRCLE('',#17443,2.5);
#17443 = AXIS2_PLACEMENT_2D('',#17444,#17445);
#17444 = CARTESIAN_POINT('',(0.,0.));
#17445 = DIRECTION('',(1.,0.));
#17446 = ( GEOMETRIC_REPRESENTATION_CONTEXT(2) 
PARAMETRIC_REPRESENTATION_CONTEXT() REPRESENTATION_CONTEXT('2D SPACE',''
  ) );
#17447 = ORIENTED_EDGE('',*,*,#17398,.T.);
#17448 = ADVANCED_FACE('',(#17449),#17381,.T.);
#17449 = FACE_BOUND('',#17450,.F.);
#17450 = EDGE_LOOP('',(#17451));
#17451 = ORIENTED_EDGE('',*,*,#17366,.F.);
#17452 = ADVANCED_FACE('',(#17453),#17436,.F.);
#17453 = FACE_BOUND('',#17454,.T.);
#17454 = EDGE_LOOP('',(#17455));
#17455 = ORIENTED_EDGE('',*,*,#17421,.F.);
#17456 = ( GEOMETRIC_REPRESENTATION_CONTEXT(3) 
GLOBAL_UNCERTAINTY_ASSIGNED_CONTEXT((#17460)) 
GLOBAL_UNIT_ASSIGNED_CONTEXT((#17457,#17458,#17459)) 
REPRESENTATION_CONTEXT('Context #1',
  '3D Context with UNIT and UNCERTAINTY') );
#17457 = ( LENGTH_UNIT() NAMED_UNIT(*) SI_UNIT(.MILLI.,.METRE.) );
#17458 = ( NAMED_UNIT(*) PLANE_ANGLE_UNIT() SI_UNIT($,.RADIAN.) );
#17459 = ( NAMED_UNIT(*) SI_UNIT($,.STERADIAN.) SOLID_ANGLE_UNIT() );
#17460 = UNCERTAINTY_MEASURE_WITH_UNIT(LENGTH_MEASURE(1.E-07),#17457,
  'distance_accuracy_value','confusion accuracy');
#17461 = CONTEXT_DEPENDENT_SHAPE_REPRESENTATION(#17462,#17464);
#17462 = ( REPRESENTATION_RELATIONSHIP('','',#17177,#15575) 
REPRESENTATION_RELATIONSHIP_WITH_TRANSFORMATION(#17463) 
SHAPE_REPRESENTATION_RELATIONSHIP() );
#17463 = ITEM_DEFINED_TRANSFORMATION('','',#11,#15604);
#17464 = PRODUCT_DEFINITION_SHAPE('Placement','Placement of an item',
  #17465);
#17465 = NEXT_ASSEMBLY_USAGE_OCCURRENCE('36','','',#15570,#17172,$);
#17466 = PRODUCT_RELATED_PRODUCT_CATEGORY('part',$,(#17174));
#17467 = SHAPE_DEFINITION_REPRESENTATION(#17468,#17474);
#17468 = PRODUCT_DEFINITION_SHAPE('','',#17469);
#17469 = PRODUCT_DEFINITION('design','',#17470,#17473);
#17470 = PRODUCT_DEFINITION_FORMATION('','',#17471);
#17471 = PRODUCT('Open CASCADE STEP translator 7.9 13.12.9',
  'Open CASCADE STEP translator 7.9 13.12.9','',(#17472));
#17472 = PRODUCT_CONTEXT('',#2,'mechanical');
#17473 = PRODUCT_DEFINITION_CONTEXT('part definition',#2,'design');
#17474 = ADVANCED_BREP_SHAPE_REPRESENTATION('',(#11,#17475),#17753);
#17475 = MANIFOLD_SOLID_BREP('',#17476);
#17476 = CLOSED_SHELL('',(#17477,#17565,#17600,#17635,#17690,#17745,
    #17749));
#17477 = ADVANCED_FACE('',(#17478),#17491,.T.);
#17478 = FACE_BOUND('',#17479,.T.);
#17479 = EDGE_LOOP('',(#17480,#17514,#17537,#17564));
#17480 = ORIENTED_EDGE('',*,*,#17481,.F.);
#17481 = EDGE_CURVE('',#17482,#17482,#17484,.T.);
#17482 = VERTEX_POINT('',#17483);
#17483 = CARTESIAN_POINT('',(-21.75,-7.,-28.));
#17484 = SURFACE_CURVE('',#17485,(#17490,#17502),.PCURVE_S1.);
#17485 = CIRCLE('',#17486,4.25);
#17486 = AXIS2_PLACEMENT_3D('',#17487,#17488,#17489);
#17487 = CARTESIAN_POINT('',(-26.,-7.,-28.));
#17488 = DIRECTION('',(0.,0.,1.));
#17489 = DIRECTION('',(1.,0.,-0.));
#17490 = PCURVE('',#17491,#17496);
#17491 = CYLINDRICAL_SURFACE('',#17492,4.25);
#17492 = AXIS2_PLACEMENT_3D('',#17493,#17494,#17495);
#17493 = CARTESIAN_POINT('',(-26.,-7.,-33.));
#17494 = DIRECTION('',(0.,0.,1.));
#17495 = DIRECTION('',(1.,0.,-0.));
#17496 = DEFINITIONAL_REPRESENTATION('',(#17497),#17501);
#17497 = LINE('',#17498,#17499);
#17498 = CARTESIAN_POINT('',(0.,5.));
#17499 = VECTOR('',#17500,1.);
#17500 = DIRECTION('',(1.,0.));
#17501 = ( GEOMETRIC_REPRESENTATION_CONTEXT(2) 
PARAMETRIC_REPRESENTATION_CONTEXT() REPRESENTATION_CONTEXT('2D SPACE',''
  ) );
#17502 = PCURVE('',#17503,#17508);
#17503 = PLANE('',#17504);
#17504 = AXIS2_PLACEMENT_3D('',#17505,#17506,#17507);
#17505 = CARTESIAN_POINT('',(-26.,-7.,-28.));
#17506 = DIRECTION('',(0.,0.,1.));
#17507 = DIRECTION('',(1.,0.,-0.));
#17508 = DEFINITIONAL_REPRESENTATION('',(#17509),#17513);
#17509 = CIRCLE('',#17510,4.25);
#17510 = AXIS2_PLACEMENT_2D('',#17511,#17512);
#17511 = CARTESIAN_POINT('',(0.,0.));
#17512 = DIRECTION('',(1.,0.));
#17513 = ( GEOMETRIC_REPRESENTATION_CONTEXT(2) 
PARAMETRIC_REPRESENTATION_CONTEXT() REPRESENTATION_CONTEXT('2D SPACE',''
  ) );
#17514 = ORIENTED_EDGE('',*,*,#17515,.F.);
#17515 = EDGE_CURVE('',#17516,#17482,#17518,.T.);
#17516 = VERTEX_POINT('',#17517);
#17517 = CARTESIAN_POINT('',(-21.75,-7.,-33.));
#17518 = SEAM_CURVE('',#17519,(#17523,#17530),.PCURVE_S1.);
#17519 = LINE('',#17520,#17521);
#17520 = CARTESIAN_POINT('',(-21.75,-7.,-33.));
#17521 = VECTOR('',#17522,1.);
#17522 = DIRECTION('',(0.,0.,1.));
#17523 = PCURVE('',#17491,#17524);
#17524 = DEFINITIONAL_REPRESENTATION('',(#17525),#17529);
#17525 = LINE('',#17526,#17527);
#17526 = CARTESIAN_POINT('',(6.28318530718,-0.));
#17527 = VECTOR('',#17528,1.);
#17528 = DIRECTION('',(0.,1.));
#17529 = ( GEOMETRIC_REPRESENTATION_CONTEXT(2) 
PARAMETRIC_REPRESENTATION_CONTEXT() REPRESENTATION_CONTEXT('2D SPACE',''
  ) );
#17530 = PCURVE('',#17491,#17531);
#17531 = DEFINITIONAL_REPRESENTATION('',(#17532),#17536);
#17532 = LINE('',#17533,#17534);
#17533 = CARTESIAN_POINT('',(0.,-0.));
#17534 = VECTOR('',#17535,1.);
#17535 = DIRECTION('',(0.,1.));
#17536 = ( GEOMETRIC_REPRESENTATION_CONTEXT(2) 
PARAMETRIC_REPRESENTATION_CONTEXT() REPRESENTATION_CONTEXT('2D SPACE',''
  ) );
#17537 = ORIENTED_EDGE('',*,*,#17538,.T.);
#17538 = EDGE_CURVE('',#17516,#17516,#17539,.T.);
#17539 = SURFACE_CURVE('',#17540,(#17545,#17552),.PCURVE_S1.);
#17540 = CIRCLE('',#17541,4.25);
#17541 = AXIS2_PLACEMENT_3D('',#17542,#17543,#17544);
#17542 = CARTESIAN_POINT('',(-26.,-7.,-33.));
#17543 = DIRECTION('',(0.,0.,1.));
#17544 = DIRECTION('',(1.,0.,-0.));
#17545 = PCURVE('',#17491,#17546);
#17546 = DEFINITIONAL_REPRESENTATION('',(#17547),#17551);
#17547 = LINE('',#17548,#17549);
#17548 = CARTESIAN_POINT('',(0.,0.));
#17549 = VECTOR('',#17550,1.);
#17550 = DIRECTION('',(1.,0.));
#17551 = ( GEOMETRIC_REPRESENTATION_CONTEXT(2) 
PARAMETRIC_REPRESENTATION_CONTEXT() REPRESENTATION_CONTEXT('2D SPACE',''
  ) );
#17552 = PCURVE('',#17553,#17558);
#17553 = PLANE('',#17554);
#17554 = AXIS2_PLACEMENT_3D('',#17555,#17556,#17557);
#17555 = CARTESIAN_POINT('',(-26.,-7.,-33.));
#17556 = DIRECTION('',(0.,0.,1.));
#17557 = DIRECTION('',(1.,0.,-0.));
#17558 = DEFINITIONAL_REPRESENTATION('',(#17559),#17563);
#17559 = CIRCLE('',#17560,4.25);
#17560 = AXIS2_PLACEMENT_2D('',#17561,#17562);
#17561 = CARTESIAN_POINT('',(0.,0.));
#17562 = DIRECTION('',(1.,0.));
#17563 = ( GEOMETRIC_REPRESENTATION_CONTEXT(2) 
PARAMETRIC_REPRESENTATION_CONTEXT() REPRESENTATION_CONTEXT('2D SPACE',''
  ) );
#17564 = ORIENTED_EDGE('',*,*,#17515,.T.);
#17565 = ADVANCED_FACE('',(#17566,#17569),#17503,.T.);
#17566 = FACE_BOUND('',#17567,.T.);
#17567 = EDGE_LOOP('',(#17568));
#17568 = ORIENTED_EDGE('',*,*,#17481,.T.);
#17569 = FACE_BOUND('',#17570,.T.);
#17570 = EDGE_LOOP('',(#17571));
#17571 = ORIENTED_EDGE('',*,*,#17572,.F.);
#17572 = EDGE_CURVE('',#17573,#17573,#17575,.T.);
#17573 = VERTEX_POINT('',#17574);
#17574 = CARTESIAN_POINT('',(-24.,-7.,-28.));
#17575 = SURFACE_CURVE('',#17576,(#17581,#17588),.PCURVE_S1.);
#17576 = CIRCLE('',#17577,2.);
#17577 = AXIS2_PLACEMENT_3D('',#17578,#17579,#17580);
#17578 = CARTESIAN_POINT('',(-26.,-7.,-28.));
#17579 = DIRECTION('',(0.,0.,1.));
#17580 = DIRECTION('',(1.,0.,-0.));
#17581 = PCURVE('',#17503,#17582);
#17582 = DEFINITIONAL_REPRESENTATION('',(#17583),#17587);
#17583 = CIRCLE('',#17584,2.);
#17584 = AXIS2_PLACEMENT_2D('',#17585,#17586);
#17585 = CARTESIAN_POINT('',(0.,0.));
#17586 = DIRECTION('',(1.,0.));
#17587 = ( GEOMETRIC_REPRESENTATION_CONTEXT(2) 
PARAMETRIC_REPRESENTATION_CONTEXT() REPRESENTATION_CONTEXT('2D SPACE',''
  ) );
#17588 = PCURVE('',#17589,#17594);
#17589 = CYLINDRICAL_SURFACE('',#17590,2.);
#17590 = AXIS2_PLACEMENT_3D('',#17591,#17592,#17593);
#17591 = CARTESIAN_POINT('',(-26.,-7.,-31.));
#17592 = DIRECTION('',(0.,0.,1.));
#17593 = DIRECTION('',(1.,0.,-0.));
#17594 = DEFINITIONAL_REPRESENTATION('',(#17595),#17599);
#17595 = LINE('',#17596,#17597);
#17596 = CARTESIAN_POINT('',(0.,3.));
#17597 = VECTOR('',#17598,1.);
#17598 = DIRECTION('',(1.,0.));
#17599 = ( GEOMETRIC_REPRESENTATION_CONTEXT(2) 
PARAMETRIC_REPRESENTATION_CONTEXT() REPRESENTATION_CONTEXT('2D SPACE',''
  ) );
#17600 = ADVANCED_FACE('',(#17601,#17604),#17553,.F.);
#17601 = FACE_BOUND('',#17602,.F.);
#17602 = EDGE_LOOP('',(#17603));
#17603 = ORIENTED_EDGE('',*,*,#17538,.T.);
#17604 = FACE_BOUND('',#17605,.F.);
#17605 = EDGE_LOOP('',(#17606));
#17606 = ORIENTED_EDGE('',*,*,#17607,.F.);
#17607 = EDGE_CURVE('',#17608,#17608,#17610,.T.);
#17608 = VERTEX_POINT('',#17609);
#17609 = CARTESIAN_POINT('',(-23.5,-7.,-33.));
#17610 = SURFACE_CURVE('',#17611,(#17616,#17623),.PCURVE_S1.);
#17611 = CIRCLE('',#17612,2.5);
#17612 = AXIS2_PLACEMENT_3D('',#17613,#17614,#17615);
#17613 = CARTESIAN_POINT('',(-26.,-7.,-33.));
#17614 = DIRECTION('',(0.,0.,1.));
#17615 = DIRECTION('',(1.,0.,-0.));
#17616 = PCURVE('',#17553,#17617);
#17617 = DEFINITIONAL_REPRESENTATION('',(#17618),#17622);
#17618 = CIRCLE('',#17619,2.5);
#17619 = AXIS2_PLACEMENT_2D('',#17620,#17621);
#17620 = CARTESIAN_POINT('',(0.,0.));
#17621 = DIRECTION('',(1.,0.));
#17622 = ( GEOMETRIC_REPRESENTATION_CONTEXT(2) 
PARAMETRIC_REPRESENTATION_CONTEXT() REPRESENTATION_CONTEXT('2D SPACE',''
  ) );
#17623 = PCURVE('',#17624,#17629);
#17624 = CYLINDRICAL_SURFACE('',#17625,2.5);
#17625 = AXIS2_PLACEMENT_3D('',#17626,#17627,#17628);
#17626 = CARTESIAN_POINT('',(-26.,-7.,-47.));
#17627 = DIRECTION('',(0.,0.,1.));
#17628 = DIRECTION('',(1.,0.,-0.));
#17629 = DEFINITIONAL_REPRESENTATION('',(#17630),#17634);
#17630 = LINE('',#17631,#17632);
#17631 = CARTESIAN_POINT('',(0.,14.));
#17632 = VECTOR('',#17633,1.);
#17633 = DIRECTION('',(1.,0.));
#17634 = ( GEOMETRIC_REPRESENTATION_CONTEXT(2) 
PARAMETRIC_REPRESENTATION_CONTEXT() REPRESENTATION_CONTEXT('2D SPACE',''
  ) );
#17635 = ADVANCED_FACE('',(#17636),#17589,.F.);
#17636 = FACE_BOUND('',#17637,.F.);
#17637 = EDGE_LOOP('',(#17638,#17639,#17662,#17689));
#17638 = ORIENTED_EDGE('',*,*,#17572,.F.);
#17639 = ORIENTED_EDGE('',*,*,#17640,.F.);
#17640 = EDGE_CURVE('',#17641,#17573,#17643,.T.);
#17641 = VERTEX_POINT('',#17642);
#17642 = CARTESIAN_POINT('',(-24.,-7.,-31.));
#17643 = SEAM_CURVE('',#17644,(#17648,#17655),.PCURVE_S1.);
#17644 = LINE('',#17645,#17646);
#17645 = CARTESIAN_POINT('',(-24.,-7.,-31.));
#17646 = VECTOR('',#17647,1.);
#17647 = DIRECTION('',(0.,0.,1.));
#17648 = PCURVE('',#17589,#17649);
#17649 = DEFINITIONAL_REPRESENTATION('',(#17650),#17654);
#17650 = LINE('',#17651,#17652);
#17651 = CARTESIAN_POINT('',(6.28318530718,-0.));
#17652 = VECTOR('',#17653,1.);
#17653 = DIRECTION('',(0.,1.));
#17654 = ( GEOMETRIC_REPRESENTATION_CONTEXT(2) 
PARAMETRIC_REPRESENTATION_CONTEXT() REPRESENTATION_CONTEXT('2D SPACE',''
  ) );
#17655 = PCURVE('',#17589,#17656);
#17656 = DEFINITIONAL_REPRESENTATION('',(#17657),#17661);
#17657 = LINE('',#17658,#17659);
#17658 = CARTESIAN_POINT('',(0.,-0.));
#17659 = VECTOR('',#17660,1.);
#17660 = DIRECTION('',(0.,1.));
#17661 = ( GEOMETRIC_REPRESENTATION_CONTEXT(2) 
PARAMETRIC_REPRESENTATION_CONTEXT() REPRESENTATION_CONTEXT('2D SPACE',''
  ) );
#17662 = ORIENTED_EDGE('',*,*,#17663,.T.);
#17663 = EDGE_CURVE('',#17641,#17641,#17664,.T.);
#17664 = SURFACE_CURVE('',#17665,(#17670,#17677),.PCURVE_S1.);
#17665 = CIRCLE('',#17666,2.);
#17666 = AXIS2_PLACEMENT_3D('',#17667,#17668,#17669);
#17667 = CARTESIAN_POINT('',(-26.,-7.,-31.));
#17668 = DIRECTION('',(0.,0.,1.));
#17669 = DIRECTION('',(1.,0.,-0.));
#17670 = PCURVE('',#17589,#17671);
#17671 = DEFINITIONAL_REPRESENTATION('',(#17672),#17676);
#17672 = LINE('',#17673,#17674);
#17673 = CARTESIAN_POINT('',(0.,0.));
#17674 = VECTOR('',#17675,1.);
#17675 = DIRECTION('',(1.,0.));
#17676 = ( GEOMETRIC_REPRESENTATION_CONTEXT(2) 
PARAMETRIC_REPRESENTATION_CONTEXT() REPRESENTATION_CONTEXT('2D SPACE',''
  ) );
#17677 = PCURVE('',#17678,#17683);
#17678 = PLANE('',#17679);
#17679 = AXIS2_PLACEMENT_3D('',#17680,#17681,#17682);
#17680 = CARTESIAN_POINT('',(-26.,-7.,-31.));
#17681 = DIRECTION('',(0.,0.,1.));
#17682 = DIRECTION('',(1.,0.,-0.));
#17683 = DEFINITIONAL_REPRESENTATION('',(#17684),#17688);
#17684 = CIRCLE('',#17685,2.);
#17685 = AXIS2_PLACEMENT_2D('',#17686,#17687);
#17686 = CARTESIAN_POINT('',(0.,0.));
#17687 = DIRECTION('',(1.,0.));
#17688 = ( GEOMETRIC_REPRESENTATION_CONTEXT(2) 
PARAMETRIC_REPRESENTATION_CONTEXT() REPRESENTATION_CONTEXT('2D SPACE',''
  ) );
#17689 = ORIENTED_EDGE('',*,*,#17640,.T.);
#17690 = ADVANCED_FACE('',(#17691),#17624,.T.);
#17691 = FACE_BOUND('',#17692,.T.);
#17692 = EDGE_LOOP('',(#17693,#17694,#17717,#17744));
#17693 = ORIENTED_EDGE('',*,*,#17607,.F.);
#17694 = ORIENTED_EDGE('',*,*,#17695,.F.);
#17695 = EDGE_CURVE('',#17696,#17608,#17698,.T.);
#17696 = VERTEX_POINT('',#17697);
#17697 = CARTESIAN_POINT('',(-23.5,-7.,-47.));
#17698 = SEAM_CURVE('',#17699,(#17703,#17710),.PCURVE_S1.);
#17699 = LINE('',#17700,#17701);
#17700 = CARTESIAN_POINT('',(-23.5,-7.,-47.));
#17701 = VECTOR('',#17702,1.);
#17702 = DIRECTION('',(0.,0.,1.));
#17703 = PCURVE('',#17624,#17704);
#17704 = DEFINITIONAL_REPRESENTATION('',(#17705),#17709);
#17705 = LINE('',#17706,#17707);
#17706 = CARTESIAN_POINT('',(6.28318530718,-0.));
#17707 = VECTOR('',#17708,1.);
#17708 = DIRECTION('',(0.,1.));
#17709 = ( GEOMETRIC_REPRESENTATION_CONTEXT(2) 
PARAMETRIC_REPRESENTATION_CONTEXT() REPRESENTATION_CONTEXT('2D SPACE',''
  ) );
#17710 = PCURVE('',#17624,#17711);
#17711 = DEFINITIONAL_REPRESENTATION('',(#17712),#17716);
#17712 = LINE('',#17713,#17714);
#17713 = CARTESIAN_POINT('',(0.,-0.));
#17714 = VECTOR('',#17715,1.);
#17715 = DIRECTION('',(0.,1.));
#17716 = ( GEOMETRIC_REPRESENTATION_CONTEXT(2) 
PARAMETRIC_REPRESENTATION_CONTEXT() REPRESENTATION_CONTEXT('2D SPACE',''
  ) );
#17717 = ORIENTED_EDGE('',*,*,#17718,.T.);
#17718 = EDGE_CURVE('',#17696,#17696,#17719,.T.);
#17719 = SURFACE_CURVE('',#17720,(#17725,#17732),.PCURVE_S1.);
#17720 = CIRCLE('',#17721,2.5);
#17721 = AXIS2_PLACEMENT_3D('',#17722,#17723,#17724);
#17722 = CARTESIAN_POINT('',(-26.,-7.,-47.));
#17723 = DIRECTION('',(0.,0.,1.));
#17724 = DIRECTION('',(1.,0.,-0.));
#17725 = PCURVE('',#17624,#17726);
#17726 = DEFINITIONAL_REPRESENTATION('',(#17727),#17731);
#17727 = LINE('',#17728,#17729);
#17728 = CARTESIAN_POINT('',(0.,0.));
#17729 = VECTOR('',#17730,1.);
#17730 = DIRECTION('',(1.,0.));
#17731 = ( GEOMETRIC_REPRESENTATION_CONTEXT(2) 
PARAMETRIC_REPRESENTATION_CONTEXT() REPRESENTATION_CONTEXT('2D SPACE',''
  ) );
#17732 = PCURVE('',#17733,#17738);
#17733 = PLANE('',#17734);
#17734 = AXIS2_PLACEMENT_3D('',#17735,#17736,#17737);
#17735 = CARTESIAN_POINT('',(-26.,-7.,-47.));
#17736 = DIRECTION('',(0.,0.,1.));
#17737 = DIRECTION('',(1.,0.,-0.));
#17738 = DEFINITIONAL_REPRESENTATION('',(#17739),#17743);
#17739 = CIRCLE('',#17740,2.5);
#17740 = AXIS2_PLACEMENT_2D('',#17741,#17742);
#17741 = CARTESIAN_POINT('',(0.,0.));
#17742 = DIRECTION('',(1.,0.));
#17743 = ( GEOMETRIC_REPRESENTATION_CONTEXT(2) 
PARAMETRIC_REPRESENTATION_CONTEXT() REPRESENTATION_CONTEXT('2D SPACE',''
  ) );
#17744 = ORIENTED_EDGE('',*,*,#17695,.T.);
#17745 = ADVANCED_FACE('',(#17746),#17678,.T.);
#17746 = FACE_BOUND('',#17747,.F.);
#17747 = EDGE_LOOP('',(#17748));
#17748 = ORIENTED_EDGE('',*,*,#17663,.F.);
#17749 = ADVANCED_FACE('',(#17750),#17733,.F.);
#17750 = FACE_BOUND('',#17751,.T.);
#17751 = EDGE_LOOP('',(#17752));
#17752 = ORIENTED_EDGE('',*,*,#17718,.F.);
#17753 = ( GEOMETRIC_REPRESENTATION_CONTEXT(3) 
GLOBAL_UNCERTAINTY_ASSIGNED_CONTEXT((#17757)) 
GLOBAL_UNIT_ASSIGNED_CONTEXT((#17754,#17755,#17756)) 
REPRESENTATION_CONTEXT('Context #1',
  '3D Context with UNIT and UNCERTAINTY') );
#17754 = ( LENGTH_UNIT() NAMED_UNIT(*) SI_UNIT(.MILLI.,.METRE.) );
#17755 = ( NAMED_UNIT(*) PLANE_ANGLE_UNIT() SI_UNIT($,.RADIAN.) );
#17756 = ( NAMED_UNIT(*) SI_UNIT($,.STERADIAN.) SOLID_ANGLE_UNIT() );
#17757 = UNCERTAINTY_MEASURE_WITH_UNIT(LENGTH_MEASURE(1.E-07),#17754,
  'distance_accuracy_value','confusion accuracy');
#17758 = CONTEXT_DEPENDENT_SHAPE_REPRESENTATION(#17759,#17761);
#17759 = ( REPRESENTATION_RELATIONSHIP('','',#17474,#15575) 
REPRESENTATION_RELATIONSHIP_WITH_TRANSFORMATION(#17760) 
SHAPE_REPRESENTATION_RELATIONSHIP() );
#17760 = ITEM_DEFINED_TRANSFORMATION('','',#11,#15608);
#17761 = PRODUCT_DEFINITION_SHAPE('Placement','Placement of an item',
  #17762);
#17762 = NEXT_ASSEMBLY_USAGE_OCCURRENCE('37','','',#15570,#17469,$);
#17763 = PRODUCT_RELATED_PRODUCT_CATEGORY('part',$,(#17471));
#17764 = SHAPE_DEFINITION_REPRESENTATION(#17765,#17771);
#17765 = PRODUCT_DEFINITION_SHAPE('','',#17766);
#17766 = PRODUCT_DEFINITION('design','',#17767,#17770);
#17767 = PRODUCT_DEFINITION_FORMATION('','',#17768);
#17768 = PRODUCT('Open CASCADE STEP translator 7.9 13.12.10',
  'Open CASCADE STEP translator 7.9 13.12.10','',(#17769));
#17769 = PRODUCT_CONTEXT('',#2,'mechanical');
#17770 = PRODUCT_DEFINITION_CONTEXT('part definition',#2,'design');
#17771 = ADVANCED_BREP_SHAPE_REPRESENTATION('',(#11,#17772),#18050);
#17772 = MANIFOLD_SOLID_BREP('',#17773);
#17773 = CLOSED_SHELL('',(#17774,#17862,#17897,#17932,#17987,#18042,
    #18046));
#17774 = ADVANCED_FACE('',(#17775),#17788,.T.);
#17775 = FACE_BOUND('',#17776,.T.);
#17776 = EDGE_LOOP('',(#17777,#17811,#17834,#17861));
#17777 = ORIENTED_EDGE('',*,*,#17778,.F.);
#17778 = EDGE_CURVE('',#17779,#17779,#17781,.T.);
#17779 = VERTEX_POINT('',#17780);
#17780 = CARTESIAN_POINT('',(30.25,7.,-28.));
#17781 = SURFACE_CURVE('',#17782,(#17787,#17799),.PCURVE_S1.);
#17782 = CIRCLE('',#17783,4.25);
#17783 = AXIS2_PLACEMENT_3D('',#17784,#17785,#17786);
#17784 = CARTESIAN_POINT('',(26.,7.,-28.));
#17785 = DIRECTION('',(0.,0.,1.));
#17786 = DIRECTION('',(1.,0.,-0.));
#17787 = PCURVE('',#17788,#17793);
#17788 = CYLINDRICAL_SURFACE('',#17789,4.25);
#17789 = AXIS2_PLACEMENT_3D('',#17790,#17791,#17792);
#17790 = CARTESIAN_POINT('',(26.,7.,-33.));
#17791 = DIRECTION('',(0.,0.,1.));
#17792 = DIRECTION('',(1.,0.,-0.));
#17793 = DEFINITIONAL_REPRESENTATION('',(#17794),#17798);
#17794 = LINE('',#17795,#17796);
#17795 = CARTESIAN_POINT('',(0.,5.));
#17796 = VECTOR('',#17797,1.);
#17797 = DIRECTION('',(1.,0.));
#17798 = ( GEOMETRIC_REPRESENTATION_CONTEXT(2) 
PARAMETRIC_REPRESENTATION_CONTEXT() REPRESENTATION_CONTEXT('2D SPACE',''
  ) );
#17799 = PCURVE('',#17800,#17805);
#17800 = PLANE('',#17801);
#17801 = AXIS2_PLACEMENT_3D('',#17802,#17803,#17804);
#17802 = CARTESIAN_POINT('',(26.,7.,-28.));
#17803 = DIRECTION('',(0.,0.,1.));
#17804 = DIRECTION('',(1.,0.,-0.));
#17805 = DEFINITIONAL_REPRESENTATION('',(#17806),#17810);
#17806 = CIRCLE('',#17807,4.25);
#17807 = AXIS2_PLACEMENT_2D('',#17808,#17809);
#17808 = CARTESIAN_POINT('',(0.,0.));
#17809 = DIRECTION('',(1.,0.));
#17810 = ( GEOMETRIC_REPRESENTATION_CONTEXT(2) 
PARAMETRIC_REPRESENTATION_CONTEXT() REPRESENTATION_CONTEXT('2D SPACE',''
  ) );
#17811 = ORIENTED_EDGE('',*,*,#17812,.F.);
#17812 = EDGE_CURVE('',#17813,#17779,#17815,.T.);
#17813 = VERTEX_POINT('',#17814);
#17814 = CARTESIAN_POINT('',(30.25,7.,-33.));
#17815 = SEAM_CURVE('',#17816,(#17820,#17827),.PCURVE_S1.);
#17816 = LINE('',#17817,#17818);
#17817 = CARTESIAN_POINT('',(30.25,7.,-33.));
#17818 = VECTOR('',#17819,1.);
#17819 = DIRECTION('',(0.,0.,1.));
#17820 = PCURVE('',#17788,#17821);
#17821 = DEFINITIONAL_REPRESENTATION('',(#17822),#17826);
#17822 = LINE('',#17823,#17824);
#17823 = CARTESIAN_POINT('',(6.28318530718,-0.));
#17824 = VECTOR('',#17825,1.);
#17825 = DIRECTION('',(0.,1.));
#17826 = ( GEOMETRIC_REPRESENTATION_CONTEXT(2) 
PARAMETRIC_REPRESENTATION_CONTEXT() REPRESENTATION_CONTEXT('2D SPACE',''
  ) );
#17827 = PCURVE('',#17788,#17828);
#17828 = DEFINITIONAL_REPRESENTATION('',(#17829),#17833);
#17829 = LINE('',#17830,#17831);
#17830 = CARTESIAN_POINT('',(0.,-0.));
#17831 = VECTOR('',#17832,1.);
#17832 = DIRECTION('',(0.,1.));
#17833 = ( GEOMETRIC_REPRESENTATION_CONTEXT(2) 
PARAMETRIC_REPRESENTATION_CONTEXT() REPRESENTATION_CONTEXT('2D SPACE',''
  ) );
#17834 = ORIENTED_EDGE('',*,*,#17835,.T.);
#17835 = EDGE_CURVE('',#17813,#17813,#17836,.T.);
#17836 = SURFACE_CURVE('',#17837,(#17842,#17849),.PCURVE_S1.);
#17837 = CIRCLE('',#17838,4.25);
#17838 = AXIS2_PLACEMENT_3D('',#17839,#17840,#17841);
#17839 = CARTESIAN_POINT('',(26.,7.,-33.));
#17840 = DIRECTION('',(0.,0.,1.));
#17841 = DIRECTION('',(1.,0.,-0.));
#17842 = PCURVE('',#17788,#17843);
#17843 = DEFINITIONAL_REPRESENTATION('',(#17844),#17848);
#17844 = LINE('',#17845,#17846);
#17845 = CARTESIAN_POINT('',(0.,0.));
#17846 = VECTOR('',#17847,1.);
#17847 = DIRECTION('',(1.,0.));
#17848 = ( GEOMETRIC_REPRESENTATION_CONTEXT(2) 
PARAMETRIC_REPRESENTATION_CONTEXT() REPRESENTATION_CONTEXT('2D SPACE',''
  ) );
#17849 = PCURVE('',#17850,#17855);
#17850 = PLANE('',#17851);
#17851 = AXIS2_PLACEMENT_3D('',#17852,#17853,#17854);
#17852 = CARTESIAN_POINT('',(26.,7.,-33.));
#17853 = DIRECTION('',(0.,0.,1.));
#17854 = DIRECTION('',(1.,0.,-0.));
#17855 = DEFINITIONAL_REPRESENTATION('',(#17856),#17860);
#17856 = CIRCLE('',#17857,4.25);
#17857 = AXIS2_PLACEMENT_2D('',#17858,#17859);
#17858 = CARTESIAN_POINT('',(0.,0.));
#17859 = DIRECTION('',(1.,0.));
#17860 = ( GEOMETRIC_REPRESENTATION_CONTEXT(2) 
PARAMETRIC_REPRESENTATION_CONTEXT() REPRESENTATION_CONTEXT('2D SPACE',''
  ) );
#17861 = ORIENTED_EDGE('',*,*,#17812,.T.);
#17862 = ADVANCED_FACE('',(#17863,#17866),#17800,.T.);
#17863 = FACE_BOUND('',#17864,.T.);
#17864 = EDGE_LOOP('',(#17865));
#17865 = ORIENTED_EDGE('',*,*,#17778,.T.);
#17866 = FACE_BOUND('',#17867,.T.);
#17867 = EDGE_LOOP('',(#17868));
#17868 = ORIENTED_EDGE('',*,*,#17869,.F.);
#17869 = EDGE_CURVE('',#17870,#17870,#17872,.T.);
#17870 = VERTEX_POINT('',#17871);
#17871 = CARTESIAN_POINT('',(28.,7.,-28.));
#17872 = SURFACE_CURVE('',#17873,(#17878,#17885),.PCURVE_S1.);
#17873 = CIRCLE('',#17874,2.);
#17874 = AXIS2_PLACEMENT_3D('',#17875,#17876,#17877);
#17875 = CARTESIAN_POINT('',(26.,7.,-28.));
#17876 = DIRECTION('',(0.,0.,1.));
#17877 = DIRECTION('',(1.,0.,-0.));
#17878 = PCURVE('',#17800,#17879);
#17879 = DEFINITIONAL_REPRESENTATION('',(#17880),#17884);
#17880 = CIRCLE('',#17881,2.);
#17881 = AXIS2_PLACEMENT_2D('',#17882,#17883);
#17882 = CARTESIAN_POINT('',(0.,0.));
#17883 = DIRECTION('',(1.,0.));
#17884 = ( GEOMETRIC_REPRESENTATION_CONTEXT(2) 
PARAMETRIC_REPRESENTATION_CONTEXT() REPRESENTATION_CONTEXT('2D SPACE',''
  ) );
#17885 = PCURVE('',#17886,#17891);
#17886 = CYLINDRICAL_SURFACE('',#17887,2.);
#17887 = AXIS2_PLACEMENT_3D('',#17888,#17889,#17890);
#17888 = CARTESIAN_POINT('',(26.,7.,-31.));
#17889 = DIRECTION('',(0.,0.,1.));
#17890 = DIRECTION('',(1.,0.,-0.));
#17891 = DEFINITIONAL_REPRESENTATION('',(#17892),#17896);
#17892 = LINE('',#17893,#17894);
#17893 = CARTESIAN_POINT('',(0.,3.));
#17894 = VECTOR('',#17895,1.);
#17895 = DIRECTION('',(1.,0.));
#17896 = ( GEOMETRIC_REPRESENTATION_CONTEXT(2) 
PARAMETRIC_REPRESENTATION_CONTEXT() REPRESENTATION_CONTEXT('2D SPACE',''
  ) );
#17897 = ADVANCED_FACE('',(#17898,#17901),#17850,.F.);
#17898 = FACE_BOUND('',#17899,.F.);
#17899 = EDGE_LOOP('',(#17900));
#17900 = ORIENTED_EDGE('',*,*,#17835,.T.);
#17901 = FACE_BOUND('',#17902,.F.);
#17902 = EDGE_LOOP('',(#17903));
#17903 = ORIENTED_EDGE('',*,*,#17904,.F.);
#17904 = EDGE_CURVE('',#17905,#17905,#17907,.T.);
#17905 = VERTEX_POINT('',#17906);
#17906 = CARTESIAN_POINT('',(28.5,7.,-33.));
#17907 = SURFACE_CURVE('',#17908,(#17913,#17920),.PCURVE_S1.);
#17908 = CIRCLE('',#17909,2.5);
#17909 = AXIS2_PLACEMENT_3D('',#17910,#17911,#17912);
#17910 = CARTESIAN_POINT('',(26.,7.,-33.));
#17911 = DIRECTION('',(0.,0.,1.));
#17912 = DIRECTION('',(1.,0.,-0.));
#17913 = PCURVE('',#17850,#17914);
#17914 = DEFINITIONAL_REPRESENTATION('',(#17915),#17919);
#17915 = CIRCLE('',#17916,2.5);
#17916 = AXIS2_PLACEMENT_2D('',#17917,#17918);
#17917 = CARTESIAN_POINT('',(0.,0.));
#17918 = DIRECTION('',(1.,0.));
#17919 = ( GEOMETRIC_REPRESENTATION_CONTEXT(2) 
PARAMETRIC_REPRESENTATION_CONTEXT() REPRESENTATION_CONTEXT('2D SPACE',''
  ) );
#17920 = PCURVE('',#17921,#17926);
#17921 = CYLINDRICAL_SURFACE('',#17922,2.5);
#17922 = AXIS2_PLACEMENT_3D('',#17923,#17924,#17925);
#17923 = CARTESIAN_POINT('',(26.,7.,-47.));
#17924 = DIRECTION('',(0.,0.,1.));
#17925 = DIRECTION('',(1.,0.,-0.));
#17926 = DEFINITIONAL_REPRESENTATION('',(#17927),#17931);
#17927 = LINE('',#17928,#17929);
#17928 = CARTESIAN_POINT('',(0.,14.));
#17929 = VECTOR('',#17930,1.);
#17930 = DIRECTION('',(1.,0.));
#17931 = ( GEOMETRIC_REPRESENTATION_CONTEXT(2) 
PARAMETRIC_REPRESENTATION_CONTEXT() REPRESENTATION_CONTEXT('2D SPACE',''
  ) );
#17932 = ADVANCED_FACE('',(#17933),#17886,.F.);
#17933 = FACE_BOUND('',#17934,.F.);
#17934 = EDGE_LOOP('',(#17935,#17936,#17959,#17986));
#17935 = ORIENTED_EDGE('',*,*,#17869,.F.);
#17936 = ORIENTED_EDGE('',*,*,#17937,.F.);
#17937 = EDGE_CURVE('',#17938,#17870,#17940,.T.);
#17938 = VERTEX_POINT('',#17939);
#17939 = CARTESIAN_POINT('',(28.,7.,-31.));
#17940 = SEAM_CURVE('',#17941,(#17945,#17952),.PCURVE_S1.);
#17941 = LINE('',#17942,#17943);
#17942 = CARTESIAN_POINT('',(28.,7.,-31.));
#17943 = VECTOR('',#17944,1.);
#17944 = DIRECTION('',(0.,0.,1.));
#17945 = PCURVE('',#17886,#17946);
#17946 = DEFINITIONAL_REPRESENTATION('',(#17947),#17951);
#17947 = LINE('',#17948,#17949);
#17948 = CARTESIAN_POINT('',(6.28318530718,-0.));
#17949 = VECTOR('',#17950,1.);
#17950 = DIRECTION('',(0.,1.));
#17951 = ( GEOMETRIC_REPRESENTATION_CONTEXT(2) 
PARAMETRIC_REPRESENTATION_CONTEXT() REPRESENTATION_CONTEXT('2D SPACE',''
  ) );
#17952 = PCURVE('',#17886,#17953);
#17953 = DEFINITIONAL_REPRESENTATION('',(#17954),#17958);
#17954 = LINE('',#17955,#17956);
#17955 = CARTESIAN_POINT('',(0.,-0.));
#17956 = VECTOR('',#17957,1.);
#17957 = DIRECTION('',(0.,1.));
#17958 = ( GEOMETRIC_REPRESENTATION_CONTEXT(2) 
PARAMETRIC_REPRESENTATION_CONTEXT() REPRESENTATION_CONTEXT('2D SPACE',''
  ) );
#17959 = ORIENTED_EDGE('',*,*,#17960,.T.);
#17960 = EDGE_CURVE('',#17938,#17938,#17961,.T.);
#17961 = SURFACE_CURVE('',#17962,(#17967,#17974),.PCURVE_S1.);
#17962 = CIRCLE('',#17963,2.);
#17963 = AXIS2_PLACEMENT_3D('',#17964,#17965,#17966);
#17964 = CARTESIAN_POINT('',(26.,7.,-31.));
#17965 = DIRECTION('',(0.,0.,1.));
#17966 = DIRECTION('',(1.,0.,-0.));
#17967 = PCURVE('',#17886,#17968);
#17968 = DEFINITIONAL_REPRESENTATION('',(#17969),#17973);
#17969 = LINE('',#17970,#17971);
#17970 = CARTESIAN_POINT('',(0.,0.));
#17971 = VECTOR('',#17972,1.);
#17972 = DIRECTION('',(1.,0.));
#17973 = ( GEOMETRIC_REPRESENTATION_CONTEXT(2) 
PARAMETRIC_REPRESENTATION_CONTEXT() REPRESENTATION_CONTEXT('2D SPACE',''
  ) );
#17974 = PCURVE('',#17975,#17980);
#17975 = PLANE('',#17976);
#17976 = AXIS2_PLACEMENT_3D('',#17977,#17978,#17979);
#17977 = CARTESIAN_POINT('',(26.,7.,-31.));
#17978 = DIRECTION('',(0.,0.,1.));
#17979 = DIRECTION('',(1.,0.,-0.));
#17980 = DEFINITIONAL_REPRESENTATION('',(#17981),#17985);
#17981 = CIRCLE('',#17982,2.);
#17982 = AXIS2_PLACEMENT_2D('',#17983,#17984);
#17983 = CARTESIAN_POINT('',(0.,0.));
#17984 = DIRECTION('',(1.,0.));
#17985 = ( GEOMETRIC_REPRESENTATION_CONTEXT(2) 
PARAMETRIC_REPRESENTATION_CONTEXT() REPRESENTATION_CONTEXT('2D SPACE',''
  ) );
#17986 = ORIENTED_EDGE('',*,*,#17937,.T.);
#17987 = ADVANCED_FACE('',(#17988),#17921,.T.);
#17988 = FACE_BOUND('',#17989,.T.);
#17989 = EDGE_LOOP('',(#17990,#17991,#18014,#18041));
#17990 = ORIENTED_EDGE('',*,*,#17904,.F.);
#17991 = ORIENTED_EDGE('',*,*,#17992,.F.);
#17992 = EDGE_CURVE('',#17993,#17905,#17995,.T.);
#17993 = VERTEX_POINT('',#17994);
#17994 = CARTESIAN_POINT('',(28.5,7.,-47.));
#17995 = SEAM_CURVE('',#17996,(#18000,#18007),.PCURVE_S1.);
#17996 = LINE('',#17997,#17998);
#17997 = CARTESIAN_POINT('',(28.5,7.,-47.));
#17998 = VECTOR('',#17999,1.);
#17999 = DIRECTION('',(0.,0.,1.));
#18000 = PCURVE('',#17921,#18001);
#18001 = DEFINITIONAL_REPRESENTATION('',(#18002),#18006);
#18002 = LINE('',#18003,#18004);
#18003 = CARTESIAN_POINT('',(6.28318530718,-0.));
#18004 = VECTOR('',#18005,1.);
#18005 = DIRECTION('',(0.,1.));
#18006 = ( GEOMETRIC_REPRESENTATION_CONTEXT(2) 
PARAMETRIC_REPRESENTATION_CONTEXT() REPRESENTATION_CONTEXT('2D SPACE',''
  ) );
#18007 = PCURVE('',#17921,#18008);
#18008 = DEFINITIONAL_REPRESENTATION('',(#18009),#18013);
#18009 = LINE('',#18010,#18011);
#18010 = CARTESIAN_POINT('',(0.,-0.));
#18011 = VECTOR('',#18012,1.);
#18012 = DIRECTION('',(0.,1.));
#18013 = ( GEOMETRIC_REPRESENTATION_CONTEXT(2) 
PARAMETRIC_REPRESENTATION_CONTEXT() REPRESENTATION_CONTEXT('2D SPACE',''
  ) );
#18014 = ORIENTED_EDGE('',*,*,#18015,.T.);
#18015 = EDGE_CURVE('',#17993,#17993,#18016,.T.);
#18016 = SURFACE_CURVE('',#18017,(#18022,#18029),.PCURVE_S1.);
#18017 = CIRCLE('',#18018,2.5);
#18018 = AXIS2_PLACEMENT_3D('',#18019,#18020,#18021);
#18019 = CARTESIAN_POINT('',(26.,7.,-47.));
#18020 = DIRECTION('',(0.,0.,1.));
#18021 = DIRECTION('',(1.,0.,-0.));
#18022 = PCURVE('',#17921,#18023);
#18023 = DEFINITIONAL_REPRESENTATION('',(#18024),#18028);
#18024 = LINE('',#18025,#18026);
#18025 = CARTESIAN_POINT('',(0.,0.));
#18026 = VECTOR('',#18027,1.);
#18027 = DIRECTION('',(1.,0.));
#18028 = ( GEOMETRIC_REPRESENTATION_CONTEXT(2) 
PARAMETRIC_REPRESENTATION_CONTEXT() REPRESENTATION_CONTEXT('2D SPACE',''
  ) );
#18029 = PCURVE('',#18030,#18035);
#18030 = PLANE('',#18031);
#18031 = AXIS2_PLACEMENT_3D('',#18032,#18033,#18034);
#18032 = CARTESIAN_POINT('',(26.,7.,-47.));
#18033 = DIRECTION('',(0.,0.,1.));
#18034 = DIRECTION('',(1.,0.,-0.));
#18035 = DEFINITIONAL_REPRESENTATION('',(#18036),#18040);
#18036 = CIRCLE('',#18037,2.5);
#18037 = AXIS2_PLACEMENT_2D('',#18038,#18039);
#18038 = CARTESIAN_POINT('',(0.,0.));
#18039 = DIRECTION('',(1.,0.));
#18040 = ( GEOMETRIC_REPRESENTATION_CONTEXT(2) 
PARAMETRIC_REPRESENTATION_CONTEXT() REPRESENTATION_CONTEXT('2D SPACE',''
  ) );
#18041 = ORIENTED_EDGE('',*,*,#17992,.T.);
#18042 = ADVANCED_FACE('',(#18043),#17975,.T.);
#18043 = FACE_BOUND('',#18044,.F.);
#18044 = EDGE_LOOP('',(#18045));
#18045 = ORIENTED_EDGE('',*,*,#17960,.F.);
#18046 = ADVANCED_FACE('',(#18047),#18030,.F.);
#18047 = FACE_BOUND('',#18048,.T.);
#18048 = EDGE_LOOP('',(#18049));
#18049 = ORIENTED_EDGE('',*,*,#18015,.F.);
#18050 = ( GEOMETRIC_REPRESENTATION_CONTEXT(3) 
GLOBAL_UNCERTAINTY_ASSIGNED_CONTEXT((#18054)) 
GLOBAL_UNIT_ASSIGNED_CONTEXT((#18051,#18052,#18053)) 
REPRESENTATION_CONTEXT('Context #1',
  '3D Context with UNIT and UNCERTAINTY') );
#18051 = ( LENGTH_UNIT() NAMED_UNIT(*) SI_UNIT(.MILLI.,.METRE.) );
#18052 = ( NAMED_UNIT(*) PLANE_ANGLE_UNIT() SI_UNIT($,.RADIAN.) );
#18053 = ( NAMED_UNIT(*) SI_UNIT($,.STERADIAN.) SOLID_ANGLE_UNIT() );
#18054 = UNCERTAINTY_MEASURE_WITH_UNIT(LENGTH_MEASURE(1.E-07),#18051,
  'distance_accuracy_value','confusion accuracy');
#18055 = CONTEXT_DEPENDENT_SHAPE_REPRESENTATION(#18056,#18058);
#18056 = ( REPRESENTATION_RELATIONSHIP('','',#17771,#15575) 
REPRESENTATION_RELATIONSHIP_WITH_TRANSFORMATION(#18057) 
SHAPE_REPRESENTATION_RELATIONSHIP() );
#18057 = ITEM_DEFINED_TRANSFORMATION('','',#11,#15612);
#18058 = PRODUCT_DEFINITION_SHAPE('Placement','Placement of an item',
  #18059);
#18059 = NEXT_ASSEMBLY_USAGE_OCCURRENCE('38','','',#15570,#17766,$);
#18060 = PRODUCT_RELATED_PRODUCT_CATEGORY('part',$,(#17768));
#18061 = SHAPE_DEFINITION_REPRESENTATION(#18062,#18068);
#18062 = PRODUCT_DEFINITION_SHAPE('','',#18063);
#18063 = PRODUCT_DEFINITION('design','',#18064,#18067);
#18064 = PRODUCT_DEFINITION_FORMATION('','',#18065);
#18065 = PRODUCT('Open CASCADE STEP translator 7.9 13.12.11',
  'Open CASCADE STEP translator 7.9 13.12.11','',(#18066));
#18066 = PRODUCT_CONTEXT('',#2,'mechanical');
#18067 = PRODUCT_DEFINITION_CONTEXT('part definition',#2,'design');
#18068 = ADVANCED_BREP_SHAPE_REPRESENTATION('',(#11,#18069),#18347);
#18069 = MANIFOLD_SOLID_BREP('',#18070);
#18070 = CLOSED_SHELL('',(#18071,#18159,#18194,#18229,#18284,#18339,
    #18343));
#18071 = ADVANCED_FACE('',(#18072),#18085,.T.);
#18072 = FACE_BOUND('',#18073,.T.);
#18073 = EDGE_LOOP('',(#18074,#18108,#18131,#18158));
#18074 = ORIENTED_EDGE('',*,*,#18075,.F.);
#18075 = EDGE_CURVE('',#18076,#18076,#18078,.T.);
#18076 = VERTEX_POINT('',#18077);
#18077 = CARTESIAN_POINT('',(30.25,-7.,-28.));
#18078 = SURFACE_CURVE('',#18079,(#18084,#18096),.PCURVE_S1.);
#18079 = CIRCLE('',#18080,4.25);
#18080 = AXIS2_PLACEMENT_3D('',#18081,#18082,#18083);
#18081 = CARTESIAN_POINT('',(26.,-7.,-28.));
#18082 = DIRECTION('',(0.,0.,1.));
#18083 = DIRECTION('',(1.,0.,-0.));
#18084 = PCURVE('',#18085,#18090);
#18085 = CYLINDRICAL_SURFACE('',#18086,4.25);
#18086 = AXIS2_PLACEMENT_3D('',#18087,#18088,#18089);
#18087 = CARTESIAN_POINT('',(26.,-7.,-33.));
#18088 = DIRECTION('',(0.,0.,1.));
#18089 = DIRECTION('',(1.,0.,-0.));
#18090 = DEFINITIONAL_REPRESENTATION('',(#18091),#18095);
#18091 = LINE('',#18092,#18093);
#18092 = CARTESIAN_POINT('',(0.,5.));
#18093 = VECTOR('',#18094,1.);
#18094 = DIRECTION('',(1.,0.));
#18095 = ( GEOMETRIC_REPRESENTATION_CONTEXT(2) 
PARAMETRIC_REPRESENTATION_CONTEXT() REPRESENTATION_CONTEXT('2D SPACE',''
  ) );
#18096 = PCURVE('',#18097,#18102);
#18097 = PLANE('',#18098);
#18098 = AXIS2_PLACEMENT_3D('',#18099,#18100,#18101);
#18099 = CARTESIAN_POINT('',(26.,-7.,-28.));
#18100 = DIRECTION('',(0.,0.,1.));
#18101 = DIRECTION('',(1.,0.,-0.));
#18102 = DEFINITIONAL_REPRESENTATION('',(#18103),#18107);
#18103 = CIRCLE('',#18104,4.25);
#18104 = AXIS2_PLACEMENT_2D('',#18105,#18106);
#18105 = CARTESIAN_POINT('',(0.,0.));
#18106 = DIRECTION('',(1.,0.));
#18107 = ( GEOMETRIC_REPRESENTATION_CONTEXT(2) 
PARAMETRIC_REPRESENTATION_CONTEXT() REPRESENTATION_CONTEXT('2D SPACE',''
  ) );
#18108 = ORIENTED_EDGE('',*,*,#18109,.F.);
#18109 = EDGE_CURVE('',#18110,#18076,#18112,.T.);
#18110 = VERTEX_POINT('',#18111);
#18111 = CARTESIAN_POINT('',(30.25,-7.,-33.));
#18112 = SEAM_CURVE('',#18113,(#18117,#18124),.PCURVE_S1.);
#18113 = LINE('',#18114,#18115);
#18114 = CARTESIAN_POINT('',(30.25,-7.,-33.));
#18115 = VECTOR('',#18116,1.);
#18116 = DIRECTION('',(0.,0.,1.));
#18117 = PCURVE('',#18085,#18118);
#18118 = DEFINITIONAL_REPRESENTATION('',(#18119),#18123);
#18119 = LINE('',#18120,#18121);
#18120 = CARTESIAN_POINT('',(6.28318530718,-0.));
#18121 = VECTOR('',#18122,1.);
#18122 = DIRECTION('',(0.,1.));
#18123 = ( GEOMETRIC_REPRESENTATION_CONTEXT(2) 
PARAMETRIC_REPRESENTATION_CONTEXT() REPRESENTATION_CONTEXT('2D SPACE',''
  ) );
#18124 = PCURVE('',#18085,#18125);
#18125 = DEFINITIONAL_REPRESENTATION('',(#18126),#18130);
#18126 = LINE('',#18127,#18128);
#18127 = CARTESIAN_POINT('',(0.,-0.));
#18128 = VECTOR('',#18129,1.);
#18129 = DIRECTION('',(0.,1.));
#18130 = ( GEOMETRIC_REPRESENTATION_CONTEXT(2) 
PARAMETRIC_REPRESENTATION_CONTEXT() REPRESENTATION_CONTEXT('2D SPACE',''
  ) );
#18131 = ORIENTED_EDGE('',*,*,#18132,.T.);
#18132 = EDGE_CURVE('',#18110,#18110,#18133,.T.);
#18133 = SURFACE_CURVE('',#18134,(#18139,#18146),.PCURVE_S1.);
#18134 = CIRCLE('',#18135,4.25);
#18135 = AXIS2_PLACEMENT_3D('',#18136,#18137,#18138);
#18136 = CARTESIAN_POINT('',(26.,-7.,-33.));
#18137 = DIRECTION('',(0.,0.,1.));
#18138 = DIRECTION('',(1.,0.,-0.));
#18139 = PCURVE('',#18085,#18140);
#18140 = DEFINITIONAL_REPRESENTATION('',(#18141),#18145);
#18141 = LINE('',#18142,#18143);
#18142 = CARTESIAN_POINT('',(0.,0.));
#18143 = VECTOR('',#18144,1.);
#18144 = DIRECTION('',(1.,0.));
#18145 = ( GEOMETRIC_REPRESENTATION_CONTEXT(2) 
PARAMETRIC_REPRESENTATION_CONTEXT() REPRESENTATION_CONTEXT('2D SPACE',''
  ) );
#18146 = PCURVE('',#18147,#18152);
#18147 = PLANE('',#18148);
#18148 = AXIS2_PLACEMENT_3D('',#18149,#18150,#18151);
#18149 = CARTESIAN_POINT('',(26.,-7.,-33.));
#18150 = DIRECTION('',(0.,0.,1.));
#18151 = DIRECTION('',(1.,0.,-0.));
#18152 = DEFINITIONAL_REPRESENTATION('',(#18153),#18157);
#18153 = CIRCLE('',#18154,4.25);
#18154 = AXIS2_PLACEMENT_2D('',#18155,#18156);
#18155 = CARTESIAN_POINT('',(0.,0.));
#18156 = DIRECTION('',(1.,0.));
#18157 = ( GEOMETRIC_REPRESENTATION_CONTEXT(2) 
PARAMETRIC_REPRESENTATION_CONTEXT() REPRESENTATION_CONTEXT('2D SPACE',''
  ) );
#18158 = ORIENTED_EDGE('',*,*,#18109,.T.);
#18159 = ADVANCED_FACE('',(#18160,#18163),#18097,.T.);
#18160 = FACE_BOUND('',#18161,.T.);
#18161 = EDGE_LOOP('',(#18162));
#18162 = ORIENTED_EDGE('',*,*,#18075,.T.);
#18163 = FACE_BOUND('',#18164,.T.);
#18164 = EDGE_LOOP('',(#18165));
#18165 = ORIENTED_EDGE('',*,*,#18166,.F.);
#18166 = EDGE_CURVE('',#18167,#18167,#18169,.T.);
#18167 = VERTEX_POINT('',#18168);
#18168 = CARTESIAN_POINT('',(28.,-7.,-28.));
#18169 = SURFACE_CURVE('',#18170,(#18175,#18182),.PCURVE_S1.);
#18170 = CIRCLE('',#18171,2.);
#18171 = AXIS2_PLACEMENT_3D('',#18172,#18173,#18174);
#18172 = CARTESIAN_POINT('',(26.,-7.,-28.));
#18173 = DIRECTION('',(0.,0.,1.));
#18174 = DIRECTION('',(1.,0.,-0.));
#18175 = PCURVE('',#18097,#18176);
#18176 = DEFINITIONAL_REPRESENTATION('',(#18177),#18181);
#18177 = CIRCLE('',#18178,2.);
#18178 = AXIS2_PLACEMENT_2D('',#18179,#18180);
#18179 = CARTESIAN_POINT('',(0.,0.));
#18180 = DIRECTION('',(1.,0.));
#18181 = ( GEOMETRIC_REPRESENTATION_CONTEXT(2) 
PARAMETRIC_REPRESENTATION_CONTEXT() REPRESENTATION_CONTEXT('2D SPACE',''
  ) );
#18182 = PCURVE('',#18183,#18188);
#18183 = CYLINDRICAL_SURFACE('',#18184,2.);
#18184 = AXIS2_PLACEMENT_3D('',#18185,#18186,#18187);
#18185 = CARTESIAN_POINT('',(26.,-7.,-31.));
#18186 = DIRECTION('',(0.,0.,1.));
#18187 = DIRECTION('',(1.,0.,-0.));
#18188 = DEFINITIONAL_REPRESENTATION('',(#18189),#18193);
#18189 = LINE('',#18190,#18191);
#18190 = CARTESIAN_POINT('',(0.,3.));
#18191 = VECTOR('',#18192,1.);
#18192 = DIRECTION('',(1.,0.));
#18193 = ( GEOMETRIC_REPRESENTATION_CONTEXT(2) 
PARAMETRIC_REPRESENTATION_CONTEXT() REPRESENTATION_CONTEXT('2D SPACE',''
  ) );
#18194 = ADVANCED_FACE('',(#18195,#18198),#18147,.F.);
#18195 = FACE_BOUND('',#18196,.F.);
#18196 = EDGE_LOOP('',(#18197));
#18197 = ORIENTED_EDGE('',*,*,#18132,.T.);
#18198 = FACE_BOUND('',#18199,.F.);
#18199 = EDGE_LOOP('',(#18200));
#18200 = ORIENTED_EDGE('',*,*,#18201,.F.);
#18201 = EDGE_CURVE('',#18202,#18202,#18204,.T.);
#18202 = VERTEX_POINT('',#18203);
#18203 = CARTESIAN_POINT('',(28.5,-7.,-33.));
#18204 = SURFACE_CURVE('',#18205,(#18210,#18217),.PCURVE_S1.);
#18205 = CIRCLE('',#18206,2.5);
#18206 = AXIS2_PLACEMENT_3D('',#18207,#18208,#18209);
#18207 = CARTESIAN_POINT('',(26.,-7.,-33.));
#18208 = DIRECTION('',(0.,0.,1.));
#18209 = DIRECTION('',(1.,0.,-0.));
#18210 = PCURVE('',#18147,#18211);
#18211 = DEFINITIONAL_REPRESENTATION('',(#18212),#18216);
#18212 = CIRCLE('',#18213,2.5);
#18213 = AXIS2_PLACEMENT_2D('',#18214,#18215);
#18214 = CARTESIAN_POINT('',(0.,0.));
#18215 = DIRECTION('',(1.,0.));
#18216 = ( GEOMETRIC_REPRESENTATION_CONTEXT(2) 
PARAMETRIC_REPRESENTATION_CONTEXT() REPRESENTATION_CONTEXT('2D SPACE',''
  ) );
#18217 = PCURVE('',#18218,#18223);
#18218 = CYLINDRICAL_SURFACE('',#18219,2.5);
#18219 = AXIS2_PLACEMENT_3D('',#18220,#18221,#18222);
#18220 = CARTESIAN_POINT('',(26.,-7.,-47.));
#18221 = DIRECTION('',(0.,0.,1.));
#18222 = DIRECTION('',(1.,0.,-0.));
#18223 = DEFINITIONAL_REPRESENTATION('',(#18224),#18228);
#18224 = LINE('',#18225,#18226);
#18225 = CARTESIAN_POINT('',(0.,14.));
#18226 = VECTOR('',#18227,1.);
#18227 = DIRECTION('',(1.,0.));
#18228 = ( GEOMETRIC_REPRESENTATION_CONTEXT(2) 
PARAMETRIC_REPRESENTATION_CONTEXT() REPRESENTATION_CONTEXT('2D SPACE',''
  ) );
#18229 = ADVANCED_FACE('',(#18230),#18183,.F.);
#18230 = FACE_BOUND('',#18231,.F.);
#18231 = EDGE_LOOP('',(#18232,#18233,#18256,#18283));
#18232 = ORIENTED_EDGE('',*,*,#18166,.F.);
#18233 = ORIENTED_EDGE('',*,*,#18234,.F.);
#18234 = EDGE_CURVE('',#18235,#18167,#18237,.T.);
#18235 = VERTEX_POINT('',#18236);
#18236 = CARTESIAN_POINT('',(28.,-7.,-31.));
#18237 = SEAM_CURVE('',#18238,(#18242,#18249),.PCURVE_S1.);
#18238 = LINE('',#18239,#18240);
#18239 = CARTESIAN_POINT('',(28.,-7.,-31.));
#18240 = VECTOR('',#18241,1.);
#18241 = DIRECTION('',(0.,0.,1.));
#18242 = PCURVE('',#18183,#18243);
#18243 = DEFINITIONAL_REPRESENTATION('',(#18244),#18248);
#18244 = LINE('',#18245,#18246);
#18245 = CARTESIAN_POINT('',(6.28318530718,-0.));
#18246 = VECTOR('',#18247,1.);
#18247 = DIRECTION('',(0.,1.));
#18248 = ( GEOMETRIC_REPRESENTATION_CONTEXT(2) 
PARAMETRIC_REPRESENTATION_CONTEXT() REPRESENTATION_CONTEXT('2D SPACE',''
  ) );
#18249 = PCURVE('',#18183,#18250);
#18250 = DEFINITIONAL_REPRESENTATION('',(#18251),#18255);
#18251 = LINE('',#18252,#18253);
#18252 = CARTESIAN_POINT('',(0.,-0.));
#18253 = VECTOR('',#18254,1.);
#18254 = DIRECTION('',(0.,1.));
#18255 = ( GEOMETRIC_REPRESENTATION_CONTEXT(2) 
PARAMETRIC_REPRESENTATION_CONTEXT() REPRESENTATION_CONTEXT('2D SPACE',''
  ) );
#18256 = ORIENTED_EDGE('',*,*,#18257,.T.);
#18257 = EDGE_CURVE('',#18235,#18235,#18258,.T.);
#18258 = SURFACE_CURVE('',#18259,(#18264,#18271),.PCURVE_S1.);
#18259 = CIRCLE('',#18260,2.);
#18260 = AXIS2_PLACEMENT_3D('',#18261,#18262,#18263);
#18261 = CARTESIAN_POINT('',(26.,-7.,-31.));
#18262 = DIRECTION('',(0.,0.,1.));
#18263 = DIRECTION('',(1.,0.,-0.));
#18264 = PCURVE('',#18183,#18265);
#18265 = DEFINITIONAL_REPRESENTATION('',(#18266),#18270);
#18266 = LINE('',#18267,#18268);
#18267 = CARTESIAN_POINT('',(0.,0.));
#18268 = VECTOR('',#18269,1.);
#18269 = DIRECTION('',(1.,0.));
#18270 = ( GEOMETRIC_REPRESENTATION_CONTEXT(2) 
PARAMETRIC_REPRESENTATION_CONTEXT() REPRESENTATION_CONTEXT('2D SPACE',''
  ) );
#18271 = PCURVE('',#18272,#18277);
#18272 = PLANE('',#18273);
#18273 = AXIS2_PLACEMENT_3D('',#18274,#18275,#18276);
#18274 = CARTESIAN_POINT('',(26.,-7.,-31.));
#18275 = DIRECTION('',(0.,0.,1.));
#18276 = DIRECTION('',(1.,0.,-0.));
#18277 = DEFINITIONAL_REPRESENTATION('',(#18278),#18282);
#18278 = CIRCLE('',#18279,2.);
#18279 = AXIS2_PLACEMENT_2D('',#18280,#18281);
#18280 = CARTESIAN_POINT('',(0.,0.));
#18281 = DIRECTION('',(1.,0.));
#18282 = ( GEOMETRIC_REPRESENTATION_CONTEXT(2) 
PARAMETRIC_REPRESENTATION_CONTEXT() REPRESENTATION_CONTEXT('2D SPACE',''
  ) );
#18283 = ORIENTED_EDGE('',*,*,#18234,.T.);
#18284 = ADVANCED_FACE('',(#18285),#18218,.T.);
#18285 = FACE_BOUND('',#18286,.T.);
#18286 = EDGE_LOOP('',(#18287,#18288,#18311,#18338));
#18287 = ORIENTED_EDGE('',*,*,#18201,.F.);
#18288 = ORIENTED_EDGE('',*,*,#18289,.F.);
#18289 = EDGE_CURVE('',#18290,#18202,#18292,.T.);
#18290 = VERTEX_POINT('',#18291);
#18291 = CARTESIAN_POINT('',(28.5,-7.,-47.));
#18292 = SEAM_CURVE('',#18293,(#18297,#18304),.PCURVE_S1.);
#18293 = LINE('',#18294,#18295);
#18294 = CARTESIAN_POINT('',(28.5,-7.,-47.));
#18295 = VECTOR('',#18296,1.);
#18296 = DIRECTION('',(0.,0.,1.));
#18297 = PCURVE('',#18218,#18298);
#18298 = DEFINITIONAL_REPRESENTATION('',(#18299),#18303);
#18299 = LINE('',#18300,#18301);
#18300 = CARTESIAN_POINT('',(6.28318530718,-0.));
#18301 = VECTOR('',#18302,1.);
#18302 = DIRECTION('',(0.,1.));
#18303 = ( GEOMETRIC_REPRESENTATION_CONTEXT(2) 
PARAMETRIC_REPRESENTATION_CONTEXT() REPRESENTATION_CONTEXT('2D SPACE',''
  ) );
#18304 = PCURVE('',#18218,#18305);
#18305 = DEFINITIONAL_REPRESENTATION('',(#18306),#18310);
#18306 = LINE('',#18307,#18308);
#18307 = CARTESIAN_POINT('',(0.,-0.));
#18308 = VECTOR('',#18309,1.);
#18309 = DIRECTION('',(0.,1.));
#18310 = ( GEOMETRIC_REPRESENTATION_CONTEXT(2) 
PARAMETRIC_REPRESENTATION_CONTEXT() REPRESENTATION_CONTEXT('2D SPACE',''
  ) );
#18311 = ORIENTED_EDGE('',*,*,#18312,.T.);
#18312 = EDGE_CURVE('',#18290,#18290,#18313,.T.);
#18313 = SURFACE_CURVE('',#18314,(#18319,#18326),.PCURVE_S1.);
#18314 = CIRCLE('',#18315,2.5);
#18315 = AXIS2_PLACEMENT_3D('',#18316,#18317,#18318);
#18316 = CARTESIAN_POINT('',(26.,-7.,-47.));
#18317 = DIRECTION('',(0.,0.,1.));
#18318 = DIRECTION('',(1.,0.,-0.));
#18319 = PCURVE('',#18218,#18320);
#18320 = DEFINITIONAL_REPRESENTATION('',(#18321),#18325);
#18321 = LINE('',#18322,#18323);
#18322 = CARTESIAN_POINT('',(0.,0.));
#18323 = VECTOR('',#18324,1.);
#18324 = DIRECTION('',(1.,0.));
#18325 = ( GEOMETRIC_REPRESENTATION_CONTEXT(2) 
PARAMETRIC_REPRESENTATION_CONTEXT() REPRESENTATION_CONTEXT('2D SPACE',''
  ) );
#18326 = PCURVE('',#18327,#18332);
#18327 = PLANE('',#18328);
#18328 = AXIS2_PLACEMENT_3D('',#18329,#18330,#18331);
#18329 = CARTESIAN_POINT('',(26.,-7.,-47.));
#18330 = DIRECTION('',(0.,0.,1.));
#18331 = DIRECTION('',(1.,0.,-0.));
#18332 = DEFINITIONAL_REPRESENTATION('',(#18333),#18337);
#18333 = CIRCLE('',#18334,2.5);
#18334 = AXIS2_PLACEMENT_2D('',#18335,#18336);
#18335 = CARTESIAN_POINT('',(0.,0.));
#18336 = DIRECTION('',(1.,0.));
#18337 = ( GEOMETRIC_REPRESENTATION_CONTEXT(2) 
PARAMETRIC_REPRESENTATION_CONTEXT() REPRESENTATION_CONTEXT('2D SPACE',''
  ) );
#18338 = ORIENTED_EDGE('',*,*,#18289,.T.);
#18339 = ADVANCED_FACE('',(#18340),#18272,.T.);
#18340 = FACE_BOUND('',#18341,.F.);
#18341 = EDGE_LOOP('',(#18342));
#18342 = ORIENTED_EDGE('',*,*,#18257,.F.);
#18343 = ADVANCED_FACE('',(#18344),#18327,.F.);
#18344 = FACE_BOUND('',#18345,.T.);
#18345 = EDGE_LOOP('',(#18346));
#18346 = ORIENTED_EDGE('',*,*,#18312,.F.);
#18347 = ( GEOMETRIC_REPRESENTATION_CONTEXT(3) 
GLOBAL_UNCERTAINTY_ASSIGNED_CONTEXT((#18351)) 
GLOBAL_UNIT_ASSIGNED_CONTEXT((#18348,#18349,#18350)) 
REPRESENTATION_CONTEXT('Context #1',
  '3D Context with UNIT and UNCERTAINTY') );
#18348 = ( LENGTH_UNIT() NAMED_UNIT(*) SI_UNIT(.MILLI.,.METRE.) );
#18349 = ( NAMED_UNIT(*) PLANE_ANGLE_UNIT() SI_UNIT($,.RADIAN.) );
#18350 = ( NAMED_UNIT(*) SI_UNIT($,.STERADIAN.) SOLID_ANGLE_UNIT() );
#18351 = UNCERTAINTY_MEASURE_WITH_UNIT(LENGTH_MEASURE(1.E-07),#18348,
  'distance_accuracy_value','confusion accuracy');
#18352 = CONTEXT_DEPENDENT_SHAPE_REPRESENTATION(#18353,#18355);
#18353 = ( REPRESENTATION_RELATIONSHIP('','',#18068,#15575) 
REPRESENTATION_RELATIONSHIP_WITH_TRANSFORMATION(#18354) 
SHAPE_REPRESENTATION_RELATIONSHIP() );
#18354 = ITEM_DEFINED_TRANSFORMATION('','',#11,#15616);
#18355 = PRODUCT_DEFINITION_SHAPE('Placement','Placement of an item',
  #18356);
#18356 = NEXT_ASSEMBLY_USAGE_OCCURRENCE('39','','',#15570,#18063,$);
#18357 = PRODUCT_RELATED_PRODUCT_CATEGORY('part',$,(#18065));
ENDSEC;
END-ISO-10303-21;
