ISO-10303-21;
HEADER;
FILE_DESCRIPTION(('Open CASCADE Model'),'2;1');
FILE_NAME('Open CASCADE Shape Model','2026-08-25T09:57:02',('Author'),(
    'Open CASCADE'),'Open CASCADE STEP processor 7.9','Open CASCADE 7.9'
  ,'Unknown');
FILE_SCHEMA(('AUTOMOTIVE_DESIGN { 1 0 10303 214 1 1 1 1 }'));
ENDSEC;
DATA;
#1 = APPLICATION_PROTOCOL_DEFINITION('international standard',
  'automotive_design',2000,#2);
#2 = APPLICATION_CONTEXT(
  'core data for automotive mechanical design processes');
#3 = SHAPE_DEFINITION_REPRESENTATION(#4,#10);
#4 = PRODUCT_DEFINITION_SHAPE('','',#5);
#5 = PRODUCT_DEFINITION('design','',#6,#9);
#6 = PRODUCT_DEFINITION_FORMATION('','',#7);
#7 = PRODUCT('Open CASCADE STEP translator 7.9 1',
  'Open CASCADE STEP translator 7.9 1','',(#8));
#8 = PRODUCT_CONTEXT('',#2,'mechanical');
#9 = PRODUCT_DEFINITION_CONTEXT('part definition',#2,'design');
#10 = ADVANCED_BREP_SHAPE_REPRESENTATION('',(#11,#15),#3973);
#11 = AXIS2_PLACEMENT_3D('',#12,#13,#14);
#12 = CARTESIAN_POINT('',(0.,0.,0.));
#13 = DIRECTION('',(0.,0.,1.));
#14 = DIRECTION('',(1.,0.,-0.));
#15 = MANIFOLD_SOLID_BREP('',#16);
#16 = CLOSED_SHELL('',(#17,#137,#239,#294,#436,#789,#912,#963,#1094,
    #1217,#1245,#1954,#2009,#2090,#2139,#2167,#2222,#2277,#2332,#2452,
    #2507,#2562,#3316,#3351,#3359,#3544,#3574,#3579,#3584,#3588,#3663,
    #3667,#3671,#3701,#3705,#3735,#3765,#3770,#3775,#3779,#3806,#3833,
    #3860,#3887,#3914,#3969));
#17 = ADVANCED_FACE('',(#18),#32,.F.);
#18 = FACE_BOUND('',#19,.F.);
#19 = EDGE_LOOP('',(#20,#55,#83,#111));
#20 = ORIENTED_EDGE('',*,*,#21,.F.);
#21 = EDGE_CURVE('',#22,#24,#26,.T.);
#22 = VERTEX_POINT('',#23);
#23 = CARTESIAN_POINT('',(-42.,-22.,-28.));
#24 = VERTEX_POINT('',#25);
#25 = CARTESIAN_POINT('',(-42.,-22.,-10.));
#26 = SURFACE_CURVE('',#27,(#31,#43),.PCURVE_S1.);
#27 = LINE('',#28,#29);
#28 = CARTESIAN_POINT('',(-42.,-22.,-28.));
#29 = VECTOR('',#30,1.);
#30 = DIRECTION('',(0.,0.,1.));
#31 = PCURVE('',#32,#37);
#32 = PLANE('',#33);
#33 = AXIS2_PLACEMENT_3D('',#34,#35,#36);
#34 = CARTESIAN_POINT('',(-42.,-22.,-28.));
#35 = DIRECTION('',(1.,0.,-0.));
#36 = DIRECTION('',(0.,0.,1.));
#37 = DEFINITIONAL_REPRESENTATION('',(#38),#42);
#38 = LINE('',#39,#40);
#39 = CARTESIAN_POINT('',(0.,0.));
#40 = VECTOR('',#41,1.);
#41 = DIRECTION('',(1.,0.));
#42 = ( GEOMETRIC_REPRESENTATION_CONTEXT(2) 
PARAMETRIC_REPRESENTATION_CONTEXT() REPRESENTATION_CONTEXT('2D SPACE',''
  ) );
#43 = PCURVE('',#44,#49);
#44 = PLANE('',#45);
#45 = AXIS2_PLACEMENT_3D('',#46,#47,#48);
#46 = CARTESIAN_POINT('',(-42.,-22.,-28.));
#47 = DIRECTION('',(-0.,1.,0.));
#48 = DIRECTION('',(0.,0.,1.));
#49 = DEFINITIONAL_REPRESENTATION('',(#50),#54);
#50 = LINE('',#51,#52);
#51 = CARTESIAN_POINT('',(0.,0.));
#52 = VECTOR('',#53,1.);
#53 = DIRECTION('',(1.,0.));
#54 = ( GEOMETRIC_REPRESENTATION_CONTEXT(2) 
PARAMETRIC_REPRESENTATION_CONTEXT() REPRESENTATION_CONTEXT('2D SPACE',''
  ) );
#55 = ORIENTED_EDGE('',*,*,#56,.T.);
#56 = EDGE_CURVE('',#22,#57,#59,.T.);
#57 = VERTEX_POINT('',#58);
#58 = CARTESIAN_POINT('',(-42.,22.,-28.));
#59 = SURFACE_CURVE('',#60,(#64,#71),.PCURVE_S1.);
#60 = LINE('',#61,#62);
#61 = CARTESIAN_POINT('',(-42.,-22.,-28.));
#62 = VECTOR('',#63,1.);
#63 = DIRECTION('',(-0.,1.,0.));
#64 = PCURVE('',#32,#65);
#65 = DEFINITIONAL_REPRESENTATION('',(#66),#70);
#66 = LINE('',#67,#68);
#67 = CARTESIAN_POINT('',(0.,0.));
#68 = VECTOR('',#69,1.);
#69 = DIRECTION('',(0.,-1.));
#70 = ( GEOMETRIC_REPRESENTATION_CONTEXT(2) 
PARAMETRIC_REPRESENTATION_CONTEXT() REPRESENTATION_CONTEXT('2D SPACE',''
  ) );
#71 = PCURVE('',#72,#77);
#72 = PLANE('',#73);
#73 = AXIS2_PLACEMENT_3D('',#74,#75,#76);
#74 = CARTESIAN_POINT('',(-42.,-22.,-28.));
#75 = DIRECTION('',(0.,0.,1.));
#76 = DIRECTION('',(1.,0.,-0.));
#77 = DEFINITIONAL_REPRESENTATION('',(#78),#82);
#78 = LINE('',#79,#80);
#79 = CARTESIAN_POINT('',(0.,0.));
#80 = VECTOR('',#81,1.);
#81 = DIRECTION('',(0.,1.));
#82 = ( GEOMETRIC_REPRESENTATION_CONTEXT(2) 
PARAMETRIC_REPRESENTATION_CONTEXT() REPRESENTATION_CONTEXT('2D SPACE',''
  ) );
#83 = ORIENTED_EDGE('',*,*,#84,.T.);
#84 = EDGE_CURVE('',#57,#85,#87,.T.);
#85 = VERTEX_POINT('',#86);
#86 = CARTESIAN_POINT('',(-42.,22.,-10.));
#87 = SURFACE_CURVE('',#88,(#92,#99),.PCURVE_S1.);
#88 = LINE('',#89,#90);
#89 = CARTESIAN_POINT('',(-42.,22.,-28.));
#90 = VECTOR('',#91,1.);
#91 = DIRECTION('',(0.,0.,1.));
#92 = PCURVE('',#32,#93);
#93 = DEFINITIONAL_REPRESENTATION('',(#94),#98);
#94 = LINE('',#95,#96);
#95 = CARTESIAN_POINT('',(0.,-44.));
#96 = VECTOR('',#97,1.);
#97 = DIRECTION('',(1.,0.));
#98 = ( GEOMETRIC_REPRESENTATION_CONTEXT(2) 
PARAMETRIC_REPRESENTATION_CONTEXT() REPRESENTATION_CONTEXT('2D SPACE',''
  ) );
#99 = PCURVE('',#100,#105);
#100 = PLANE('',#101);
#101 = AXIS2_PLACEMENT_3D('',#102,#103,#104);
#102 = CARTESIAN_POINT('',(-42.,22.,-28.));
#103 = DIRECTION('',(-0.,1.,0.));
#104 = DIRECTION('',(0.,0.,1.));
#105 = DEFINITIONAL_REPRESENTATION('',(#106),#110);
#106 = LINE('',#107,#108);
#107 = CARTESIAN_POINT('',(0.,0.));
#108 = VECTOR('',#109,1.);
#109 = DIRECTION('',(1.,0.));
#110 = ( GEOMETRIC_REPRESENTATION_CONTEXT(2) 
PARAMETRIC_REPRESENTATION_CONTEXT() REPRESENTATION_CONTEXT('2D SPACE',''
  ) );
#111 = ORIENTED_EDGE('',*,*,#112,.F.);
#112 = EDGE_CURVE('',#24,#85,#113,.T.);
#113 = SURFACE_CURVE('',#114,(#118,#125),.PCURVE_S1.);
#114 = LINE('',#115,#116);
#115 = CARTESIAN_POINT('',(-42.,-22.,-10.));
#116 = VECTOR('',#117,1.);
#117 = DIRECTION('',(-0.,1.,0.));
#118 = PCURVE('',#32,#119);
#119 = DEFINITIONAL_REPRESENTATION('',(#120),#124);
#120 = LINE('',#121,#122);
#121 = CARTESIAN_POINT('',(18.,0.));
#122 = VECTOR('',#123,1.);
#123 = DIRECTION('',(0.,-1.));
#124 = ( GEOMETRIC_REPRESENTATION_CONTEXT(2) 
PARAMETRIC_REPRESENTATION_CONTEXT() REPRESENTATION_CONTEXT('2D SPACE',''
  ) );
#125 = PCURVE('',#126,#131);
#126 = PLANE('',#127);
#127 = AXIS2_PLACEMENT_3D('',#128,#129,#130);
#128 = CARTESIAN_POINT('',(-42.,-22.,-10.));
#129 = DIRECTION('',(0.,0.,1.));
#130 = DIRECTION('',(1.,0.,-0.));
#131 = DEFINITIONAL_REPRESENTATION('',(#132),#136);
#132 = LINE('',#133,#134);
#133 = CARTESIAN_POINT('',(0.,0.));
#134 = VECTOR('',#135,1.);
#135 = DIRECTION('',(0.,1.));
#136 = ( GEOMETRIC_REPRESENTATION_CONTEXT(2) 
PARAMETRIC_REPRESENTATION_CONTEXT() REPRESENTATION_CONTEXT('2D SPACE',''
  ) );
#137 = ADVANCED_FACE('',(#138),#44,.F.);
#138 = FACE_BOUND('',#139,.F.);
#139 = EDGE_LOOP('',(#140,#163,#164,#187,#215));
#140 = ORIENTED_EDGE('',*,*,#141,.F.);
#141 = EDGE_CURVE('',#22,#142,#144,.T.);
#142 = VERTEX_POINT('',#143);
#143 = CARTESIAN_POINT('',(-1.374772708487,-22.,-28.));
#144 = SURFACE_CURVE('',#145,(#149,#156),.PCURVE_S1.);
#145 = LINE('',#146,#147);
#146 = CARTESIAN_POINT('',(-42.,-22.,-28.));
#147 = VECTOR('',#148,1.);
#148 = DIRECTION('',(1.,0.,-0.));
#149 = PCURVE('',#44,#150);
#150 = DEFINITIONAL_REPRESENTATION('',(#151),#155);
#151 = LINE('',#152,#153);
#152 = CARTESIAN_POINT('',(0.,0.));
#153 = VECTOR('',#154,1.);
#154 = DIRECTION('',(0.,1.));
#155 = ( GEOMETRIC_REPRESENTATION_CONTEXT(2) 
PARAMETRIC_REPRESENTATION_CONTEXT() REPRESENTATION_CONTEXT('2D SPACE',''
  ) );
#156 = PCURVE('',#72,#157);
#157 = DEFINITIONAL_REPRESENTATION('',(#158),#162);
#158 = LINE('',#159,#160);
#159 = CARTESIAN_POINT('',(0.,0.));
#160 = VECTOR('',#161,1.);
#161 = DIRECTION('',(1.,0.));
#162 = ( GEOMETRIC_REPRESENTATION_CONTEXT(2) 
PARAMETRIC_REPRESENTATION_CONTEXT() REPRESENTATION_CONTEXT('2D SPACE',''
  ) );
#163 = ORIENTED_EDGE('',*,*,#21,.T.);
#164 = ORIENTED_EDGE('',*,*,#165,.T.);
#165 = EDGE_CURVE('',#24,#166,#168,.T.);
#166 = VERTEX_POINT('',#167);
#167 = CARTESIAN_POINT('',(-30.98386676965,-22.,-10.));
#168 = SURFACE_CURVE('',#169,(#173,#180),.PCURVE_S1.);
#169 = LINE('',#170,#171);
#170 = CARTESIAN_POINT('',(-42.,-22.,-10.));
#171 = VECTOR('',#172,1.);
#172 = DIRECTION('',(1.,0.,-0.));
#173 = PCURVE('',#44,#174);
#174 = DEFINITIONAL_REPRESENTATION('',(#175),#179);
#175 = LINE('',#176,#177);
#176 = CARTESIAN_POINT('',(18.,0.));
#177 = VECTOR('',#178,1.);
#178 = DIRECTION('',(0.,1.));
#179 = ( GEOMETRIC_REPRESENTATION_CONTEXT(2) 
PARAMETRIC_REPRESENTATION_CONTEXT() REPRESENTATION_CONTEXT('2D SPACE',''
  ) );
#180 = PCURVE('',#126,#181);
#181 = DEFINITIONAL_REPRESENTATION('',(#182),#186);
#182 = LINE('',#183,#184);
#183 = CARTESIAN_POINT('',(0.,0.));
#184 = VECTOR('',#185,1.);
#185 = DIRECTION('',(1.,0.));
#186 = ( GEOMETRIC_REPRESENTATION_CONTEXT(2) 
PARAMETRIC_REPRESENTATION_CONTEXT() REPRESENTATION_CONTEXT('2D SPACE',''
  ) );
#187 = ORIENTED_EDGE('',*,*,#188,.T.);
#188 = EDGE_CURVE('',#166,#189,#191,.T.);
#189 = VERTEX_POINT('',#190);
#190 = CARTESIAN_POINT('',(-1.374772708487,-22.,-10.));
#191 = SURFACE_CURVE('',#192,(#196,#203),.PCURVE_S1.);
#192 = LINE('',#193,#194);
#193 = CARTESIAN_POINT('',(-42.,-22.,-10.));
#194 = VECTOR('',#195,1.);
#195 = DIRECTION('',(1.,0.,-0.));
#196 = PCURVE('',#44,#197);
#197 = DEFINITIONAL_REPRESENTATION('',(#198),#202);
#198 = LINE('',#199,#200);
#199 = CARTESIAN_POINT('',(18.,0.));
#200 = VECTOR('',#201,1.);
#201 = DIRECTION('',(0.,1.));
#202 = ( GEOMETRIC_REPRESENTATION_CONTEXT(2) 
PARAMETRIC_REPRESENTATION_CONTEXT() REPRESENTATION_CONTEXT('2D SPACE',''
  ) );
#203 = PCURVE('',#204,#209);
#204 = PLANE('',#205);
#205 = AXIS2_PLACEMENT_3D('',#206,#207,#208);
#206 = CARTESIAN_POINT('',(0.,0.,-10.));
#207 = DIRECTION('',(0.,0.,1.));
#208 = DIRECTION('',(1.,0.,-0.));
#209 = DEFINITIONAL_REPRESENTATION('',(#210),#214);
#210 = LINE('',#211,#212);
#211 = CARTESIAN_POINT('',(-42.,-22.));
#212 = VECTOR('',#213,1.);
#213 = DIRECTION('',(1.,0.));
#214 = ( GEOMETRIC_REPRESENTATION_CONTEXT(2) 
PARAMETRIC_REPRESENTATION_CONTEXT() REPRESENTATION_CONTEXT('2D SPACE',''
  ) );
#215 = ORIENTED_EDGE('',*,*,#216,.F.);
#216 = EDGE_CURVE('',#142,#189,#217,.T.);
#217 = SURFACE_CURVE('',#218,(#222,#228),.PCURVE_S1.);
#218 = LINE('',#219,#220);
#219 = CARTESIAN_POINT('',(-1.374772708487,-22.,-28.));
#220 = VECTOR('',#221,1.);
#221 = DIRECTION('',(0.,0.,1.));
#222 = PCURVE('',#44,#223);
#223 = DEFINITIONAL_REPRESENTATION('',(#224),#227);
#224 = B_SPLINE_CURVE_WITH_KNOTS('',1,(#225,#226),.UNSPECIFIED.,.F.,.F.,
  (2,2),(-5.999999999062E-07,19.8),.PIECEWISE_BEZIER_KNOTS.);
#225 = CARTESIAN_POINT('',(-5.999999999062E-07,40.625227291513));
#226 = CARTESIAN_POINT('',(19.8,40.625227291513));
#227 = ( GEOMETRIC_REPRESENTATION_CONTEXT(2) 
PARAMETRIC_REPRESENTATION_CONTEXT() REPRESENTATION_CONTEXT('2D SPACE',''
  ) );
#228 = PCURVE('',#229,#234);
#229 = CYLINDRICAL_SURFACE('',#230,3.3);
#230 = AXIS2_PLACEMENT_3D('',#231,#232,#233);
#231 = CARTESIAN_POINT('',(-4.592425496803E-15,-25.,-28.));
#232 = DIRECTION('',(0.,0.,1.));
#233 = DIRECTION('',(1.,0.,-0.));
#234 = DEFINITIONAL_REPRESENTATION('',(#235),#238);
#235 = B_SPLINE_CURVE_WITH_KNOTS('',1,(#236,#237),.UNSPECIFIED.,.F.,.F.,
  (2,2),(-5.999999999062E-07,19.8),.PIECEWISE_BEZIER_KNOTS.);
#236 = CARTESIAN_POINT('',(2.000495992946,-5.999999999062E-07));
#237 = CARTESIAN_POINT('',(2.000495992946,19.8));
#238 = ( GEOMETRIC_REPRESENTATION_CONTEXT(2) 
PARAMETRIC_REPRESENTATION_CONTEXT() REPRESENTATION_CONTEXT('2D SPACE',''
  ) );
#239 = ADVANCED_FACE('',(#240),#126,.T.);
#240 = FACE_BOUND('',#241,.T.);
#241 = EDGE_LOOP('',(#242,#265,#266,#267));
#242 = ORIENTED_EDGE('',*,*,#243,.F.);
#243 = EDGE_CURVE('',#85,#244,#246,.T.);
#244 = VERTEX_POINT('',#245);
#245 = CARTESIAN_POINT('',(-30.98386676965,22.000000000001,-10.));
#246 = SURFACE_CURVE('',#247,(#251,#258),.PCURVE_S1.);
#247 = LINE('',#248,#249);
#248 = CARTESIAN_POINT('',(-42.,22.,-10.));
#249 = VECTOR('',#250,1.);
#250 = DIRECTION('',(1.,0.,-0.));
#251 = PCURVE('',#126,#252);
#252 = DEFINITIONAL_REPRESENTATION('',(#253),#257);
#253 = LINE('',#254,#255);
#254 = CARTESIAN_POINT('',(0.,44.));
#255 = VECTOR('',#256,1.);
#256 = DIRECTION('',(1.,0.));
#257 = ( GEOMETRIC_REPRESENTATION_CONTEXT(2) 
PARAMETRIC_REPRESENTATION_CONTEXT() REPRESENTATION_CONTEXT('2D SPACE',''
  ) );
#258 = PCURVE('',#100,#259);
#259 = DEFINITIONAL_REPRESENTATION('',(#260),#264);
#260 = LINE('',#261,#262);
#261 = CARTESIAN_POINT('',(18.,0.));
#262 = VECTOR('',#263,1.);
#263 = DIRECTION('',(0.,1.));
#264 = ( GEOMETRIC_REPRESENTATION_CONTEXT(2) 
PARAMETRIC_REPRESENTATION_CONTEXT() REPRESENTATION_CONTEXT('2D SPACE',''
  ) );
#265 = ORIENTED_EDGE('',*,*,#112,.F.);
#266 = ORIENTED_EDGE('',*,*,#165,.T.);
#267 = ORIENTED_EDGE('',*,*,#268,.F.);
#268 = EDGE_CURVE('',#244,#166,#269,.T.);
#269 = SURFACE_CURVE('',#270,(#275,#282),.PCURVE_S1.);
#270 = CIRCLE('',#271,38.);
#271 = AXIS2_PLACEMENT_3D('',#272,#273,#274);
#272 = CARTESIAN_POINT('',(0.,0.,-10.));
#273 = DIRECTION('',(0.,0.,1.));
#274 = DIRECTION('',(1.,0.,-0.));
#275 = PCURVE('',#126,#276);
#276 = DEFINITIONAL_REPRESENTATION('',(#277),#281);
#277 = CIRCLE('',#278,38.);
#278 = AXIS2_PLACEMENT_2D('',#279,#280);
#279 = CARTESIAN_POINT('',(42.,22.));
#280 = DIRECTION('',(1.,0.));
#281 = ( GEOMETRIC_REPRESENTATION_CONTEXT(2) 
PARAMETRIC_REPRESENTATION_CONTEXT() REPRESENTATION_CONTEXT('2D SPACE',''
  ) );
#282 = PCURVE('',#283,#288);
#283 = CYLINDRICAL_SURFACE('',#284,38.);
#284 = AXIS2_PLACEMENT_3D('',#285,#286,#287);
#285 = CARTESIAN_POINT('',(0.,0.,-10.));
#286 = DIRECTION('',(0.,0.,1.));
#287 = DIRECTION('',(1.,0.,-0.));
#288 = DEFINITIONAL_REPRESENTATION('',(#289),#293);
#289 = LINE('',#290,#291);
#290 = CARTESIAN_POINT('',(0.,0.));
#291 = VECTOR('',#292,1.);
#292 = DIRECTION('',(1.,0.));
#293 = ( GEOMETRIC_REPRESENTATION_CONTEXT(2) 
PARAMETRIC_REPRESENTATION_CONTEXT() REPRESENTATION_CONTEXT('2D SPACE',''
  ) );
#294 = ADVANCED_FACE('',(#295,#374,#405),#100,.T.);
#295 = FACE_BOUND('',#296,.T.);
#296 = EDGE_LOOP('',(#297,#320,#321,#322,#350));
#297 = ORIENTED_EDGE('',*,*,#298,.F.);
#298 = EDGE_CURVE('',#57,#299,#301,.T.);
#299 = VERTEX_POINT('',#300);
#300 = CARTESIAN_POINT('',(-1.374772708487,22.,-28.));
#301 = SURFACE_CURVE('',#302,(#306,#313),.PCURVE_S1.);
#302 = LINE('',#303,#304);
#303 = CARTESIAN_POINT('',(-42.,22.,-28.));
#304 = VECTOR('',#305,1.);
#305 = DIRECTION('',(1.,0.,-0.));
#306 = PCURVE('',#100,#307);
#307 = DEFINITIONAL_REPRESENTATION('',(#308),#312);
#308 = LINE('',#309,#310);
#309 = CARTESIAN_POINT('',(0.,0.));
#310 = VECTOR('',#311,1.);
#311 = DIRECTION('',(0.,1.));
#312 = ( GEOMETRIC_REPRESENTATION_CONTEXT(2) 
PARAMETRIC_REPRESENTATION_CONTEXT() REPRESENTATION_CONTEXT('2D SPACE',''
  ) );
#313 = PCURVE('',#72,#314);
#314 = DEFINITIONAL_REPRESENTATION('',(#315),#319);
#315 = LINE('',#316,#317);
#316 = CARTESIAN_POINT('',(0.,44.));
#317 = VECTOR('',#318,1.);
#318 = DIRECTION('',(1.,0.));
#319 = ( GEOMETRIC_REPRESENTATION_CONTEXT(2) 
PARAMETRIC_REPRESENTATION_CONTEXT() REPRESENTATION_CONTEXT('2D SPACE',''
  ) );
#320 = ORIENTED_EDGE('',*,*,#84,.T.);
#321 = ORIENTED_EDGE('',*,*,#243,.T.);
#322 = ORIENTED_EDGE('',*,*,#323,.T.);
#323 = EDGE_CURVE('',#244,#324,#326,.T.);
#324 = VERTEX_POINT('',#325);
#325 = CARTESIAN_POINT('',(-1.374772708487,22.,-10.));
#326 = SURFACE_CURVE('',#327,(#331,#338),.PCURVE_S1.);
#327 = LINE('',#328,#329);
#328 = CARTESIAN_POINT('',(-42.,22.,-10.));
#329 = VECTOR('',#330,1.);
#330 = DIRECTION('',(1.,0.,-0.));
#331 = PCURVE('',#100,#332);
#332 = DEFINITIONAL_REPRESENTATION('',(#333),#337);
#333 = LINE('',#334,#335);
#334 = CARTESIAN_POINT('',(18.,0.));
#335 = VECTOR('',#336,1.);
#336 = DIRECTION('',(0.,1.));
#337 = ( GEOMETRIC_REPRESENTATION_CONTEXT(2) 
PARAMETRIC_REPRESENTATION_CONTEXT() REPRESENTATION_CONTEXT('2D SPACE',''
  ) );
#338 = PCURVE('',#339,#344);
#339 = PLANE('',#340);
#340 = AXIS2_PLACEMENT_3D('',#341,#342,#343);
#341 = CARTESIAN_POINT('',(0.,0.,-10.));
#342 = DIRECTION('',(0.,0.,1.));
#343 = DIRECTION('',(1.,0.,-0.));
#344 = DEFINITIONAL_REPRESENTATION('',(#345),#349);
#345 = LINE('',#346,#347);
#346 = CARTESIAN_POINT('',(-42.,22.));
#347 = VECTOR('',#348,1.);
#348 = DIRECTION('',(1.,0.));
#349 = ( GEOMETRIC_REPRESENTATION_CONTEXT(2) 
PARAMETRIC_REPRESENTATION_CONTEXT() REPRESENTATION_CONTEXT('2D SPACE',''
  ) );
#350 = ORIENTED_EDGE('',*,*,#351,.F.);
#351 = EDGE_CURVE('',#299,#324,#352,.T.);
#352 = SURFACE_CURVE('',#353,(#357,#363),.PCURVE_S1.);
#353 = LINE('',#354,#355);
#354 = CARTESIAN_POINT('',(-1.374772708487,22.,-28.));
#355 = VECTOR('',#356,1.);
#356 = DIRECTION('',(0.,0.,1.));
#357 = PCURVE('',#100,#358);
#358 = DEFINITIONAL_REPRESENTATION('',(#359),#362);
#359 = B_SPLINE_CURVE_WITH_KNOTS('',1,(#360,#361),.UNSPECIFIED.,.F.,.F.,
  (2,2),(-5.999999999062E-07,19.8),.PIECEWISE_BEZIER_KNOTS.);
#360 = CARTESIAN_POINT('',(-5.999999999062E-07,40.625227291513));
#361 = CARTESIAN_POINT('',(19.8,40.625227291513));
#362 = ( GEOMETRIC_REPRESENTATION_CONTEXT(2) 
PARAMETRIC_REPRESENTATION_CONTEXT() REPRESENTATION_CONTEXT('2D SPACE',''
  ) );
#363 = PCURVE('',#364,#369);
#364 = CYLINDRICAL_SURFACE('',#365,3.3);
#365 = AXIS2_PLACEMENT_3D('',#366,#367,#368);
#366 = CARTESIAN_POINT('',(1.530808498934E-15,25.,-28.));
#367 = DIRECTION('',(0.,0.,1.));
#368 = DIRECTION('',(1.,0.,-0.));
#369 = DEFINITIONAL_REPRESENTATION('',(#370),#373);
#370 = B_SPLINE_CURVE_WITH_KNOTS('',1,(#371,#372),.UNSPECIFIED.,.F.,.F.,
  (2,2),(-5.999999999062E-07,19.8),.PIECEWISE_BEZIER_KNOTS.);
#371 = CARTESIAN_POINT('',(4.282689314233,-5.999999999062E-07));
#372 = CARTESIAN_POINT('',(4.282689314233,19.8));
#373 = ( GEOMETRIC_REPRESENTATION_CONTEXT(2) 
PARAMETRIC_REPRESENTATION_CONTEXT() REPRESENTATION_CONTEXT('2D SPACE',''
  ) );
#374 = FACE_BOUND('',#375,.T.);
#375 = EDGE_LOOP('',(#376));
#376 = ORIENTED_EDGE('',*,*,#377,.F.);
#377 = EDGE_CURVE('',#378,#378,#380,.T.);
#378 = VERTEX_POINT('',#379);
#379 = CARTESIAN_POINT('',(-26.,22.,-14.6));
#380 = SURFACE_CURVE('',#381,(#386,#393),.PCURVE_S1.);
#381 = CIRCLE('',#382,4.4);
#382 = AXIS2_PLACEMENT_3D('',#383,#384,#385);
#383 = CARTESIAN_POINT('',(-26.,22.,-19.));
#384 = DIRECTION('',(0.,1.,0.));
#385 = DIRECTION('',(0.,-0.,1.));
#386 = PCURVE('',#100,#387);
#387 = DEFINITIONAL_REPRESENTATION('',(#388),#392);
#388 = CIRCLE('',#389,4.4);
#389 = AXIS2_PLACEMENT_2D('',#390,#391);
#390 = CARTESIAN_POINT('',(9.,16.));
#391 = DIRECTION('',(1.,0.));
#392 = ( GEOMETRIC_REPRESENTATION_CONTEXT(2) 
PARAMETRIC_REPRESENTATION_CONTEXT() REPRESENTATION_CONTEXT('2D SPACE',''
  ) );
#393 = PCURVE('',#394,#399);
#394 = CYLINDRICAL_SURFACE('',#395,4.4);
#395 = AXIS2_PLACEMENT_3D('',#396,#397,#398);
#396 = CARTESIAN_POINT('',(-26.,6.,-19.));
#397 = DIRECTION('',(0.,1.,0.));
#398 = DIRECTION('',(0.,-0.,1.));
#399 = DEFINITIONAL_REPRESENTATION('',(#400),#404);
#400 = LINE('',#401,#402);
#401 = CARTESIAN_POINT('',(0.,16.));
#402 = VECTOR('',#403,1.);
#403 = DIRECTION('',(1.,0.));
#404 = ( GEOMETRIC_REPRESENTATION_CONTEXT(2) 
PARAMETRIC_REPRESENTATION_CONTEXT() REPRESENTATION_CONTEXT('2D SPACE',''
  ) );
#405 = FACE_BOUND('',#406,.T.);
#406 = EDGE_LOOP('',(#407));
#407 = ORIENTED_EDGE('',*,*,#408,.F.);
#408 = EDGE_CURVE('',#409,#409,#411,.T.);
#409 = VERTEX_POINT('',#410);
#410 = CARTESIAN_POINT('',(-14.,22.,-14.6));
#411 = SURFACE_CURVE('',#412,(#417,#424),.PCURVE_S1.);
#412 = CIRCLE('',#413,4.4);
#413 = AXIS2_PLACEMENT_3D('',#414,#415,#416);
#414 = CARTESIAN_POINT('',(-14.,22.,-19.));
#415 = DIRECTION('',(0.,1.,0.));
#416 = DIRECTION('',(0.,-0.,1.));
#417 = PCURVE('',#100,#418);
#418 = DEFINITIONAL_REPRESENTATION('',(#419),#423);
#419 = CIRCLE('',#420,4.4);
#420 = AXIS2_PLACEMENT_2D('',#421,#422);
#421 = CARTESIAN_POINT('',(9.,28.));
#422 = DIRECTION('',(1.,0.));
#423 = ( GEOMETRIC_REPRESENTATION_CONTEXT(2) 
PARAMETRIC_REPRESENTATION_CONTEXT() REPRESENTATION_CONTEXT('2D SPACE',''
  ) );
#424 = PCURVE('',#425,#430);
#425 = CYLINDRICAL_SURFACE('',#426,4.4);
#426 = AXIS2_PLACEMENT_3D('',#427,#428,#429);
#427 = CARTESIAN_POINT('',(-14.,6.,-19.));
#428 = DIRECTION('',(0.,1.,0.));
#429 = DIRECTION('',(0.,-0.,1.));
#430 = DEFINITIONAL_REPRESENTATION('',(#431),#435);
#431 = LINE('',#432,#433);
#432 = CARTESIAN_POINT('',(0.,16.));
#433 = VECTOR('',#434,1.);
#434 = DIRECTION('',(1.,0.));
#435 = ( GEOMETRIC_REPRESENTATION_CONTEXT(2) 
PARAMETRIC_REPRESENTATION_CONTEXT() REPRESENTATION_CONTEXT('2D SPACE',''
  ) );
#436 = ADVANCED_FACE('',(#437,#572,#603,#634,#665,#696,#727,#758),#72,
  .F.);
#437 = FACE_BOUND('',#438,.F.);
#438 = EDGE_LOOP('',(#439,#440,#441,#442,#466,#494,#522,#550));
#439 = ORIENTED_EDGE('',*,*,#298,.F.);
#440 = ORIENTED_EDGE('',*,*,#56,.F.);
#441 = ORIENTED_EDGE('',*,*,#141,.T.);
#442 = ORIENTED_EDGE('',*,*,#443,.F.);
#443 = EDGE_CURVE('',#444,#142,#446,.T.);
#444 = VERTEX_POINT('',#445);
#445 = CARTESIAN_POINT('',(1.374772708486,-22.,-28.));
#446 = SURFACE_CURVE('',#447,(#452,#459),.PCURVE_S1.);
#447 = CIRCLE('',#448,3.3);
#448 = AXIS2_PLACEMENT_3D('',#449,#450,#451);
#449 = CARTESIAN_POINT('',(-4.592425496803E-15,-25.,-28.));
#450 = DIRECTION('',(0.,0.,1.));
#451 = DIRECTION('',(1.,0.,-0.));
#452 = PCURVE('',#72,#453);
#453 = DEFINITIONAL_REPRESENTATION('',(#454),#458);
#454 = CIRCLE('',#455,3.3);
#455 = AXIS2_PLACEMENT_2D('',#456,#457);
#456 = CARTESIAN_POINT('',(42.,-3.));
#457 = DIRECTION('',(1.,0.));
#458 = ( GEOMETRIC_REPRESENTATION_CONTEXT(2) 
PARAMETRIC_REPRESENTATION_CONTEXT() REPRESENTATION_CONTEXT('2D SPACE',''
  ) );
#459 = PCURVE('',#229,#460);
#460 = DEFINITIONAL_REPRESENTATION('',(#461),#465);
#461 = LINE('',#462,#463);
#462 = CARTESIAN_POINT('',(0.,0.));
#463 = VECTOR('',#464,1.);
#464 = DIRECTION('',(1.,0.));
#465 = ( GEOMETRIC_REPRESENTATION_CONTEXT(2) 
PARAMETRIC_REPRESENTATION_CONTEXT() REPRESENTATION_CONTEXT('2D SPACE',''
  ) );
#466 = ORIENTED_EDGE('',*,*,#467,.T.);
#467 = EDGE_CURVE('',#444,#468,#470,.T.);
#468 = VERTEX_POINT('',#469);
#469 = CARTESIAN_POINT('',(42.,-22.,-28.));
#470 = SURFACE_CURVE('',#471,(#475,#482),.PCURVE_S1.);
#471 = LINE('',#472,#473);
#472 = CARTESIAN_POINT('',(-42.,-22.,-28.));
#473 = VECTOR('',#474,1.);
#474 = DIRECTION('',(1.,0.,-0.));
#475 = PCURVE('',#72,#476);
#476 = DEFINITIONAL_REPRESENTATION('',(#477),#481);
#477 = LINE('',#478,#479);
#478 = CARTESIAN_POINT('',(0.,0.));
#479 = VECTOR('',#480,1.);
#480 = DIRECTION('',(1.,0.));
#481 = ( GEOMETRIC_REPRESENTATION_CONTEXT(2) 
PARAMETRIC_REPRESENTATION_CONTEXT() REPRESENTATION_CONTEXT('2D SPACE',''
  ) );
#482 = PCURVE('',#483,#488);
#483 = PLANE('',#484);
#484 = AXIS2_PLACEMENT_3D('',#485,#486,#487);
#485 = CARTESIAN_POINT('',(-42.,-22.,-28.));
#486 = DIRECTION('',(-0.,1.,0.));
#487 = DIRECTION('',(0.,0.,1.));
#488 = DEFINITIONAL_REPRESENTATION('',(#489),#493);
#489 = LINE('',#490,#491);
#490 = CARTESIAN_POINT('',(0.,0.));
#491 = VECTOR('',#492,1.);
#492 = DIRECTION('',(0.,1.));
#493 = ( GEOMETRIC_REPRESENTATION_CONTEXT(2) 
PARAMETRIC_REPRESENTATION_CONTEXT() REPRESENTATION_CONTEXT('2D SPACE',''
  ) );
#494 = ORIENTED_EDGE('',*,*,#495,.T.);
#495 = EDGE_CURVE('',#468,#496,#498,.T.);
#496 = VERTEX_POINT('',#497);
#497 = CARTESIAN_POINT('',(42.,22.,-28.));
#498 = SURFACE_CURVE('',#499,(#503,#510),.PCURVE_S1.);
#499 = LINE('',#500,#501);
#500 = CARTESIAN_POINT('',(42.,-22.,-28.));
#501 = VECTOR('',#502,1.);
#502 = DIRECTION('',(-0.,1.,0.));
#503 = PCURVE('',#72,#504);
#504 = DEFINITIONAL_REPRESENTATION('',(#505),#509);
#505 = LINE('',#506,#507);
#506 = CARTESIAN_POINT('',(84.,0.));
#507 = VECTOR('',#508,1.);
#508 = DIRECTION('',(0.,1.));
#509 = ( GEOMETRIC_REPRESENTATION_CONTEXT(2) 
PARAMETRIC_REPRESENTATION_CONTEXT() REPRESENTATION_CONTEXT('2D SPACE',''
  ) );
#510 = PCURVE('',#511,#516);
#511 = PLANE('',#512);
#512 = AXIS2_PLACEMENT_3D('',#513,#514,#515);
#513 = CARTESIAN_POINT('',(42.,-22.,-28.));
#514 = DIRECTION('',(1.,0.,-0.));
#515 = DIRECTION('',(0.,0.,1.));
#516 = DEFINITIONAL_REPRESENTATION('',(#517),#521);
#517 = LINE('',#518,#519);
#518 = CARTESIAN_POINT('',(0.,0.));
#519 = VECTOR('',#520,1.);
#520 = DIRECTION('',(0.,-1.));
#521 = ( GEOMETRIC_REPRESENTATION_CONTEXT(2) 
PARAMETRIC_REPRESENTATION_CONTEXT() REPRESENTATION_CONTEXT('2D SPACE',''
  ) );
#522 = ORIENTED_EDGE('',*,*,#523,.F.);
#523 = EDGE_CURVE('',#524,#496,#526,.T.);
#524 = VERTEX_POINT('',#525);
#525 = CARTESIAN_POINT('',(1.374772708486,22.,-28.));
#526 = SURFACE_CURVE('',#527,(#531,#538),.PCURVE_S1.);
#527 = LINE('',#528,#529);
#528 = CARTESIAN_POINT('',(-42.,22.,-28.));
#529 = VECTOR('',#530,1.);
#530 = DIRECTION('',(1.,0.,-0.));
#531 = PCURVE('',#72,#532);
#532 = DEFINITIONAL_REPRESENTATION('',(#533),#537);
#533 = LINE('',#534,#535);
#534 = CARTESIAN_POINT('',(0.,44.));
#535 = VECTOR('',#536,1.);
#536 = DIRECTION('',(1.,0.));
#537 = ( GEOMETRIC_REPRESENTATION_CONTEXT(2) 
PARAMETRIC_REPRESENTATION_CONTEXT() REPRESENTATION_CONTEXT('2D SPACE',''
  ) );
#538 = PCURVE('',#539,#544);
#539 = PLANE('',#540);
#540 = AXIS2_PLACEMENT_3D('',#541,#542,#543);
#541 = CARTESIAN_POINT('',(-42.,22.,-28.));
#542 = DIRECTION('',(-0.,1.,0.));
#543 = DIRECTION('',(0.,0.,1.));
#544 = DEFINITIONAL_REPRESENTATION('',(#545),#549);
#545 = LINE('',#546,#547);
#546 = CARTESIAN_POINT('',(0.,0.));
#547 = VECTOR('',#548,1.);
#548 = DIRECTION('',(0.,1.));
#549 = ( GEOMETRIC_REPRESENTATION_CONTEXT(2) 
PARAMETRIC_REPRESENTATION_CONTEXT() REPRESENTATION_CONTEXT('2D SPACE',''
  ) );
#550 = ORIENTED_EDGE('',*,*,#551,.F.);
#551 = EDGE_CURVE('',#299,#524,#552,.T.);
#552 = SURFACE_CURVE('',#553,(#558,#565),.PCURVE_S1.);
#553 = CIRCLE('',#554,3.3);
#554 = AXIS2_PLACEMENT_3D('',#555,#556,#557);
#555 = CARTESIAN_POINT('',(1.530808498934E-15,25.,-28.));
#556 = DIRECTION('',(0.,0.,1.));
#557 = DIRECTION('',(1.,0.,-0.));
#558 = PCURVE('',#72,#559);
#559 = DEFINITIONAL_REPRESENTATION('',(#560),#564);
#560 = CIRCLE('',#561,3.3);
#561 = AXIS2_PLACEMENT_2D('',#562,#563);
#562 = CARTESIAN_POINT('',(42.,47.));
#563 = DIRECTION('',(1.,0.));
#564 = ( GEOMETRIC_REPRESENTATION_CONTEXT(2) 
PARAMETRIC_REPRESENTATION_CONTEXT() REPRESENTATION_CONTEXT('2D SPACE',''
  ) );
#565 = PCURVE('',#364,#566);
#566 = DEFINITIONAL_REPRESENTATION('',(#567),#571);
#567 = LINE('',#568,#569);
#568 = CARTESIAN_POINT('',(0.,0.));
#569 = VECTOR('',#570,1.);
#570 = DIRECTION('',(1.,0.));
#571 = ( GEOMETRIC_REPRESENTATION_CONTEXT(2) 
PARAMETRIC_REPRESENTATION_CONTEXT() REPRESENTATION_CONTEXT('2D SPACE',''
  ) );
#572 = FACE_BOUND('',#573,.F.);
#573 = EDGE_LOOP('',(#574));
#574 = ORIENTED_EDGE('',*,*,#575,.F.);
#575 = EDGE_CURVE('',#576,#576,#578,.T.);
#576 = VERTEX_POINT('',#577);
#577 = CARTESIAN_POINT('',(-23.9,-7.,-28.));
#578 = SURFACE_CURVE('',#579,(#584,#591),.PCURVE_S1.);
#579 = CIRCLE('',#580,2.1);
#580 = AXIS2_PLACEMENT_3D('',#581,#582,#583);
#581 = CARTESIAN_POINT('',(-26.,-7.,-28.));
#582 = DIRECTION('',(0.,0.,1.));
#583 = DIRECTION('',(1.,0.,-0.));
#584 = PCURVE('',#72,#585);
#585 = DEFINITIONAL_REPRESENTATION('',(#586),#590);
#586 = CIRCLE('',#587,2.1);
#587 = AXIS2_PLACEMENT_2D('',#588,#589);
#588 = CARTESIAN_POINT('',(16.,15.));
#589 = DIRECTION('',(1.,0.));
#590 = ( GEOMETRIC_REPRESENTATION_CONTEXT(2) 
PARAMETRIC_REPRESENTATION_CONTEXT() REPRESENTATION_CONTEXT('2D SPACE',''
  ) );
#591 = PCURVE('',#592,#597);
#592 = CYLINDRICAL_SURFACE('',#593,2.1);
#593 = AXIS2_PLACEMENT_3D('',#594,#595,#596);
#594 = CARTESIAN_POINT('',(-26.,-7.,-28.));
#595 = DIRECTION('',(0.,0.,1.));
#596 = DIRECTION('',(1.,0.,-0.));
#597 = DEFINITIONAL_REPRESENTATION('',(#598),#602);
#598 = LINE('',#599,#600);
#599 = CARTESIAN_POINT('',(0.,0.));
#600 = VECTOR('',#601,1.);
#601 = DIRECTION('',(1.,0.));
#602 = ( GEOMETRIC_REPRESENTATION_CONTEXT(2) 
PARAMETRIC_REPRESENTATION_CONTEXT() REPRESENTATION_CONTEXT('2D SPACE',''
  ) );
#603 = FACE_BOUND('',#604,.F.);
#604 = EDGE_LOOP('',(#605));
#605 = ORIENTED_EDGE('',*,*,#606,.F.);
#606 = EDGE_CURVE('',#607,#607,#609,.T.);
#607 = VERTEX_POINT('',#608);
#608 = CARTESIAN_POINT('',(28.1,-7.,-28.));
#609 = SURFACE_CURVE('',#610,(#615,#622),.PCURVE_S1.);
#610 = CIRCLE('',#611,2.1);
#611 = AXIS2_PLACEMENT_3D('',#612,#613,#614);
#612 = CARTESIAN_POINT('',(26.,-7.,-28.));
#613 = DIRECTION('',(0.,0.,1.));
#614 = DIRECTION('',(1.,0.,-0.));
#615 = PCURVE('',#72,#616);
#616 = DEFINITIONAL_REPRESENTATION('',(#617),#621);
#617 = CIRCLE('',#618,2.1);
#618 = AXIS2_PLACEMENT_2D('',#619,#620);
#619 = CARTESIAN_POINT('',(68.,15.));
#620 = DIRECTION('',(1.,0.));
#621 = ( GEOMETRIC_REPRESENTATION_CONTEXT(2) 
PARAMETRIC_REPRESENTATION_CONTEXT() REPRESENTATION_CONTEXT('2D SPACE',''
  ) );
#622 = PCURVE('',#623,#628);
#623 = CYLINDRICAL_SURFACE('',#624,2.1);
#624 = AXIS2_PLACEMENT_3D('',#625,#626,#627);
#625 = CARTESIAN_POINT('',(26.,-7.,-28.));
#626 = DIRECTION('',(0.,0.,1.));
#627 = DIRECTION('',(1.,0.,-0.));
#628 = DEFINITIONAL_REPRESENTATION('',(#629),#633);
#629 = LINE('',#630,#631);
#630 = CARTESIAN_POINT('',(0.,0.));
#631 = VECTOR('',#632,1.);
#632 = DIRECTION('',(1.,0.));
#633 = ( GEOMETRIC_REPRESENTATION_CONTEXT(2) 
PARAMETRIC_REPRESENTATION_CONTEXT() REPRESENTATION_CONTEXT('2D SPACE',''
  ) );
#634 = FACE_BOUND('',#635,.F.);
#635 = EDGE_LOOP('',(#636));
#636 = ORIENTED_EDGE('',*,*,#637,.F.);
#637 = EDGE_CURVE('',#638,#638,#640,.T.);
#638 = VERTEX_POINT('',#639);
#639 = CARTESIAN_POINT('',(-21.7,2.253350110431E-15,-28.));
#640 = SURFACE_CURVE('',#641,(#646,#653),.PCURVE_S1.);
#641 = CIRCLE('',#642,3.3);
#642 = AXIS2_PLACEMENT_3D('',#643,#644,#645);
#643 = CARTESIAN_POINT('',(-25.,3.061616997868E-15,-28.));
#644 = DIRECTION('',(0.,0.,1.));
#645 = DIRECTION('',(1.,0.,-0.));
#646 = PCURVE('',#72,#647);
#647 = DEFINITIONAL_REPRESENTATION('',(#648),#652);
#648 = CIRCLE('',#649,3.3);
#649 = AXIS2_PLACEMENT_2D('',#650,#651);
#650 = CARTESIAN_POINT('',(17.,22.));
#651 = DIRECTION('',(1.,0.));
#652 = ( GEOMETRIC_REPRESENTATION_CONTEXT(2) 
PARAMETRIC_REPRESENTATION_CONTEXT() REPRESENTATION_CONTEXT('2D SPACE',''
  ) );
#653 = PCURVE('',#654,#659);
#654 = CYLINDRICAL_SURFACE('',#655,3.3);
#655 = AXIS2_PLACEMENT_3D('',#656,#657,#658);
#656 = CARTESIAN_POINT('',(-25.,3.061616997868E-15,-28.));
#657 = DIRECTION('',(0.,0.,1.));
#658 = DIRECTION('',(1.,0.,-0.));
#659 = DEFINITIONAL_REPRESENTATION('',(#660),#664);
#660 = LINE('',#661,#662);
#661 = CARTESIAN_POINT('',(0.,0.));
#662 = VECTOR('',#663,1.);
#663 = DIRECTION('',(1.,0.));
#664 = ( GEOMETRIC_REPRESENTATION_CONTEXT(2) 
PARAMETRIC_REPRESENTATION_CONTEXT() REPRESENTATION_CONTEXT('2D SPACE',''
  ) );
#665 = FACE_BOUND('',#666,.F.);
#666 = EDGE_LOOP('',(#667));
#667 = ORIENTED_EDGE('',*,*,#668,.F.);
#668 = EDGE_CURVE('',#669,#669,#671,.T.);
#669 = VERTEX_POINT('',#670);
#670 = CARTESIAN_POINT('',(-23.9,7.,-28.));
#671 = SURFACE_CURVE('',#672,(#677,#684),.PCURVE_S1.);
#672 = CIRCLE('',#673,2.1);
#673 = AXIS2_PLACEMENT_3D('',#674,#675,#676);
#674 = CARTESIAN_POINT('',(-26.,7.,-28.));
#675 = DIRECTION('',(0.,0.,1.));
#676 = DIRECTION('',(1.,0.,-0.));
#677 = PCURVE('',#72,#678);
#678 = DEFINITIONAL_REPRESENTATION('',(#679),#683);
#679 = CIRCLE('',#680,2.1);
#680 = AXIS2_PLACEMENT_2D('',#681,#682);
#681 = CARTESIAN_POINT('',(16.,29.));
#682 = DIRECTION('',(1.,0.));
#683 = ( GEOMETRIC_REPRESENTATION_CONTEXT(2) 
PARAMETRIC_REPRESENTATION_CONTEXT() REPRESENTATION_CONTEXT('2D SPACE',''
  ) );
#684 = PCURVE('',#685,#690);
#685 = CYLINDRICAL_SURFACE('',#686,2.1);
#686 = AXIS2_PLACEMENT_3D('',#687,#688,#689);
#687 = CARTESIAN_POINT('',(-26.,7.,-28.));
#688 = DIRECTION('',(0.,0.,1.));
#689 = DIRECTION('',(1.,0.,-0.));
#690 = DEFINITIONAL_REPRESENTATION('',(#691),#695);
#691 = LINE('',#692,#693);
#692 = CARTESIAN_POINT('',(0.,0.));
#693 = VECTOR('',#694,1.);
#694 = DIRECTION('',(1.,0.));
#695 = ( GEOMETRIC_REPRESENTATION_CONTEXT(2) 
PARAMETRIC_REPRESENTATION_CONTEXT() REPRESENTATION_CONTEXT('2D SPACE',''
  ) );
#696 = FACE_BOUND('',#697,.F.);
#697 = EDGE_LOOP('',(#698));
#698 = ORIENTED_EDGE('',*,*,#699,.F.);
#699 = EDGE_CURVE('',#700,#700,#702,.T.);
#700 = VERTEX_POINT('',#701);
#701 = CARTESIAN_POINT('',(8.,-1.959434878636E-15,-28.));
#702 = SURFACE_CURVE('',#703,(#708,#715),.PCURVE_S1.);
#703 = CIRCLE('',#704,8.);
#704 = AXIS2_PLACEMENT_3D('',#705,#706,#707);
#705 = CARTESIAN_POINT('',(0.,0.,-28.));
#706 = DIRECTION('',(0.,0.,1.));
#707 = DIRECTION('',(1.,0.,-0.));
#708 = PCURVE('',#72,#709);
#709 = DEFINITIONAL_REPRESENTATION('',(#710),#714);
#710 = CIRCLE('',#711,8.);
#711 = AXIS2_PLACEMENT_2D('',#712,#713);
#712 = CARTESIAN_POINT('',(42.,22.));
#713 = DIRECTION('',(1.,0.));
#714 = ( GEOMETRIC_REPRESENTATION_CONTEXT(2) 
PARAMETRIC_REPRESENTATION_CONTEXT() REPRESENTATION_CONTEXT('2D SPACE',''
  ) );
#715 = PCURVE('',#716,#721);
#716 = CYLINDRICAL_SURFACE('',#717,8.);
#717 = AXIS2_PLACEMENT_3D('',#718,#719,#720);
#718 = CARTESIAN_POINT('',(0.,0.,-30.));
#719 = DIRECTION('',(0.,0.,1.));
#720 = DIRECTION('',(1.,0.,-0.));
#721 = DEFINITIONAL_REPRESENTATION('',(#722),#726);
#722 = LINE('',#723,#724);
#723 = CARTESIAN_POINT('',(0.,2.));
#724 = VECTOR('',#725,1.);
#725 = DIRECTION('',(1.,0.));
#726 = ( GEOMETRIC_REPRESENTATION_CONTEXT(2) 
PARAMETRIC_REPRESENTATION_CONTEXT() REPRESENTATION_CONTEXT('2D SPACE',''
  ) );
#727 = FACE_BOUND('',#728,.F.);
#728 = EDGE_LOOP('',(#729));
#729 = ORIENTED_EDGE('',*,*,#730,.F.);
#730 = EDGE_CURVE('',#731,#731,#733,.T.);
#731 = VERTEX_POINT('',#732);
#732 = CARTESIAN_POINT('',(28.3,-8.082668874373E-16,-28.));
#733 = SURFACE_CURVE('',#734,(#739,#746),.PCURVE_S1.);
#734 = CIRCLE('',#735,3.3);
#735 = AXIS2_PLACEMENT_3D('',#736,#737,#738);
#736 = CARTESIAN_POINT('',(25.,0.,-28.));
#737 = DIRECTION('',(0.,0.,1.));
#738 = DIRECTION('',(1.,0.,-0.));
#739 = PCURVE('',#72,#740);
#740 = DEFINITIONAL_REPRESENTATION('',(#741),#745);
#741 = CIRCLE('',#742,3.3);
#742 = AXIS2_PLACEMENT_2D('',#743,#744);
#743 = CARTESIAN_POINT('',(67.,22.));
#744 = DIRECTION('',(1.,0.));
#745 = ( GEOMETRIC_REPRESENTATION_CONTEXT(2) 
PARAMETRIC_REPRESENTATION_CONTEXT() REPRESENTATION_CONTEXT('2D SPACE',''
  ) );
#746 = PCURVE('',#747,#752);
#747 = CYLINDRICAL_SURFACE('',#748,3.3);
#748 = AXIS2_PLACEMENT_3D('',#749,#750,#751);
#749 = CARTESIAN_POINT('',(25.,0.,-28.));
#750 = DIRECTION('',(0.,0.,1.));
#751 = DIRECTION('',(1.,0.,-0.));
#752 = DEFINITIONAL_REPRESENTATION('',(#753),#757);
#753 = LINE('',#754,#755);
#754 = CARTESIAN_POINT('',(0.,0.));
#755 = VECTOR('',#756,1.);
#756 = DIRECTION('',(1.,0.));
#757 = ( GEOMETRIC_REPRESENTATION_CONTEXT(2) 
PARAMETRIC_REPRESENTATION_CONTEXT() REPRESENTATION_CONTEXT('2D SPACE',''
  ) );
#758 = FACE_BOUND('',#759,.F.);
#759 = EDGE_LOOP('',(#760));
#760 = ORIENTED_EDGE('',*,*,#761,.F.);
#761 = EDGE_CURVE('',#762,#762,#764,.T.);
#762 = VERTEX_POINT('',#763);
#763 = CARTESIAN_POINT('',(28.1,7.,-28.));
#764 = SURFACE_CURVE('',#765,(#770,#777),.PCURVE_S1.);
#765 = CIRCLE('',#766,2.1);
#766 = AXIS2_PLACEMENT_3D('',#767,#768,#769);
#767 = CARTESIAN_POINT('',(26.,7.,-28.));
#768 = DIRECTION('',(0.,0.,1.));
#769 = DIRECTION('',(1.,0.,-0.));
#770 = PCURVE('',#72,#771);
#771 = DEFINITIONAL_REPRESENTATION('',(#772),#776);
#772 = CIRCLE('',#773,2.1);
#773 = AXIS2_PLACEMENT_2D('',#774,#775);
#774 = CARTESIAN_POINT('',(68.,29.));
#775 = DIRECTION('',(1.,0.));
#776 = ( GEOMETRIC_REPRESENTATION_CONTEXT(2) 
PARAMETRIC_REPRESENTATION_CONTEXT() REPRESENTATION_CONTEXT('2D SPACE',''
  ) );
#777 = PCURVE('',#778,#783);
#778 = CYLINDRICAL_SURFACE('',#779,2.1);
#779 = AXIS2_PLACEMENT_3D('',#780,#781,#782);
#780 = CARTESIAN_POINT('',(26.,7.,-28.));
#781 = DIRECTION('',(0.,0.,1.));
#782 = DIRECTION('',(1.,0.,-0.));
#783 = DEFINITIONAL_REPRESENTATION('',(#784),#788);
#784 = LINE('',#785,#786);
#785 = CARTESIAN_POINT('',(0.,0.));
#786 = VECTOR('',#787,1.);
#787 = DIRECTION('',(1.,0.));
#788 = ( GEOMETRIC_REPRESENTATION_CONTEXT(2) 
PARAMETRIC_REPRESENTATION_CONTEXT() REPRESENTATION_CONTEXT('2D SPACE',''
  ) );
#789 = ADVANCED_FACE('',(#790),#229,.F.);
#790 = FACE_BOUND('',#791,.F.);
#791 = EDGE_LOOP('',(#792,#817,#844,#845,#869,#888,#889,#890));
#792 = ORIENTED_EDGE('',*,*,#793,.T.);
#793 = EDGE_CURVE('',#794,#796,#798,.T.);
#794 = VERTEX_POINT('',#795);
#795 = CARTESIAN_POINT('',(3.3,-25.,-10.));
#796 = VERTEX_POINT('',#797);
#797 = CARTESIAN_POINT('',(3.3,-25.,-6.5));
#798 = SEAM_CURVE('',#799,(#803,#810),.PCURVE_S1.);
#799 = LINE('',#800,#801);
#800 = CARTESIAN_POINT('',(3.3,-25.,-28.));
#801 = VECTOR('',#802,1.);
#802 = DIRECTION('',(0.,0.,1.));
#803 = PCURVE('',#229,#804);
#804 = DEFINITIONAL_REPRESENTATION('',(#805),#809);
#805 = LINE('',#806,#807);
#806 = CARTESIAN_POINT('',(6.28318530718,-0.));
#807 = VECTOR('',#808,1.);
#808 = DIRECTION('',(0.,1.));
#809 = ( GEOMETRIC_REPRESENTATION_CONTEXT(2) 
PARAMETRIC_REPRESENTATION_CONTEXT() REPRESENTATION_CONTEXT('2D SPACE',''
  ) );
#810 = PCURVE('',#229,#811);
#811 = DEFINITIONAL_REPRESENTATION('',(#812),#816);
#812 = LINE('',#813,#814);
#813 = CARTESIAN_POINT('',(0.,-0.));
#814 = VECTOR('',#815,1.);
#815 = DIRECTION('',(0.,1.));
#816 = ( GEOMETRIC_REPRESENTATION_CONTEXT(2) 
PARAMETRIC_REPRESENTATION_CONTEXT() REPRESENTATION_CONTEXT('2D SPACE',''
  ) );
#817 = ORIENTED_EDGE('',*,*,#818,.F.);
#818 = EDGE_CURVE('',#796,#796,#819,.T.);
#819 = SURFACE_CURVE('',#820,(#825,#832),.PCURVE_S1.);
#820 = CIRCLE('',#821,3.3);
#821 = AXIS2_PLACEMENT_3D('',#822,#823,#824);
#822 = CARTESIAN_POINT('',(-4.592425496803E-15,-25.,-6.5));
#823 = DIRECTION('',(0.,0.,1.));
#824 = DIRECTION('',(1.,0.,-0.));
#825 = PCURVE('',#229,#826);
#826 = DEFINITIONAL_REPRESENTATION('',(#827),#831);
#827 = LINE('',#828,#829);
#828 = CARTESIAN_POINT('',(0.,21.5));
#829 = VECTOR('',#830,1.);
#830 = DIRECTION('',(1.,0.));
#831 = ( GEOMETRIC_REPRESENTATION_CONTEXT(2) 
PARAMETRIC_REPRESENTATION_CONTEXT() REPRESENTATION_CONTEXT('2D SPACE',''
  ) );
#832 = PCURVE('',#833,#838);
#833 = PLANE('',#834);
#834 = AXIS2_PLACEMENT_3D('',#835,#836,#837);
#835 = CARTESIAN_POINT('',(-4.592425496803E-15,-25.,-6.5));
#836 = DIRECTION('',(0.,0.,1.));
#837 = DIRECTION('',(1.,0.,-0.));
#838 = DEFINITIONAL_REPRESENTATION('',(#839),#843);
#839 = CIRCLE('',#840,3.3);
#840 = AXIS2_PLACEMENT_2D('',#841,#842);
#841 = CARTESIAN_POINT('',(0.,0.));
#842 = DIRECTION('',(1.,0.));
#843 = ( GEOMETRIC_REPRESENTATION_CONTEXT(2) 
PARAMETRIC_REPRESENTATION_CONTEXT() REPRESENTATION_CONTEXT('2D SPACE',''
  ) );
#844 = ORIENTED_EDGE('',*,*,#793,.F.);
#845 = ORIENTED_EDGE('',*,*,#846,.T.);
#846 = EDGE_CURVE('',#794,#847,#849,.T.);
#847 = VERTEX_POINT('',#848);
#848 = CARTESIAN_POINT('',(1.374772708487,-22.,-10.));
#849 = SURFACE_CURVE('',#850,(#855,#862),.PCURVE_S1.);
#850 = CIRCLE('',#851,3.3);
#851 = AXIS2_PLACEMENT_3D('',#852,#853,#854);
#852 = CARTESIAN_POINT('',(-4.592425496803E-15,-25.,-10.));
#853 = DIRECTION('',(0.,0.,1.));
#854 = DIRECTION('',(1.,0.,-0.));
#855 = PCURVE('',#229,#856);
#856 = DEFINITIONAL_REPRESENTATION('',(#857),#861);
#857 = LINE('',#858,#859);
#858 = CARTESIAN_POINT('',(0.,18.));
#859 = VECTOR('',#860,1.);
#860 = DIRECTION('',(1.,0.));
#861 = ( GEOMETRIC_REPRESENTATION_CONTEXT(2) 
PARAMETRIC_REPRESENTATION_CONTEXT() REPRESENTATION_CONTEXT('2D SPACE',''
  ) );
#862 = PCURVE('',#204,#863);
#863 = DEFINITIONAL_REPRESENTATION('',(#864),#868);
#864 = CIRCLE('',#865,3.3);
#865 = AXIS2_PLACEMENT_2D('',#866,#867);
#866 = CARTESIAN_POINT('',(-4.592425496803E-15,-25.));
#867 = DIRECTION('',(1.,0.));
#868 = ( GEOMETRIC_REPRESENTATION_CONTEXT(2) 
PARAMETRIC_REPRESENTATION_CONTEXT() REPRESENTATION_CONTEXT('2D SPACE',''
  ) );
#869 = ORIENTED_EDGE('',*,*,#870,.F.);
#870 = EDGE_CURVE('',#444,#847,#871,.T.);
#871 = SURFACE_CURVE('',#872,(#876,#882),.PCURVE_S1.);
#872 = LINE('',#873,#874);
#873 = CARTESIAN_POINT('',(1.374772708487,-22.,-28.));
#874 = VECTOR('',#875,1.);
#875 = DIRECTION('',(0.,0.,1.));
#876 = PCURVE('',#229,#877);
#877 = DEFINITIONAL_REPRESENTATION('',(#878),#881);
#878 = B_SPLINE_CURVE_WITH_KNOTS('',1,(#879,#880),.UNSPECIFIED.,.F.,.F.,
  (2,2),(-5.999999999062E-07,19.8),.PIECEWISE_BEZIER_KNOTS.);
#879 = CARTESIAN_POINT('',(1.141096660643,-5.999999999062E-07));
#880 = CARTESIAN_POINT('',(1.141096660643,19.8));
#881 = ( GEOMETRIC_REPRESENTATION_CONTEXT(2) 
PARAMETRIC_REPRESENTATION_CONTEXT() REPRESENTATION_CONTEXT('2D SPACE',''
  ) );
#882 = PCURVE('',#483,#883);
#883 = DEFINITIONAL_REPRESENTATION('',(#884),#887);
#884 = B_SPLINE_CURVE_WITH_KNOTS('',1,(#885,#886),.UNSPECIFIED.,.F.,.F.,
  (2,2),(-5.999999999062E-07,19.8),.PIECEWISE_BEZIER_KNOTS.);
#885 = CARTESIAN_POINT('',(-5.999999999062E-07,43.374772708487));
#886 = CARTESIAN_POINT('',(19.8,43.374772708487));
#887 = ( GEOMETRIC_REPRESENTATION_CONTEXT(2) 
PARAMETRIC_REPRESENTATION_CONTEXT() REPRESENTATION_CONTEXT('2D SPACE',''
  ) );
#888 = ORIENTED_EDGE('',*,*,#443,.T.);
#889 = ORIENTED_EDGE('',*,*,#216,.T.);
#890 = ORIENTED_EDGE('',*,*,#891,.T.);
#891 = EDGE_CURVE('',#189,#794,#892,.T.);
#892 = SURFACE_CURVE('',#893,(#898,#905),.PCURVE_S1.);
#893 = CIRCLE('',#894,3.3);
#894 = AXIS2_PLACEMENT_3D('',#895,#896,#897);
#895 = CARTESIAN_POINT('',(-4.592425496803E-15,-25.,-10.));
#896 = DIRECTION('',(0.,0.,1.));
#897 = DIRECTION('',(1.,0.,-0.));
#898 = PCURVE('',#229,#899);
#899 = DEFINITIONAL_REPRESENTATION('',(#900),#904);
#900 = LINE('',#901,#902);
#901 = CARTESIAN_POINT('',(0.,18.));
#902 = VECTOR('',#903,1.);
#903 = DIRECTION('',(1.,0.));
#904 = ( GEOMETRIC_REPRESENTATION_CONTEXT(2) 
PARAMETRIC_REPRESENTATION_CONTEXT() REPRESENTATION_CONTEXT('2D SPACE',''
  ) );
#905 = PCURVE('',#204,#906);
#906 = DEFINITIONAL_REPRESENTATION('',(#907),#911);
#907 = CIRCLE('',#908,3.3);
#908 = AXIS2_PLACEMENT_2D('',#909,#910);
#909 = CARTESIAN_POINT('',(-4.592425496803E-15,-25.));
#910 = DIRECTION('',(1.,0.));
#911 = ( GEOMETRIC_REPRESENTATION_CONTEXT(2) 
PARAMETRIC_REPRESENTATION_CONTEXT() REPRESENTATION_CONTEXT('2D SPACE',''
  ) );
#912 = ADVANCED_FACE('',(#913),#204,.F.);
#913 = FACE_BOUND('',#914,.F.);
#914 = EDGE_LOOP('',(#915,#916,#940,#961,#962));
#915 = ORIENTED_EDGE('',*,*,#188,.F.);
#916 = ORIENTED_EDGE('',*,*,#917,.T.);
#917 = EDGE_CURVE('',#166,#918,#920,.T.);
#918 = VERTEX_POINT('',#919);
#919 = CARTESIAN_POINT('',(30.983866769659,-22.,-10.));
#920 = SURFACE_CURVE('',#921,(#926,#933),.PCURVE_S1.);
#921 = CIRCLE('',#922,38.);
#922 = AXIS2_PLACEMENT_3D('',#923,#924,#925);
#923 = CARTESIAN_POINT('',(0.,0.,-10.));
#924 = DIRECTION('',(0.,0.,1.));
#925 = DIRECTION('',(1.,0.,-0.));
#926 = PCURVE('',#204,#927);
#927 = DEFINITIONAL_REPRESENTATION('',(#928),#932);
#928 = CIRCLE('',#929,38.);
#929 = AXIS2_PLACEMENT_2D('',#930,#931);
#930 = CARTESIAN_POINT('',(0.,0.));
#931 = DIRECTION('',(1.,0.));
#932 = ( GEOMETRIC_REPRESENTATION_CONTEXT(2) 
PARAMETRIC_REPRESENTATION_CONTEXT() REPRESENTATION_CONTEXT('2D SPACE',''
  ) );
#933 = PCURVE('',#283,#934);
#934 = DEFINITIONAL_REPRESENTATION('',(#935),#939);
#935 = LINE('',#936,#937);
#936 = CARTESIAN_POINT('',(0.,0.));
#937 = VECTOR('',#938,1.);
#938 = DIRECTION('',(1.,0.));
#939 = ( GEOMETRIC_REPRESENTATION_CONTEXT(2) 
PARAMETRIC_REPRESENTATION_CONTEXT() REPRESENTATION_CONTEXT('2D SPACE',''
  ) );
#940 = ORIENTED_EDGE('',*,*,#941,.F.);
#941 = EDGE_CURVE('',#847,#918,#942,.T.);
#942 = SURFACE_CURVE('',#943,(#947,#954),.PCURVE_S1.);
#943 = LINE('',#944,#945);
#944 = CARTESIAN_POINT('',(-42.,-22.,-10.));
#945 = VECTOR('',#946,1.);
#946 = DIRECTION('',(1.,0.,-0.));
#947 = PCURVE('',#204,#948);
#948 = DEFINITIONAL_REPRESENTATION('',(#949),#953);
#949 = LINE('',#950,#951);
#950 = CARTESIAN_POINT('',(-42.,-22.));
#951 = VECTOR('',#952,1.);
#952 = DIRECTION('',(1.,0.));
#953 = ( GEOMETRIC_REPRESENTATION_CONTEXT(2) 
PARAMETRIC_REPRESENTATION_CONTEXT() REPRESENTATION_CONTEXT('2D SPACE',''
  ) );
#954 = PCURVE('',#483,#955);
#955 = DEFINITIONAL_REPRESENTATION('',(#956),#960);
#956 = LINE('',#957,#958);
#957 = CARTESIAN_POINT('',(18.,0.));
#958 = VECTOR('',#959,1.);
#959 = DIRECTION('',(0.,1.));
#960 = ( GEOMETRIC_REPRESENTATION_CONTEXT(2) 
PARAMETRIC_REPRESENTATION_CONTEXT() REPRESENTATION_CONTEXT('2D SPACE',''
  ) );
#961 = ORIENTED_EDGE('',*,*,#846,.F.);
#962 = ORIENTED_EDGE('',*,*,#891,.F.);
#963 = ADVANCED_FACE('',(#964),#283,.T.);
#964 = FACE_BOUND('',#965,.T.);
#965 = EDGE_LOOP('',(#966,#991,#1018,#1019,#1048,#1070,#1071,#1072));
#966 = ORIENTED_EDGE('',*,*,#967,.T.);
#967 = EDGE_CURVE('',#968,#970,#972,.T.);
#968 = VERTEX_POINT('',#969);
#969 = CARTESIAN_POINT('',(38.,-9.30731567352E-15,-10.));
#970 = VERTEX_POINT('',#971);
#971 = CARTESIAN_POINT('',(38.,-9.30731567352E-15,0.));
#972 = SEAM_CURVE('',#973,(#977,#984),.PCURVE_S1.);
#973 = LINE('',#974,#975);
#974 = CARTESIAN_POINT('',(38.,-9.30731567352E-15,-10.));
#975 = VECTOR('',#976,1.);
#976 = DIRECTION('',(0.,0.,1.));
#977 = PCURVE('',#283,#978);
#978 = DEFINITIONAL_REPRESENTATION('',(#979),#983);
#979 = LINE('',#980,#981);
#980 = CARTESIAN_POINT('',(6.28318530718,-0.));
#981 = VECTOR('',#982,1.);
#982 = DIRECTION('',(0.,1.));
#983 = ( GEOMETRIC_REPRESENTATION_CONTEXT(2) 
PARAMETRIC_REPRESENTATION_CONTEXT() REPRESENTATION_CONTEXT('2D SPACE',''
  ) );
#984 = PCURVE('',#283,#985);
#985 = DEFINITIONAL_REPRESENTATION('',(#986),#990);
#986 = LINE('',#987,#988);
#987 = CARTESIAN_POINT('',(0.,-0.));
#988 = VECTOR('',#989,1.);
#989 = DIRECTION('',(0.,1.));
#990 = ( GEOMETRIC_REPRESENTATION_CONTEXT(2) 
PARAMETRIC_REPRESENTATION_CONTEXT() REPRESENTATION_CONTEXT('2D SPACE',''
  ) );
#991 = ORIENTED_EDGE('',*,*,#992,.F.);
#992 = EDGE_CURVE('',#970,#970,#993,.T.);
#993 = SURFACE_CURVE('',#994,(#999,#1006),.PCURVE_S1.);
#994 = CIRCLE('',#995,38.);
#995 = AXIS2_PLACEMENT_3D('',#996,#997,#998);
#996 = CARTESIAN_POINT('',(0.,0.,0.));
#997 = DIRECTION('',(0.,0.,1.));
#998 = DIRECTION('',(1.,0.,-0.));
#999 = PCURVE('',#283,#1000);
#1000 = DEFINITIONAL_REPRESENTATION('',(#1001),#1005);
#1001 = LINE('',#1002,#1003);
#1002 = CARTESIAN_POINT('',(0.,10.));
#1003 = VECTOR('',#1004,1.);
#1004 = DIRECTION('',(1.,0.));
#1005 = ( GEOMETRIC_REPRESENTATION_CONTEXT(2) 
PARAMETRIC_REPRESENTATION_CONTEXT() REPRESENTATION_CONTEXT('2D SPACE',''
  ) );
#1006 = PCURVE('',#1007,#1012);
#1007 = PLANE('',#1008);
#1008 = AXIS2_PLACEMENT_3D('',#1009,#1010,#1011);
#1009 = CARTESIAN_POINT('',(0.,0.,0.));
#1010 = DIRECTION('',(0.,0.,1.));
#1011 = DIRECTION('',(1.,0.,-0.));
#1012 = DEFINITIONAL_REPRESENTATION('',(#1013),#1017);
#1013 = CIRCLE('',#1014,38.);
#1014 = AXIS2_PLACEMENT_2D('',#1015,#1016);
#1015 = CARTESIAN_POINT('',(0.,0.));
#1016 = DIRECTION('',(1.,0.));
#1017 = ( GEOMETRIC_REPRESENTATION_CONTEXT(2) 
PARAMETRIC_REPRESENTATION_CONTEXT() REPRESENTATION_CONTEXT('2D SPACE',''
  ) );
#1018 = ORIENTED_EDGE('',*,*,#967,.F.);
#1019 = ORIENTED_EDGE('',*,*,#1020,.T.);
#1020 = EDGE_CURVE('',#968,#1021,#1023,.T.);
#1021 = VERTEX_POINT('',#1022);
#1022 = CARTESIAN_POINT('',(30.983866769659,22.,-10.));
#1023 = SURFACE_CURVE('',#1024,(#1029,#1036),.PCURVE_S1.);
#1024 = CIRCLE('',#1025,38.);
#1025 = AXIS2_PLACEMENT_3D('',#1026,#1027,#1028);
#1026 = CARTESIAN_POINT('',(0.,0.,-10.));
#1027 = DIRECTION('',(0.,0.,1.));
#1028 = DIRECTION('',(1.,0.,-0.));
#1029 = PCURVE('',#283,#1030);
#1030 = DEFINITIONAL_REPRESENTATION('',(#1031),#1035);
#1031 = LINE('',#1032,#1033);
#1032 = CARTESIAN_POINT('',(0.,0.));
#1033 = VECTOR('',#1034,1.);
#1034 = DIRECTION('',(1.,0.));
#1035 = ( GEOMETRIC_REPRESENTATION_CONTEXT(2) 
PARAMETRIC_REPRESENTATION_CONTEXT() REPRESENTATION_CONTEXT('2D SPACE',''
  ) );
#1036 = PCURVE('',#1037,#1042);
#1037 = PLANE('',#1038);
#1038 = AXIS2_PLACEMENT_3D('',#1039,#1040,#1041);
#1039 = CARTESIAN_POINT('',(-42.,-22.,-10.));
#1040 = DIRECTION('',(0.,0.,1.));
#1041 = DIRECTION('',(1.,0.,-0.));
#1042 = DEFINITIONAL_REPRESENTATION('',(#1043),#1047);
#1043 = CIRCLE('',#1044,38.);
#1044 = AXIS2_PLACEMENT_2D('',#1045,#1046);
#1045 = CARTESIAN_POINT('',(42.,22.));
#1046 = DIRECTION('',(1.,0.));
#1047 = ( GEOMETRIC_REPRESENTATION_CONTEXT(2) 
PARAMETRIC_REPRESENTATION_CONTEXT() REPRESENTATION_CONTEXT('2D SPACE',''
  ) );
#1048 = ORIENTED_EDGE('',*,*,#1049,.T.);
#1049 = EDGE_CURVE('',#1021,#244,#1050,.T.);
#1050 = SURFACE_CURVE('',#1051,(#1056,#1063),.PCURVE_S1.);
#1051 = CIRCLE('',#1052,38.);
#1052 = AXIS2_PLACEMENT_3D('',#1053,#1054,#1055);
#1053 = CARTESIAN_POINT('',(0.,0.,-10.));
#1054 = DIRECTION('',(0.,0.,1.));
#1055 = DIRECTION('',(1.,0.,-0.));
#1056 = PCURVE('',#283,#1057);
#1057 = DEFINITIONAL_REPRESENTATION('',(#1058),#1062);
#1058 = LINE('',#1059,#1060);
#1059 = CARTESIAN_POINT('',(0.,0.));
#1060 = VECTOR('',#1061,1.);
#1061 = DIRECTION('',(1.,0.));
#1062 = ( GEOMETRIC_REPRESENTATION_CONTEXT(2) 
PARAMETRIC_REPRESENTATION_CONTEXT() REPRESENTATION_CONTEXT('2D SPACE',''
  ) );
#1063 = PCURVE('',#339,#1064);
#1064 = DEFINITIONAL_REPRESENTATION('',(#1065),#1069);
#1065 = CIRCLE('',#1066,38.);
#1066 = AXIS2_PLACEMENT_2D('',#1067,#1068);
#1067 = CARTESIAN_POINT('',(0.,0.));
#1068 = DIRECTION('',(1.,0.));
#1069 = ( GEOMETRIC_REPRESENTATION_CONTEXT(2) 
PARAMETRIC_REPRESENTATION_CONTEXT() REPRESENTATION_CONTEXT('2D SPACE',''
  ) );
#1070 = ORIENTED_EDGE('',*,*,#268,.T.);
#1071 = ORIENTED_EDGE('',*,*,#917,.T.);
#1072 = ORIENTED_EDGE('',*,*,#1073,.T.);
#1073 = EDGE_CURVE('',#918,#968,#1074,.T.);
#1074 = SURFACE_CURVE('',#1075,(#1080,#1087),.PCURVE_S1.);
#1075 = CIRCLE('',#1076,38.);
#1076 = AXIS2_PLACEMENT_3D('',#1077,#1078,#1079);
#1077 = CARTESIAN_POINT('',(0.,0.,-10.));
#1078 = DIRECTION('',(0.,0.,1.));
#1079 = DIRECTION('',(1.,0.,-0.));
#1080 = PCURVE('',#283,#1081);
#1081 = DEFINITIONAL_REPRESENTATION('',(#1082),#1086);
#1082 = LINE('',#1083,#1084);
#1083 = CARTESIAN_POINT('',(0.,0.));
#1084 = VECTOR('',#1085,1.);
#1085 = DIRECTION('',(1.,0.));
#1086 = ( GEOMETRIC_REPRESENTATION_CONTEXT(2) 
PARAMETRIC_REPRESENTATION_CONTEXT() REPRESENTATION_CONTEXT('2D SPACE',''
  ) );
#1087 = PCURVE('',#1037,#1088);
#1088 = DEFINITIONAL_REPRESENTATION('',(#1089),#1093);
#1089 = CIRCLE('',#1090,38.);
#1090 = AXIS2_PLACEMENT_2D('',#1091,#1092);
#1091 = CARTESIAN_POINT('',(42.,22.));
#1092 = DIRECTION('',(1.,0.));
#1093 = ( GEOMETRIC_REPRESENTATION_CONTEXT(2) 
PARAMETRIC_REPRESENTATION_CONTEXT() REPRESENTATION_CONTEXT('2D SPACE',''
  ) );
#1094 = ADVANCED_FACE('',(#1095),#364,.F.);
#1095 = FACE_BOUND('',#1096,.F.);
#1096 = EDGE_LOOP('',(#1097,#1122,#1149,#1150,#1172,#1173,#1174,#1195));
#1097 = ORIENTED_EDGE('',*,*,#1098,.T.);
#1098 = EDGE_CURVE('',#1099,#1101,#1103,.T.);
#1099 = VERTEX_POINT('',#1100);
#1100 = CARTESIAN_POINT('',(3.3,25.,-10.));
#1101 = VERTEX_POINT('',#1102);
#1102 = CARTESIAN_POINT('',(3.3,25.,-6.5));
#1103 = SEAM_CURVE('',#1104,(#1108,#1115),.PCURVE_S1.);
#1104 = LINE('',#1105,#1106);
#1105 = CARTESIAN_POINT('',(3.3,25.,-28.));
#1106 = VECTOR('',#1107,1.);
#1107 = DIRECTION('',(0.,0.,1.));
#1108 = PCURVE('',#364,#1109);
#1109 = DEFINITIONAL_REPRESENTATION('',(#1110),#1114);
#1110 = LINE('',#1111,#1112);
#1111 = CARTESIAN_POINT('',(6.28318530718,-0.));
#1112 = VECTOR('',#1113,1.);
#1113 = DIRECTION('',(0.,1.));
#1114 = ( GEOMETRIC_REPRESENTATION_CONTEXT(2) 
PARAMETRIC_REPRESENTATION_CONTEXT() REPRESENTATION_CONTEXT('2D SPACE',''
  ) );
#1115 = PCURVE('',#364,#1116);
#1116 = DEFINITIONAL_REPRESENTATION('',(#1117),#1121);
#1117 = LINE('',#1118,#1119);
#1118 = CARTESIAN_POINT('',(0.,-0.));
#1119 = VECTOR('',#1120,1.);
#1120 = DIRECTION('',(0.,1.));
#1121 = ( GEOMETRIC_REPRESENTATION_CONTEXT(2) 
PARAMETRIC_REPRESENTATION_CONTEXT() REPRESENTATION_CONTEXT('2D SPACE',''
  ) );
#1122 = ORIENTED_EDGE('',*,*,#1123,.F.);
#1123 = EDGE_CURVE('',#1101,#1101,#1124,.T.);
#1124 = SURFACE_CURVE('',#1125,(#1130,#1137),.PCURVE_S1.);
#1125 = CIRCLE('',#1126,3.3);
#1126 = AXIS2_PLACEMENT_3D('',#1127,#1128,#1129);
#1127 = CARTESIAN_POINT('',(1.530808498934E-15,25.,-6.5));
#1128 = DIRECTION('',(0.,0.,1.));
#1129 = DIRECTION('',(1.,0.,-0.));
#1130 = PCURVE('',#364,#1131);
#1131 = DEFINITIONAL_REPRESENTATION('',(#1132),#1136);
#1132 = LINE('',#1133,#1134);
#1133 = CARTESIAN_POINT('',(0.,21.5));
#1134 = VECTOR('',#1135,1.);
#1135 = DIRECTION('',(1.,0.));
#1136 = ( GEOMETRIC_REPRESENTATION_CONTEXT(2) 
PARAMETRIC_REPRESENTATION_CONTEXT() REPRESENTATION_CONTEXT('2D SPACE',''
  ) );
#1137 = PCURVE('',#1138,#1143);
#1138 = PLANE('',#1139);
#1139 = AXIS2_PLACEMENT_3D('',#1140,#1141,#1142);
#1140 = CARTESIAN_POINT('',(1.530808498934E-15,25.,-6.5));
#1141 = DIRECTION('',(0.,0.,1.));
#1142 = DIRECTION('',(1.,0.,-0.));
#1143 = DEFINITIONAL_REPRESENTATION('',(#1144),#1148);
#1144 = CIRCLE('',#1145,3.3);
#1145 = AXIS2_PLACEMENT_2D('',#1146,#1147);
#1146 = CARTESIAN_POINT('',(0.,0.));
#1147 = DIRECTION('',(1.,0.));
#1148 = ( GEOMETRIC_REPRESENTATION_CONTEXT(2) 
PARAMETRIC_REPRESENTATION_CONTEXT() REPRESENTATION_CONTEXT('2D SPACE',''
  ) );
#1149 = ORIENTED_EDGE('',*,*,#1098,.F.);
#1150 = ORIENTED_EDGE('',*,*,#1151,.T.);
#1151 = EDGE_CURVE('',#1099,#324,#1152,.T.);
#1152 = SURFACE_CURVE('',#1153,(#1158,#1165),.PCURVE_S1.);
#1153 = CIRCLE('',#1154,3.3);
#1154 = AXIS2_PLACEMENT_3D('',#1155,#1156,#1157);
#1155 = CARTESIAN_POINT('',(1.530808498934E-15,25.,-10.));
#1156 = DIRECTION('',(0.,0.,1.));
#1157 = DIRECTION('',(1.,0.,-0.));
#1158 = PCURVE('',#364,#1159);
#1159 = DEFINITIONAL_REPRESENTATION('',(#1160),#1164);
#1160 = LINE('',#1161,#1162);
#1161 = CARTESIAN_POINT('',(0.,18.));
#1162 = VECTOR('',#1163,1.);
#1163 = DIRECTION('',(1.,0.));
#1164 = ( GEOMETRIC_REPRESENTATION_CONTEXT(2) 
PARAMETRIC_REPRESENTATION_CONTEXT() REPRESENTATION_CONTEXT('2D SPACE',''
  ) );
#1165 = PCURVE('',#339,#1166);
#1166 = DEFINITIONAL_REPRESENTATION('',(#1167),#1171);
#1167 = CIRCLE('',#1168,3.3);
#1168 = AXIS2_PLACEMENT_2D('',#1169,#1170);
#1169 = CARTESIAN_POINT('',(1.530808498934E-15,25.));
#1170 = DIRECTION('',(1.,0.));
#1171 = ( GEOMETRIC_REPRESENTATION_CONTEXT(2) 
PARAMETRIC_REPRESENTATION_CONTEXT() REPRESENTATION_CONTEXT('2D SPACE',''
  ) );
#1172 = ORIENTED_EDGE('',*,*,#351,.F.);
#1173 = ORIENTED_EDGE('',*,*,#551,.T.);
#1174 = ORIENTED_EDGE('',*,*,#1175,.T.);
#1175 = EDGE_CURVE('',#524,#1176,#1178,.T.);
#1176 = VERTEX_POINT('',#1177);
#1177 = CARTESIAN_POINT('',(1.374772708487,22.,-10.));
#1178 = SURFACE_CURVE('',#1179,(#1183,#1189),.PCURVE_S1.);
#1179 = LINE('',#1180,#1181);
#1180 = CARTESIAN_POINT('',(1.374772708487,22.,-28.));
#1181 = VECTOR('',#1182,1.);
#1182 = DIRECTION('',(0.,0.,1.));
#1183 = PCURVE('',#364,#1184);
#1184 = DEFINITIONAL_REPRESENTATION('',(#1185),#1188);
#1185 = B_SPLINE_CURVE_WITH_KNOTS('',1,(#1186,#1187),.UNSPECIFIED.,.F.,
  .F.,(2,2),(-5.999999999062E-07,19.8),.PIECEWISE_BEZIER_KNOTS.);
#1186 = CARTESIAN_POINT('',(5.142088646536,-5.999999999062E-07));
#1187 = CARTESIAN_POINT('',(5.142088646536,19.8));
#1188 = ( GEOMETRIC_REPRESENTATION_CONTEXT(2) 
PARAMETRIC_REPRESENTATION_CONTEXT() REPRESENTATION_CONTEXT('2D SPACE',''
  ) );
#1189 = PCURVE('',#539,#1190);
#1190 = DEFINITIONAL_REPRESENTATION('',(#1191),#1194);
#1191 = B_SPLINE_CURVE_WITH_KNOTS('',1,(#1192,#1193),.UNSPECIFIED.,.F.,
  .F.,(2,2),(-5.999999999062E-07,19.8),.PIECEWISE_BEZIER_KNOTS.);
#1192 = CARTESIAN_POINT('',(-5.999999999062E-07,43.374772708487));
#1193 = CARTESIAN_POINT('',(19.8,43.374772708487));
#1194 = ( GEOMETRIC_REPRESENTATION_CONTEXT(2) 
PARAMETRIC_REPRESENTATION_CONTEXT() REPRESENTATION_CONTEXT('2D SPACE',''
  ) );
#1195 = ORIENTED_EDGE('',*,*,#1196,.T.);
#1196 = EDGE_CURVE('',#1176,#1099,#1197,.T.);
#1197 = SURFACE_CURVE('',#1198,(#1203,#1210),.PCURVE_S1.);
#1198 = CIRCLE('',#1199,3.3);
#1199 = AXIS2_PLACEMENT_3D('',#1200,#1201,#1202);
#1200 = CARTESIAN_POINT('',(1.530808498934E-15,25.,-10.));
#1201 = DIRECTION('',(0.,0.,1.));
#1202 = DIRECTION('',(1.,0.,-0.));
#1203 = PCURVE('',#364,#1204);
#1204 = DEFINITIONAL_REPRESENTATION('',(#1205),#1209);
#1205 = LINE('',#1206,#1207);
#1206 = CARTESIAN_POINT('',(0.,18.));
#1207 = VECTOR('',#1208,1.);
#1208 = DIRECTION('',(1.,0.));
#1209 = ( GEOMETRIC_REPRESENTATION_CONTEXT(2) 
PARAMETRIC_REPRESENTATION_CONTEXT() REPRESENTATION_CONTEXT('2D SPACE',''
  ) );
#1210 = PCURVE('',#339,#1211);
#1211 = DEFINITIONAL_REPRESENTATION('',(#1212),#1216);
#1212 = CIRCLE('',#1213,3.3);
#1213 = AXIS2_PLACEMENT_2D('',#1214,#1215);
#1214 = CARTESIAN_POINT('',(1.530808498934E-15,25.));
#1215 = DIRECTION('',(1.,0.));
#1216 = ( GEOMETRIC_REPRESENTATION_CONTEXT(2) 
PARAMETRIC_REPRESENTATION_CONTEXT() REPRESENTATION_CONTEXT('2D SPACE',''
  ) );
#1217 = ADVANCED_FACE('',(#1218),#339,.F.);
#1218 = FACE_BOUND('',#1219,.F.);
#1219 = EDGE_LOOP('',(#1220,#1221,#1222,#1223,#1224));
#1220 = ORIENTED_EDGE('',*,*,#1049,.T.);
#1221 = ORIENTED_EDGE('',*,*,#323,.T.);
#1222 = ORIENTED_EDGE('',*,*,#1151,.F.);
#1223 = ORIENTED_EDGE('',*,*,#1196,.F.);
#1224 = ORIENTED_EDGE('',*,*,#1225,.T.);
#1225 = EDGE_CURVE('',#1176,#1021,#1226,.T.);
#1226 = SURFACE_CURVE('',#1227,(#1231,#1238),.PCURVE_S1.);
#1227 = LINE('',#1228,#1229);
#1228 = CARTESIAN_POINT('',(-42.,22.,-10.));
#1229 = VECTOR('',#1230,1.);
#1230 = DIRECTION('',(1.,0.,-0.));
#1231 = PCURVE('',#339,#1232);
#1232 = DEFINITIONAL_REPRESENTATION('',(#1233),#1237);
#1233 = LINE('',#1234,#1235);
#1234 = CARTESIAN_POINT('',(-42.,22.));
#1235 = VECTOR('',#1236,1.);
#1236 = DIRECTION('',(1.,0.));
#1237 = ( GEOMETRIC_REPRESENTATION_CONTEXT(2) 
PARAMETRIC_REPRESENTATION_CONTEXT() REPRESENTATION_CONTEXT('2D SPACE',''
  ) );
#1238 = PCURVE('',#539,#1239);
#1239 = DEFINITIONAL_REPRESENTATION('',(#1240),#1244);
#1240 = LINE('',#1241,#1242);
#1241 = CARTESIAN_POINT('',(18.,0.));
#1242 = VECTOR('',#1243,1.);
#1243 = DIRECTION('',(0.,1.));
#1244 = ( GEOMETRIC_REPRESENTATION_CONTEXT(2) 
PARAMETRIC_REPRESENTATION_CONTEXT() REPRESENTATION_CONTEXT('2D SPACE',''
  ) );
#1245 = ADVANCED_FACE('',(#1246),#394,.F.);
#1246 = FACE_BOUND('',#1247,.F.);
#1247 = EDGE_LOOP('',(#1248,#1249,#1272,#1382,#1432,#1461,#1511,#1771,
    #1800,#1953));
#1248 = ORIENTED_EDGE('',*,*,#377,.F.);
#1249 = ORIENTED_EDGE('',*,*,#1250,.F.);
#1250 = EDGE_CURVE('',#1251,#378,#1253,.T.);
#1251 = VERTEX_POINT('',#1252);
#1252 = CARTESIAN_POINT('',(-26.,9.1,-14.6));
#1253 = SEAM_CURVE('',#1254,(#1258,#1265),.PCURVE_S1.);
#1254 = LINE('',#1255,#1256);
#1255 = CARTESIAN_POINT('',(-26.,6.,-14.6));
#1256 = VECTOR('',#1257,1.);
#1257 = DIRECTION('',(0.,1.,0.));
#1258 = PCURVE('',#394,#1259);
#1259 = DEFINITIONAL_REPRESENTATION('',(#1260),#1264);
#1260 = LINE('',#1261,#1262);
#1261 = CARTESIAN_POINT('',(6.28318530718,-0.));
#1262 = VECTOR('',#1263,1.);
#1263 = DIRECTION('',(0.,1.));
#1264 = ( GEOMETRIC_REPRESENTATION_CONTEXT(2) 
PARAMETRIC_REPRESENTATION_CONTEXT() REPRESENTATION_CONTEXT('2D SPACE',''
  ) );
#1265 = PCURVE('',#394,#1266);
#1266 = DEFINITIONAL_REPRESENTATION('',(#1267),#1271);
#1267 = LINE('',#1268,#1269);
#1268 = CARTESIAN_POINT('',(0.,-0.));
#1269 = VECTOR('',#1270,1.);
#1270 = DIRECTION('',(0.,1.));
#1271 = ( GEOMETRIC_REPRESENTATION_CONTEXT(2) 
PARAMETRIC_REPRESENTATION_CONTEXT() REPRESENTATION_CONTEXT('2D SPACE',''
  ) );
#1272 = ORIENTED_EDGE('',*,*,#1273,.F.);
#1273 = EDGE_CURVE('',#1274,#1251,#1276,.T.);
#1274 = VERTEX_POINT('',#1275);
#1275 = CARTESIAN_POINT('',(-23.9,7.,-15.13347701416));
#1276 = SURFACE_CURVE('',#1277,(#1310,#1346),.PCURVE_S1.);
#1277 = B_SPLINE_CURVE_WITH_KNOTS('',6,(#1278,#1279,#1280,#1281,#1282,
    #1283,#1284,#1285,#1286,#1287,#1288,#1289,#1290,#1291,#1292,#1293,
    #1294,#1295,#1296,#1297,#1298,#1299,#1300,#1301,#1302,#1303,#1304,
    #1305,#1306,#1307,#1308,#1309),.UNSPECIFIED.,.F.,.F.,(7,5,5,5,5,5,7)
  ,(0.,0.313833542878,0.493810691446,0.556920424229,0.640398781834,
    0.752131834053,1.),.UNSPECIFIED.);
#1278 = CARTESIAN_POINT('',(-23.9,7.,-15.13347701416));
#1279 = CARTESIAN_POINT('',(-23.9,7.15526255386,-15.13347701416));
#1280 = CARTESIAN_POINT('',(-23.91377494832,7.310309974962,
    -15.12599553679));
#1281 = CARTESIAN_POINT('',(-23.94125440893,7.464064454178,
    -15.11107069504));
#1282 = CARTESIAN_POINT('',(-23.98240345408,7.615423130003,
    -15.08919849076));
#1283 = CARTESIAN_POINT('',(-24.03719461159,7.763180544983,
    -15.06133040563));
#1284 = CARTESIAN_POINT('',(-24.14463142622,7.987849036884,
    -15.01007648142));
#1285 = CARTESIAN_POINT('',(-24.18824974091,8.068150773437,
    -14.98983657939));
#1286 = CARTESIAN_POINT('',(-24.23635778843,8.146703176345,
    -14.96825473675));
#1287 = CARTESIAN_POINT('',(-24.28899866991,8.223302369723,
    -14.94557707793));
#1288 = CARTESIAN_POINT('',(-24.3462279711,8.297706046033,
    -14.92207841822));
#1289 = CARTESIAN_POINT('',(-24.42981137412,8.39485291747,
    -14.88964119854));
#1290 = CARTESIAN_POINT('',(-24.4520847719,8.419770842024,
    -14.88115579433));
#1291 = CARTESIAN_POINT('',(-24.47493531124,8.444373906433,
    -14.87261915625));
#1292 = CARTESIAN_POINT('',(-24.49836658376,8.468649490238,
    -14.86404468722));
#1293 = CARTESIAN_POINT('',(-24.52238227201,8.492584059624,
    -14.85544630922));
#1294 = CARTESIAN_POINT('',(-24.57953091229,8.547352416786,
    -14.83545244066));
#1295 = CARTESIAN_POINT('',(-24.61310441503,8.577919445182,
    -14.82404996617));
#1296 = CARTESIAN_POINT('',(-24.64771586394,8.607830987221,
    -14.81266438275));
#1297 = CARTESIAN_POINT('',(-24.68337311947,8.637049796257,
    -14.8013311213));
#1298 = CARTESIAN_POINT('',(-24.7200826963,8.66553464439,-14.79008770074
    ));
#1299 = CARTESIAN_POINT('',(-24.80839974775,8.730323466687,
    -14.76409803868));
#1300 = CARTESIAN_POINT('',(-24.86085596855,8.766019511848,
    -14.74945074873));
#1301 = CARTESIAN_POINT('',(-24.91521609009,8.800207278926,
    -14.73513164388));
#1302 = CARTESIAN_POINT('',(-24.9714715131,8.832758388889,
    -14.72124589056));
#1303 = CARTESIAN_POINT('',(-25.02960692024,8.863536800815,
    -14.70790291406));
#1304 = CARTESIAN_POINT('',(-25.22268783915,8.956424697823,
    -14.66706907118));
#1305 = CARTESIAN_POINT('',(-25.36599938358,9.011538304315,
    -14.64191900699));
#1306 = CARTESIAN_POINT('',(-25.51770850744,9.054981413172,
    -14.62148590965));
#1307 = CARTESIAN_POINT('',(-25.6755945892,9.084855396684,
    -14.60722816518));
#1308 = CARTESIAN_POINT('',(-25.8372027485,9.1,-14.6));
#1309 = CARTESIAN_POINT('',(-26.,9.1,-14.6));
#1310 = PCURVE('',#394,#1311);
#1311 = DEFINITIONAL_REPRESENTATION('',(#1312),#1345);
#1312 = B_SPLINE_CURVE_WITH_KNOTS('',6,(#1313,#1314,#1315,#1316,#1317,
    #1318,#1319,#1320,#1321,#1322,#1323,#1324,#1325,#1326,#1327,#1328,
    #1329,#1330,#1331,#1332,#1333,#1334,#1335,#1336,#1337,#1338,#1339,
    #1340,#1341,#1342,#1343,#1344),.UNSPECIFIED.,.F.,.F.,(7,5,5,5,5,5,7)
  ,(0.,0.313833542878,0.493810691446,0.556920424229,0.640398781834,
    0.752131834053,1.),.UNSPECIFIED.);
#1313 = CARTESIAN_POINT('',(0.497548523672,1.));
#1314 = CARTESIAN_POINT('',(0.497548523672,1.15526255386));
#1315 = CARTESIAN_POINT('',(0.493985932046,1.310309974962));
#1316 = CARTESIAN_POINT('',(0.48687878548,1.464064454178));
#1317 = CARTESIAN_POINT('',(0.476288392105,1.615423130003));
#1318 = CARTESIAN_POINT('',(0.462322207615,1.763180544983));
#1319 = CARTESIAN_POINT('',(0.435268509592,1.987849036884));
#1320 = CARTESIAN_POINT('',(0.424340627569,2.068150773437));
#1321 = CARTESIAN_POINT('',(0.412358709126,2.146703176345));
#1322 = CARTESIAN_POINT('',(0.399334476487,2.223302369723));
#1323 = CARTESIAN_POINT('',(0.385276707462,2.297706046033));
#1324 = CARTESIAN_POINT('',(0.364900140848,2.39485291747));
#1325 = CARTESIAN_POINT('',(0.359483201742,2.419770842024));
#1326 = CARTESIAN_POINT('',(0.353939504402,2.444373906433));
#1327 = CARTESIAN_POINT('',(0.34826905569,2.468649490238));
#1328 = CARTESIAN_POINT('',(0.342471812166,2.492584059624));
#1329 = CARTESIAN_POINT('',(0.328711538269,2.547352416786));
#1330 = CARTESIAN_POINT('',(0.320653464453,2.577919445182));
#1331 = CARTESIAN_POINT('',(0.31237314723,2.607830987221));
#1332 = CARTESIAN_POINT('',(0.303870430178,2.637049796257));
#1333 = CARTESIAN_POINT('',(0.295145311863,2.66553464439));
#1334 = CARTESIAN_POINT('',(0.274222188964,2.730323466687));
#1335 = CARTESIAN_POINT('',(0.261845472397,2.766019511848));
#1336 = CARTESIAN_POINT('',(0.249071619049,2.800207278926));
#1337 = CARTESIAN_POINT('',(0.235905119129,2.832758388889));
#1338 = CARTESIAN_POINT('',(0.222350994751,2.863536800815));
#1339 = CARTESIAN_POINT('',(0.177498364174,2.956424697823));
#1340 = CARTESIAN_POINT('',(0.144449659841,3.011538304315));
#1341 = CARTESIAN_POINT('',(0.109702630647,3.054981413172));
#1342 = CARTESIAN_POINT('',(7.372856539255E-02,3.084855396684));
#1343 = CARTESIAN_POINT('',(3.699937533896E-02,3.1));
#1344 = CARTESIAN_POINT('',(0.,3.1));
#1345 = ( GEOMETRIC_REPRESENTATION_CONTEXT(2) 
PARAMETRIC_REPRESENTATION_CONTEXT() REPRESENTATION_CONTEXT('2D SPACE',''
  ) );
#1346 = PCURVE('',#685,#1347);
#1347 = DEFINITIONAL_REPRESENTATION('',(#1348),#1381);
#1348 = B_SPLINE_CURVE_WITH_KNOTS('',6,(#1349,#1350,#1351,#1352,#1353,
    #1354,#1355,#1356,#1357,#1358,#1359,#1360,#1361,#1362,#1363,#1364,
    #1365,#1366,#1367,#1368,#1369,#1370,#1371,#1372,#1373,#1374,#1375,
    #1376,#1377,#1378,#1379,#1380),.UNSPECIFIED.,.F.,.F.,(7,5,5,5,5,5,7)
  ,(0.,0.313833542878,0.493810691446,0.556920424229,0.640398781834,
    0.752131834053,1.),.UNSPECIFIED.);
#1349 = CARTESIAN_POINT('',(0.,12.866522985836));
#1350 = CARTESIAN_POINT('',(7.393454945722E-02,12.866522985836));
#1351 = CARTESIAN_POINT('',(0.147766607436,12.874004463207));
#1352 = CARTESIAN_POINT('',(0.221710699864,12.888929304951));
#1353 = CARTESIAN_POINT('',(0.29595816908,12.910801509235));
#1354 = CARTESIAN_POINT('',(0.370690364069,12.938669594369));
#1355 = CARTESIAN_POINT('',(0.489278621042,12.989923518579));
#1356 = CARTESIAN_POINT('',(0.532736717426,13.010163420608));
#1357 = CARTESIAN_POINT('',(0.576511103537,13.031745263246));
#1358 = CARTESIAN_POINT('',(0.620676130923,13.054422922067));
#1359 = CARTESIAN_POINT('',(0.665307772465,13.077921581779));
#1360 = CARTESIAN_POINT('',(0.72633395526,13.110358801453));
#1361 = CARTESIAN_POINT('',(0.742246191901,13.118844205664));
#1362 = CARTESIAN_POINT('',(0.758231152132,13.127380843743));
#1363 = CARTESIAN_POINT('',(0.77429288853,13.135955312771));
#1364 = CARTESIAN_POINT('',(0.790435523067,13.144553690777));
#1365 = CARTESIAN_POINT('',(0.828128458439,13.164547559336));
#1366 = CARTESIAN_POINT('',(0.849742396162,13.175950033821));
#1367 = CARTESIAN_POINT('',(0.871514902648,13.187335617247));
#1368 = CARTESIAN_POINT('',(0.893455554686,13.198668878692));
#1369 = CARTESIAN_POINT('',(0.915573663485,13.209912299259));
#1370 = CARTESIAN_POINT('',(0.967732267482,13.23590196132));
#1371 = CARTESIAN_POINT('',(0.997927461693,13.250549251262));
#1372 = CARTESIAN_POINT('',(1.028476757043,13.26486835612));
#1373 = CARTESIAN_POINT('',(1.059393996034,13.278754109434));
#1374 = CARTESIAN_POINT('',(1.090694688352,13.292097085938));
#1375 = CARTESIAN_POINT('',(1.192724432203,13.332930928819));
#1376 = CARTESIAN_POINT('',(1.265599182981,13.358080993002));
#1377 = CARTESIAN_POINT('',(1.340294716298,13.37851409035));
#1378 = CARTESIAN_POINT('',(1.416317654574,13.392771834814));
#1379 = CARTESIAN_POINT('',(1.493273826085,13.4));
#1380 = CARTESIAN_POINT('',(1.570796326795,13.4));
#1381 = ( GEOMETRIC_REPRESENTATION_CONTEXT(2) 
PARAMETRIC_REPRESENTATION_CONTEXT() REPRESENTATION_CONTEXT('2D SPACE',''
  ) );
#1382 = ORIENTED_EDGE('',*,*,#1383,.F.);
#1383 = EDGE_CURVE('',#1384,#1274,#1386,.T.);
#1384 = VERTEX_POINT('',#1385);
#1385 = CARTESIAN_POINT('',(-24.15338146873,6.,-15.00625489045));
#1386 = SURFACE_CURVE('',#1387,(#1400,#1416),.PCURVE_S1.);
#1387 = B_SPLINE_CURVE_WITH_KNOTS('',6,(#1388,#1389,#1390,#1391,#1392,
    #1393,#1394,#1395,#1396,#1397,#1398,#1399),.UNSPECIFIED.,.F.,.F.,(7,
    5,7),(0.,9.890746244598E-02,1.),.UNSPECIFIED.);
#1388 = CARTESIAN_POINT('',(-24.15338179365,5.9999994,-15.00625474022));
#1389 = CARTESIAN_POINT('',(-24.14505122356,6.015382773171,
    -15.01010660893));
#1390 = CARTESIAN_POINT('',(-24.13688543293,6.030829116042,
    -15.01390759757));
#1391 = CARTESIAN_POINT('',(-24.12888422869,6.046336971159,
    -15.01765602761));
#1392 = CARTESIAN_POINT('',(-24.12104744495,6.061904890884,
    -15.02135025448));
#1393 = CARTESIAN_POINT('',(-24.11337494293,6.077531437404,
    -15.02498866758));
#1394 = CARTESIAN_POINT('',(-24.03746224931,6.236101326206,
    -15.06119445653));
#1395 = CARTESIAN_POINT('',(-23.98256350834,6.383987213115,
    -15.0891132796));
#1396 = CARTESIAN_POINT('',(-23.94133263572,6.5354913364,-15.1110282154)
  );
#1397 = CARTESIAN_POINT('',(-23.91379991057,6.689398562812,
    -15.12598197666));
#1398 = CARTESIAN_POINT('',(-23.9,6.844596869689,-15.13347701416));
#1399 = CARTESIAN_POINT('',(-23.9,7.,-15.13347701416));
#1400 = PCURVE('',#394,#1401);
#1401 = DEFINITIONAL_REPRESENTATION('',(#1402),#1415);
#1402 = B_SPLINE_CURVE_WITH_KNOTS('',6,(#1403,#1404,#1405,#1406,#1407,
    #1408,#1409,#1410,#1411,#1412,#1413,#1414),.UNSPECIFIED.,.F.,.F.,(7,
    5,7),(0.,9.890746244598E-02,1.),.UNSPECIFIED.);
#1403 = CARTESIAN_POINT('',(0.433099302951,-6.E-07));
#1404 = CARTESIAN_POINT('',(0.435185207171,1.538277317056E-02));
#1405 = CARTESIAN_POINT('',(0.437232266249,3.082911604248E-02));
#1406 = CARTESIAN_POINT('',(0.439240376048,4.633697115892E-02));
#1407 = CARTESIAN_POINT('',(0.44120942735,6.19048908843E-02));
#1408 = CARTESIAN_POINT('',(0.443139305859,7.753143740435E-02));
#1409 = CARTESIAN_POINT('',(0.462254004521,0.236101326206));
#1410 = CARTESIAN_POINT('',(0.476247183752,0.383987213115));
#1411 = CARTESIAN_POINT('',(0.486858556747,0.5354913364));
#1412 = CARTESIAN_POINT('',(0.493979474502,0.689398562812));
#1413 = CARTESIAN_POINT('',(0.497548523672,0.844596869689));
#1414 = CARTESIAN_POINT('',(0.497548523672,1.));
#1415 = ( GEOMETRIC_REPRESENTATION_CONTEXT(2) 
PARAMETRIC_REPRESENTATION_CONTEXT() REPRESENTATION_CONTEXT('2D SPACE',''
  ) );
#1416 = PCURVE('',#685,#1417);
#1417 = DEFINITIONAL_REPRESENTATION('',(#1418),#1431);
#1418 = B_SPLINE_CURVE_WITH_KNOTS('',6,(#1419,#1420,#1421,#1422,#1423,
    #1424,#1425,#1426,#1427,#1428,#1429,#1430),.UNSPECIFIED.,.F.,.F.,(7,
    5,7),(0.,9.890746244598E-02,1.),.UNSPECIFIED.);
#1419 = CARTESIAN_POINT('',(5.786867620136,12.993745259778));
#1420 = CARTESIAN_POINT('',(5.795198185229,12.989893391068));
#1421 = CARTESIAN_POINT('',(5.803517753237,12.986092402427));
#1422 = CARTESIAN_POINT('',(5.811826797332,12.982343972389));
#1423 = CARTESIAN_POINT('',(5.82012577649,12.97864974552));
#1424 = CARTESIAN_POINT('',(5.828415135482,12.975011332416));
#1425 = CARTESIAN_POINT('',(5.912131461759,12.938805543461));
#1426 = CARTESIAN_POINT('',(5.986937995782,12.910886720394));
#1427 = CARTESIAN_POINT('',(6.061261096264,12.888971784591));
#1428 = CARTESIAN_POINT('',(6.135279908047,12.874018023335));
#1429 = CARTESIAN_POINT('',(6.209183816555,12.866522985836));
#1430 = CARTESIAN_POINT('',(6.28318530718,12.866522985836));
#1431 = ( GEOMETRIC_REPRESENTATION_CONTEXT(2) 
PARAMETRIC_REPRESENTATION_CONTEXT() REPRESENTATION_CONTEXT('2D SPACE',''
  ) );
#1432 = ORIENTED_EDGE('',*,*,#1433,.T.);
#1433 = EDGE_CURVE('',#1384,#1434,#1436,.T.);
#1434 = VERTEX_POINT('',#1435);
#1435 = CARTESIAN_POINT('',(-24.15338146873,6.,-22.99374510954));
#1436 = SURFACE_CURVE('',#1437,(#1442,#1449),.PCURVE_S1.);
#1437 = CIRCLE('',#1438,4.4);
#1438 = AXIS2_PLACEMENT_3D('',#1439,#1440,#1441);
#1439 = CARTESIAN_POINT('',(-26.,6.,-19.));
#1440 = DIRECTION('',(0.,1.,0.));
#1441 = DIRECTION('',(0.,-0.,1.));
#1442 = PCURVE('',#394,#1443);
#1443 = DEFINITIONAL_REPRESENTATION('',(#1444),#1448);
#1444 = LINE('',#1445,#1446);
#1445 = CARTESIAN_POINT('',(0.,0.));
#1446 = VECTOR('',#1447,1.);
#1447 = DIRECTION('',(1.,0.));
#1448 = ( GEOMETRIC_REPRESENTATION_CONTEXT(2) 
PARAMETRIC_REPRESENTATION_CONTEXT() REPRESENTATION_CONTEXT('2D SPACE',''
  ) );
#1449 = PCURVE('',#1450,#1455);
#1450 = PLANE('',#1451);
#1451 = AXIS2_PLACEMENT_3D('',#1452,#1453,#1454);
#1452 = CARTESIAN_POINT('',(-26.,6.,-19.));
#1453 = DIRECTION('',(0.,1.,0.));
#1454 = DIRECTION('',(0.,-0.,1.));
#1455 = DEFINITIONAL_REPRESENTATION('',(#1456),#1460);
#1456 = CIRCLE('',#1457,4.4);
#1457 = AXIS2_PLACEMENT_2D('',#1458,#1459);
#1458 = CARTESIAN_POINT('',(0.,0.));
#1459 = DIRECTION('',(1.,0.));
#1460 = ( GEOMETRIC_REPRESENTATION_CONTEXT(2) 
PARAMETRIC_REPRESENTATION_CONTEXT() REPRESENTATION_CONTEXT('2D SPACE',''
  ) );
#1461 = ORIENTED_EDGE('',*,*,#1462,.T.);
#1462 = EDGE_CURVE('',#1434,#1463,#1465,.T.);
#1463 = VERTEX_POINT('',#1464);
#1464 = CARTESIAN_POINT('',(-23.9,7.,-22.86652298583));
#1465 = SURFACE_CURVE('',#1466,(#1479,#1495),.PCURVE_S1.);
#1466 = B_SPLINE_CURVE_WITH_KNOTS('',6,(#1467,#1468,#1469,#1470,#1471,
    #1472,#1473,#1474,#1475,#1476,#1477,#1478),.UNSPECIFIED.,.F.,.F.,(7,
    5,7),(0.,9.890746244603E-02,1.),.UNSPECIFIED.);
#1467 = CARTESIAN_POINT('',(-24.15338179365,5.9999994,-22.99374525977));
#1468 = CARTESIAN_POINT('',(-24.14505122356,6.015382773171,
    -22.98989339106));
#1469 = CARTESIAN_POINT('',(-24.13688543293,6.030829116042,
    -22.98609240242));
#1470 = CARTESIAN_POINT('',(-24.12888422869,6.046336971159,
    -22.98234397238));
#1471 = CARTESIAN_POINT('',(-24.12104744495,6.061904890884,
    -22.97864974552));
#1472 = CARTESIAN_POINT('',(-24.11337494293,6.077531437404,
    -22.97501133241));
#1473 = CARTESIAN_POINT('',(-24.03746224931,6.236101326206,
    -22.93880554346));
#1474 = CARTESIAN_POINT('',(-23.98256350834,6.383987213115,
    -22.91088672039));
#1475 = CARTESIAN_POINT('',(-23.94133263572,6.5354913364,-22.88897178459
    ));
#1476 = CARTESIAN_POINT('',(-23.91379991057,6.689398562813,
    -22.87401802333));
#1477 = CARTESIAN_POINT('',(-23.9,6.844596869689,-22.86652298583));
#1478 = CARTESIAN_POINT('',(-23.9,7.,-22.86652298583));
#1479 = PCURVE('',#394,#1480);
#1480 = DEFINITIONAL_REPRESENTATION('',(#1481),#1494);
#1481 = B_SPLINE_CURVE_WITH_KNOTS('',6,(#1482,#1483,#1484,#1485,#1486,
    #1487,#1488,#1489,#1490,#1491,#1492,#1493),.UNSPECIFIED.,.F.,.F.,(7,
    5,7),(0.,9.890746244603E-02,1.),.UNSPECIFIED.);
#1482 = CARTESIAN_POINT('',(2.708493350639,-6.E-07));
#1483 = CARTESIAN_POINT('',(2.706407446419,1.538277317056E-02));
#1484 = CARTESIAN_POINT('',(2.704360387341,3.082911604248E-02));
#1485 = CARTESIAN_POINT('',(2.702352277542,4.633697115891E-02));
#1486 = CARTESIAN_POINT('',(2.70038322624,6.19048908843E-02));
#1487 = CARTESIAN_POINT('',(2.69845334773,7.753143740435E-02));
#1488 = CARTESIAN_POINT('',(2.679338649069,0.236101326206));
#1489 = CARTESIAN_POINT('',(2.665345469838,0.383987213115));
#1490 = CARTESIAN_POINT('',(2.654734096843,0.5354913364));
#1491 = CARTESIAN_POINT('',(2.647613179088,0.689398562813));
#1492 = CARTESIAN_POINT('',(2.644044129918,0.844596869689));
#1493 = CARTESIAN_POINT('',(2.644044129918,1.));
#1494 = ( GEOMETRIC_REPRESENTATION_CONTEXT(2) 
PARAMETRIC_REPRESENTATION_CONTEXT() REPRESENTATION_CONTEXT('2D SPACE',''
  ) );
#1495 = PCURVE('',#685,#1496);
#1496 = DEFINITIONAL_REPRESENTATION('',(#1497),#1510);
#1497 = B_SPLINE_CURVE_WITH_KNOTS('',6,(#1498,#1499,#1500,#1501,#1502,
    #1503,#1504,#1505,#1506,#1507,#1508,#1509),.UNSPECIFIED.,.F.,.F.,(7,
    5,7),(0.,9.890746244603E-02,1.),.UNSPECIFIED.);
#1498 = CARTESIAN_POINT('',(5.786867620136,5.006254740222));
#1499 = CARTESIAN_POINT('',(5.795198185229,5.010106608932));
#1500 = CARTESIAN_POINT('',(5.803517753237,5.013907597573));
#1501 = CARTESIAN_POINT('',(5.811826797332,5.017656027611));
#1502 = CARTESIAN_POINT('',(5.82012577649,5.02135025448));
#1503 = CARTESIAN_POINT('',(5.828415135482,5.024988667584));
#1504 = CARTESIAN_POINT('',(5.912131461759,5.061194456539));
#1505 = CARTESIAN_POINT('',(5.986937995782,5.089113279606));
#1506 = CARTESIAN_POINT('',(6.061261096264,5.111028215409));
#1507 = CARTESIAN_POINT('',(6.135279908047,5.125981976665));
#1508 = CARTESIAN_POINT('',(6.209183816555,5.133477014164));
#1509 = CARTESIAN_POINT('',(6.28318530718,5.133477014164));
#1510 = ( GEOMETRIC_REPRESENTATION_CONTEXT(2) 
PARAMETRIC_REPRESENTATION_CONTEXT() REPRESENTATION_CONTEXT('2D SPACE',''
  ) );
#1511 = ORIENTED_EDGE('',*,*,#1512,.T.);
#1512 = EDGE_CURVE('',#1463,#1513,#1515,.T.);
#1513 = VERTEX_POINT('',#1514);
#1514 = CARTESIAN_POINT('',(-27.84661853126,6.,-22.99374510954));
#1515 = SURFACE_CURVE('',#1516,(#1599,#1685),.PCURVE_S1.);
#1516 = B_SPLINE_CURVE_WITH_KNOTS('',6,(#1517,#1518,#1519,#1520,#1521,
    #1522,#1523,#1524,#1525,#1526,#1527,#1528,#1529,#1530,#1531,#1532,
    #1533,#1534,#1535,#1536,#1537,#1538,#1539,#1540,#1541,#1542,#1543,
    #1544,#1545,#1546,#1547,#1548,#1549,#1550,#1551,#1552,#1553,#1554,
    #1555,#1556,#1557,#1558,#1559,#1560,#1561,#1562,#1563,#1564,#1565,
    #1566,#1567,#1568,#1569,#1570,#1571,#1572,#1573,#1574,#1575,#1576,
    #1577,#1578,#1579,#1580,#1581,#1582,#1583,#1584,#1585,#1586,#1587,
    #1588,#1589,#1590,#1591,#1592,#1593,#1594,#1595,#1596,#1597,#1598),
  .UNSPECIFIED.,.F.,.F.,(7,5,5,5,5,5,5,5,5,5,5,5,5,5,5,5,7),(0.,
    0.13356323739,0.210159035273,0.237017669134,0.272544909439,
    0.320096958977,0.379192487054,0.472760498342,0.532253832208,
    0.580686133855,0.615022348209,0.642111776274,0.717853805493,
    0.851715421178,0.922235238556,0.985213580852,1.),.UNSPECIFIED.);
#1517 = CARTESIAN_POINT('',(-23.9,7.,-22.86652298583));
#1518 = CARTESIAN_POINT('',(-23.9,7.15526255386,-22.86652298583));
#1519 = CARTESIAN_POINT('',(-23.91377494832,7.310309974962,
    -22.8740044632));
#1520 = CARTESIAN_POINT('',(-23.94125440893,7.464064454178,
    -22.88892930495));
#1521 = CARTESIAN_POINT('',(-23.98240345408,7.615423130003,
    -22.91080150923));
#1522 = CARTESIAN_POINT('',(-24.03719461159,7.763180544983,
    -22.93866959436));
#1523 = CARTESIAN_POINT('',(-24.14463142622,7.987849036884,
    -22.98992351857));
#1524 = CARTESIAN_POINT('',(-24.18824974091,8.068150773437,
    -23.0101634206));
#1525 = CARTESIAN_POINT('',(-24.23635778843,8.146703176345,
    -23.03174526324));
#1526 = CARTESIAN_POINT('',(-24.28899866991,8.223302369723,
    -23.05442292206));
#1527 = CARTESIAN_POINT('',(-24.3462279711,8.297706046033,
    -23.07792158177));
#1528 = CARTESIAN_POINT('',(-24.42981137412,8.39485291747,
    -23.11035880145));
#1529 = CARTESIAN_POINT('',(-24.4520847719,8.419770842024,
    -23.11884420566));
#1530 = CARTESIAN_POINT('',(-24.47493531124,8.444373906433,
    -23.12738084374));
#1531 = CARTESIAN_POINT('',(-24.49836658376,8.468649490238,
    -23.13595531277));
#1532 = CARTESIAN_POINT('',(-24.52238227201,8.492584059624,
    -23.14455369077));
#1533 = CARTESIAN_POINT('',(-24.57953091229,8.547352416786,
    -23.16454755933));
#1534 = CARTESIAN_POINT('',(-24.61310441503,8.577919445182,
    -23.17595003382));
#1535 = CARTESIAN_POINT('',(-24.64771586394,8.607830987221,
    -23.18733561724));
#1536 = CARTESIAN_POINT('',(-24.68337311947,8.637049796257,
    -23.19866887869));
#1537 = CARTESIAN_POINT('',(-24.7200826963,8.66553464439,-23.20991229925
    ));
#1538 = CARTESIAN_POINT('',(-24.80839974775,8.730323466685,
    -23.23590196131));
#1539 = CARTESIAN_POINT('',(-24.86085596855,8.766019511849,
    -23.25054925126));
#1540 = CARTESIAN_POINT('',(-24.91521609009,8.800207278927,
    -23.26486835612));
#1541 = CARTESIAN_POINT('',(-24.9714715131,8.832758388889,
    -23.27875410943));
#1542 = CARTESIAN_POINT('',(-25.02960692024,8.863536800814,
    -23.29209708593));
#1543 = CARTESIAN_POINT('',(-25.16415627536,8.92826617289,
    -23.32055234323));
#1544 = CARTESIAN_POINT('',(-25.24165226964,8.961207448091,
    -23.33532282901));
#1545 = CARTESIAN_POINT('',(-25.3218777389,8.990849968462,
    -23.34883893621));
#1546 = CARTESIAN_POINT('',(-25.40459460952,9.016861335925,
    -23.36085782245));
#1547 = CARTESIAN_POINT('',(-25.48953835832,9.038945164915,
    -23.37116092895));
#1548 = CARTESIAN_POINT('',(-25.7139816267,9.085166505079,
    -23.39286851876));
#1549 = CARTESIAN_POINT('',(-25.85635289603,9.102977678507,
    -23.40140483066));
#1550 = CARTESIAN_POINT('',(-26.00119541507,9.108993662949,
    -23.40433201697));
#1551 = CARTESIAN_POINT('',(-26.14602501837,9.102812275028,
    -23.40132507438));
#1552 = CARTESIAN_POINT('',(-26.28835724057,9.084841971554,
    -23.39271374423));
#1553 = CARTESIAN_POINT('',(-26.51327743091,9.038263239345,
    -23.3708421986));
#1554 = CARTESIAN_POINT('',(-26.59872851853,9.015915728969,
    -23.36041876855));
#1555 = CARTESIAN_POINT('',(-26.68191399073,8.989595714684,
    -23.3482618987));
#1556 = CARTESIAN_POINT('',(-26.76256683703,8.959605842101,
    -23.33459494583));
#1557 = CARTESIAN_POINT('',(-26.84044719804,8.926284961765,
    -23.31966570197));
#1558 = CARTESIAN_POINT('',(-26.97631583051,8.860482984548,
    -23.29076836202));
#1559 = CARTESIAN_POINT('',(-27.03535791072,8.828974605536,
    -23.2771274928));
#1560 = CARTESIAN_POINT('',(-27.09244780489,8.795638620292,
    -23.26293228716));
#1561 = CARTESIAN_POINT('',(-27.14757073154,8.76061780016,
    -23.24829789469));
#1562 = CARTESIAN_POINT('',(-27.20071899385,8.724046455496,
    -23.23333475827));
#1563 = CARTESIAN_POINT('',(-27.28817034769,8.659113894734,
    -23.20738033012));
#1564 = CARTESIAN_POINT('',(-27.32346230042,8.631456416396,
    -23.19649870669));
#1565 = CARTESIAN_POINT('',(-27.35777225464,8.603118790849,
    -23.18553804546));
#1566 = CARTESIAN_POINT('',(-27.39110624582,8.574137870481,
    -23.17453202384));
#1567 = CARTESIAN_POINT('',(-27.42347142378,8.544547062879,
    -23.16351251003));
#1568 = CARTESIAN_POINT('',(-27.47965261732,8.490573244472,
    -23.14382882915));
#1569 = CARTESIAN_POINT('',(-27.50383109089,8.466409346991,
    -23.13515846943));
#1570 = CARTESIAN_POINT('',(-27.5274153483,8.441899415083,
    -23.12651327466));
#1571 = CARTESIAN_POINT('',(-27.55040916521,8.417057286355,
    -23.11790750087));
#1572 = CARTESIAN_POINT('',(-27.57281621811,8.391895859327,
    -23.10935486938));
#1573 = CARTESIAN_POINT('',(-27.65565960462,8.295216434954,
    -23.0771408682));
#1574 = CARTESIAN_POINT('',(-27.71213053316,8.221591178597,
    -23.0539276789));
#1575 = CARTESIAN_POINT('',(-27.76411633213,8.145823392537,
    -23.03152200834));
#1576 = CARTESIAN_POINT('',(-27.81167054738,8.06814693904,
    -23.01018925144));
#1577 = CARTESIAN_POINT('',(-27.85483478419,7.98875900464,
    -22.99016738604));
#1578 = CARTESIAN_POINT('',(-27.96221267623,7.764778094153,
    -22.93897107311));
#1579 = CARTESIAN_POINT('',(-28.01724051274,7.616731356469,
    -22.9109907156));
#1580 = CARTESIAN_POINT('',(-28.05856678963,7.465062128543,-22.889026414
    ));
#1581 = CARTESIAN_POINT('',(-28.08616490785,7.310982669892,
    -22.87403712918));
#1582 = CARTESIAN_POINT('',(-28.1,7.155601160445,-22.86652298583));
#1583 = CARTESIAN_POINT('',(-28.1,6.918027543876,-22.86652298583));
#1584 = CARTESIAN_POINT('',(-28.09616030486,6.836065862493,
    -22.86860833061));
#1585 = CARTESIAN_POINT('',(-28.08848275745,6.754293525417,
    -22.87277842534));
#1586 = CARTESIAN_POINT('',(-28.07697247058,6.672893055486,
    -22.87899266138));
#1587 = CARTESIAN_POINT('',(-28.06163981924,6.592051201591,
    -22.88717224883));
#1588 = CARTESIAN_POINT('',(-28.02541162208,6.440432356226,
    -22.90615925026));
#1589 = CARTESIAN_POINT('',(-28.00528715145,6.36950692753,-22.9165917218
    ));
#1590 = CARTESIAN_POINT('',(-27.98213457578,6.299288044579,
    -22.92842147505));
#1591 = CARTESIAN_POINT('',(-27.9559562522,6.229888244018,
    -22.94155177968));
#1592 = CARTESIAN_POINT('',(-27.92675297779,6.161427786439,
    -22.95586879677));
#1593 = CARTESIAN_POINT('',(-27.88695910339,6.07821208632,
    -22.97485290599));
#1594 = CARTESIAN_POINT('',(-27.87922553959,6.062447356025,
    -22.97852105115));
#1595 = CARTESIAN_POINT('',(-27.87132482402,6.046742241714,
    -22.98224602911));
#1596 = CARTESIAN_POINT('',(-27.86325681546,6.03109822031,-22.9860261871
    ));
#1597 = CARTESIAN_POINT('',(-27.85502134306,6.015516775954,
    -22.98985983788));
#1598 = CARTESIAN_POINT('',(-27.84661820634,5.9999994,-22.99374525977));
#1599 = PCURVE('',#394,#1600);
#1600 = DEFINITIONAL_REPRESENTATION('',(#1601),#1684);
#1601 = B_SPLINE_CURVE_WITH_KNOTS('',6,(#1602,#1603,#1604,#1605,#1606,
    #1607,#1608,#1609,#1610,#1611,#1612,#1613,#1614,#1615,#1616,#1617,
    #1618,#1619,#1620,#1621,#1622,#1623,#1624,#1625,#1626,#1627,#1628,
    #1629,#1630,#1631,#1632,#1633,#1634,#1635,#1636,#1637,#1638,#1639,
    #1640,#1641,#1642,#1643,#1644,#1645,#1646,#1647,#1648,#1649,#1650,
    #1651,#1652,#1653,#1654,#1655,#1656,#1657,#1658,#1659,#1660,#1661,
    #1662,#1663,#1664,#1665,#1666,#1667,#1668,#1669,#1670,#1671,#1672,
    #1673,#1674,#1675,#1676,#1677,#1678,#1679,#1680,#1681,#1682,#1683),
  .UNSPECIFIED.,.F.,.F.,(7,5,5,5,5,5,5,5,5,5,5,5,5,5,5,5,7),(0.,
    0.13356323739,0.210159035273,0.237017669134,0.272544909439,
    0.320096958977,0.379192487054,0.472760498342,0.532253832208,
    0.580686133855,0.615022348209,0.642111776274,0.717853805493,
    0.851715421178,0.922235238556,0.985213580852,1.),.UNSPECIFIED.);
#1602 = CARTESIAN_POINT('',(2.644044129918,1.));
#1603 = CARTESIAN_POINT('',(2.644044129918,1.15526255386));
#1604 = CARTESIAN_POINT('',(2.647606721544,1.310309974962));
#1605 = CARTESIAN_POINT('',(2.65471386811,1.464064454178));
#1606 = CARTESIAN_POINT('',(2.665304261485,1.615423130003));
#1607 = CARTESIAN_POINT('',(2.679270445975,1.763180544983));
#1608 = CARTESIAN_POINT('',(2.706324143998,1.987849036884));
#1609 = CARTESIAN_POINT('',(2.717252026021,2.068150773437));
#1610 = CARTESIAN_POINT('',(2.729233944463,2.146703176345));
#1611 = CARTESIAN_POINT('',(2.742258177103,2.223302369723));
#1612 = CARTESIAN_POINT('',(2.756315946128,2.297706046033));
#1613 = CARTESIAN_POINT('',(2.776692512742,2.39485291747));
#1614 = CARTESIAN_POINT('',(2.782109451848,2.419770842024));
#1615 = CARTESIAN_POINT('',(2.787653149188,2.444373906433));
#1616 = CARTESIAN_POINT('',(2.7933235979,2.468649490238));
#1617 = CARTESIAN_POINT('',(2.799120841424,2.492584059624));
#1618 = CARTESIAN_POINT('',(2.81288111532,2.547352416786));
#1619 = CARTESIAN_POINT('',(2.820939189136,2.577919445182));
#1620 = CARTESIAN_POINT('',(2.82921950636,2.607830987221));
#1621 = CARTESIAN_POINT('',(2.837722223412,2.637049796257));
#1622 = CARTESIAN_POINT('',(2.846447341727,2.66553464439));
#1623 = CARTESIAN_POINT('',(2.867370464625,2.730323466685));
#1624 = CARTESIAN_POINT('',(2.879747181193,2.766019511849));
#1625 = CARTESIAN_POINT('',(2.892521034541,2.800207278927));
#1626 = CARTESIAN_POINT('',(2.905687534461,2.832758388889));
#1627 = CARTESIAN_POINT('',(2.919241658838,2.863536800814));
#1628 = CARTESIAN_POINT('',(2.950497427423,2.92826617289));
#1629 = CARTESIAN_POINT('',(2.96842361095,2.961207448091));
#1630 = CARTESIAN_POINT('',(2.986907012345,2.990849968462));
#1631 = CARTESIAN_POINT('',(3.005896048082,3.016861335925));
#1632 = CARTESIAN_POINT('',(3.02533718636,3.038945164915));
#1633 = CARTESIAN_POINT('',(3.076585044697,3.085166505079));
#1634 = CARTESIAN_POINT('',(3.108978699124,3.102977678507));
#1635 = CARTESIAN_POINT('',(3.141864063605,3.108993662949));
#1636 = CARTESIAN_POINT('',(3.174746883323,3.102812275028));
#1637 = CARTESIAN_POINT('',(3.207132736483,3.084841971554));
#1638 = CARTESIAN_POINT('',(3.258492076875,3.038263239345));
#1639 = CARTESIAN_POINT('',(3.278050866634,3.015915728969));
#1640 = CARTESIAN_POINT('',(3.297149676024,2.989595714684));
#1641 = CARTESIAN_POINT('',(3.315734456401,2.959605842101));
#1642 = CARTESIAN_POINT('',(3.333753166069,2.926284961765));
#1643 = CARTESIAN_POINT('',(3.365323091693,2.860482984548));
#1644 = CARTESIAN_POINT('',(3.379093113028,2.828974605536));
#1645 = CARTESIAN_POINT('',(3.392460492596,2.795638620292));
#1646 = CARTESIAN_POINT('',(3.405420176872,2.76061780016));
#1647 = CARTESIAN_POINT('',(3.417967668671,2.724046455496));
#1648 = CARTESIAN_POINT('',(3.43869983968,2.659113894734));
#1649 = CARTESIAN_POINT('',(3.447092888574,2.631456416396));
#1650 = CARTESIAN_POINT('',(3.455278220115,2.603118790849));
#1651 = CARTESIAN_POINT('',(3.463255856516,2.574137870481));
#1652 = CARTESIAN_POINT('',(3.471025943578,2.544547062879));
#1653 = CARTESIAN_POINT('',(3.484555399123,2.490573244472));
#1654 = CARTESIAN_POINT('',(3.490392986038,2.466409346991));
#1655 = CARTESIAN_POINT('',(3.496101606995,2.441899415083));
#1656 = CARTESIAN_POINT('',(3.501681304587,2.417057286355));
#1657 = CARTESIAN_POINT('',(3.507132068443,2.391895859327));
#1658 = CARTESIAN_POINT('',(3.527333492888,2.295216434954));
#1659 = CARTESIAN_POINT('',(3.541207288113,2.221591178597));
#1660 = CARTESIAN_POINT('',(3.554070424478,2.145823392537));
#1661 = CARTESIAN_POINT('',(3.56591437577,2.06814693904));
#1662 = CARTESIAN_POINT('',(3.576727804391,1.98875900464));
#1663 = CARTESIAN_POINT('',(3.603763778815,1.764778094153));
#1664 = CARTESIAN_POINT('',(3.617789419419,1.616731356469));
#1665 = CARTESIAN_POINT('',(3.628425194138,1.465062128543));
#1666 = CARTESIAN_POINT('',(3.635563031093,1.310982669892));
#1667 = CARTESIAN_POINT('',(3.639141177262,1.155601160445));
#1668 = CARTESIAN_POINT('',(3.639141177262,0.918027543876));
#1669 = CARTESIAN_POINT('',(3.638148132436,0.836065862493));
#1670 = CARTESIAN_POINT('',(3.636162438849,0.754293525417));
#1671 = CARTESIAN_POINT('',(3.633189595678,0.672893055486));
#1672 = CARTESIAN_POINT('',(3.629240142676,0.592051201591));
#1673 = CARTESIAN_POINT('',(3.61994419222,0.440432356226));
#1674 = CARTESIAN_POINT('',(3.614792465146,0.36950692753));
#1675 = CARTESIAN_POINT('',(3.608883600346,0.299288044579));
#1676 = CARTESIAN_POINT('',(3.602227881773,0.229888244018));
#1677 = CARTESIAN_POINT('',(3.594836492369,0.161427786439));
#1678 = CARTESIAN_POINT('',(3.584815984363,7.821208632004E-02));
#1679 = CARTESIAN_POINT('',(3.582870671396,6.244735602536E-02));
#1680 = CARTESIAN_POINT('',(3.580885497375,4.674224171364E-02));
#1681 = CARTESIAN_POINT('',(3.578860579874,3.109822030989E-02));
#1682 = CARTESIAN_POINT('',(3.576796030831,1.551677595386E-02));
#1683 = CARTESIAN_POINT('',(3.57469195654,-6.E-07));
#1684 = ( GEOMETRIC_REPRESENTATION_CONTEXT(2) 
PARAMETRIC_REPRESENTATION_CONTEXT() REPRESENTATION_CONTEXT('2D SPACE',''
  ) );
#1685 = PCURVE('',#685,#1686);
#1686 = DEFINITIONAL_REPRESENTATION('',(#1687),#1770);
#1687 = B_SPLINE_CURVE_WITH_KNOTS('',6,(#1688,#1689,#1690,#1691,#1692,
    #1693,#1694,#1695,#1696,#1697,#1698,#1699,#1700,#1701,#1702,#1703,
    #1704,#1705,#1706,#1707,#1708,#1709,#1710,#1711,#1712,#1713,#1714,
    #1715,#1716,#1717,#1718,#1719,#1720,#1721,#1722,#1723,#1724,#1725,
    #1726,#1727,#1728,#1729,#1730,#1731,#1732,#1733,#1734,#1735,#1736,
    #1737,#1738,#1739,#1740,#1741,#1742,#1743,#1744,#1745,#1746,#1747,
    #1748,#1749,#1750,#1751,#1752,#1753,#1754,#1755,#1756,#1757,#1758,
    #1759,#1760,#1761,#1762,#1763,#1764,#1765,#1766,#1767,#1768,#1769),
  .UNSPECIFIED.,.F.,.F.,(7,5,5,5,5,5,5,5,5,5,5,5,5,5,5,5,7),(0.,
    0.13356323739,0.210159035273,0.237017669134,0.272544909439,
    0.320096958977,0.379192487054,0.472760498342,0.532253832208,
    0.580686133855,0.615022348209,0.642111776274,0.717853805493,
    0.851715421178,0.922235238556,0.985213580852,1.),.UNSPECIFIED.);
#1688 = CARTESIAN_POINT('',(0.,5.133477014164));
#1689 = CARTESIAN_POINT('',(7.39345494572E-02,5.133477014164));
#1690 = CARTESIAN_POINT('',(0.147766607436,5.125995536793));
#1691 = CARTESIAN_POINT('',(0.221710699864,5.111070695049));
#1692 = CARTESIAN_POINT('',(0.29595816908,5.089198490765));
#1693 = CARTESIAN_POINT('',(0.370690364069,5.061330405631));
#1694 = CARTESIAN_POINT('',(0.489278621042,5.010076481421));
#1695 = CARTESIAN_POINT('',(0.532736717426,4.989836579392));
#1696 = CARTESIAN_POINT('',(0.576511103537,4.968254736754));
#1697 = CARTESIAN_POINT('',(0.620676130923,4.945577077933));
#1698 = CARTESIAN_POINT('',(0.665307772465,4.922078418221));
#1699 = CARTESIAN_POINT('',(0.72633395526,4.889641198547));
#1700 = CARTESIAN_POINT('',(0.742246191901,4.881155794336));
#1701 = CARTESIAN_POINT('',(0.758231152132,4.872619156257));
#1702 = CARTESIAN_POINT('',(0.77429288853,4.864044687229));
#1703 = CARTESIAN_POINT('',(0.790435523067,4.855446309223));
#1704 = CARTESIAN_POINT('',(0.828128458439,4.835452440664));
#1705 = CARTESIAN_POINT('',(0.849742396162,4.824049966179));
#1706 = CARTESIAN_POINT('',(0.871514902648,4.812664382753));
#1707 = CARTESIAN_POINT('',(0.893455554686,4.801331121308));
#1708 = CARTESIAN_POINT('',(0.915573663485,4.790087700741));
#1709 = CARTESIAN_POINT('',(0.96773226748,4.764098038681));
#1710 = CARTESIAN_POINT('',(0.997927461693,4.749450748738));
#1711 = CARTESIAN_POINT('',(1.028476757045,4.735131643879));
#1712 = CARTESIAN_POINT('',(1.059393996034,4.721245890566));
#1713 = CARTESIAN_POINT('',(1.090694688351,4.707902914063));
#1714 = CARTESIAN_POINT('',(1.161794599806,4.679447656766));
#1715 = CARTESIAN_POINT('',(1.2018496835,4.664677170981));
#1716 = CARTESIAN_POINT('',(1.242505211552,4.651161063783));
#1717 = CARTESIAN_POINT('',(1.283718567943,4.639142177543));
#1718 = CARTESIAN_POINT('',(1.325457774884,4.628839071045));
#1719 = CARTESIAN_POINT('',(1.434578350401,4.607131481238));
#1720 = CARTESIAN_POINT('',(1.502691421588,4.598595169338));
#1721 = CARTESIAN_POINT('',(1.571363113272,4.595667983029));
#1722 = CARTESIAN_POINT('',(1.640032032357,4.59867492562));
#1723 = CARTESIAN_POINT('',(1.708136288764,4.607286255762));
#1724 = CARTESIAN_POINT('',(1.817513696418,4.629157801394));
#1725 = CARTESIAN_POINT('',(1.8595172787,4.639581231447));
#1726 = CARTESIAN_POINT('',(1.90098619857,4.651738101298));
#1727 = CARTESIAN_POINT('',(1.941888745701,4.665405054163));
#1728 = CARTESIAN_POINT('',(1.982182343234,4.68033429803));
#1729 = CARTESIAN_POINT('',(2.054070050919,4.709231637972));
#1730 = CARTESIAN_POINT('',(2.085913879034,4.722872507192));
#1731 = CARTESIAN_POINT('',(2.117360790131,4.737067712834));
#1732 = CARTESIAN_POINT('',(2.148427536431,4.751702105306));
#1733 = CARTESIAN_POINT('',(2.179129122706,4.766665241725));
#1734 = CARTESIAN_POINT('',(2.230996686344,4.792619669875));
#1735 = CARTESIAN_POINT('',(2.25234099748,4.803501293305));
#1736 = CARTESIAN_POINT('',(2.273520775489,4.814461954536));
#1737 = CARTESIAN_POINT('',(2.294544458475,4.82546797616));
#1738 = CARTESIAN_POINT('',(2.315420698953,4.836487489965));
#1739 = CARTESIAN_POINT('',(2.352519267115,4.856171170843));
#1740 = CARTESIAN_POINT('',(2.368793834386,4.864841530566));
#1741 = CARTESIAN_POINT('',(2.384986364905,4.873486725336));
#1742 = CARTESIAN_POINT('',(2.401101084571,4.882092499121));
#1743 = CARTESIAN_POINT('',(2.417142145947,4.890645130619));
#1744 = CARTESIAN_POINT('',(2.477769885916,4.922859131797));
#1745 = CARTESIAN_POINT('',(2.521889909062,4.946072321095));
#1746 = CARTESIAN_POINT('',(2.565555138857,4.968477991654));
#1747 = CARTESIAN_POINT('',(2.608839015285,4.989810748553));
#1748 = CARTESIAN_POINT('',(2.651813433188,5.009832613953));
#1749 = CARTESIAN_POINT('',(2.770094258907,5.061028926885));
#1750 = CARTESIAN_POINT('',(2.844992692879,5.089009284399));
#1751 = CARTESIAN_POINT('',(2.91940210064,5.110973585999));
#1752 = CARTESIAN_POINT('',(2.993505715523,5.125962870812));
#1753 = CARTESIAN_POINT('',(3.067496862902,5.133477014164));
#1754 = CARTESIAN_POINT('',(3.180627156506,5.133477014164));
#1755 = CARTESIAN_POINT('',(3.219656537017,5.131391669389));
#1756 = CARTESIAN_POINT('',(3.258702778434,5.127221574659));
#1757 = CARTESIAN_POINT('',(3.297785968442,5.121007338614));
#1758 = CARTESIAN_POINT('',(3.336924881141,5.112827751162));
#1759 = CARTESIAN_POINT('',(3.411156785552,5.09384074974));
#1760 = CARTESIAN_POINT('',(3.446233188128,5.083408278196));
#1761 = CARTESIAN_POINT('',(3.481394753255,5.071578524942));
#1762 = CARTESIAN_POINT('',(3.516667700168,5.058448220313));
#1763 = CARTESIAN_POINT('',(3.552077501039,5.044131203221));
#1764 = CARTESIAN_POINT('',(3.596001794768,5.025147094008));
#1765 = CARTESIAN_POINT('',(3.604363025017,5.021478948847));
#1766 = CARTESIAN_POINT('',(3.612734031078,5.017753970886));
#1767 = CARTESIAN_POINT('',(3.621115268459,5.013973812898));
#1768 = CARTESIAN_POINT('',(3.629507208952,5.010140162114));
#1769 = CARTESIAN_POINT('',(3.637910340634,5.006254740222));
#1770 = ( GEOMETRIC_REPRESENTATION_CONTEXT(2) 
PARAMETRIC_REPRESENTATION_CONTEXT() REPRESENTATION_CONTEXT('2D SPACE',''
  ) );
#1771 = ORIENTED_EDGE('',*,*,#1772,.T.);
#1772 = EDGE_CURVE('',#1513,#1773,#1775,.T.);
#1773 = VERTEX_POINT('',#1774);
#1774 = CARTESIAN_POINT('',(-27.84661853126,6.,-15.00625489045));
#1775 = SURFACE_CURVE('',#1776,(#1781,#1788),.PCURVE_S1.);
#1776 = CIRCLE('',#1777,4.4);
#1777 = AXIS2_PLACEMENT_3D('',#1778,#1779,#1780);
#1778 = CARTESIAN_POINT('',(-26.,6.,-19.));
#1779 = DIRECTION('',(0.,1.,0.));
#1780 = DIRECTION('',(0.,-0.,1.));
#1781 = PCURVE('',#394,#1782);
#1782 = DEFINITIONAL_REPRESENTATION('',(#1783),#1787);
#1783 = LINE('',#1784,#1785);
#1784 = CARTESIAN_POINT('',(0.,0.));
#1785 = VECTOR('',#1786,1.);
#1786 = DIRECTION('',(1.,0.));
#1787 = ( GEOMETRIC_REPRESENTATION_CONTEXT(2) 
PARAMETRIC_REPRESENTATION_CONTEXT() REPRESENTATION_CONTEXT('2D SPACE',''
  ) );
#1788 = PCURVE('',#1789,#1794);
#1789 = PLANE('',#1790);
#1790 = AXIS2_PLACEMENT_3D('',#1791,#1792,#1793);
#1791 = CARTESIAN_POINT('',(-26.,6.,-19.));
#1792 = DIRECTION('',(0.,1.,0.));
#1793 = DIRECTION('',(0.,-0.,1.));
#1794 = DEFINITIONAL_REPRESENTATION('',(#1795),#1799);
#1795 = CIRCLE('',#1796,4.4);
#1796 = AXIS2_PLACEMENT_2D('',#1797,#1798);
#1797 = CARTESIAN_POINT('',(0.,0.));
#1798 = DIRECTION('',(1.,0.));
#1799 = ( GEOMETRIC_REPRESENTATION_CONTEXT(2) 
PARAMETRIC_REPRESENTATION_CONTEXT() REPRESENTATION_CONTEXT('2D SPACE',''
  ) );
#1800 = ORIENTED_EDGE('',*,*,#1801,.F.);
#1801 = EDGE_CURVE('',#1251,#1773,#1802,.T.);
#1802 = SURFACE_CURVE('',#1803,(#1851,#1902),.PCURVE_S1.);
#1803 = B_SPLINE_CURVE_WITH_KNOTS('',6,(#1804,#1805,#1806,#1807,#1808,
    #1809,#1810,#1811,#1812,#1813,#1814,#1815,#1816,#1817,#1818,#1819,
    #1820,#1821,#1822,#1823,#1824,#1825,#1826,#1827,#1828,#1829,#1830,
    #1831,#1832,#1833,#1834,#1835,#1836,#1837,#1838,#1839,#1840,#1841,
    #1842,#1843,#1844,#1845,#1846,#1847,#1848,#1849,#1850),
  .UNSPECIFIED.,.F.,.F.,(7,5,5,5,5,5,5,5,5,7),(0.,0.184946647513,
    0.269340518687,0.329171787327,0.376375443245,0.508356844889,
    0.741612328624,0.864493962999,0.974234485866,1.),.UNSPECIFIED.);
#1804 = CARTESIAN_POINT('',(-26.,9.1,-14.6));
#1805 = CARTESIAN_POINT('',(-26.16380996245,9.1,-14.6));
#1806 = CARTESIAN_POINT('',(-26.32640319533,9.084666391731,
    -14.60731837474));
#1807 = CARTESIAN_POINT('',(-26.48520764518,9.054426680445,
    -14.62175065671));
#1808 = CARTESIAN_POINT('',(-26.63773202584,9.01046674123,
    -14.64242288306));
#1809 = CARTESIAN_POINT('',(-26.78172584683,8.954724057265,
    -14.66784509565));
#1810 = CARTESIAN_POINT('',(-26.97631583051,8.860482984548,
    -14.70923163797));
#1811 = CARTESIAN_POINT('',(-27.03535791072,8.828974605536,
    -14.72287250719));
#1812 = CARTESIAN_POINT('',(-27.09244780489,8.795638620292,
    -14.73706771283));
#1813 = CARTESIAN_POINT('',(-27.14757073154,8.76061780016,-14.7517021053
    ));
#1814 = CARTESIAN_POINT('',(-27.20071899385,8.724046455496,
    -14.76666524172));
#1815 = CARTESIAN_POINT('',(-27.28817034769,8.659113894734,
    -14.79261966987));
#1816 = CARTESIAN_POINT('',(-27.32346230042,8.631456416396,
    -14.8035012933));
#1817 = CARTESIAN_POINT('',(-27.35777225464,8.603118790849,
    -14.81446195453));
#1818 = CARTESIAN_POINT('',(-27.39110624582,8.574137870481,
    -14.82546797616));
#1819 = CARTESIAN_POINT('',(-27.42347142378,8.544547062879,
    -14.83648748996));
#1820 = CARTESIAN_POINT('',(-27.47965261732,8.490573244472,
    -14.85617117084));
#1821 = CARTESIAN_POINT('',(-27.50383109089,8.466409346991,
    -14.86484153056));
#1822 = CARTESIAN_POINT('',(-27.5274153483,8.441899415083,
    -14.87348672533));
#1823 = CARTESIAN_POINT('',(-27.55040916521,8.417057286355,
    -14.88209249912));
#1824 = CARTESIAN_POINT('',(-27.57281621811,8.391895859327,
    -14.89064513061));
#1825 = CARTESIAN_POINT('',(-27.65565960462,8.295216434954,
    -14.92285913179));
#1826 = CARTESIAN_POINT('',(-27.71213053316,8.221591178597,
    -14.94607232109));
#1827 = CARTESIAN_POINT('',(-27.76411633213,8.145823392537,
    -14.96847799165));
#1828 = CARTESIAN_POINT('',(-27.81167054738,8.06814693904,
    -14.98981074855));
#1829 = CARTESIAN_POINT('',(-27.85483478419,7.98875900464,
    -15.00983261395));
#1830 = CARTESIAN_POINT('',(-27.96221267623,7.764778094153,
    -15.06102892688));
#1831 = CARTESIAN_POINT('',(-28.01724051274,7.616731356469,
    -15.08900928439));
#1832 = CARTESIAN_POINT('',(-28.05856678963,7.465062128543,
    -15.11097358599));
#1833 = CARTESIAN_POINT('',(-28.08616490785,7.310982669892,
    -15.12596287081));
#1834 = CARTESIAN_POINT('',(-28.1,7.155601160445,-15.13347701416));
#1835 = CARTESIAN_POINT('',(-28.1,6.918027543876,-15.13347701416));
#1836 = CARTESIAN_POINT('',(-28.09616030486,6.836065862492,
    -15.13139166938));
#1837 = CARTESIAN_POINT('',(-28.08848275745,6.754293525417,
    -15.12722157465));
#1838 = CARTESIAN_POINT('',(-28.07697247058,6.672893055486,
    -15.12100733861));
#1839 = CARTESIAN_POINT('',(-28.06163981924,6.592051201591,
    -15.11282775116));
#1840 = CARTESIAN_POINT('',(-28.02541162208,6.440432356226,
    -15.09384074974));
#1841 = CARTESIAN_POINT('',(-28.00528715145,6.36950692753,
    -15.08340827819));
#1842 = CARTESIAN_POINT('',(-27.98213457578,6.299288044579,
    -15.07157852494));
#1843 = CARTESIAN_POINT('',(-27.9559562522,6.229888244018,
    -15.05844822031));
#1844 = CARTESIAN_POINT('',(-27.92675297779,6.161427786439,
    -15.04413120322));
#1845 = CARTESIAN_POINT('',(-27.88695910339,6.07821208632,-15.025147094)
  );
#1846 = CARTESIAN_POINT('',(-27.87922553959,6.062447356025,
    -15.02147894884));
#1847 = CARTESIAN_POINT('',(-27.87132482402,6.046742241714,
    -15.01775397088));
#1848 = CARTESIAN_POINT('',(-27.86325681546,6.03109822031,
    -15.01397381289));
#1849 = CARTESIAN_POINT('',(-27.85502134306,6.015516775954,
    -15.01014016211));
#1850 = CARTESIAN_POINT('',(-27.84661820634,5.9999994,-15.00625474022));
#1851 = PCURVE('',#394,#1852);
#1852 = DEFINITIONAL_REPRESENTATION('',(#1853),#1901);
#1853 = B_SPLINE_CURVE_WITH_KNOTS('',6,(#1854,#1855,#1856,#1857,#1858,
    #1859,#1860,#1861,#1862,#1863,#1864,#1865,#1866,#1867,#1868,#1869,
    #1870,#1871,#1872,#1873,#1874,#1875,#1876,#1877,#1878,#1879,#1880,
    #1881,#1882,#1883,#1884,#1885,#1886,#1887,#1888,#1889,#1890,#1891,
    #1892,#1893,#1894,#1895,#1896,#1897,#1898,#1899,#1900),
  .UNSPECIFIED.,.F.,.F.,(7,5,5,5,5,5,5,5,5,7),(0.,0.184946647513,
    0.269340518687,0.329171787327,0.376375443245,0.508356844889,
    0.741612328624,0.864493962999,0.974234485866,1.),.UNSPECIFIED.);
#1854 = CARTESIAN_POINT('',(6.28318530718,3.1));
#1855 = CARTESIAN_POINT('',(6.245955770259,3.1));
#1856 = CARTESIAN_POINT('',(6.209002698362,3.084666391731));
#1857 = CARTESIAN_POINT('',(6.172818209483,3.054426680445));
#1858 = CARTESIAN_POINT('',(6.137880972149,3.01046674123));
#1859 = CARTESIAN_POINT('',(6.104669067527,2.954724057265));
#1860 = CARTESIAN_POINT('',(6.059454869077,2.860482984548));
#1861 = CARTESIAN_POINT('',(6.045684847742,2.828974605536));
#1862 = CARTESIAN_POINT('',(6.032317468174,2.795638620292));
#1863 = CARTESIAN_POINT('',(6.019357783898,2.76061780016));
#1864 = CARTESIAN_POINT('',(6.006810292098,2.724046455496));
#1865 = CARTESIAN_POINT('',(5.98607812109,2.659113894734));
#1866 = CARTESIAN_POINT('',(5.977685072196,2.631456416396));
#1867 = CARTESIAN_POINT('',(5.969499740654,2.603118790849));
#1868 = CARTESIAN_POINT('',(5.961522104254,2.574137870481));
#1869 = CARTESIAN_POINT('',(5.953752017191,2.544547062879));
#1870 = CARTESIAN_POINT('',(5.940222561647,2.490573244472));
#1871 = CARTESIAN_POINT('',(5.934384974731,2.466409346991));
#1872 = CARTESIAN_POINT('',(5.928676353774,2.441899415083));
#1873 = CARTESIAN_POINT('',(5.923096656182,2.417057286355));
#1874 = CARTESIAN_POINT('',(5.917645892326,2.391895859327));
#1875 = CARTESIAN_POINT('',(5.897444467882,2.295216434954));
#1876 = CARTESIAN_POINT('',(5.883570672656,2.221591178597));
#1877 = CARTESIAN_POINT('',(5.870707536291,2.145823392537));
#1878 = CARTESIAN_POINT('',(5.858863584999,2.06814693904));
#1879 = CARTESIAN_POINT('',(5.848050156379,1.98875900464));
#1880 = CARTESIAN_POINT('',(5.821014181955,1.764778094153));
#1881 = CARTESIAN_POINT('',(5.80698854135,1.616731356469));
#1882 = CARTESIAN_POINT('',(5.796352766632,1.465062128543));
#1883 = CARTESIAN_POINT('',(5.789214929677,1.310982669892));
#1884 = CARTESIAN_POINT('',(5.785636783508,1.155601160445));
#1885 = CARTESIAN_POINT('',(5.785636783508,0.918027543876));
#1886 = CARTESIAN_POINT('',(5.786629828333,0.836065862492));
#1887 = CARTESIAN_POINT('',(5.788615521921,0.754293525417));
#1888 = CARTESIAN_POINT('',(5.791588365091,0.672893055486));
#1889 = CARTESIAN_POINT('',(5.795537818094,0.592051201591));
#1890 = CARTESIAN_POINT('',(5.804833768549,0.440432356226));
#1891 = CARTESIAN_POINT('',(5.809985495624,0.36950692753));
#1892 = CARTESIAN_POINT('',(5.815894360423,0.299288044579));
#1893 = CARTESIAN_POINT('',(5.822550078996,0.229888244018));
#1894 = CARTESIAN_POINT('',(5.8299414684,0.161427786439));
#1895 = CARTESIAN_POINT('',(5.839961976406,7.821208632004E-02));
#1896 = CARTESIAN_POINT('',(5.841907289373,6.244735602536E-02));
#1897 = CARTESIAN_POINT('',(5.843892463395,4.674224171364E-02));
#1898 = CARTESIAN_POINT('',(5.845917380895,3.109822030989E-02));
#1899 = CARTESIAN_POINT('',(5.847981929939,1.551677595386E-02));
#1900 = CARTESIAN_POINT('',(5.850086004229,-6.E-07));
#1901 = ( GEOMETRIC_REPRESENTATION_CONTEXT(2) 
PARAMETRIC_REPRESENTATION_CONTEXT() REPRESENTATION_CONTEXT('2D SPACE',''
  ) );
#1902 = PCURVE('',#685,#1903);
#1903 = DEFINITIONAL_REPRESENTATION('',(#1904),#1952);
#1904 = B_SPLINE_CURVE_WITH_KNOTS('',6,(#1905,#1906,#1907,#1908,#1909,
    #1910,#1911,#1912,#1913,#1914,#1915,#1916,#1917,#1918,#1919,#1920,
    #1921,#1922,#1923,#1924,#1925,#1926,#1927,#1928,#1929,#1930,#1931,
    #1932,#1933,#1934,#1935,#1936,#1937,#1938,#1939,#1940,#1941,#1942,
    #1943,#1944,#1945,#1946,#1947,#1948,#1949,#1950,#1951),
  .UNSPECIFIED.,.F.,.F.,(7,5,5,5,5,5,5,5,5,7),(0.,0.184946647513,
    0.269340518687,0.329171787327,0.376375443245,0.508356844889,
    0.741612328624,0.864493962999,0.974234485866,1.),.UNSPECIFIED.);
#1905 = CARTESIAN_POINT('',(1.570796326795,13.4));
#1906 = CARTESIAN_POINT('',(1.648801070819,13.4));
#1907 = CARTESIAN_POINT('',(1.726226322559,13.392681625257));
#1908 = CARTESIAN_POINT('',(1.802702340881,13.378249343286));
#1909 = CARTESIAN_POINT('',(1.877831080844,13.357577116938));
#1910 = CARTESIAN_POINT('',(1.95111304303,13.332154904347));
#1911 = CARTESIAN_POINT('',(2.054070050919,13.290768362028));
#1912 = CARTESIAN_POINT('',(2.085913879034,13.277127492808));
#1913 = CARTESIAN_POINT('',(2.117360790131,13.262932287166));
#1914 = CARTESIAN_POINT('',(2.148427536431,13.248297894694));
#1915 = CARTESIAN_POINT('',(2.179129122706,13.233334758275));
#1916 = CARTESIAN_POINT('',(2.230996686344,13.207380330125));
#1917 = CARTESIAN_POINT('',(2.25234099748,13.196498706695));
#1918 = CARTESIAN_POINT('',(2.273520775489,13.185538045464));
#1919 = CARTESIAN_POINT('',(2.294544458475,13.17453202384));
#1920 = CARTESIAN_POINT('',(2.315420698953,13.163512510035));
#1921 = CARTESIAN_POINT('',(2.352519267115,13.143828829157));
#1922 = CARTESIAN_POINT('',(2.368793834386,13.135158469434));
#1923 = CARTESIAN_POINT('',(2.384986364905,13.126513274664));
#1924 = CARTESIAN_POINT('',(2.401101084571,13.117907500879));
#1925 = CARTESIAN_POINT('',(2.417142145947,13.109354869381));
#1926 = CARTESIAN_POINT('',(2.477769885916,13.077140868203));
#1927 = CARTESIAN_POINT('',(2.521889909062,13.053927678905));
#1928 = CARTESIAN_POINT('',(2.565555138857,13.031522008346));
#1929 = CARTESIAN_POINT('',(2.608839015285,13.010189251447));
#1930 = CARTESIAN_POINT('',(2.651813433188,12.990167386047));
#1931 = CARTESIAN_POINT('',(2.770094258907,12.938971073115));
#1932 = CARTESIAN_POINT('',(2.844992692879,12.910990715601));
#1933 = CARTESIAN_POINT('',(2.91940210064,12.889026414001));
#1934 = CARTESIAN_POINT('',(2.993505715523,12.874037129188));
#1935 = CARTESIAN_POINT('',(3.067496862902,12.866522985836));
#1936 = CARTESIAN_POINT('',(3.180627156506,12.866522985836));
#1937 = CARTESIAN_POINT('',(3.219656537017,12.868608330611));
#1938 = CARTESIAN_POINT('',(3.258702778434,12.872778425341));
#1939 = CARTESIAN_POINT('',(3.297785968442,12.878992661386));
#1940 = CARTESIAN_POINT('',(3.336924881141,12.887172248838));
#1941 = CARTESIAN_POINT('',(3.411156785552,12.90615925026));
#1942 = CARTESIAN_POINT('',(3.446233188128,12.916591721804));
#1943 = CARTESIAN_POINT('',(3.481394753255,12.928421475058));
#1944 = CARTESIAN_POINT('',(3.516667700168,12.941551779687));
#1945 = CARTESIAN_POINT('',(3.552077501039,12.955868796779));
#1946 = CARTESIAN_POINT('',(3.596001794768,12.974852905992));
#1947 = CARTESIAN_POINT('',(3.604363025017,12.978521051153));
#1948 = CARTESIAN_POINT('',(3.612734031078,12.982246029114));
#1949 = CARTESIAN_POINT('',(3.621115268459,12.986026187102));
#1950 = CARTESIAN_POINT('',(3.629507208952,12.989859837886));
#1951 = CARTESIAN_POINT('',(3.637910340634,12.993745259778));
#1952 = ( GEOMETRIC_REPRESENTATION_CONTEXT(2) 
PARAMETRIC_REPRESENTATION_CONTEXT() REPRESENTATION_CONTEXT('2D SPACE',''
  ) );
#1953 = ORIENTED_EDGE('',*,*,#1250,.T.);
#1954 = ADVANCED_FACE('',(#1955),#425,.F.);
#1955 = FACE_BOUND('',#1956,.F.);
#1956 = EDGE_LOOP('',(#1957,#1958,#1981,#2008));
#1957 = ORIENTED_EDGE('',*,*,#408,.F.);
#1958 = ORIENTED_EDGE('',*,*,#1959,.F.);
#1959 = EDGE_CURVE('',#1960,#409,#1962,.T.);
#1960 = VERTEX_POINT('',#1961);
#1961 = CARTESIAN_POINT('',(-14.,6.,-14.6));
#1962 = SEAM_CURVE('',#1963,(#1967,#1974),.PCURVE_S1.);
#1963 = LINE('',#1964,#1965);
#1964 = CARTESIAN_POINT('',(-14.,6.,-14.6));
#1965 = VECTOR('',#1966,1.);
#1966 = DIRECTION('',(0.,1.,0.));
#1967 = PCURVE('',#425,#1968);
#1968 = DEFINITIONAL_REPRESENTATION('',(#1969),#1973);
#1969 = LINE('',#1970,#1971);
#1970 = CARTESIAN_POINT('',(6.28318530718,-0.));
#1971 = VECTOR('',#1972,1.);
#1972 = DIRECTION('',(0.,1.));
#1973 = ( GEOMETRIC_REPRESENTATION_CONTEXT(2) 
PARAMETRIC_REPRESENTATION_CONTEXT() REPRESENTATION_CONTEXT('2D SPACE',''
  ) );
#1974 = PCURVE('',#425,#1975);
#1975 = DEFINITIONAL_REPRESENTATION('',(#1976),#1980);
#1976 = LINE('',#1977,#1978);
#1977 = CARTESIAN_POINT('',(0.,-0.));
#1978 = VECTOR('',#1979,1.);
#1979 = DIRECTION('',(0.,1.));
#1980 = ( GEOMETRIC_REPRESENTATION_CONTEXT(2) 
PARAMETRIC_REPRESENTATION_CONTEXT() REPRESENTATION_CONTEXT('2D SPACE',''
  ) );
#1981 = ORIENTED_EDGE('',*,*,#1982,.T.);
#1982 = EDGE_CURVE('',#1960,#1960,#1983,.T.);
#1983 = SURFACE_CURVE('',#1984,(#1989,#1996),.PCURVE_S1.);
#1984 = CIRCLE('',#1985,4.4);
#1985 = AXIS2_PLACEMENT_3D('',#1986,#1987,#1988);
#1986 = CARTESIAN_POINT('',(-14.,6.,-19.));
#1987 = DIRECTION('',(0.,1.,0.));
#1988 = DIRECTION('',(0.,-0.,1.));
#1989 = PCURVE('',#425,#1990);
#1990 = DEFINITIONAL_REPRESENTATION('',(#1991),#1995);
#1991 = LINE('',#1992,#1993);
#1992 = CARTESIAN_POINT('',(0.,0.));
#1993 = VECTOR('',#1994,1.);
#1994 = DIRECTION('',(1.,0.));
#1995 = ( GEOMETRIC_REPRESENTATION_CONTEXT(2) 
PARAMETRIC_REPRESENTATION_CONTEXT() REPRESENTATION_CONTEXT('2D SPACE',''
  ) );
#1996 = PCURVE('',#1997,#2002);
#1997 = PLANE('',#1998);
#1998 = AXIS2_PLACEMENT_3D('',#1999,#2000,#2001);
#1999 = CARTESIAN_POINT('',(-14.,6.,-19.));
#2000 = DIRECTION('',(0.,1.,0.));
#2001 = DIRECTION('',(0.,-0.,1.));
#2002 = DEFINITIONAL_REPRESENTATION('',(#2003),#2007);
#2003 = CIRCLE('',#2004,4.4);
#2004 = AXIS2_PLACEMENT_2D('',#2005,#2006);
#2005 = CARTESIAN_POINT('',(0.,0.));
#2006 = DIRECTION('',(1.,0.));
#2007 = ( GEOMETRIC_REPRESENTATION_CONTEXT(2) 
PARAMETRIC_REPRESENTATION_CONTEXT() REPRESENTATION_CONTEXT('2D SPACE',''
  ) );
#2008 = ORIENTED_EDGE('',*,*,#1959,.T.);
#2009 = ADVANCED_FACE('',(#2010,#2059),#539,.T.);
#2010 = FACE_BOUND('',#2011,.T.);
#2011 = EDGE_LOOP('',(#2012,#2013,#2014,#2015,#2038));
#2012 = ORIENTED_EDGE('',*,*,#523,.F.);
#2013 = ORIENTED_EDGE('',*,*,#1175,.T.);
#2014 = ORIENTED_EDGE('',*,*,#1225,.T.);
#2015 = ORIENTED_EDGE('',*,*,#2016,.T.);
#2016 = EDGE_CURVE('',#1021,#2017,#2019,.T.);
#2017 = VERTEX_POINT('',#2018);
#2018 = CARTESIAN_POINT('',(42.,22.,-10.));
#2019 = SURFACE_CURVE('',#2020,(#2024,#2031),.PCURVE_S1.);
#2020 = LINE('',#2021,#2022);
#2021 = CARTESIAN_POINT('',(-42.,22.,-10.));
#2022 = VECTOR('',#2023,1.);
#2023 = DIRECTION('',(1.,0.,-0.));
#2024 = PCURVE('',#539,#2025);
#2025 = DEFINITIONAL_REPRESENTATION('',(#2026),#2030);
#2026 = LINE('',#2027,#2028);
#2027 = CARTESIAN_POINT('',(18.,0.));
#2028 = VECTOR('',#2029,1.);
#2029 = DIRECTION('',(0.,1.));
#2030 = ( GEOMETRIC_REPRESENTATION_CONTEXT(2) 
PARAMETRIC_REPRESENTATION_CONTEXT() REPRESENTATION_CONTEXT('2D SPACE',''
  ) );
#2031 = PCURVE('',#1037,#2032);
#2032 = DEFINITIONAL_REPRESENTATION('',(#2033),#2037);
#2033 = LINE('',#2034,#2035);
#2034 = CARTESIAN_POINT('',(0.,44.));
#2035 = VECTOR('',#2036,1.);
#2036 = DIRECTION('',(1.,0.));
#2037 = ( GEOMETRIC_REPRESENTATION_CONTEXT(2) 
PARAMETRIC_REPRESENTATION_CONTEXT() REPRESENTATION_CONTEXT('2D SPACE',''
  ) );
#2038 = ORIENTED_EDGE('',*,*,#2039,.F.);
#2039 = EDGE_CURVE('',#496,#2017,#2040,.T.);
#2040 = SURFACE_CURVE('',#2041,(#2045,#2052),.PCURVE_S1.);
#2041 = LINE('',#2042,#2043);
#2042 = CARTESIAN_POINT('',(42.,22.,-28.));
#2043 = VECTOR('',#2044,1.);
#2044 = DIRECTION('',(0.,0.,1.));
#2045 = PCURVE('',#539,#2046);
#2046 = DEFINITIONAL_REPRESENTATION('',(#2047),#2051);
#2047 = LINE('',#2048,#2049);
#2048 = CARTESIAN_POINT('',(0.,84.));
#2049 = VECTOR('',#2050,1.);
#2050 = DIRECTION('',(1.,0.));
#2051 = ( GEOMETRIC_REPRESENTATION_CONTEXT(2) 
PARAMETRIC_REPRESENTATION_CONTEXT() REPRESENTATION_CONTEXT('2D SPACE',''
  ) );
#2052 = PCURVE('',#511,#2053);
#2053 = DEFINITIONAL_REPRESENTATION('',(#2054),#2058);
#2054 = LINE('',#2055,#2056);
#2055 = CARTESIAN_POINT('',(0.,-44.));
#2056 = VECTOR('',#2057,1.);
#2057 = DIRECTION('',(1.,0.));
#2058 = ( GEOMETRIC_REPRESENTATION_CONTEXT(2) 
PARAMETRIC_REPRESENTATION_CONTEXT() REPRESENTATION_CONTEXT('2D SPACE',''
  ) );
#2059 = FACE_BOUND('',#2060,.T.);
#2060 = EDGE_LOOP('',(#2061));
#2061 = ORIENTED_EDGE('',*,*,#2062,.F.);
#2062 = EDGE_CURVE('',#2063,#2063,#2065,.T.);
#2063 = VERTEX_POINT('',#2064);
#2064 = CARTESIAN_POINT('',(26.,22.,-14.6));
#2065 = SURFACE_CURVE('',#2066,(#2071,#2078),.PCURVE_S1.);
#2066 = CIRCLE('',#2067,4.4);
#2067 = AXIS2_PLACEMENT_3D('',#2068,#2069,#2070);
#2068 = CARTESIAN_POINT('',(26.,22.,-19.));
#2069 = DIRECTION('',(0.,1.,0.));
#2070 = DIRECTION('',(0.,-0.,1.));
#2071 = PCURVE('',#539,#2072);
#2072 = DEFINITIONAL_REPRESENTATION('',(#2073),#2077);
#2073 = CIRCLE('',#2074,4.4);
#2074 = AXIS2_PLACEMENT_2D('',#2075,#2076);
#2075 = CARTESIAN_POINT('',(9.,68.));
#2076 = DIRECTION('',(1.,0.));
#2077 = ( GEOMETRIC_REPRESENTATION_CONTEXT(2) 
PARAMETRIC_REPRESENTATION_CONTEXT() REPRESENTATION_CONTEXT('2D SPACE',''
  ) );
#2078 = PCURVE('',#2079,#2084);
#2079 = CYLINDRICAL_SURFACE('',#2080,4.4);
#2080 = AXIS2_PLACEMENT_3D('',#2081,#2082,#2083);
#2081 = CARTESIAN_POINT('',(26.,6.,-19.));
#2082 = DIRECTION('',(0.,1.,0.));
#2083 = DIRECTION('',(0.,-0.,1.));
#2084 = DEFINITIONAL_REPRESENTATION('',(#2085),#2089);
#2085 = LINE('',#2086,#2087);
#2086 = CARTESIAN_POINT('',(0.,16.));
#2087 = VECTOR('',#2088,1.);
#2088 = DIRECTION('',(1.,0.));
#2089 = ( GEOMETRIC_REPRESENTATION_CONTEXT(2) 
PARAMETRIC_REPRESENTATION_CONTEXT() REPRESENTATION_CONTEXT('2D SPACE',''
  ) );
#2090 = ADVANCED_FACE('',(#2091),#511,.T.);
#2091 = FACE_BOUND('',#2092,.T.);
#2092 = EDGE_LOOP('',(#2093,#2116,#2117,#2118));
#2093 = ORIENTED_EDGE('',*,*,#2094,.F.);
#2094 = EDGE_CURVE('',#468,#2095,#2097,.T.);
#2095 = VERTEX_POINT('',#2096);
#2096 = CARTESIAN_POINT('',(42.,-22.,-10.));
#2097 = SURFACE_CURVE('',#2098,(#2102,#2109),.PCURVE_S1.);
#2098 = LINE('',#2099,#2100);
#2099 = CARTESIAN_POINT('',(42.,-22.,-28.));
#2100 = VECTOR('',#2101,1.);
#2101 = DIRECTION('',(0.,0.,1.));
#2102 = PCURVE('',#511,#2103);
#2103 = DEFINITIONAL_REPRESENTATION('',(#2104),#2108);
#2104 = LINE('',#2105,#2106);
#2105 = CARTESIAN_POINT('',(0.,0.));
#2106 = VECTOR('',#2107,1.);
#2107 = DIRECTION('',(1.,0.));
#2108 = ( GEOMETRIC_REPRESENTATION_CONTEXT(2) 
PARAMETRIC_REPRESENTATION_CONTEXT() REPRESENTATION_CONTEXT('2D SPACE',''
  ) );
#2109 = PCURVE('',#483,#2110);
#2110 = DEFINITIONAL_REPRESENTATION('',(#2111),#2115);
#2111 = LINE('',#2112,#2113);
#2112 = CARTESIAN_POINT('',(0.,84.));
#2113 = VECTOR('',#2114,1.);
#2114 = DIRECTION('',(1.,0.));
#2115 = ( GEOMETRIC_REPRESENTATION_CONTEXT(2) 
PARAMETRIC_REPRESENTATION_CONTEXT() REPRESENTATION_CONTEXT('2D SPACE',''
  ) );
#2116 = ORIENTED_EDGE('',*,*,#495,.T.);
#2117 = ORIENTED_EDGE('',*,*,#2039,.T.);
#2118 = ORIENTED_EDGE('',*,*,#2119,.F.);
#2119 = EDGE_CURVE('',#2095,#2017,#2120,.T.);
#2120 = SURFACE_CURVE('',#2121,(#2125,#2132),.PCURVE_S1.);
#2121 = LINE('',#2122,#2123);
#2122 = CARTESIAN_POINT('',(42.,-22.,-10.));
#2123 = VECTOR('',#2124,1.);
#2124 = DIRECTION('',(-0.,1.,0.));
#2125 = PCURVE('',#511,#2126);
#2126 = DEFINITIONAL_REPRESENTATION('',(#2127),#2131);
#2127 = LINE('',#2128,#2129);
#2128 = CARTESIAN_POINT('',(18.,0.));
#2129 = VECTOR('',#2130,1.);
#2130 = DIRECTION('',(0.,-1.));
#2131 = ( GEOMETRIC_REPRESENTATION_CONTEXT(2) 
PARAMETRIC_REPRESENTATION_CONTEXT() REPRESENTATION_CONTEXT('2D SPACE',''
  ) );
#2132 = PCURVE('',#1037,#2133);
#2133 = DEFINITIONAL_REPRESENTATION('',(#2134),#2138);
#2134 = LINE('',#2135,#2136);
#2135 = CARTESIAN_POINT('',(84.,0.));
#2136 = VECTOR('',#2137,1.);
#2137 = DIRECTION('',(0.,1.));
#2138 = ( GEOMETRIC_REPRESENTATION_CONTEXT(2) 
PARAMETRIC_REPRESENTATION_CONTEXT() REPRESENTATION_CONTEXT('2D SPACE',''
  ) );
#2139 = ADVANCED_FACE('',(#2140),#483,.F.);
#2140 = FACE_BOUND('',#2141,.F.);
#2141 = EDGE_LOOP('',(#2142,#2143,#2144,#2145,#2166));
#2142 = ORIENTED_EDGE('',*,*,#467,.F.);
#2143 = ORIENTED_EDGE('',*,*,#870,.T.);
#2144 = ORIENTED_EDGE('',*,*,#941,.T.);
#2145 = ORIENTED_EDGE('',*,*,#2146,.T.);
#2146 = EDGE_CURVE('',#918,#2095,#2147,.T.);
#2147 = SURFACE_CURVE('',#2148,(#2152,#2159),.PCURVE_S1.);
#2148 = LINE('',#2149,#2150);
#2149 = CARTESIAN_POINT('',(-42.,-22.,-10.));
#2150 = VECTOR('',#2151,1.);
#2151 = DIRECTION('',(1.,0.,-0.));
#2152 = PCURVE('',#483,#2153);
#2153 = DEFINITIONAL_REPRESENTATION('',(#2154),#2158);
#2154 = LINE('',#2155,#2156);
#2155 = CARTESIAN_POINT('',(18.,0.));
#2156 = VECTOR('',#2157,1.);
#2157 = DIRECTION('',(0.,1.));
#2158 = ( GEOMETRIC_REPRESENTATION_CONTEXT(2) 
PARAMETRIC_REPRESENTATION_CONTEXT() REPRESENTATION_CONTEXT('2D SPACE',''
  ) );
#2159 = PCURVE('',#1037,#2160);
#2160 = DEFINITIONAL_REPRESENTATION('',(#2161),#2165);
#2161 = LINE('',#2162,#2163);
#2162 = CARTESIAN_POINT('',(0.,0.));
#2163 = VECTOR('',#2164,1.);
#2164 = DIRECTION('',(1.,0.));
#2165 = ( GEOMETRIC_REPRESENTATION_CONTEXT(2) 
PARAMETRIC_REPRESENTATION_CONTEXT() REPRESENTATION_CONTEXT('2D SPACE',''
  ) );
#2166 = ORIENTED_EDGE('',*,*,#2094,.F.);
#2167 = ADVANCED_FACE('',(#2168),#592,.F.);
#2168 = FACE_BOUND('',#2169,.F.);
#2169 = EDGE_LOOP('',(#2170,#2199,#2220,#2221));
#2170 = ORIENTED_EDGE('',*,*,#2171,.F.);
#2171 = EDGE_CURVE('',#2172,#2172,#2174,.T.);
#2172 = VERTEX_POINT('',#2173);
#2173 = CARTESIAN_POINT('',(-23.9,-7.,-13.));
#2174 = SURFACE_CURVE('',#2175,(#2180,#2187),.PCURVE_S1.);
#2175 = CIRCLE('',#2176,2.1);
#2176 = AXIS2_PLACEMENT_3D('',#2177,#2178,#2179);
#2177 = CARTESIAN_POINT('',(-26.,-7.,-13.));
#2178 = DIRECTION('',(0.,0.,1.));
#2179 = DIRECTION('',(1.,0.,-0.));
#2180 = PCURVE('',#592,#2181);
#2181 = DEFINITIONAL_REPRESENTATION('',(#2182),#2186);
#2182 = LINE('',#2183,#2184);
#2183 = CARTESIAN_POINT('',(0.,15.));
#2184 = VECTOR('',#2185,1.);
#2185 = DIRECTION('',(1.,0.));
#2186 = ( GEOMETRIC_REPRESENTATION_CONTEXT(2) 
PARAMETRIC_REPRESENTATION_CONTEXT() REPRESENTATION_CONTEXT('2D SPACE',''
  ) );
#2187 = PCURVE('',#2188,#2193);
#2188 = PLANE('',#2189);
#2189 = AXIS2_PLACEMENT_3D('',#2190,#2191,#2192);
#2190 = CARTESIAN_POINT('',(-26.,-7.,-13.));
#2191 = DIRECTION('',(0.,0.,1.));
#2192 = DIRECTION('',(1.,0.,-0.));
#2193 = DEFINITIONAL_REPRESENTATION('',(#2194),#2198);
#2194 = CIRCLE('',#2195,2.1);
#2195 = AXIS2_PLACEMENT_2D('',#2196,#2197);
#2196 = CARTESIAN_POINT('',(0.,0.));
#2197 = DIRECTION('',(1.,0.));
#2198 = ( GEOMETRIC_REPRESENTATION_CONTEXT(2) 
PARAMETRIC_REPRESENTATION_CONTEXT() REPRESENTATION_CONTEXT('2D SPACE',''
  ) );
#2199 = ORIENTED_EDGE('',*,*,#2200,.F.);
#2200 = EDGE_CURVE('',#576,#2172,#2201,.T.);
#2201 = SEAM_CURVE('',#2202,(#2206,#2213),.PCURVE_S1.);
#2202 = LINE('',#2203,#2204);
#2203 = CARTESIAN_POINT('',(-23.9,-7.,-28.));
#2204 = VECTOR('',#2205,1.);
#2205 = DIRECTION('',(0.,0.,1.));
#2206 = PCURVE('',#592,#2207);
#2207 = DEFINITIONAL_REPRESENTATION('',(#2208),#2212);
#2208 = LINE('',#2209,#2210);
#2209 = CARTESIAN_POINT('',(6.28318530718,-0.));
#2210 = VECTOR('',#2211,1.);
#2211 = DIRECTION('',(0.,1.));
#2212 = ( GEOMETRIC_REPRESENTATION_CONTEXT(2) 
PARAMETRIC_REPRESENTATION_CONTEXT() REPRESENTATION_CONTEXT('2D SPACE',''
  ) );
#2213 = PCURVE('',#592,#2214);
#2214 = DEFINITIONAL_REPRESENTATION('',(#2215),#2219);
#2215 = LINE('',#2216,#2217);
#2216 = CARTESIAN_POINT('',(0.,-0.));
#2217 = VECTOR('',#2218,1.);
#2218 = DIRECTION('',(0.,1.));
#2219 = ( GEOMETRIC_REPRESENTATION_CONTEXT(2) 
PARAMETRIC_REPRESENTATION_CONTEXT() REPRESENTATION_CONTEXT('2D SPACE',''
  ) );
#2220 = ORIENTED_EDGE('',*,*,#575,.T.);
#2221 = ORIENTED_EDGE('',*,*,#2200,.T.);
#2222 = ADVANCED_FACE('',(#2223),#623,.F.);
#2223 = FACE_BOUND('',#2224,.F.);
#2224 = EDGE_LOOP('',(#2225,#2254,#2275,#2276));
#2225 = ORIENTED_EDGE('',*,*,#2226,.F.);
#2226 = EDGE_CURVE('',#2227,#2227,#2229,.T.);
#2227 = VERTEX_POINT('',#2228);
#2228 = CARTESIAN_POINT('',(28.1,-7.,-13.));
#2229 = SURFACE_CURVE('',#2230,(#2235,#2242),.PCURVE_S1.);
#2230 = CIRCLE('',#2231,2.1);
#2231 = AXIS2_PLACEMENT_3D('',#2232,#2233,#2234);
#2232 = CARTESIAN_POINT('',(26.,-7.,-13.));
#2233 = DIRECTION('',(0.,0.,1.));
#2234 = DIRECTION('',(1.,0.,-0.));
#2235 = PCURVE('',#623,#2236);
#2236 = DEFINITIONAL_REPRESENTATION('',(#2237),#2241);
#2237 = LINE('',#2238,#2239);
#2238 = CARTESIAN_POINT('',(0.,15.));
#2239 = VECTOR('',#2240,1.);
#2240 = DIRECTION('',(1.,0.));
#2241 = ( GEOMETRIC_REPRESENTATION_CONTEXT(2) 
PARAMETRIC_REPRESENTATION_CONTEXT() REPRESENTATION_CONTEXT('2D SPACE',''
  ) );
#2242 = PCURVE('',#2243,#2248);
#2243 = PLANE('',#2244);
#2244 = AXIS2_PLACEMENT_3D('',#2245,#2246,#2247);
#2245 = CARTESIAN_POINT('',(26.,-7.,-13.));
#2246 = DIRECTION('',(0.,0.,1.));
#2247 = DIRECTION('',(1.,0.,-0.));
#2248 = DEFINITIONAL_REPRESENTATION('',(#2249),#2253);
#2249 = CIRCLE('',#2250,2.1);
#2250 = AXIS2_PLACEMENT_2D('',#2251,#2252);
#2251 = CARTESIAN_POINT('',(0.,0.));
#2252 = DIRECTION('',(1.,0.));
#2253 = ( GEOMETRIC_REPRESENTATION_CONTEXT(2) 
PARAMETRIC_REPRESENTATION_CONTEXT() REPRESENTATION_CONTEXT('2D SPACE',''
  ) );
#2254 = ORIENTED_EDGE('',*,*,#2255,.F.);
#2255 = EDGE_CURVE('',#607,#2227,#2256,.T.);
#2256 = SEAM_CURVE('',#2257,(#2261,#2268),.PCURVE_S1.);
#2257 = LINE('',#2258,#2259);
#2258 = CARTESIAN_POINT('',(28.1,-7.,-28.));
#2259 = VECTOR('',#2260,1.);
#2260 = DIRECTION('',(0.,0.,1.));
#2261 = PCURVE('',#623,#2262);
#2262 = DEFINITIONAL_REPRESENTATION('',(#2263),#2267);
#2263 = LINE('',#2264,#2265);
#2264 = CARTESIAN_POINT('',(6.28318530718,-0.));
#2265 = VECTOR('',#2266,1.);
#2266 = DIRECTION('',(0.,1.));
#2267 = ( GEOMETRIC_REPRESENTATION_CONTEXT(2) 
PARAMETRIC_REPRESENTATION_CONTEXT() REPRESENTATION_CONTEXT('2D SPACE',''
  ) );
#2268 = PCURVE('',#623,#2269);
#2269 = DEFINITIONAL_REPRESENTATION('',(#2270),#2274);
#2270 = LINE('',#2271,#2272);
#2271 = CARTESIAN_POINT('',(0.,-0.));
#2272 = VECTOR('',#2273,1.);
#2273 = DIRECTION('',(0.,1.));
#2274 = ( GEOMETRIC_REPRESENTATION_CONTEXT(2) 
PARAMETRIC_REPRESENTATION_CONTEXT() REPRESENTATION_CONTEXT('2D SPACE',''
  ) );
#2275 = ORIENTED_EDGE('',*,*,#606,.T.);
#2276 = ORIENTED_EDGE('',*,*,#2255,.T.);
#2277 = ADVANCED_FACE('',(#2278),#654,.F.);
#2278 = FACE_BOUND('',#2279,.F.);
#2279 = EDGE_LOOP('',(#2280,#2309,#2330,#2331));
#2280 = ORIENTED_EDGE('',*,*,#2281,.F.);
#2281 = EDGE_CURVE('',#2282,#2282,#2284,.T.);
#2282 = VERTEX_POINT('',#2283);
#2283 = CARTESIAN_POINT('',(-21.7,2.253350110431E-15,-6.5));
#2284 = SURFACE_CURVE('',#2285,(#2290,#2297),.PCURVE_S1.);
#2285 = CIRCLE('',#2286,3.3);
#2286 = AXIS2_PLACEMENT_3D('',#2287,#2288,#2289);
#2287 = CARTESIAN_POINT('',(-25.,3.061616997868E-15,-6.5));
#2288 = DIRECTION('',(0.,0.,1.));
#2289 = DIRECTION('',(1.,0.,-0.));
#2290 = PCURVE('',#654,#2291);
#2291 = DEFINITIONAL_REPRESENTATION('',(#2292),#2296);
#2292 = LINE('',#2293,#2294);
#2293 = CARTESIAN_POINT('',(0.,21.5));
#2294 = VECTOR('',#2295,1.);
#2295 = DIRECTION('',(1.,0.));
#2296 = ( GEOMETRIC_REPRESENTATION_CONTEXT(2) 
PARAMETRIC_REPRESENTATION_CONTEXT() REPRESENTATION_CONTEXT('2D SPACE',''
  ) );
#2297 = PCURVE('',#2298,#2303);
#2298 = PLANE('',#2299);
#2299 = AXIS2_PLACEMENT_3D('',#2300,#2301,#2302);
#2300 = CARTESIAN_POINT('',(-25.,3.061616997868E-15,-6.5));
#2301 = DIRECTION('',(0.,0.,1.));
#2302 = DIRECTION('',(1.,0.,-0.));
#2303 = DEFINITIONAL_REPRESENTATION('',(#2304),#2308);
#2304 = CIRCLE('',#2305,3.3);
#2305 = AXIS2_PLACEMENT_2D('',#2306,#2307);
#2306 = CARTESIAN_POINT('',(0.,0.));
#2307 = DIRECTION('',(1.,0.));
#2308 = ( GEOMETRIC_REPRESENTATION_CONTEXT(2) 
PARAMETRIC_REPRESENTATION_CONTEXT() REPRESENTATION_CONTEXT('2D SPACE',''
  ) );
#2309 = ORIENTED_EDGE('',*,*,#2310,.F.);
#2310 = EDGE_CURVE('',#638,#2282,#2311,.T.);
#2311 = SEAM_CURVE('',#2312,(#2316,#2323),.PCURVE_S1.);
#2312 = LINE('',#2313,#2314);
#2313 = CARTESIAN_POINT('',(-21.7,2.253350110431E-15,-28.));
#2314 = VECTOR('',#2315,1.);
#2315 = DIRECTION('',(0.,0.,1.));
#2316 = PCURVE('',#654,#2317);
#2317 = DEFINITIONAL_REPRESENTATION('',(#2318),#2322);
#2318 = LINE('',#2319,#2320);
#2319 = CARTESIAN_POINT('',(6.28318530718,-0.));
#2320 = VECTOR('',#2321,1.);
#2321 = DIRECTION('',(0.,1.));
#2322 = ( GEOMETRIC_REPRESENTATION_CONTEXT(2) 
PARAMETRIC_REPRESENTATION_CONTEXT() REPRESENTATION_CONTEXT('2D SPACE',''
  ) );
#2323 = PCURVE('',#654,#2324);
#2324 = DEFINITIONAL_REPRESENTATION('',(#2325),#2329);
#2325 = LINE('',#2326,#2327);
#2326 = CARTESIAN_POINT('',(0.,-0.));
#2327 = VECTOR('',#2328,1.);
#2328 = DIRECTION('',(0.,1.));
#2329 = ( GEOMETRIC_REPRESENTATION_CONTEXT(2) 
PARAMETRIC_REPRESENTATION_CONTEXT() REPRESENTATION_CONTEXT('2D SPACE',''
  ) );
#2330 = ORIENTED_EDGE('',*,*,#637,.T.);
#2331 = ORIENTED_EDGE('',*,*,#2310,.T.);
#2332 = ADVANCED_FACE('',(#2333),#685,.F.);
#2333 = FACE_BOUND('',#2334,.F.);
#2334 = EDGE_LOOP('',(#2335,#2358,#2385,#2386,#2387,#2388,#2407,#2408,
    #2429,#2430,#2431,#2432,#2451));
#2335 = ORIENTED_EDGE('',*,*,#2336,.T.);
#2336 = EDGE_CURVE('',#1274,#2337,#2339,.T.);
#2337 = VERTEX_POINT('',#2338);
#2338 = CARTESIAN_POINT('',(-23.9,7.,-13.));
#2339 = SEAM_CURVE('',#2340,(#2344,#2351),.PCURVE_S1.);
#2340 = LINE('',#2341,#2342);
#2341 = CARTESIAN_POINT('',(-23.9,7.,-28.));
#2342 = VECTOR('',#2343,1.);
#2343 = DIRECTION('',(0.,0.,1.));
#2344 = PCURVE('',#685,#2345);
#2345 = DEFINITIONAL_REPRESENTATION('',(#2346),#2350);
#2346 = LINE('',#2347,#2348);
#2347 = CARTESIAN_POINT('',(6.28318530718,-0.));
#2348 = VECTOR('',#2349,1.);
#2349 = DIRECTION('',(0.,1.));
#2350 = ( GEOMETRIC_REPRESENTATION_CONTEXT(2) 
PARAMETRIC_REPRESENTATION_CONTEXT() REPRESENTATION_CONTEXT('2D SPACE',''
  ) );
#2351 = PCURVE('',#685,#2352);
#2352 = DEFINITIONAL_REPRESENTATION('',(#2353),#2357);
#2353 = LINE('',#2354,#2355);
#2354 = CARTESIAN_POINT('',(0.,-0.));
#2355 = VECTOR('',#2356,1.);
#2356 = DIRECTION('',(0.,1.));
#2357 = ( GEOMETRIC_REPRESENTATION_CONTEXT(2) 
PARAMETRIC_REPRESENTATION_CONTEXT() REPRESENTATION_CONTEXT('2D SPACE',''
  ) );
#2358 = ORIENTED_EDGE('',*,*,#2359,.F.);
#2359 = EDGE_CURVE('',#2337,#2337,#2360,.T.);
#2360 = SURFACE_CURVE('',#2361,(#2366,#2373),.PCURVE_S1.);
#2361 = CIRCLE('',#2362,2.1);
#2362 = AXIS2_PLACEMENT_3D('',#2363,#2364,#2365);
#2363 = CARTESIAN_POINT('',(-26.,7.,-13.));
#2364 = DIRECTION('',(0.,0.,1.));
#2365 = DIRECTION('',(1.,0.,-0.));
#2366 = PCURVE('',#685,#2367);
#2367 = DEFINITIONAL_REPRESENTATION('',(#2368),#2372);
#2368 = LINE('',#2369,#2370);
#2369 = CARTESIAN_POINT('',(0.,15.));
#2370 = VECTOR('',#2371,1.);
#2371 = DIRECTION('',(1.,0.));
#2372 = ( GEOMETRIC_REPRESENTATION_CONTEXT(2) 
PARAMETRIC_REPRESENTATION_CONTEXT() REPRESENTATION_CONTEXT('2D SPACE',''
  ) );
#2373 = PCURVE('',#2374,#2379);
#2374 = PLANE('',#2375);
#2375 = AXIS2_PLACEMENT_3D('',#2376,#2377,#2378);
#2376 = CARTESIAN_POINT('',(-26.,7.,-13.));
#2377 = DIRECTION('',(0.,0.,1.));
#2378 = DIRECTION('',(1.,0.,-0.));
#2379 = DEFINITIONAL_REPRESENTATION('',(#2380),#2384);
#2380 = CIRCLE('',#2381,2.1);
#2381 = AXIS2_PLACEMENT_2D('',#2382,#2383);
#2382 = CARTESIAN_POINT('',(0.,0.));
#2383 = DIRECTION('',(1.,0.));
#2384 = ( GEOMETRIC_REPRESENTATION_CONTEXT(2) 
PARAMETRIC_REPRESENTATION_CONTEXT() REPRESENTATION_CONTEXT('2D SPACE',''
  ) );
#2385 = ORIENTED_EDGE('',*,*,#2336,.F.);
#2386 = ORIENTED_EDGE('',*,*,#1273,.T.);
#2387 = ORIENTED_EDGE('',*,*,#1801,.T.);
#2388 = ORIENTED_EDGE('',*,*,#2389,.F.);
#2389 = EDGE_CURVE('',#1513,#1773,#2390,.T.);
#2390 = SURFACE_CURVE('',#2391,(#2395,#2401),.PCURVE_S1.);
#2391 = LINE('',#2392,#2393);
#2392 = CARTESIAN_POINT('',(-27.84661853126,6.,-28.));
#2393 = VECTOR('',#2394,1.);
#2394 = DIRECTION('',(0.,0.,1.));
#2395 = PCURVE('',#685,#2396);
#2396 = DEFINITIONAL_REPRESENTATION('',(#2397),#2400);
#2397 = B_SPLINE_CURVE_WITH_KNOTS('',1,(#2398,#2399),.UNSPECIFIED.,.F.,
  .F.,(2,2),(3.72,14.28),.PIECEWISE_BEZIER_KNOTS.);
#2398 = CARTESIAN_POINT('',(3.637910015715,3.72));
#2399 = CARTESIAN_POINT('',(3.637910015715,14.28));
#2400 = ( GEOMETRIC_REPRESENTATION_CONTEXT(2) 
PARAMETRIC_REPRESENTATION_CONTEXT() REPRESENTATION_CONTEXT('2D SPACE',''
  ) );
#2401 = PCURVE('',#1789,#2402);
#2402 = DEFINITIONAL_REPRESENTATION('',(#2403),#2406);
#2403 = B_SPLINE_CURVE_WITH_KNOTS('',1,(#2404,#2405),.UNSPECIFIED.,.F.,
  .F.,(2,2),(3.72,14.28),.PIECEWISE_BEZIER_KNOTS.);
#2404 = CARTESIAN_POINT('',(-5.28,-1.846618531262));
#2405 = CARTESIAN_POINT('',(5.28,-1.846618531262));
#2406 = ( GEOMETRIC_REPRESENTATION_CONTEXT(2) 
PARAMETRIC_REPRESENTATION_CONTEXT() REPRESENTATION_CONTEXT('2D SPACE',''
  ) );
#2407 = ORIENTED_EDGE('',*,*,#1512,.F.);
#2408 = ORIENTED_EDGE('',*,*,#2409,.F.);
#2409 = EDGE_CURVE('',#669,#1463,#2410,.T.);
#2410 = SEAM_CURVE('',#2411,(#2415,#2422),.PCURVE_S1.);
#2411 = LINE('',#2412,#2413);
#2412 = CARTESIAN_POINT('',(-23.9,7.,-28.));
#2413 = VECTOR('',#2414,1.);
#2414 = DIRECTION('',(0.,0.,1.));
#2415 = PCURVE('',#685,#2416);
#2416 = DEFINITIONAL_REPRESENTATION('',(#2417),#2421);
#2417 = LINE('',#2418,#2419);
#2418 = CARTESIAN_POINT('',(6.28318530718,-0.));
#2419 = VECTOR('',#2420,1.);
#2420 = DIRECTION('',(0.,1.));
#2421 = ( GEOMETRIC_REPRESENTATION_CONTEXT(2) 
PARAMETRIC_REPRESENTATION_CONTEXT() REPRESENTATION_CONTEXT('2D SPACE',''
  ) );
#2422 = PCURVE('',#685,#2423);
#2423 = DEFINITIONAL_REPRESENTATION('',(#2424),#2428);
#2424 = LINE('',#2425,#2426);
#2425 = CARTESIAN_POINT('',(0.,-0.));
#2426 = VECTOR('',#2427,1.);
#2427 = DIRECTION('',(0.,1.));
#2428 = ( GEOMETRIC_REPRESENTATION_CONTEXT(2) 
PARAMETRIC_REPRESENTATION_CONTEXT() REPRESENTATION_CONTEXT('2D SPACE',''
  ) );
#2429 = ORIENTED_EDGE('',*,*,#668,.T.);
#2430 = ORIENTED_EDGE('',*,*,#2409,.T.);
#2431 = ORIENTED_EDGE('',*,*,#1462,.F.);
#2432 = ORIENTED_EDGE('',*,*,#2433,.T.);
#2433 = EDGE_CURVE('',#1434,#1384,#2434,.T.);
#2434 = SURFACE_CURVE('',#2435,(#2439,#2445),.PCURVE_S1.);
#2435 = LINE('',#2436,#2437);
#2436 = CARTESIAN_POINT('',(-24.15338146873,6.,-28.));
#2437 = VECTOR('',#2438,1.);
#2438 = DIRECTION('',(0.,0.,1.));
#2439 = PCURVE('',#685,#2440);
#2440 = DEFINITIONAL_REPRESENTATION('',(#2441),#2444);
#2441 = B_SPLINE_CURVE_WITH_KNOTS('',1,(#2442,#2443),.UNSPECIFIED.,.F.,
  .F.,(2,2),(3.72,14.28),.PIECEWISE_BEZIER_KNOTS.);
#2442 = CARTESIAN_POINT('',(5.786867945054,3.72));
#2443 = CARTESIAN_POINT('',(5.786867945054,14.28));
#2444 = ( GEOMETRIC_REPRESENTATION_CONTEXT(2) 
PARAMETRIC_REPRESENTATION_CONTEXT() REPRESENTATION_CONTEXT('2D SPACE',''
  ) );
#2445 = PCURVE('',#1450,#2446);
#2446 = DEFINITIONAL_REPRESENTATION('',(#2447),#2450);
#2447 = B_SPLINE_CURVE_WITH_KNOTS('',1,(#2448,#2449),.UNSPECIFIED.,.F.,
  .F.,(2,2),(3.72,14.28),.PIECEWISE_BEZIER_KNOTS.);
#2448 = CARTESIAN_POINT('',(-5.28,1.846618531262));
#2449 = CARTESIAN_POINT('',(5.28,1.846618531262));
#2450 = ( GEOMETRIC_REPRESENTATION_CONTEXT(2) 
PARAMETRIC_REPRESENTATION_CONTEXT() REPRESENTATION_CONTEXT('2D SPACE',''
  ) );
#2451 = ORIENTED_EDGE('',*,*,#1383,.T.);
#2452 = ADVANCED_FACE('',(#2453),#716,.F.);
#2453 = FACE_BOUND('',#2454,.F.);
#2454 = EDGE_LOOP('',(#2455,#2484,#2505,#2506));
#2455 = ORIENTED_EDGE('',*,*,#2456,.F.);
#2456 = EDGE_CURVE('',#2457,#2457,#2459,.T.);
#2457 = VERTEX_POINT('',#2458);
#2458 = CARTESIAN_POINT('',(8.,-1.959434878636E-15,3.));
#2459 = SURFACE_CURVE('',#2460,(#2465,#2472),.PCURVE_S1.);
#2460 = CIRCLE('',#2461,8.);
#2461 = AXIS2_PLACEMENT_3D('',#2462,#2463,#2464);
#2462 = CARTESIAN_POINT('',(0.,0.,3.));
#2463 = DIRECTION('',(0.,0.,1.));
#2464 = DIRECTION('',(1.,0.,-0.));
#2465 = PCURVE('',#716,#2466);
#2466 = DEFINITIONAL_REPRESENTATION('',(#2467),#2471);
#2467 = LINE('',#2468,#2469);
#2468 = CARTESIAN_POINT('',(0.,33.));
#2469 = VECTOR('',#2470,1.);
#2470 = DIRECTION('',(1.,0.));
#2471 = ( GEOMETRIC_REPRESENTATION_CONTEXT(2) 
PARAMETRIC_REPRESENTATION_CONTEXT() REPRESENTATION_CONTEXT('2D SPACE',''
  ) );
#2472 = PCURVE('',#2473,#2478);
#2473 = PLANE('',#2474);
#2474 = AXIS2_PLACEMENT_3D('',#2475,#2476,#2477);
#2475 = CARTESIAN_POINT('',(0.,0.,3.));
#2476 = DIRECTION('',(0.,0.,1.));
#2477 = DIRECTION('',(1.,0.,-0.));
#2478 = DEFINITIONAL_REPRESENTATION('',(#2479),#2483);
#2479 = CIRCLE('',#2480,8.);
#2480 = AXIS2_PLACEMENT_2D('',#2481,#2482);
#2481 = CARTESIAN_POINT('',(0.,0.));
#2482 = DIRECTION('',(1.,0.));
#2483 = ( GEOMETRIC_REPRESENTATION_CONTEXT(2) 
PARAMETRIC_REPRESENTATION_CONTEXT() REPRESENTATION_CONTEXT('2D SPACE',''
  ) );
#2484 = ORIENTED_EDGE('',*,*,#2485,.F.);
#2485 = EDGE_CURVE('',#700,#2457,#2486,.T.);
#2486 = SEAM_CURVE('',#2487,(#2491,#2498),.PCURVE_S1.);
#2487 = LINE('',#2488,#2489);
#2488 = CARTESIAN_POINT('',(8.,-1.959434878636E-15,-30.));
#2489 = VECTOR('',#2490,1.);
#2490 = DIRECTION('',(0.,0.,1.));
#2491 = PCURVE('',#716,#2492);
#2492 = DEFINITIONAL_REPRESENTATION('',(#2493),#2497);
#2493 = LINE('',#2494,#2495);
#2494 = CARTESIAN_POINT('',(6.28318530718,-0.));
#2495 = VECTOR('',#2496,1.);
#2496 = DIRECTION('',(0.,1.));
#2497 = ( GEOMETRIC_REPRESENTATION_CONTEXT(2) 
PARAMETRIC_REPRESENTATION_CONTEXT() REPRESENTATION_CONTEXT('2D SPACE',''
  ) );
#2498 = PCURVE('',#716,#2499);
#2499 = DEFINITIONAL_REPRESENTATION('',(#2500),#2504);
#2500 = LINE('',#2501,#2502);
#2501 = CARTESIAN_POINT('',(0.,-0.));
#2502 = VECTOR('',#2503,1.);
#2503 = DIRECTION('',(0.,1.));
#2504 = ( GEOMETRIC_REPRESENTATION_CONTEXT(2) 
PARAMETRIC_REPRESENTATION_CONTEXT() REPRESENTATION_CONTEXT('2D SPACE',''
  ) );
#2505 = ORIENTED_EDGE('',*,*,#699,.T.);
#2506 = ORIENTED_EDGE('',*,*,#2485,.T.);
#2507 = ADVANCED_FACE('',(#2508),#747,.F.);
#2508 = FACE_BOUND('',#2509,.F.);
#2509 = EDGE_LOOP('',(#2510,#2539,#2560,#2561));
#2510 = ORIENTED_EDGE('',*,*,#2511,.F.);
#2511 = EDGE_CURVE('',#2512,#2512,#2514,.T.);
#2512 = VERTEX_POINT('',#2513);
#2513 = CARTESIAN_POINT('',(28.3,-8.082668874373E-16,-6.5));
#2514 = SURFACE_CURVE('',#2515,(#2520,#2527),.PCURVE_S1.);
#2515 = CIRCLE('',#2516,3.3);
#2516 = AXIS2_PLACEMENT_3D('',#2517,#2518,#2519);
#2517 = CARTESIAN_POINT('',(25.,0.,-6.5));
#2518 = DIRECTION('',(0.,0.,1.));
#2519 = DIRECTION('',(1.,0.,-0.));
#2520 = PCURVE('',#747,#2521);
#2521 = DEFINITIONAL_REPRESENTATION('',(#2522),#2526);
#2522 = LINE('',#2523,#2524);
#2523 = CARTESIAN_POINT('',(0.,21.5));
#2524 = VECTOR('',#2525,1.);
#2525 = DIRECTION('',(1.,0.));
#2526 = ( GEOMETRIC_REPRESENTATION_CONTEXT(2) 
PARAMETRIC_REPRESENTATION_CONTEXT() REPRESENTATION_CONTEXT('2D SPACE',''
  ) );
#2527 = PCURVE('',#2528,#2533);
#2528 = PLANE('',#2529);
#2529 = AXIS2_PLACEMENT_3D('',#2530,#2531,#2532);
#2530 = CARTESIAN_POINT('',(25.,0.,-6.5));
#2531 = DIRECTION('',(0.,0.,1.));
#2532 = DIRECTION('',(1.,0.,-0.));
#2533 = DEFINITIONAL_REPRESENTATION('',(#2534),#2538);
#2534 = CIRCLE('',#2535,3.3);
#2535 = AXIS2_PLACEMENT_2D('',#2536,#2537);
#2536 = CARTESIAN_POINT('',(0.,0.));
#2537 = DIRECTION('',(1.,0.));
#2538 = ( GEOMETRIC_REPRESENTATION_CONTEXT(2) 
PARAMETRIC_REPRESENTATION_CONTEXT() REPRESENTATION_CONTEXT('2D SPACE',''
  ) );
#2539 = ORIENTED_EDGE('',*,*,#2540,.F.);
#2540 = EDGE_CURVE('',#731,#2512,#2541,.T.);
#2541 = SEAM_CURVE('',#2542,(#2546,#2553),.PCURVE_S1.);
#2542 = LINE('',#2543,#2544);
#2543 = CARTESIAN_POINT('',(28.3,-8.082668874373E-16,-28.));
#2544 = VECTOR('',#2545,1.);
#2545 = DIRECTION('',(0.,0.,1.));
#2546 = PCURVE('',#747,#2547);
#2547 = DEFINITIONAL_REPRESENTATION('',(#2548),#2552);
#2548 = LINE('',#2549,#2550);
#2549 = CARTESIAN_POINT('',(6.28318530718,-0.));
#2550 = VECTOR('',#2551,1.);
#2551 = DIRECTION('',(0.,1.));
#2552 = ( GEOMETRIC_REPRESENTATION_CONTEXT(2) 
PARAMETRIC_REPRESENTATION_CONTEXT() REPRESENTATION_CONTEXT('2D SPACE',''
  ) );
#2553 = PCURVE('',#747,#2554);
#2554 = DEFINITIONAL_REPRESENTATION('',(#2555),#2559);
#2555 = LINE('',#2556,#2557);
#2556 = CARTESIAN_POINT('',(0.,-0.));
#2557 = VECTOR('',#2558,1.);
#2558 = DIRECTION('',(0.,1.));
#2559 = ( GEOMETRIC_REPRESENTATION_CONTEXT(2) 
PARAMETRIC_REPRESENTATION_CONTEXT() REPRESENTATION_CONTEXT('2D SPACE',''
  ) );
#2560 = ORIENTED_EDGE('',*,*,#730,.T.);
#2561 = ORIENTED_EDGE('',*,*,#2540,.T.);
#2562 = ADVANCED_FACE('',(#2563),#778,.F.);
#2563 = FACE_BOUND('',#2564,.F.);
#2564 = EDGE_LOOP('',(#2565,#2590,#2617,#2618,#2728,#2883,#2909,#3169,
    #3190,#3191,#3192,#3242,#3268));
#2565 = ORIENTED_EDGE('',*,*,#2566,.T.);
#2566 = EDGE_CURVE('',#2567,#2569,#2571,.T.);
#2567 = VERTEX_POINT('',#2568);
#2568 = CARTESIAN_POINT('',(28.1,7.,-15.13347701416));
#2569 = VERTEX_POINT('',#2570);
#2570 = CARTESIAN_POINT('',(28.1,7.,-13.));
#2571 = SEAM_CURVE('',#2572,(#2576,#2583),.PCURVE_S1.);
#2572 = LINE('',#2573,#2574);
#2573 = CARTESIAN_POINT('',(28.1,7.,-28.));
#2574 = VECTOR('',#2575,1.);
#2575 = DIRECTION('',(0.,0.,1.));
#2576 = PCURVE('',#778,#2577);
#2577 = DEFINITIONAL_REPRESENTATION('',(#2578),#2582);
#2578 = LINE('',#2579,#2580);
#2579 = CARTESIAN_POINT('',(6.28318530718,-0.));
#2580 = VECTOR('',#2581,1.);
#2581 = DIRECTION('',(0.,1.));
#2582 = ( GEOMETRIC_REPRESENTATION_CONTEXT(2) 
PARAMETRIC_REPRESENTATION_CONTEXT() REPRESENTATION_CONTEXT('2D SPACE',''
  ) );
#2583 = PCURVE('',#778,#2584);
#2584 = DEFINITIONAL_REPRESENTATION('',(#2585),#2589);
#2585 = LINE('',#2586,#2587);
#2586 = CARTESIAN_POINT('',(0.,-0.));
#2587 = VECTOR('',#2588,1.);
#2588 = DIRECTION('',(0.,1.));
#2589 = ( GEOMETRIC_REPRESENTATION_CONTEXT(2) 
PARAMETRIC_REPRESENTATION_CONTEXT() REPRESENTATION_CONTEXT('2D SPACE',''
  ) );
#2590 = ORIENTED_EDGE('',*,*,#2591,.F.);
#2591 = EDGE_CURVE('',#2569,#2569,#2592,.T.);
#2592 = SURFACE_CURVE('',#2593,(#2598,#2605),.PCURVE_S1.);
#2593 = CIRCLE('',#2594,2.1);
#2594 = AXIS2_PLACEMENT_3D('',#2595,#2596,#2597);
#2595 = CARTESIAN_POINT('',(26.,7.,-13.));
#2596 = DIRECTION('',(0.,0.,1.));
#2597 = DIRECTION('',(1.,0.,-0.));
#2598 = PCURVE('',#778,#2599);
#2599 = DEFINITIONAL_REPRESENTATION('',(#2600),#2604);
#2600 = LINE('',#2601,#2602);
#2601 = CARTESIAN_POINT('',(0.,15.));
#2602 = VECTOR('',#2603,1.);
#2603 = DIRECTION('',(1.,0.));
#2604 = ( GEOMETRIC_REPRESENTATION_CONTEXT(2) 
PARAMETRIC_REPRESENTATION_CONTEXT() REPRESENTATION_CONTEXT('2D SPACE',''
  ) );
#2605 = PCURVE('',#2606,#2611);
#2606 = PLANE('',#2607);
#2607 = AXIS2_PLACEMENT_3D('',#2608,#2609,#2610);
#2608 = CARTESIAN_POINT('',(26.,7.,-13.));
#2609 = DIRECTION('',(0.,0.,1.));
#2610 = DIRECTION('',(1.,0.,-0.));
#2611 = DEFINITIONAL_REPRESENTATION('',(#2612),#2616);
#2612 = CIRCLE('',#2613,2.1);
#2613 = AXIS2_PLACEMENT_2D('',#2614,#2615);
#2614 = CARTESIAN_POINT('',(0.,0.));
#2615 = DIRECTION('',(1.,0.));
#2616 = ( GEOMETRIC_REPRESENTATION_CONTEXT(2) 
PARAMETRIC_REPRESENTATION_CONTEXT() REPRESENTATION_CONTEXT('2D SPACE',''
  ) );
#2617 = ORIENTED_EDGE('',*,*,#2566,.F.);
#2618 = ORIENTED_EDGE('',*,*,#2619,.T.);
#2619 = EDGE_CURVE('',#2567,#2620,#2622,.T.);
#2620 = VERTEX_POINT('',#2621);
#2621 = CARTESIAN_POINT('',(26.,9.1,-14.6));
#2622 = SURFACE_CURVE('',#2623,(#2656,#2692),.PCURVE_S1.);
#2623 = B_SPLINE_CURVE_WITH_KNOTS('',6,(#2624,#2625,#2626,#2627,#2628,
    #2629,#2630,#2631,#2632,#2633,#2634,#2635,#2636,#2637,#2638,#2639,
    #2640,#2641,#2642,#2643,#2644,#2645,#2646,#2647,#2648,#2649,#2650,
    #2651,#2652,#2653,#2654,#2655),.UNSPECIFIED.,.F.,.F.,(7,5,5,5,5,5,7)
  ,(0.,0.313833542878,0.493810691446,0.556920424229,0.640398781834,
    0.752131834053,1.),.UNSPECIFIED.);
#2624 = CARTESIAN_POINT('',(28.1,7.,-15.13347701416));
#2625 = CARTESIAN_POINT('',(28.1,7.15526255386,-15.13347701416));
#2626 = CARTESIAN_POINT('',(28.08622505168,7.310309974962,
    -15.12599553679));
#2627 = CARTESIAN_POINT('',(28.058745591062,7.464064454178,
    -15.11107069504));
#2628 = CARTESIAN_POINT('',(28.017596545911,7.615423130003,
    -15.08919849076));
#2629 = CARTESIAN_POINT('',(27.962805388408,7.763180544983,
    -15.06133040563));
#2630 = CARTESIAN_POINT('',(27.855368573779,7.987849036884,
    -15.01007648142));
#2631 = CARTESIAN_POINT('',(27.811750259088,8.068150773437,
    -14.98983657939));
#2632 = CARTESIAN_POINT('',(27.76364221157,8.146703176345,
    -14.96825473675));
#2633 = CARTESIAN_POINT('',(27.711001330089,8.223302369723,
    -14.94557707793));
#2634 = CARTESIAN_POINT('',(27.653772028899,8.297706046033,
    -14.92207841822));
#2635 = CARTESIAN_POINT('',(27.570188625876,8.39485291747,
    -14.88964119854));
#2636 = CARTESIAN_POINT('',(27.547915228095,8.419770842024,
    -14.88115579433));
#2637 = CARTESIAN_POINT('',(27.525064688755,8.444373906433,
    -14.87261915625));
#2638 = CARTESIAN_POINT('',(27.50163341624,8.468649490238,
    -14.86404468722));
#2639 = CARTESIAN_POINT('',(27.477617727989,8.492584059624,
    -14.85544630922));
#2640 = CARTESIAN_POINT('',(27.420469087706,8.547352416786,
    -14.83545244066));
#2641 = CARTESIAN_POINT('',(27.386895584963,8.577919445182,
    -14.82404996617));
#2642 = CARTESIAN_POINT('',(27.352284136052,8.607830987221,
    -14.81266438275));
#2643 = CARTESIAN_POINT('',(27.316626880523,8.637049796257,
    -14.8013311213));
#2644 = CARTESIAN_POINT('',(27.279917303692,8.66553464439,
    -14.79008770074));
#2645 = CARTESIAN_POINT('',(27.191600252241,8.730323466687,
    -14.76409803868));
#2646 = CARTESIAN_POINT('',(27.139144031445,8.766019511848,
    -14.74945074873));
#2647 = CARTESIAN_POINT('',(27.084783909909,8.800207278926,
    -14.73513164388));
#2648 = CARTESIAN_POINT('',(27.028528486894,8.832758388889,
    -14.72124589056));
#2649 = CARTESIAN_POINT('',(26.970393079755,8.863536800815,
    -14.70790291406));
#2650 = CARTESIAN_POINT('',(26.777312160841,8.956424697823,
    -14.66706907118));
#2651 = CARTESIAN_POINT('',(26.634000616415,9.011538304315,
    -14.64191900699));
#2652 = CARTESIAN_POINT('',(26.482291492558,9.054981413172,
    -14.62148590965));
#2653 = CARTESIAN_POINT('',(26.3244054108,9.084855396684,-14.60722816518
    ));
#2654 = CARTESIAN_POINT('',(26.162797251491,9.1,-14.6));
#2655 = CARTESIAN_POINT('',(26.,9.1,-14.6));
#2656 = PCURVE('',#778,#2657);
#2657 = DEFINITIONAL_REPRESENTATION('',(#2658),#2691);
#2658 = B_SPLINE_CURVE_WITH_KNOTS('',6,(#2659,#2660,#2661,#2662,#2663,
    #2664,#2665,#2666,#2667,#2668,#2669,#2670,#2671,#2672,#2673,#2674,
    #2675,#2676,#2677,#2678,#2679,#2680,#2681,#2682,#2683,#2684,#2685,
    #2686,#2687,#2688,#2689,#2690),.UNSPECIFIED.,.F.,.F.,(7,5,5,5,5,5,7)
  ,(0.,0.313833542878,0.493810691446,0.556920424229,0.640398781834,
    0.752131834053,1.),.UNSPECIFIED.);
#2659 = CARTESIAN_POINT('',(0.,12.866522985836));
#2660 = CARTESIAN_POINT('',(7.393454945722E-02,12.866522985836));
#2661 = CARTESIAN_POINT('',(0.147766607436,12.874004463207));
#2662 = CARTESIAN_POINT('',(0.221710699864,12.888929304951));
#2663 = CARTESIAN_POINT('',(0.29595816908,12.910801509235));
#2664 = CARTESIAN_POINT('',(0.370690364069,12.938669594369));
#2665 = CARTESIAN_POINT('',(0.489278621042,12.989923518579));
#2666 = CARTESIAN_POINT('',(0.532736717426,13.010163420608));
#2667 = CARTESIAN_POINT('',(0.576511103537,13.031745263246));
#2668 = CARTESIAN_POINT('',(0.620676130923,13.054422922067));
#2669 = CARTESIAN_POINT('',(0.665307772465,13.077921581779));
#2670 = CARTESIAN_POINT('',(0.72633395526,13.110358801453));
#2671 = CARTESIAN_POINT('',(0.742246191901,13.118844205664));
#2672 = CARTESIAN_POINT('',(0.758231152132,13.127380843743));
#2673 = CARTESIAN_POINT('',(0.77429288853,13.135955312771));
#2674 = CARTESIAN_POINT('',(0.790435523067,13.144553690777));
#2675 = CARTESIAN_POINT('',(0.828128458439,13.164547559336));
#2676 = CARTESIAN_POINT('',(0.849742396162,13.175950033821));
#2677 = CARTESIAN_POINT('',(0.871514902648,13.187335617247));
#2678 = CARTESIAN_POINT('',(0.893455554686,13.198668878692));
#2679 = CARTESIAN_POINT('',(0.915573663485,13.209912299259));
#2680 = CARTESIAN_POINT('',(0.967732267482,13.23590196132));
#2681 = CARTESIAN_POINT('',(0.997927461693,13.250549251262));
#2682 = CARTESIAN_POINT('',(1.028476757043,13.26486835612));
#2683 = CARTESIAN_POINT('',(1.059393996034,13.278754109434));
#2684 = CARTESIAN_POINT('',(1.090694688352,13.292097085938));
#2685 = CARTESIAN_POINT('',(1.192724432203,13.332930928819));
#2686 = CARTESIAN_POINT('',(1.265599182981,13.358080993002));
#2687 = CARTESIAN_POINT('',(1.340294716298,13.37851409035));
#2688 = CARTESIAN_POINT('',(1.416317654574,13.392771834814));
#2689 = CARTESIAN_POINT('',(1.493273826085,13.4));
#2690 = CARTESIAN_POINT('',(1.570796326795,13.4));
#2691 = ( GEOMETRIC_REPRESENTATION_CONTEXT(2) 
PARAMETRIC_REPRESENTATION_CONTEXT() REPRESENTATION_CONTEXT('2D SPACE',''
  ) );
#2692 = PCURVE('',#2079,#2693);
#2693 = DEFINITIONAL_REPRESENTATION('',(#2694),#2727);
#2694 = B_SPLINE_CURVE_WITH_KNOTS('',6,(#2695,#2696,#2697,#2698,#2699,
    #2700,#2701,#2702,#2703,#2704,#2705,#2706,#2707,#2708,#2709,#2710,
    #2711,#2712,#2713,#2714,#2715,#2716,#2717,#2718,#2719,#2720,#2721,
    #2722,#2723,#2724,#2725,#2726),.UNSPECIFIED.,.F.,.F.,(7,5,5,5,5,5,7)
  ,(0.,0.313833542878,0.493810691446,0.556920424229,0.640398781834,
    0.752131834053,1.),.UNSPECIFIED.);
#2695 = CARTESIAN_POINT('',(0.497548523672,1.));
#2696 = CARTESIAN_POINT('',(0.497548523672,1.15526255386));
#2697 = CARTESIAN_POINT('',(0.493985932046,1.310309974962));
#2698 = CARTESIAN_POINT('',(0.48687878548,1.464064454178));
#2699 = CARTESIAN_POINT('',(0.476288392105,1.615423130003));
#2700 = CARTESIAN_POINT('',(0.462322207615,1.763180544983));
#2701 = CARTESIAN_POINT('',(0.435268509592,1.987849036884));
#2702 = CARTESIAN_POINT('',(0.424340627569,2.068150773437));
#2703 = CARTESIAN_POINT('',(0.412358709126,2.146703176345));
#2704 = CARTESIAN_POINT('',(0.399334476487,2.223302369723));
#2705 = CARTESIAN_POINT('',(0.385276707462,2.297706046033));
#2706 = CARTESIAN_POINT('',(0.364900140848,2.39485291747));
#2707 = CARTESIAN_POINT('',(0.359483201742,2.419770842024));
#2708 = CARTESIAN_POINT('',(0.353939504402,2.444373906433));
#2709 = CARTESIAN_POINT('',(0.34826905569,2.468649490238));
#2710 = CARTESIAN_POINT('',(0.342471812166,2.492584059624));
#2711 = CARTESIAN_POINT('',(0.328711538269,2.547352416786));
#2712 = CARTESIAN_POINT('',(0.320653464453,2.577919445182));
#2713 = CARTESIAN_POINT('',(0.31237314723,2.607830987221));
#2714 = CARTESIAN_POINT('',(0.303870430178,2.637049796257));
#2715 = CARTESIAN_POINT('',(0.295145311863,2.66553464439));
#2716 = CARTESIAN_POINT('',(0.274222188964,2.730323466687));
#2717 = CARTESIAN_POINT('',(0.261845472397,2.766019511848));
#2718 = CARTESIAN_POINT('',(0.249071619049,2.800207278926));
#2719 = CARTESIAN_POINT('',(0.235905119129,2.832758388889));
#2720 = CARTESIAN_POINT('',(0.222350994751,2.863536800815));
#2721 = CARTESIAN_POINT('',(0.177498364174,2.956424697823));
#2722 = CARTESIAN_POINT('',(0.144449659841,3.011538304315));
#2723 = CARTESIAN_POINT('',(0.109702630647,3.054981413172));
#2724 = CARTESIAN_POINT('',(7.372856539255E-02,3.084855396684));
#2725 = CARTESIAN_POINT('',(3.699937533896E-02,3.1));
#2726 = CARTESIAN_POINT('',(0.,3.1));
#2727 = ( GEOMETRIC_REPRESENTATION_CONTEXT(2) 
PARAMETRIC_REPRESENTATION_CONTEXT() REPRESENTATION_CONTEXT('2D SPACE',''
  ) );
#2728 = ORIENTED_EDGE('',*,*,#2729,.T.);
#2729 = EDGE_CURVE('',#2620,#2730,#2732,.T.);
#2730 = VERTEX_POINT('',#2731);
#2731 = CARTESIAN_POINT('',(24.153381468738,6.,-15.00625489045));
#2732 = SURFACE_CURVE('',#2733,(#2781,#2832),.PCURVE_S1.);
#2733 = B_SPLINE_CURVE_WITH_KNOTS('',6,(#2734,#2735,#2736,#2737,#2738,
    #2739,#2740,#2741,#2742,#2743,#2744,#2745,#2746,#2747,#2748,#2749,
    #2750,#2751,#2752,#2753,#2754,#2755,#2756,#2757,#2758,#2759,#2760,
    #2761,#2762,#2763,#2764,#2765,#2766,#2767,#2768,#2769,#2770,#2771,
    #2772,#2773,#2774,#2775,#2776,#2777,#2778,#2779,#2780),
  .UNSPECIFIED.,.F.,.F.,(7,5,5,5,5,5,5,5,5,7),(0.,0.184946647513,
    0.269340518687,0.329171787327,0.376375443245,0.508356844889,
    0.741612328624,0.864493962999,0.974234485866,1.),.UNSPECIFIED.);
#2734 = CARTESIAN_POINT('',(26.,9.1,-14.6));
#2735 = CARTESIAN_POINT('',(25.836190037549,9.1,-14.6));
#2736 = CARTESIAN_POINT('',(25.673596804668,9.084666391731,
    -14.60731837474));
#2737 = CARTESIAN_POINT('',(25.514792354815,9.054426680445,
    -14.62175065671));
#2738 = CARTESIAN_POINT('',(25.362267974159,9.01046674123,
    -14.64242288306));
#2739 = CARTESIAN_POINT('',(25.218274153169,8.954724057265,
    -14.66784509565));
#2740 = CARTESIAN_POINT('',(25.023684169484,8.860482984548,
    -14.70923163797));
#2741 = CARTESIAN_POINT('',(24.964642089273,8.828974605536,
    -14.72287250719));
#2742 = CARTESIAN_POINT('',(24.907552195103,8.795638620292,
    -14.73706771283));
#2743 = CARTESIAN_POINT('',(24.852429268456,8.76061780016,-14.7517021053
    ));
#2744 = CARTESIAN_POINT('',(24.799281006144,8.724046455496,
    -14.76666524172));
#2745 = CARTESIAN_POINT('',(24.711829652305,8.659113894734,
    -14.79261966987));
#2746 = CARTESIAN_POINT('',(24.676537699571,8.631456416396,
    -14.8035012933));
#2747 = CARTESIAN_POINT('',(24.642227745353,8.603118790849,
    -14.81446195453));
#2748 = CARTESIAN_POINT('',(24.608893754171,8.574137870481,
    -14.82546797616));
#2749 = CARTESIAN_POINT('',(24.576528576213,8.544547062879,
    -14.83648748996));
#2750 = CARTESIAN_POINT('',(24.52034738268,8.490573244472,
    -14.85617117084));
#2751 = CARTESIAN_POINT('',(24.496168909101,8.466409346991,
    -14.86484153056));
#2752 = CARTESIAN_POINT('',(24.472584651698,8.441899415083,
    -14.87348672533));
#2753 = CARTESIAN_POINT('',(24.449590834786,8.417057286355,
    -14.88209249912));
#2754 = CARTESIAN_POINT('',(24.427183781888,8.391895859327,
    -14.89064513061));
#2755 = CARTESIAN_POINT('',(24.34434039538,8.295216434954,
    -14.92285913179));
#2756 = CARTESIAN_POINT('',(24.287869466834,8.221591178597,
    -14.94607232109));
#2757 = CARTESIAN_POINT('',(24.235883667862,8.145823392537,
    -14.96847799165));
#2758 = CARTESIAN_POINT('',(24.188329452611,8.06814693904,
    -14.98981074855));
#2759 = CARTESIAN_POINT('',(24.145165215804,7.98875900464,
    -15.00983261395));
#2760 = CARTESIAN_POINT('',(24.037787323765,7.764778094153,
    -15.06102892688));
#2761 = CARTESIAN_POINT('',(23.982759487254,7.616731356469,
    -15.08900928439));
#2762 = CARTESIAN_POINT('',(23.941433210364,7.465062128543,
    -15.11097358599));
#2763 = CARTESIAN_POINT('',(23.913835092144,7.310982669892,
    -15.12596287081));
#2764 = CARTESIAN_POINT('',(23.9,7.155601160445,-15.13347701416));
#2765 = CARTESIAN_POINT('',(23.9,6.918027543876,-15.13347701416));
#2766 = CARTESIAN_POINT('',(23.903839695138,6.836065862492,
    -15.13139166938));
#2767 = CARTESIAN_POINT('',(23.911517242542,6.754293525417,
    -15.12722157465));
#2768 = CARTESIAN_POINT('',(23.923027529416,6.672893055486,
    -15.12100733861));
#2769 = CARTESIAN_POINT('',(23.938360180751,6.592051201591,
    -15.11282775116));
#2770 = CARTESIAN_POINT('',(23.974588377914,6.440432356226,
    -15.09384074974));
#2771 = CARTESIAN_POINT('',(23.994712848541,6.36950692753,
    -15.08340827819));
#2772 = CARTESIAN_POINT('',(24.017865424216,6.299288044579,
    -15.07157852494));
#2773 = CARTESIAN_POINT('',(24.044043747797,6.229888244018,
    -15.05844822031));
#2774 = CARTESIAN_POINT('',(24.073247022204,6.161427786439,
    -15.04413120322));
#2775 = CARTESIAN_POINT('',(24.113040896602,6.07821208632,-15.025147094)
  );
#2776 = CARTESIAN_POINT('',(24.120774460408,6.062447356025,
    -15.02147894884));
#2777 = CARTESIAN_POINT('',(24.128675175976,6.046742241714,
    -15.01775397088));
#2778 = CARTESIAN_POINT('',(24.136743184533,6.03109822031,
    -15.01397381289));
#2779 = CARTESIAN_POINT('',(24.144978656933,6.015516775954,
    -15.01014016211));
#2780 = CARTESIAN_POINT('',(24.153381793656,5.9999994,-15.00625474022));
#2781 = PCURVE('',#778,#2782);
#2782 = DEFINITIONAL_REPRESENTATION('',(#2783),#2831);
#2783 = B_SPLINE_CURVE_WITH_KNOTS('',6,(#2784,#2785,#2786,#2787,#2788,
    #2789,#2790,#2791,#2792,#2793,#2794,#2795,#2796,#2797,#2798,#2799,
    #2800,#2801,#2802,#2803,#2804,#2805,#2806,#2807,#2808,#2809,#2810,
    #2811,#2812,#2813,#2814,#2815,#2816,#2817,#2818,#2819,#2820,#2821,
    #2822,#2823,#2824,#2825,#2826,#2827,#2828,#2829,#2830),
  .UNSPECIFIED.,.F.,.F.,(7,5,5,5,5,5,5,5,5,7),(0.,0.184946647513,
    0.269340518687,0.329171787327,0.376375443245,0.508356844889,
    0.741612328624,0.864493962999,0.974234485866,1.),.UNSPECIFIED.);
#2784 = CARTESIAN_POINT('',(1.570796326795,13.4));
#2785 = CARTESIAN_POINT('',(1.648801070819,13.4));
#2786 = CARTESIAN_POINT('',(1.726226322559,13.392681625257));
#2787 = CARTESIAN_POINT('',(1.802702340881,13.378249343286));
#2788 = CARTESIAN_POINT('',(1.877831080844,13.357577116938));
#2789 = CARTESIAN_POINT('',(1.95111304303,13.332154904347));
#2790 = CARTESIAN_POINT('',(2.054070050919,13.290768362028));
#2791 = CARTESIAN_POINT('',(2.085913879034,13.277127492808));
#2792 = CARTESIAN_POINT('',(2.117360790131,13.262932287166));
#2793 = CARTESIAN_POINT('',(2.148427536431,13.248297894694));
#2794 = CARTESIAN_POINT('',(2.179129122706,13.233334758275));
#2795 = CARTESIAN_POINT('',(2.230996686344,13.207380330125));
#2796 = CARTESIAN_POINT('',(2.25234099748,13.196498706695));
#2797 = CARTESIAN_POINT('',(2.273520775489,13.185538045464));
#2798 = CARTESIAN_POINT('',(2.294544458475,13.17453202384));
#2799 = CARTESIAN_POINT('',(2.315420698953,13.163512510035));
#2800 = CARTESIAN_POINT('',(2.352519267115,13.143828829157));
#2801 = CARTESIAN_POINT('',(2.368793834386,13.135158469434));
#2802 = CARTESIAN_POINT('',(2.384986364905,13.126513274664));
#2803 = CARTESIAN_POINT('',(2.401101084571,13.117907500879));
#2804 = CARTESIAN_POINT('',(2.417142145947,13.109354869381));
#2805 = CARTESIAN_POINT('',(2.477769885916,13.077140868203));
#2806 = CARTESIAN_POINT('',(2.521889909062,13.053927678905));
#2807 = CARTESIAN_POINT('',(2.565555138857,13.031522008346));
#2808 = CARTESIAN_POINT('',(2.608839015285,13.010189251447));
#2809 = CARTESIAN_POINT('',(2.651813433188,12.990167386047));
#2810 = CARTESIAN_POINT('',(2.770094258907,12.938971073115));
#2811 = CARTESIAN_POINT('',(2.844992692879,12.910990715601));
#2812 = CARTESIAN_POINT('',(2.91940210064,12.889026414001));
#2813 = CARTESIAN_POINT('',(2.993505715523,12.874037129188));
#2814 = CARTESIAN_POINT('',(3.067496862902,12.866522985836));
#2815 = CARTESIAN_POINT('',(3.180627156506,12.866522985836));
#2816 = CARTESIAN_POINT('',(3.219656537017,12.868608330611));
#2817 = CARTESIAN_POINT('',(3.258702778434,12.872778425341));
#2818 = CARTESIAN_POINT('',(3.297785968442,12.878992661386));
#2819 = CARTESIAN_POINT('',(3.336924881141,12.887172248838));
#2820 = CARTESIAN_POINT('',(3.411156785552,12.90615925026));
#2821 = CARTESIAN_POINT('',(3.446233188128,12.916591721804));
#2822 = CARTESIAN_POINT('',(3.481394753255,12.928421475058));
#2823 = CARTESIAN_POINT('',(3.516667700168,12.941551779687));
#2824 = CARTESIAN_POINT('',(3.552077501039,12.955868796779));
#2825 = CARTESIAN_POINT('',(3.596001794768,12.974852905992));
#2826 = CARTESIAN_POINT('',(3.604363025017,12.978521051153));
#2827 = CARTESIAN_POINT('',(3.612734031078,12.982246029114));
#2828 = CARTESIAN_POINT('',(3.621115268459,12.986026187102));
#2829 = CARTESIAN_POINT('',(3.629507208952,12.989859837886));
#2830 = CARTESIAN_POINT('',(3.637910340634,12.993745259778));
#2831 = ( GEOMETRIC_REPRESENTATION_CONTEXT(2) 
PARAMETRIC_REPRESENTATION_CONTEXT() REPRESENTATION_CONTEXT('2D SPACE',''
  ) );
#2832 = PCURVE('',#2079,#2833);
#2833 = DEFINITIONAL_REPRESENTATION('',(#2834),#2882);
#2834 = B_SPLINE_CURVE_WITH_KNOTS('',6,(#2835,#2836,#2837,#2838,#2839,
    #2840,#2841,#2842,#2843,#2844,#2845,#2846,#2847,#2848,#2849,#2850,
    #2851,#2852,#2853,#2854,#2855,#2856,#2857,#2858,#2859,#2860,#2861,
    #2862,#2863,#2864,#2865,#2866,#2867,#2868,#2869,#2870,#2871,#2872,
    #2873,#2874,#2875,#2876,#2877,#2878,#2879,#2880,#2881),
  .UNSPECIFIED.,.F.,.F.,(7,5,5,5,5,5,5,5,5,7),(0.,0.184946647513,
    0.269340518687,0.329171787327,0.376375443245,0.508356844889,
    0.741612328624,0.864493962999,0.974234485866,1.),.UNSPECIFIED.);
#2835 = CARTESIAN_POINT('',(6.28318530718,3.1));
#2836 = CARTESIAN_POINT('',(6.245955770259,3.1));
#2837 = CARTESIAN_POINT('',(6.209002698362,3.084666391731));
#2838 = CARTESIAN_POINT('',(6.172818209483,3.054426680445));
#2839 = CARTESIAN_POINT('',(6.137880972149,3.01046674123));
#2840 = CARTESIAN_POINT('',(6.104669067527,2.954724057265));
#2841 = CARTESIAN_POINT('',(6.059454869077,2.860482984548));
#2842 = CARTESIAN_POINT('',(6.045684847742,2.828974605536));
#2843 = CARTESIAN_POINT('',(6.032317468174,2.795638620292));
#2844 = CARTESIAN_POINT('',(6.019357783898,2.76061780016));
#2845 = CARTESIAN_POINT('',(6.006810292098,2.724046455496));
#2846 = CARTESIAN_POINT('',(5.98607812109,2.659113894734));
#2847 = CARTESIAN_POINT('',(5.977685072196,2.631456416396));
#2848 = CARTESIAN_POINT('',(5.969499740654,2.603118790849));
#2849 = CARTESIAN_POINT('',(5.961522104254,2.574137870481));
#2850 = CARTESIAN_POINT('',(5.953752017191,2.544547062879));
#2851 = CARTESIAN_POINT('',(5.940222561647,2.490573244472));
#2852 = CARTESIAN_POINT('',(5.934384974731,2.466409346991));
#2853 = CARTESIAN_POINT('',(5.928676353774,2.441899415083));
#2854 = CARTESIAN_POINT('',(5.923096656182,2.417057286355));
#2855 = CARTESIAN_POINT('',(5.917645892326,2.391895859327));
#2856 = CARTESIAN_POINT('',(5.897444467882,2.295216434954));
#2857 = CARTESIAN_POINT('',(5.883570672656,2.221591178597));
#2858 = CARTESIAN_POINT('',(5.870707536291,2.145823392537));
#2859 = CARTESIAN_POINT('',(5.858863584999,2.06814693904));
#2860 = CARTESIAN_POINT('',(5.848050156379,1.98875900464));
#2861 = CARTESIAN_POINT('',(5.821014181955,1.764778094153));
#2862 = CARTESIAN_POINT('',(5.80698854135,1.616731356469));
#2863 = CARTESIAN_POINT('',(5.796352766632,1.465062128543));
#2864 = CARTESIAN_POINT('',(5.789214929677,1.310982669892));
#2865 = CARTESIAN_POINT('',(5.785636783508,1.155601160445));
#2866 = CARTESIAN_POINT('',(5.785636783508,0.918027543876));
#2867 = CARTESIAN_POINT('',(5.786629828333,0.836065862492));
#2868 = CARTESIAN_POINT('',(5.788615521921,0.754293525417));
#2869 = CARTESIAN_POINT('',(5.791588365091,0.672893055486));
#2870 = CARTESIAN_POINT('',(5.795537818094,0.592051201591));
#2871 = CARTESIAN_POINT('',(5.804833768549,0.440432356226));
#2872 = CARTESIAN_POINT('',(5.809985495624,0.36950692753));
#2873 = CARTESIAN_POINT('',(5.815894360423,0.299288044579));
#2874 = CARTESIAN_POINT('',(5.822550078996,0.229888244018));
#2875 = CARTESIAN_POINT('',(5.8299414684,0.161427786439));
#2876 = CARTESIAN_POINT('',(5.839961976406,7.821208632004E-02));
#2877 = CARTESIAN_POINT('',(5.841907289373,6.244735602536E-02));
#2878 = CARTESIAN_POINT('',(5.843892463395,4.674224171364E-02));
#2879 = CARTESIAN_POINT('',(5.845917380895,3.109822030989E-02));
#2880 = CARTESIAN_POINT('',(5.847981929939,1.551677595386E-02));
#2881 = CARTESIAN_POINT('',(5.850086004229,-6.E-07));
#2882 = ( GEOMETRIC_REPRESENTATION_CONTEXT(2) 
PARAMETRIC_REPRESENTATION_CONTEXT() REPRESENTATION_CONTEXT('2D SPACE',''
  ) );
#2883 = ORIENTED_EDGE('',*,*,#2884,.F.);
#2884 = EDGE_CURVE('',#2885,#2730,#2887,.T.);
#2885 = VERTEX_POINT('',#2886);
#2886 = CARTESIAN_POINT('',(24.153381468738,6.,-22.99374510954));
#2887 = SURFACE_CURVE('',#2888,(#2892,#2898),.PCURVE_S1.);
#2888 = LINE('',#2889,#2890);
#2889 = CARTESIAN_POINT('',(24.153381468738,6.,-28.));
#2890 = VECTOR('',#2891,1.);
#2891 = DIRECTION('',(0.,0.,1.));
#2892 = PCURVE('',#778,#2893);
#2893 = DEFINITIONAL_REPRESENTATION('',(#2894),#2897);
#2894 = B_SPLINE_CURVE_WITH_KNOTS('',1,(#2895,#2896),.UNSPECIFIED.,.F.,
  .F.,(2,2),(3.72,14.28),.PIECEWISE_BEZIER_KNOTS.);
#2895 = CARTESIAN_POINT('',(3.637910015715,3.72));
#2896 = CARTESIAN_POINT('',(3.637910015715,14.28));
#2897 = ( GEOMETRIC_REPRESENTATION_CONTEXT(2) 
PARAMETRIC_REPRESENTATION_CONTEXT() REPRESENTATION_CONTEXT('2D SPACE',''
  ) );
#2898 = PCURVE('',#2899,#2904);
#2899 = PLANE('',#2900);
#2900 = AXIS2_PLACEMENT_3D('',#2901,#2902,#2903);
#2901 = CARTESIAN_POINT('',(26.,6.,-19.));
#2902 = DIRECTION('',(0.,1.,0.));
#2903 = DIRECTION('',(0.,-0.,1.));
#2904 = DEFINITIONAL_REPRESENTATION('',(#2905),#2908);
#2905 = B_SPLINE_CURVE_WITH_KNOTS('',1,(#2906,#2907),.UNSPECIFIED.,.F.,
  .F.,(2,2),(3.72,14.28),.PIECEWISE_BEZIER_KNOTS.);
#2906 = CARTESIAN_POINT('',(-5.28,-1.846618531262));
#2907 = CARTESIAN_POINT('',(5.28,-1.846618531262));
#2908 = ( GEOMETRIC_REPRESENTATION_CONTEXT(2) 
PARAMETRIC_REPRESENTATION_CONTEXT() REPRESENTATION_CONTEXT('2D SPACE',''
  ) );
#2909 = ORIENTED_EDGE('',*,*,#2910,.F.);
#2910 = EDGE_CURVE('',#2911,#2885,#2913,.T.);
#2911 = VERTEX_POINT('',#2912);
#2912 = CARTESIAN_POINT('',(28.1,7.,-22.86652298583));
#2913 = SURFACE_CURVE('',#2914,(#2997,#3083),.PCURVE_S1.);
#2914 = B_SPLINE_CURVE_WITH_KNOTS('',6,(#2915,#2916,#2917,#2918,#2919,
    #2920,#2921,#2922,#2923,#2924,#2925,#2926,#2927,#2928,#2929,#2930,
    #2931,#2932,#2933,#2934,#2935,#2936,#2937,#2938,#2939,#2940,#2941,
    #2942,#2943,#2944,#2945,#2946,#2947,#2948,#2949,#2950,#2951,#2952,
    #2953,#2954,#2955,#2956,#2957,#2958,#2959,#2960,#2961,#2962,#2963,
    #2964,#2965,#2966,#2967,#2968,#2969,#2970,#2971,#2972,#2973,#2974,
    #2975,#2976,#2977,#2978,#2979,#2980,#2981,#2982,#2983,#2984,#2985,
    #2986,#2987,#2988,#2989,#2990,#2991,#2992,#2993,#2994,#2995,#2996),
  .UNSPECIFIED.,.F.,.F.,(7,5,5,5,5,5,5,5,5,5,5,5,5,5,5,5,7),(0.,
    0.13356323739,0.210159035273,0.237017669134,0.272544909439,
    0.320096958977,0.379192487054,0.472760498342,0.532253832208,
    0.580686133855,0.615022348209,0.642111776274,0.717853805493,
    0.851715421178,0.922235238556,0.985213580852,1.),.UNSPECIFIED.);
#2915 = CARTESIAN_POINT('',(28.1,7.,-22.86652298583));
#2916 = CARTESIAN_POINT('',(28.1,7.15526255386,-22.86652298583));
#2917 = CARTESIAN_POINT('',(28.08622505168,7.310309974962,-22.8740044632
    ));
#2918 = CARTESIAN_POINT('',(28.058745591062,7.464064454178,
    -22.88892930495));
#2919 = CARTESIAN_POINT('',(28.017596545911,7.615423130003,
    -22.91080150923));
#2920 = CARTESIAN_POINT('',(27.962805388408,7.763180544983,
    -22.93866959436));
#2921 = CARTESIAN_POINT('',(27.855368573779,7.987849036884,
    -22.98992351857));
#2922 = CARTESIAN_POINT('',(27.811750259088,8.068150773437,
    -23.0101634206));
#2923 = CARTESIAN_POINT('',(27.76364221157,8.146703176345,
    -23.03174526324));
#2924 = CARTESIAN_POINT('',(27.711001330089,8.223302369723,
    -23.05442292206));
#2925 = CARTESIAN_POINT('',(27.653772028899,8.297706046033,
    -23.07792158177));
#2926 = CARTESIAN_POINT('',(27.570188625876,8.39485291747,
    -23.11035880145));
#2927 = CARTESIAN_POINT('',(27.547915228095,8.419770842024,
    -23.11884420566));
#2928 = CARTESIAN_POINT('',(27.525064688755,8.444373906433,
    -23.12738084374));
#2929 = CARTESIAN_POINT('',(27.50163341624,8.468649490238,
    -23.13595531277));
#2930 = CARTESIAN_POINT('',(27.477617727989,8.492584059624,
    -23.14455369077));
#2931 = CARTESIAN_POINT('',(27.420469087706,8.547352416786,
    -23.16454755933));
#2932 = CARTESIAN_POINT('',(27.386895584963,8.577919445182,
    -23.17595003382));
#2933 = CARTESIAN_POINT('',(27.352284136052,8.607830987221,
    -23.18733561724));
#2934 = CARTESIAN_POINT('',(27.316626880523,8.637049796257,
    -23.19866887869));
#2935 = CARTESIAN_POINT('',(27.279917303692,8.66553464439,
    -23.20991229925));
#2936 = CARTESIAN_POINT('',(27.191600252243,8.730323466685,
    -23.23590196131));
#2937 = CARTESIAN_POINT('',(27.139144031445,8.766019511849,
    -23.25054925126));
#2938 = CARTESIAN_POINT('',(27.084783909907,8.800207278927,
    -23.26486835612));
#2939 = CARTESIAN_POINT('',(27.028528486893,8.832758388889,
    -23.27875410943));
#2940 = CARTESIAN_POINT('',(26.970393079758,8.863536800814,
    -23.29209708593));
#2941 = CARTESIAN_POINT('',(26.835843724635,8.92826617289,
    -23.32055234323));
#2942 = CARTESIAN_POINT('',(26.758347730359,8.961207448091,
    -23.33532282901));
#2943 = CARTESIAN_POINT('',(26.678122261095,8.990849968462,
    -23.34883893621));
#2944 = CARTESIAN_POINT('',(26.595405390478,9.016861335925,
    -23.36085782245));
#2945 = CARTESIAN_POINT('',(26.510461641672,9.038945164915,
    -23.37116092895));
#2946 = CARTESIAN_POINT('',(26.286018373296,9.085166505079,
    -23.39286851876));
#2947 = CARTESIAN_POINT('',(26.14364710397,9.102977678507,
    -23.40140483066));
#2948 = CARTESIAN_POINT('',(25.99880458493,9.108993662949,
    -23.40433201697));
#2949 = CARTESIAN_POINT('',(25.853974981626,9.102812275028,
    -23.40132507438));
#2950 = CARTESIAN_POINT('',(25.711642759426,9.084841971554,
    -23.39271374423));
#2951 = CARTESIAN_POINT('',(25.486722569089,9.038263239345,
    -23.3708421986));
#2952 = CARTESIAN_POINT('',(25.40127148147,9.015915728969,
    -23.36041876855));
#2953 = CARTESIAN_POINT('',(25.318086009263,8.989595714684,
    -23.3482618987));
#2954 = CARTESIAN_POINT('',(25.23743316297,8.959605842101,
    -23.33459494583));
#2955 = CARTESIAN_POINT('',(25.15955280196,8.926284961765,
    -23.31966570197));
#2956 = CARTESIAN_POINT('',(25.023684169484,8.860482984548,
    -23.29076836202));
#2957 = CARTESIAN_POINT('',(24.964642089273,8.828974605536,
    -23.2771274928));
#2958 = CARTESIAN_POINT('',(24.907552195103,8.795638620292,
    -23.26293228716));
#2959 = CARTESIAN_POINT('',(24.852429268456,8.76061780016,
    -23.24829789469));
#2960 = CARTESIAN_POINT('',(24.799281006144,8.724046455496,
    -23.23333475827));
#2961 = CARTESIAN_POINT('',(24.711829652305,8.659113894734,
    -23.20738033012));
#2962 = CARTESIAN_POINT('',(24.676537699571,8.631456416396,
    -23.19649870669));
#2963 = CARTESIAN_POINT('',(24.642227745353,8.603118790849,
    -23.18553804546));
#2964 = CARTESIAN_POINT('',(24.608893754171,8.574137870481,
    -23.17453202384));
#2965 = CARTESIAN_POINT('',(24.576528576213,8.544547062879,
    -23.16351251003));
#2966 = CARTESIAN_POINT('',(24.52034738268,8.490573244472,
    -23.14382882915));
#2967 = CARTESIAN_POINT('',(24.496168909101,8.466409346991,
    -23.13515846943));
#2968 = CARTESIAN_POINT('',(24.472584651698,8.441899415083,
    -23.12651327466));
#2969 = CARTESIAN_POINT('',(24.449590834786,8.417057286355,
    -23.11790750087));
#2970 = CARTESIAN_POINT('',(24.427183781888,8.391895859327,
    -23.10935486938));
#2971 = CARTESIAN_POINT('',(24.34434039538,8.295216434954,-23.0771408682
    ));
#2972 = CARTESIAN_POINT('',(24.287869466834,8.221591178597,
    -23.0539276789));
#2973 = CARTESIAN_POINT('',(24.235883667862,8.145823392537,
    -23.03152200834));
#2974 = CARTESIAN_POINT('',(24.188329452611,8.06814693904,
    -23.01018925144));
#2975 = CARTESIAN_POINT('',(24.145165215804,7.98875900464,
    -22.99016738604));
#2976 = CARTESIAN_POINT('',(24.037787323765,7.764778094153,
    -22.93897107311));
#2977 = CARTESIAN_POINT('',(23.982759487254,7.616731356469,
    -22.9109907156));
#2978 = CARTESIAN_POINT('',(23.941433210364,7.465062128543,-22.889026414
    ));
#2979 = CARTESIAN_POINT('',(23.913835092144,7.310982669892,
    -22.87403712918));
#2980 = CARTESIAN_POINT('',(23.9,7.155601160445,-22.86652298583));
#2981 = CARTESIAN_POINT('',(23.9,6.918027543876,-22.86652298583));
#2982 = CARTESIAN_POINT('',(23.903839695138,6.836065862493,
    -22.86860833061));
#2983 = CARTESIAN_POINT('',(23.911517242542,6.754293525417,
    -22.87277842534));
#2984 = CARTESIAN_POINT('',(23.923027529416,6.672893055486,
    -22.87899266138));
#2985 = CARTESIAN_POINT('',(23.938360180751,6.592051201591,
    -22.88717224883));
#2986 = CARTESIAN_POINT('',(23.974588377914,6.440432356226,
    -22.90615925026));
#2987 = CARTESIAN_POINT('',(23.994712848541,6.36950692753,-22.9165917218
    ));
#2988 = CARTESIAN_POINT('',(24.017865424216,6.299288044579,
    -22.92842147505));
#2989 = CARTESIAN_POINT('',(24.044043747797,6.229888244018,
    -22.94155177968));
#2990 = CARTESIAN_POINT('',(24.073247022204,6.161427786439,
    -22.95586879677));
#2991 = CARTESIAN_POINT('',(24.113040896602,6.07821208632,
    -22.97485290599));
#2992 = CARTESIAN_POINT('',(24.120774460408,6.062447356025,
    -22.97852105115));
#2993 = CARTESIAN_POINT('',(24.128675175976,6.046742241714,
    -22.98224602911));
#2994 = CARTESIAN_POINT('',(24.136743184533,6.03109822031,-22.9860261871
    ));
#2995 = CARTESIAN_POINT('',(24.144978656933,6.015516775954,
    -22.98985983788));
#2996 = CARTESIAN_POINT('',(24.153381793656,5.9999994,-22.99374525977));
#2997 = PCURVE('',#778,#2998);
#2998 = DEFINITIONAL_REPRESENTATION('',(#2999),#3082);
#2999 = B_SPLINE_CURVE_WITH_KNOTS('',6,(#3000,#3001,#3002,#3003,#3004,
    #3005,#3006,#3007,#3008,#3009,#3010,#3011,#3012,#3013,#3014,#3015,
    #3016,#3017,#3018,#3019,#3020,#3021,#3022,#3023,#3024,#3025,#3026,
    #3027,#3028,#3029,#3030,#3031,#3032,#3033,#3034,#3035,#3036,#3037,
    #3038,#3039,#3040,#3041,#3042,#3043,#3044,#3045,#3046,#3047,#3048,
    #3049,#3050,#3051,#3052,#3053,#3054,#3055,#3056,#3057,#3058,#3059,
    #3060,#3061,#3062,#3063,#3064,#3065,#3066,#3067,#3068,#3069,#3070,
    #3071,#3072,#3073,#3074,#3075,#3076,#3077,#3078,#3079,#3080,#3081),
  .UNSPECIFIED.,.F.,.F.,(7,5,5,5,5,5,5,5,5,5,5,5,5,5,5,5,7),(0.,
    0.13356323739,0.210159035273,0.237017669134,0.272544909439,
    0.320096958977,0.379192487054,0.472760498342,0.532253832208,
    0.580686133855,0.615022348209,0.642111776274,0.717853805493,
    0.851715421178,0.922235238556,0.985213580852,1.),.UNSPECIFIED.);
#3000 = CARTESIAN_POINT('',(0.,5.133477014164));
#3001 = CARTESIAN_POINT('',(7.39345494572E-02,5.133477014164));
#3002 = CARTESIAN_POINT('',(0.147766607436,5.125995536793));
#3003 = CARTESIAN_POINT('',(0.221710699864,5.111070695049));
#3004 = CARTESIAN_POINT('',(0.29595816908,5.089198490765));
#3005 = CARTESIAN_POINT('',(0.370690364069,5.061330405631));
#3006 = CARTESIAN_POINT('',(0.489278621042,5.010076481421));
#3007 = CARTESIAN_POINT('',(0.532736717426,4.989836579392));
#3008 = CARTESIAN_POINT('',(0.576511103537,4.968254736754));
#3009 = CARTESIAN_POINT('',(0.620676130923,4.945577077933));
#3010 = CARTESIAN_POINT('',(0.665307772465,4.922078418221));
#3011 = CARTESIAN_POINT('',(0.72633395526,4.889641198547));
#3012 = CARTESIAN_POINT('',(0.742246191901,4.881155794336));
#3013 = CARTESIAN_POINT('',(0.758231152132,4.872619156257));
#3014 = CARTESIAN_POINT('',(0.77429288853,4.864044687229));
#3015 = CARTESIAN_POINT('',(0.790435523067,4.855446309223));
#3016 = CARTESIAN_POINT('',(0.828128458439,4.835452440664));
#3017 = CARTESIAN_POINT('',(0.849742396162,4.824049966179));
#3018 = CARTESIAN_POINT('',(0.871514902648,4.812664382753));
#3019 = CARTESIAN_POINT('',(0.893455554686,4.801331121308));
#3020 = CARTESIAN_POINT('',(0.915573663485,4.790087700741));
#3021 = CARTESIAN_POINT('',(0.96773226748,4.764098038681));
#3022 = CARTESIAN_POINT('',(0.997927461693,4.749450748738));
#3023 = CARTESIAN_POINT('',(1.028476757045,4.735131643879));
#3024 = CARTESIAN_POINT('',(1.059393996034,4.721245890566));
#3025 = CARTESIAN_POINT('',(1.090694688351,4.707902914063));
#3026 = CARTESIAN_POINT('',(1.161794599806,4.679447656766));
#3027 = CARTESIAN_POINT('',(1.2018496835,4.664677170981));
#3028 = CARTESIAN_POINT('',(1.242505211552,4.651161063783));
#3029 = CARTESIAN_POINT('',(1.283718567943,4.639142177543));
#3030 = CARTESIAN_POINT('',(1.325457774884,4.628839071045));
#3031 = CARTESIAN_POINT('',(1.434578350401,4.607131481238));
#3032 = CARTESIAN_POINT('',(1.502691421588,4.598595169338));
#3033 = CARTESIAN_POINT('',(1.571363113272,4.595667983029));
#3034 = CARTESIAN_POINT('',(1.640032032357,4.59867492562));
#3035 = CARTESIAN_POINT('',(1.708136288764,4.607286255762));
#3036 = CARTESIAN_POINT('',(1.817513696418,4.629157801394));
#3037 = CARTESIAN_POINT('',(1.8595172787,4.639581231447));
#3038 = CARTESIAN_POINT('',(1.90098619857,4.651738101298));
#3039 = CARTESIAN_POINT('',(1.941888745701,4.665405054163));
#3040 = CARTESIAN_POINT('',(1.982182343234,4.68033429803));
#3041 = CARTESIAN_POINT('',(2.054070050919,4.709231637972));
#3042 = CARTESIAN_POINT('',(2.085913879034,4.722872507192));
#3043 = CARTESIAN_POINT('',(2.117360790131,4.737067712834));
#3044 = CARTESIAN_POINT('',(2.148427536431,4.751702105306));
#3045 = CARTESIAN_POINT('',(2.179129122706,4.766665241725));
#3046 = CARTESIAN_POINT('',(2.230996686344,4.792619669875));
#3047 = CARTESIAN_POINT('',(2.25234099748,4.803501293305));
#3048 = CARTESIAN_POINT('',(2.273520775489,4.814461954536));
#3049 = CARTESIAN_POINT('',(2.294544458475,4.82546797616));
#3050 = CARTESIAN_POINT('',(2.315420698953,4.836487489965));
#3051 = CARTESIAN_POINT('',(2.352519267115,4.856171170843));
#3052 = CARTESIAN_POINT('',(2.368793834386,4.864841530566));
#3053 = CARTESIAN_POINT('',(2.384986364905,4.873486725336));
#3054 = CARTESIAN_POINT('',(2.401101084571,4.882092499121));
#3055 = CARTESIAN_POINT('',(2.417142145947,4.890645130619));
#3056 = CARTESIAN_POINT('',(2.477769885916,4.922859131797));
#3057 = CARTESIAN_POINT('',(2.521889909062,4.946072321095));
#3058 = CARTESIAN_POINT('',(2.565555138857,4.968477991654));
#3059 = CARTESIAN_POINT('',(2.608839015285,4.989810748553));
#3060 = CARTESIAN_POINT('',(2.651813433188,5.009832613953));
#3061 = CARTESIAN_POINT('',(2.770094258907,5.061028926885));
#3062 = CARTESIAN_POINT('',(2.844992692879,5.089009284399));
#3063 = CARTESIAN_POINT('',(2.91940210064,5.110973585999));
#3064 = CARTESIAN_POINT('',(2.993505715523,5.125962870812));
#3065 = CARTESIAN_POINT('',(3.067496862902,5.133477014164));
#3066 = CARTESIAN_POINT('',(3.180627156506,5.133477014164));
#3067 = CARTESIAN_POINT('',(3.219656537017,5.131391669389));
#3068 = CARTESIAN_POINT('',(3.258702778434,5.127221574659));
#3069 = CARTESIAN_POINT('',(3.297785968442,5.121007338614));
#3070 = CARTESIAN_POINT('',(3.336924881141,5.112827751162));
#3071 = CARTESIAN_POINT('',(3.411156785552,5.09384074974));
#3072 = CARTESIAN_POINT('',(3.446233188128,5.083408278196));
#3073 = CARTESIAN_POINT('',(3.481394753255,5.071578524942));
#3074 = CARTESIAN_POINT('',(3.516667700168,5.058448220313));
#3075 = CARTESIAN_POINT('',(3.552077501039,5.044131203221));
#3076 = CARTESIAN_POINT('',(3.596001794768,5.025147094008));
#3077 = CARTESIAN_POINT('',(3.604363025017,5.021478948847));
#3078 = CARTESIAN_POINT('',(3.612734031078,5.017753970886));
#3079 = CARTESIAN_POINT('',(3.621115268459,5.013973812898));
#3080 = CARTESIAN_POINT('',(3.629507208952,5.010140162114));
#3081 = CARTESIAN_POINT('',(3.637910340634,5.006254740222));
#3082 = ( GEOMETRIC_REPRESENTATION_CONTEXT(2) 
PARAMETRIC_REPRESENTATION_CONTEXT() REPRESENTATION_CONTEXT('2D SPACE',''
  ) );
#3083 = PCURVE('',#2079,#3084);
#3084 = DEFINITIONAL_REPRESENTATION('',(#3085),#3168);
#3085 = B_SPLINE_CURVE_WITH_KNOTS('',6,(#3086,#3087,#3088,#3089,#3090,
    #3091,#3092,#3093,#3094,#3095,#3096,#3097,#3098,#3099,#3100,#3101,
    #3102,#3103,#3104,#3105,#3106,#3107,#3108,#3109,#3110,#3111,#3112,
    #3113,#3114,#3115,#3116,#3117,#3118,#3119,#3120,#3121,#3122,#3123,
    #3124,#3125,#3126,#3127,#3128,#3129,#3130,#3131,#3132,#3133,#3134,
    #3135,#3136,#3137,#3138,#3139,#3140,#3141,#3142,#3143,#3144,#3145,
    #3146,#3147,#3148,#3149,#3150,#3151,#3152,#3153,#3154,#3155,#3156,
    #3157,#3158,#3159,#3160,#3161,#3162,#3163,#3164,#3165,#3166,#3167),
  .UNSPECIFIED.,.F.,.F.,(7,5,5,5,5,5,5,5,5,5,5,5,5,5,5,5,7),(0.,
    0.13356323739,0.210159035273,0.237017669134,0.272544909439,
    0.320096958977,0.379192487054,0.472760498342,0.532253832208,
    0.580686133855,0.615022348209,0.642111776274,0.717853805493,
    0.851715421178,0.922235238556,0.985213580852,1.),.UNSPECIFIED.);
#3086 = CARTESIAN_POINT('',(2.644044129918,1.));
#3087 = CARTESIAN_POINT('',(2.644044129918,1.15526255386));
#3088 = CARTESIAN_POINT('',(2.647606721544,1.310309974962));
#3089 = CARTESIAN_POINT('',(2.65471386811,1.464064454178));
#3090 = CARTESIAN_POINT('',(2.665304261485,1.615423130003));
#3091 = CARTESIAN_POINT('',(2.679270445975,1.763180544983));
#3092 = CARTESIAN_POINT('',(2.706324143998,1.987849036884));
#3093 = CARTESIAN_POINT('',(2.717252026021,2.068150773437));
#3094 = CARTESIAN_POINT('',(2.729233944463,2.146703176345));
#3095 = CARTESIAN_POINT('',(2.742258177103,2.223302369723));
#3096 = CARTESIAN_POINT('',(2.756315946128,2.297706046033));
#3097 = CARTESIAN_POINT('',(2.776692512742,2.39485291747));
#3098 = CARTESIAN_POINT('',(2.782109451848,2.419770842024));
#3099 = CARTESIAN_POINT('',(2.787653149188,2.444373906433));
#3100 = CARTESIAN_POINT('',(2.7933235979,2.468649490238));
#3101 = CARTESIAN_POINT('',(2.799120841424,2.492584059624));
#3102 = CARTESIAN_POINT('',(2.81288111532,2.547352416786));
#3103 = CARTESIAN_POINT('',(2.820939189136,2.577919445182));
#3104 = CARTESIAN_POINT('',(2.82921950636,2.607830987221));
#3105 = CARTESIAN_POINT('',(2.837722223412,2.637049796257));
#3106 = CARTESIAN_POINT('',(2.846447341727,2.66553464439));
#3107 = CARTESIAN_POINT('',(2.867370464625,2.730323466685));
#3108 = CARTESIAN_POINT('',(2.879747181193,2.766019511849));
#3109 = CARTESIAN_POINT('',(2.892521034541,2.800207278927));
#3110 = CARTESIAN_POINT('',(2.905687534461,2.832758388889));
#3111 = CARTESIAN_POINT('',(2.919241658838,2.863536800814));
#3112 = CARTESIAN_POINT('',(2.950497427423,2.92826617289));
#3113 = CARTESIAN_POINT('',(2.96842361095,2.961207448091));
#3114 = CARTESIAN_POINT('',(2.986907012345,2.990849968462));
#3115 = CARTESIAN_POINT('',(3.005896048082,3.016861335925));
#3116 = CARTESIAN_POINT('',(3.02533718636,3.038945164915));
#3117 = CARTESIAN_POINT('',(3.076585044697,3.085166505079));
#3118 = CARTESIAN_POINT('',(3.108978699124,3.102977678507));
#3119 = CARTESIAN_POINT('',(3.141864063605,3.108993662949));
#3120 = CARTESIAN_POINT('',(3.174746883323,3.102812275028));
#3121 = CARTESIAN_POINT('',(3.207132736483,3.084841971554));
#3122 = CARTESIAN_POINT('',(3.258492076875,3.038263239345));
#3123 = CARTESIAN_POINT('',(3.278050866634,3.015915728969));
#3124 = CARTESIAN_POINT('',(3.297149676024,2.989595714684));
#3125 = CARTESIAN_POINT('',(3.315734456401,2.959605842101));
#3126 = CARTESIAN_POINT('',(3.333753166069,2.926284961765));
#3127 = CARTESIAN_POINT('',(3.365323091693,2.860482984548));
#3128 = CARTESIAN_POINT('',(3.379093113028,2.828974605536));
#3129 = CARTESIAN_POINT('',(3.392460492596,2.795638620292));
#3130 = CARTESIAN_POINT('',(3.405420176872,2.76061780016));
#3131 = CARTESIAN_POINT('',(3.417967668671,2.724046455496));
#3132 = CARTESIAN_POINT('',(3.43869983968,2.659113894734));
#3133 = CARTESIAN_POINT('',(3.447092888574,2.631456416396));
#3134 = CARTESIAN_POINT('',(3.455278220115,2.603118790849));
#3135 = CARTESIAN_POINT('',(3.463255856516,2.574137870481));
#3136 = CARTESIAN_POINT('',(3.471025943578,2.544547062879));
#3137 = CARTESIAN_POINT('',(3.484555399123,2.490573244472));
#3138 = CARTESIAN_POINT('',(3.490392986038,2.466409346991));
#3139 = CARTESIAN_POINT('',(3.496101606995,2.441899415083));
#3140 = CARTESIAN_POINT('',(3.501681304587,2.417057286355));
#3141 = CARTESIAN_POINT('',(3.507132068443,2.391895859327));
#3142 = CARTESIAN_POINT('',(3.527333492888,2.295216434954));
#3143 = CARTESIAN_POINT('',(3.541207288113,2.221591178597));
#3144 = CARTESIAN_POINT('',(3.554070424478,2.145823392537));
#3145 = CARTESIAN_POINT('',(3.56591437577,2.06814693904));
#3146 = CARTESIAN_POINT('',(3.576727804391,1.98875900464));
#3147 = CARTESIAN_POINT('',(3.603763778815,1.764778094153));
#3148 = CARTESIAN_POINT('',(3.617789419419,1.616731356469));
#3149 = CARTESIAN_POINT('',(3.628425194138,1.465062128543));
#3150 = CARTESIAN_POINT('',(3.635563031093,1.310982669892));
#3151 = CARTESIAN_POINT('',(3.639141177262,1.155601160445));
#3152 = CARTESIAN_POINT('',(3.639141177262,0.918027543876));
#3153 = CARTESIAN_POINT('',(3.638148132436,0.836065862493));
#3154 = CARTESIAN_POINT('',(3.636162438849,0.754293525417));
#3155 = CARTESIAN_POINT('',(3.633189595678,0.672893055486));
#3156 = CARTESIAN_POINT('',(3.629240142676,0.592051201591));
#3157 = CARTESIAN_POINT('',(3.61994419222,0.440432356226));
#3158 = CARTESIAN_POINT('',(3.614792465146,0.36950692753));
#3159 = CARTESIAN_POINT('',(3.608883600346,0.299288044579));
#3160 = CARTESIAN_POINT('',(3.602227881773,0.229888244018));
#3161 = CARTESIAN_POINT('',(3.594836492369,0.161427786439));
#3162 = CARTESIAN_POINT('',(3.584815984363,7.821208632004E-02));
#3163 = CARTESIAN_POINT('',(3.582870671396,6.244735602536E-02));
#3164 = CARTESIAN_POINT('',(3.580885497375,4.674224171364E-02));
#3165 = CARTESIAN_POINT('',(3.578860579874,3.109822030989E-02));
#3166 = CARTESIAN_POINT('',(3.576796030831,1.551677595386E-02));
#3167 = CARTESIAN_POINT('',(3.57469195654,-6.E-07));
#3168 = ( GEOMETRIC_REPRESENTATION_CONTEXT(2) 
PARAMETRIC_REPRESENTATION_CONTEXT() REPRESENTATION_CONTEXT('2D SPACE',''
  ) );
#3169 = ORIENTED_EDGE('',*,*,#3170,.F.);
#3170 = EDGE_CURVE('',#762,#2911,#3171,.T.);
#3171 = SEAM_CURVE('',#3172,(#3176,#3183),.PCURVE_S1.);
#3172 = LINE('',#3173,#3174);
#3173 = CARTESIAN_POINT('',(28.1,7.,-28.));
#3174 = VECTOR('',#3175,1.);
#3175 = DIRECTION('',(0.,0.,1.));
#3176 = PCURVE('',#778,#3177);
#3177 = DEFINITIONAL_REPRESENTATION('',(#3178),#3182);
#3178 = LINE('',#3179,#3180);
#3179 = CARTESIAN_POINT('',(6.28318530718,-0.));
#3180 = VECTOR('',#3181,1.);
#3181 = DIRECTION('',(0.,1.));
#3182 = ( GEOMETRIC_REPRESENTATION_CONTEXT(2) 
PARAMETRIC_REPRESENTATION_CONTEXT() REPRESENTATION_CONTEXT('2D SPACE',''
  ) );
#3183 = PCURVE('',#778,#3184);
#3184 = DEFINITIONAL_REPRESENTATION('',(#3185),#3189);
#3185 = LINE('',#3186,#3187);
#3186 = CARTESIAN_POINT('',(0.,-0.));
#3187 = VECTOR('',#3188,1.);
#3188 = DIRECTION('',(0.,1.));
#3189 = ( GEOMETRIC_REPRESENTATION_CONTEXT(2) 
PARAMETRIC_REPRESENTATION_CONTEXT() REPRESENTATION_CONTEXT('2D SPACE',''
  ) );
#3190 = ORIENTED_EDGE('',*,*,#761,.T.);
#3191 = ORIENTED_EDGE('',*,*,#3170,.T.);
#3192 = ORIENTED_EDGE('',*,*,#3193,.F.);
#3193 = EDGE_CURVE('',#3194,#2911,#3196,.T.);
#3194 = VERTEX_POINT('',#3195);
#3195 = CARTESIAN_POINT('',(27.846618531262,6.,-22.99374510954));
#3196 = SURFACE_CURVE('',#3197,(#3210,#3226),.PCURVE_S1.);
#3197 = B_SPLINE_CURVE_WITH_KNOTS('',6,(#3198,#3199,#3200,#3201,#3202,
    #3203,#3204,#3205,#3206,#3207,#3208,#3209),.UNSPECIFIED.,.F.,.F.,(7,
    5,7),(0.,9.890746244603E-02,1.),.UNSPECIFIED.);
#3198 = CARTESIAN_POINT('',(27.846618206344,5.9999994,-22.99374525977));
#3199 = CARTESIAN_POINT('',(27.854948776435,6.015382773171,
    -22.98989339106));
#3200 = CARTESIAN_POINT('',(27.863114567069,6.030829116042,
    -22.98609240242));
#3201 = CARTESIAN_POINT('',(27.871115771303,6.046336971159,
    -22.98234397238));
#3202 = CARTESIAN_POINT('',(27.878952555048,6.061904890884,
    -22.97864974552));
#3203 = CARTESIAN_POINT('',(27.886625057063,6.077531437404,
    -22.97501133241));
#3204 = CARTESIAN_POINT('',(27.962537750689,6.236101326206,
    -22.93880554346));
#3205 = CARTESIAN_POINT('',(28.01743649166,6.383987213115,
    -22.91088672039));
#3206 = CARTESIAN_POINT('',(28.058667364274,6.5354913364,-22.88897178459
    ));
#3207 = CARTESIAN_POINT('',(28.086200089427,6.689398562813,
    -22.87401802333));
#3208 = CARTESIAN_POINT('',(28.1,6.844596869689,-22.86652298583));
#3209 = CARTESIAN_POINT('',(28.1,7.,-22.86652298583));
#3210 = PCURVE('',#778,#3211);
#3211 = DEFINITIONAL_REPRESENTATION('',(#3212),#3225);
#3212 = B_SPLINE_CURVE_WITH_KNOTS('',6,(#3213,#3214,#3215,#3216,#3217,
    #3218,#3219,#3220,#3221,#3222,#3223,#3224),.UNSPECIFIED.,.F.,.F.,(7,
    5,7),(0.,9.890746244603E-02,1.),.UNSPECIFIED.);
#3213 = CARTESIAN_POINT('',(5.786867620136,5.006254740222));
#3214 = CARTESIAN_POINT('',(5.795198185229,5.010106608932));
#3215 = CARTESIAN_POINT('',(5.803517753237,5.013907597573));
#3216 = CARTESIAN_POINT('',(5.811826797332,5.017656027611));
#3217 = CARTESIAN_POINT('',(5.82012577649,5.02135025448));
#3218 = CARTESIAN_POINT('',(5.828415135482,5.024988667584));
#3219 = CARTESIAN_POINT('',(5.912131461759,5.061194456539));
#3220 = CARTESIAN_POINT('',(5.986937995782,5.089113279606));
#3221 = CARTESIAN_POINT('',(6.061261096264,5.111028215409));
#3222 = CARTESIAN_POINT('',(6.135279908047,5.125981976665));
#3223 = CARTESIAN_POINT('',(6.209183816555,5.133477014164));
#3224 = CARTESIAN_POINT('',(6.28318530718,5.133477014164));
#3225 = ( GEOMETRIC_REPRESENTATION_CONTEXT(2) 
PARAMETRIC_REPRESENTATION_CONTEXT() REPRESENTATION_CONTEXT('2D SPACE',''
  ) );
#3226 = PCURVE('',#2079,#3227);
#3227 = DEFINITIONAL_REPRESENTATION('',(#3228),#3241);
#3228 = B_SPLINE_CURVE_WITH_KNOTS('',6,(#3229,#3230,#3231,#3232,#3233,
    #3234,#3235,#3236,#3237,#3238,#3239,#3240),.UNSPECIFIED.,.F.,.F.,(7,
    5,7),(0.,9.890746244603E-02,1.),.UNSPECIFIED.);
#3229 = CARTESIAN_POINT('',(2.708493350639,-6.E-07));
#3230 = CARTESIAN_POINT('',(2.706407446419,1.538277317056E-02));
#3231 = CARTESIAN_POINT('',(2.704360387341,3.082911604248E-02));
#3232 = CARTESIAN_POINT('',(2.702352277542,4.633697115891E-02));
#3233 = CARTESIAN_POINT('',(2.70038322624,6.19048908843E-02));
#3234 = CARTESIAN_POINT('',(2.69845334773,7.753143740435E-02));
#3235 = CARTESIAN_POINT('',(2.679338649069,0.236101326206));
#3236 = CARTESIAN_POINT('',(2.665345469838,0.383987213115));
#3237 = CARTESIAN_POINT('',(2.654734096843,0.5354913364));
#3238 = CARTESIAN_POINT('',(2.647613179088,0.689398562813));
#3239 = CARTESIAN_POINT('',(2.644044129918,0.844596869689));
#3240 = CARTESIAN_POINT('',(2.644044129918,1.));
#3241 = ( GEOMETRIC_REPRESENTATION_CONTEXT(2) 
PARAMETRIC_REPRESENTATION_CONTEXT() REPRESENTATION_CONTEXT('2D SPACE',''
  ) );
#3242 = ORIENTED_EDGE('',*,*,#3243,.T.);
#3243 = EDGE_CURVE('',#3194,#3244,#3246,.T.);
#3244 = VERTEX_POINT('',#3245);
#3245 = CARTESIAN_POINT('',(27.846618531262,6.,-15.00625489045));
#3246 = SURFACE_CURVE('',#3247,(#3251,#3257),.PCURVE_S1.);
#3247 = LINE('',#3248,#3249);
#3248 = CARTESIAN_POINT('',(27.846618531262,6.,-28.));
#3249 = VECTOR('',#3250,1.);
#3250 = DIRECTION('',(0.,0.,1.));
#3251 = PCURVE('',#778,#3252);
#3252 = DEFINITIONAL_REPRESENTATION('',(#3253),#3256);
#3253 = B_SPLINE_CURVE_WITH_KNOTS('',1,(#3254,#3255),.UNSPECIFIED.,.F.,
  .F.,(2,2),(3.72,14.28),.PIECEWISE_BEZIER_KNOTS.);
#3254 = CARTESIAN_POINT('',(5.786867945054,3.72));
#3255 = CARTESIAN_POINT('',(5.786867945054,14.28));
#3256 = ( GEOMETRIC_REPRESENTATION_CONTEXT(2) 
PARAMETRIC_REPRESENTATION_CONTEXT() REPRESENTATION_CONTEXT('2D SPACE',''
  ) );
#3257 = PCURVE('',#3258,#3263);
#3258 = PLANE('',#3259);
#3259 = AXIS2_PLACEMENT_3D('',#3260,#3261,#3262);
#3260 = CARTESIAN_POINT('',(26.,6.,-19.));
#3261 = DIRECTION('',(0.,1.,0.));
#3262 = DIRECTION('',(0.,-0.,1.));
#3263 = DEFINITIONAL_REPRESENTATION('',(#3264),#3267);
#3264 = B_SPLINE_CURVE_WITH_KNOTS('',1,(#3265,#3266),.UNSPECIFIED.,.F.,
  .F.,(2,2),(3.72,14.28),.PIECEWISE_BEZIER_KNOTS.);
#3265 = CARTESIAN_POINT('',(-5.28,1.846618531262));
#3266 = CARTESIAN_POINT('',(5.28,1.846618531262));
#3267 = ( GEOMETRIC_REPRESENTATION_CONTEXT(2) 
PARAMETRIC_REPRESENTATION_CONTEXT() REPRESENTATION_CONTEXT('2D SPACE',''
  ) );
#3268 = ORIENTED_EDGE('',*,*,#3269,.T.);
#3269 = EDGE_CURVE('',#3244,#2567,#3270,.T.);
#3270 = SURFACE_CURVE('',#3271,(#3284,#3300),.PCURVE_S1.);
#3271 = B_SPLINE_CURVE_WITH_KNOTS('',6,(#3272,#3273,#3274,#3275,#3276,
    #3277,#3278,#3279,#3280,#3281,#3282,#3283),.UNSPECIFIED.,.F.,.F.,(7,
    5,7),(0.,9.890746244598E-02,1.),.UNSPECIFIED.);
#3272 = CARTESIAN_POINT('',(27.846618206344,5.9999994,-15.00625474022));
#3273 = CARTESIAN_POINT('',(27.854948776435,6.015382773171,
    -15.01010660893));
#3274 = CARTESIAN_POINT('',(27.863114567069,6.030829116042,
    -15.01390759757));
#3275 = CARTESIAN_POINT('',(27.871115771303,6.046336971159,
    -15.01765602761));
#3276 = CARTESIAN_POINT('',(27.878952555048,6.061904890884,
    -15.02135025448));
#3277 = CARTESIAN_POINT('',(27.886625057063,6.077531437404,
    -15.02498866758));
#3278 = CARTESIAN_POINT('',(27.962537750689,6.236101326206,
    -15.06119445653));
#3279 = CARTESIAN_POINT('',(28.01743649166,6.383987213115,-15.0891132796
    ));
#3280 = CARTESIAN_POINT('',(28.058667364274,6.5354913364,-15.1110282154)
  );
#3281 = CARTESIAN_POINT('',(28.086200089427,6.689398562812,
    -15.12598197666));
#3282 = CARTESIAN_POINT('',(28.1,6.844596869689,-15.13347701416));
#3283 = CARTESIAN_POINT('',(28.1,7.,-15.13347701416));
#3284 = PCURVE('',#778,#3285);
#3285 = DEFINITIONAL_REPRESENTATION('',(#3286),#3299);
#3286 = B_SPLINE_CURVE_WITH_KNOTS('',6,(#3287,#3288,#3289,#3290,#3291,
    #3292,#3293,#3294,#3295,#3296,#3297,#3298),.UNSPECIFIED.,.F.,.F.,(7,
    5,7),(0.,9.890746244598E-02,1.),.UNSPECIFIED.);
#3287 = CARTESIAN_POINT('',(5.786867620136,12.993745259778));
#3288 = CARTESIAN_POINT('',(5.795198185229,12.989893391068));
#3289 = CARTESIAN_POINT('',(5.803517753237,12.986092402427));
#3290 = CARTESIAN_POINT('',(5.811826797332,12.982343972389));
#3291 = CARTESIAN_POINT('',(5.82012577649,12.97864974552));
#3292 = CARTESIAN_POINT('',(5.828415135482,12.975011332416));
#3293 = CARTESIAN_POINT('',(5.912131461759,12.938805543461));
#3294 = CARTESIAN_POINT('',(5.986937995782,12.910886720394));
#3295 = CARTESIAN_POINT('',(6.061261096264,12.888971784591));
#3296 = CARTESIAN_POINT('',(6.135279908047,12.874018023335));
#3297 = CARTESIAN_POINT('',(6.209183816555,12.866522985836));
#3298 = CARTESIAN_POINT('',(6.28318530718,12.866522985836));
#3299 = ( GEOMETRIC_REPRESENTATION_CONTEXT(2) 
PARAMETRIC_REPRESENTATION_CONTEXT() REPRESENTATION_CONTEXT('2D SPACE',''
  ) );
#3300 = PCURVE('',#2079,#3301);
#3301 = DEFINITIONAL_REPRESENTATION('',(#3302),#3315);
#3302 = B_SPLINE_CURVE_WITH_KNOTS('',6,(#3303,#3304,#3305,#3306,#3307,
    #3308,#3309,#3310,#3311,#3312,#3313,#3314),.UNSPECIFIED.,.F.,.F.,(7,
    5,7),(0.,9.890746244598E-02,1.),.UNSPECIFIED.);
#3303 = CARTESIAN_POINT('',(0.433099302951,-6.E-07));
#3304 = CARTESIAN_POINT('',(0.435185207171,1.538277317056E-02));
#3305 = CARTESIAN_POINT('',(0.437232266249,3.082911604248E-02));
#3306 = CARTESIAN_POINT('',(0.439240376048,4.633697115892E-02));
#3307 = CARTESIAN_POINT('',(0.44120942735,6.19048908843E-02));
#3308 = CARTESIAN_POINT('',(0.443139305859,7.753143740435E-02));
#3309 = CARTESIAN_POINT('',(0.462254004521,0.236101326206));
#3310 = CARTESIAN_POINT('',(0.476247183752,0.383987213115));
#3311 = CARTESIAN_POINT('',(0.486858556747,0.5354913364));
#3312 = CARTESIAN_POINT('',(0.493979474502,0.689398562812));
#3313 = CARTESIAN_POINT('',(0.497548523672,0.844596869689));
#3314 = CARTESIAN_POINT('',(0.497548523672,1.));
#3315 = ( GEOMETRIC_REPRESENTATION_CONTEXT(2) 
PARAMETRIC_REPRESENTATION_CONTEXT() REPRESENTATION_CONTEXT('2D SPACE',''
  ) );
#3316 = ADVANCED_FACE('',(#3317,#3348),#833,.T.);
#3317 = FACE_BOUND('',#3318,.T.);
#3318 = EDGE_LOOP('',(#3319));
#3319 = ORIENTED_EDGE('',*,*,#3320,.T.);
#3320 = EDGE_CURVE('',#3321,#3321,#3323,.T.);
#3321 = VERTEX_POINT('',#3322);
#3322 = CARTESIAN_POINT('',(5.5,-25.,-6.5));
#3323 = SURFACE_CURVE('',#3324,(#3329,#3336),.PCURVE_S1.);
#3324 = CIRCLE('',#3325,5.5);
#3325 = AXIS2_PLACEMENT_3D('',#3326,#3327,#3328);
#3326 = CARTESIAN_POINT('',(-4.592425496803E-15,-25.,-6.5));
#3327 = DIRECTION('',(0.,0.,1.));
#3328 = DIRECTION('',(1.,0.,-0.));
#3329 = PCURVE('',#833,#3330);
#3330 = DEFINITIONAL_REPRESENTATION('',(#3331),#3335);
#3331 = CIRCLE('',#3332,5.5);
#3332 = AXIS2_PLACEMENT_2D('',#3333,#3334);
#3333 = CARTESIAN_POINT('',(0.,0.));
#3334 = DIRECTION('',(1.,0.));
#3335 = ( GEOMETRIC_REPRESENTATION_CONTEXT(2) 
PARAMETRIC_REPRESENTATION_CONTEXT() REPRESENTATION_CONTEXT('2D SPACE',''
  ) );
#3336 = PCURVE('',#3337,#3342);
#3337 = CYLINDRICAL_SURFACE('',#3338,5.5);
#3338 = AXIS2_PLACEMENT_3D('',#3339,#3340,#3341);
#3339 = CARTESIAN_POINT('',(-4.592425496803E-15,-25.,-6.5));
#3340 = DIRECTION('',(0.,0.,1.));
#3341 = DIRECTION('',(1.,0.,-0.));
#3342 = DEFINITIONAL_REPRESENTATION('',(#3343),#3347);
#3343 = LINE('',#3344,#3345);
#3344 = CARTESIAN_POINT('',(0.,0.));
#3345 = VECTOR('',#3346,1.);
#3346 = DIRECTION('',(1.,0.));
#3347 = ( GEOMETRIC_REPRESENTATION_CONTEXT(2) 
PARAMETRIC_REPRESENTATION_CONTEXT() REPRESENTATION_CONTEXT('2D SPACE',''
  ) );
#3348 = FACE_BOUND('',#3349,.T.);
#3349 = EDGE_LOOP('',(#3350));
#3350 = ORIENTED_EDGE('',*,*,#818,.F.);
#3351 = ADVANCED_FACE('',(#3352),#1037,.T.);
#3352 = FACE_BOUND('',#3353,.T.);
#3353 = EDGE_LOOP('',(#3354,#3355,#3356,#3357,#3358));
#3354 = ORIENTED_EDGE('',*,*,#2016,.F.);
#3355 = ORIENTED_EDGE('',*,*,#1020,.F.);
#3356 = ORIENTED_EDGE('',*,*,#1073,.F.);
#3357 = ORIENTED_EDGE('',*,*,#2146,.T.);
#3358 = ORIENTED_EDGE('',*,*,#2119,.T.);
#3359 = ADVANCED_FACE('',(#3360,#3363,#3389,#3420,#3451,#3482,#3513),
  #1007,.T.);
#3360 = FACE_BOUND('',#3361,.T.);
#3361 = EDGE_LOOP('',(#3362));
#3362 = ORIENTED_EDGE('',*,*,#992,.T.);
#3363 = FACE_BOUND('',#3364,.T.);
#3364 = EDGE_LOOP('',(#3365));
#3365 = ORIENTED_EDGE('',*,*,#3366,.F.);
#3366 = EDGE_CURVE('',#3367,#3367,#3369,.T.);
#3367 = VERTEX_POINT('',#3368);
#3368 = CARTESIAN_POINT('',(5.5,-25.,0.));
#3369 = SURFACE_CURVE('',#3370,(#3375,#3382),.PCURVE_S1.);
#3370 = CIRCLE('',#3371,5.5);
#3371 = AXIS2_PLACEMENT_3D('',#3372,#3373,#3374);
#3372 = CARTESIAN_POINT('',(-4.592425496803E-15,-25.,0.));
#3373 = DIRECTION('',(0.,0.,1.));
#3374 = DIRECTION('',(1.,0.,-0.));
#3375 = PCURVE('',#1007,#3376);
#3376 = DEFINITIONAL_REPRESENTATION('',(#3377),#3381);
#3377 = CIRCLE('',#3378,5.5);
#3378 = AXIS2_PLACEMENT_2D('',#3379,#3380);
#3379 = CARTESIAN_POINT('',(-4.592425496803E-15,-25.));
#3380 = DIRECTION('',(1.,0.));
#3381 = ( GEOMETRIC_REPRESENTATION_CONTEXT(2) 
PARAMETRIC_REPRESENTATION_CONTEXT() REPRESENTATION_CONTEXT('2D SPACE',''
  ) );
#3382 = PCURVE('',#3337,#3383);
#3383 = DEFINITIONAL_REPRESENTATION('',(#3384),#3388);
#3384 = LINE('',#3385,#3386);
#3385 = CARTESIAN_POINT('',(0.,6.5));
#3386 = VECTOR('',#3387,1.);
#3387 = DIRECTION('',(1.,0.));
#3388 = ( GEOMETRIC_REPRESENTATION_CONTEXT(2) 
PARAMETRIC_REPRESENTATION_CONTEXT() REPRESENTATION_CONTEXT('2D SPACE',''
  ) );
#3389 = FACE_BOUND('',#3390,.T.);
#3390 = EDGE_LOOP('',(#3391));
#3391 = ORIENTED_EDGE('',*,*,#3392,.F.);
#3392 = EDGE_CURVE('',#3393,#3393,#3395,.T.);
#3393 = VERTEX_POINT('',#3394);
#3394 = CARTESIAN_POINT('',(-19.5,1.714505518806E-15,0.));
#3395 = SURFACE_CURVE('',#3396,(#3401,#3408),.PCURVE_S1.);
#3396 = CIRCLE('',#3397,5.5);
#3397 = AXIS2_PLACEMENT_3D('',#3398,#3399,#3400);
#3398 = CARTESIAN_POINT('',(-25.,3.061616997868E-15,0.));
#3399 = DIRECTION('',(0.,0.,1.));
#3400 = DIRECTION('',(1.,0.,-0.));
#3401 = PCURVE('',#1007,#3402);
#3402 = DEFINITIONAL_REPRESENTATION('',(#3403),#3407);
#3403 = CIRCLE('',#3404,5.5);
#3404 = AXIS2_PLACEMENT_2D('',#3405,#3406);
#3405 = CARTESIAN_POINT('',(-25.,3.061616997868E-15));
#3406 = DIRECTION('',(1.,0.));
#3407 = ( GEOMETRIC_REPRESENTATION_CONTEXT(2) 
PARAMETRIC_REPRESENTATION_CONTEXT() REPRESENTATION_CONTEXT('2D SPACE',''
  ) );
#3408 = PCURVE('',#3409,#3414);
#3409 = CYLINDRICAL_SURFACE('',#3410,5.5);
#3410 = AXIS2_PLACEMENT_3D('',#3411,#3412,#3413);
#3411 = CARTESIAN_POINT('',(-25.,3.061616997868E-15,-6.5));
#3412 = DIRECTION('',(0.,0.,1.));
#3413 = DIRECTION('',(1.,0.,-0.));
#3414 = DEFINITIONAL_REPRESENTATION('',(#3415),#3419);
#3415 = LINE('',#3416,#3417);
#3416 = CARTESIAN_POINT('',(0.,6.5));
#3417 = VECTOR('',#3418,1.);
#3418 = DIRECTION('',(1.,0.));
#3419 = ( GEOMETRIC_REPRESENTATION_CONTEXT(2) 
PARAMETRIC_REPRESENTATION_CONTEXT() REPRESENTATION_CONTEXT('2D SPACE',''
  ) );
#3420 = FACE_BOUND('',#3421,.T.);
#3421 = EDGE_LOOP('',(#3422));
#3422 = ORIENTED_EDGE('',*,*,#3423,.F.);
#3423 = EDGE_CURVE('',#3424,#3424,#3426,.T.);
#3424 = VERTEX_POINT('',#3425);
#3425 = CARTESIAN_POINT('',(15.75,-3.857637417314E-15,0.));
#3426 = SURFACE_CURVE('',#3427,(#3432,#3439),.PCURVE_S1.);
#3427 = CIRCLE('',#3428,15.75);
#3428 = AXIS2_PLACEMENT_3D('',#3429,#3430,#3431);
#3429 = CARTESIAN_POINT('',(0.,0.,0.));
#3430 = DIRECTION('',(0.,0.,1.));
#3431 = DIRECTION('',(1.,0.,-0.));
#3432 = PCURVE('',#1007,#3433);
#3433 = DEFINITIONAL_REPRESENTATION('',(#3434),#3438);
#3434 = CIRCLE('',#3435,15.75);
#3435 = AXIS2_PLACEMENT_2D('',#3436,#3437);
#3436 = CARTESIAN_POINT('',(0.,0.));
#3437 = DIRECTION('',(1.,0.));
#3438 = ( GEOMETRIC_REPRESENTATION_CONTEXT(2) 
PARAMETRIC_REPRESENTATION_CONTEXT() REPRESENTATION_CONTEXT('2D SPACE',''
  ) );
#3439 = PCURVE('',#3440,#3445);
#3440 = CYLINDRICAL_SURFACE('',#3441,15.75);
#3441 = AXIS2_PLACEMENT_3D('',#3442,#3443,#3444);
#3442 = CARTESIAN_POINT('',(0.,0.,0.));
#3443 = DIRECTION('',(0.,0.,1.));
#3444 = DIRECTION('',(1.,0.,-0.));
#3445 = DEFINITIONAL_REPRESENTATION('',(#3446),#3450);
#3446 = LINE('',#3447,#3448);
#3447 = CARTESIAN_POINT('',(0.,0.));
#3448 = VECTOR('',#3449,1.);
#3449 = DIRECTION('',(1.,0.));
#3450 = ( GEOMETRIC_REPRESENTATION_CONTEXT(2) 
PARAMETRIC_REPRESENTATION_CONTEXT() REPRESENTATION_CONTEXT('2D SPACE',''
  ) );
#3451 = FACE_BOUND('',#3452,.T.);
#3452 = EDGE_LOOP('',(#3453));
#3453 = ORIENTED_EDGE('',*,*,#3454,.F.);
#3454 = EDGE_CURVE('',#3455,#3455,#3457,.T.);
#3455 = VERTEX_POINT('',#3456);
#3456 = CARTESIAN_POINT('',(30.5,-1.347111479062E-15,0.));
#3457 = SURFACE_CURVE('',#3458,(#3463,#3470),.PCURVE_S1.);
#3458 = CIRCLE('',#3459,5.5);
#3459 = AXIS2_PLACEMENT_3D('',#3460,#3461,#3462);
#3460 = CARTESIAN_POINT('',(25.,0.,0.));
#3461 = DIRECTION('',(0.,0.,1.));
#3462 = DIRECTION('',(1.,0.,-0.));
#3463 = PCURVE('',#1007,#3464);
#3464 = DEFINITIONAL_REPRESENTATION('',(#3465),#3469);
#3465 = CIRCLE('',#3466,5.5);
#3466 = AXIS2_PLACEMENT_2D('',#3467,#3468);
#3467 = CARTESIAN_POINT('',(25.,0.));
#3468 = DIRECTION('',(1.,0.));
#3469 = ( GEOMETRIC_REPRESENTATION_CONTEXT(2) 
PARAMETRIC_REPRESENTATION_CONTEXT() REPRESENTATION_CONTEXT('2D SPACE',''
  ) );
#3470 = PCURVE('',#3471,#3476);
#3471 = CYLINDRICAL_SURFACE('',#3472,5.5);
#3472 = AXIS2_PLACEMENT_3D('',#3473,#3474,#3475);
#3473 = CARTESIAN_POINT('',(25.,0.,-6.5));
#3474 = DIRECTION('',(0.,0.,1.));
#3475 = DIRECTION('',(1.,0.,-0.));
#3476 = DEFINITIONAL_REPRESENTATION('',(#3477),#3481);
#3477 = LINE('',#3478,#3479);
#3478 = CARTESIAN_POINT('',(0.,6.5));
#3479 = VECTOR('',#3480,1.);
#3480 = DIRECTION('',(1.,0.));
#3481 = ( GEOMETRIC_REPRESENTATION_CONTEXT(2) 
PARAMETRIC_REPRESENTATION_CONTEXT() REPRESENTATION_CONTEXT('2D SPACE',''
  ) );
#3482 = FACE_BOUND('',#3483,.T.);
#3483 = EDGE_LOOP('',(#3484));
#3484 = ORIENTED_EDGE('',*,*,#3485,.F.);
#3485 = EDGE_CURVE('',#3486,#3486,#3488,.T.);
#3486 = VERTEX_POINT('',#3487);
#3487 = CARTESIAN_POINT('',(5.5,25.,0.));
#3488 = SURFACE_CURVE('',#3489,(#3494,#3501),.PCURVE_S1.);
#3489 = CIRCLE('',#3490,5.5);
#3490 = AXIS2_PLACEMENT_3D('',#3491,#3492,#3493);
#3491 = CARTESIAN_POINT('',(1.530808498934E-15,25.,0.));
#3492 = DIRECTION('',(0.,0.,1.));
#3493 = DIRECTION('',(1.,0.,-0.));
#3494 = PCURVE('',#1007,#3495);
#3495 = DEFINITIONAL_REPRESENTATION('',(#3496),#3500);
#3496 = CIRCLE('',#3497,5.5);
#3497 = AXIS2_PLACEMENT_2D('',#3498,#3499);
#3498 = CARTESIAN_POINT('',(1.530808498934E-15,25.));
#3499 = DIRECTION('',(1.,0.));
#3500 = ( GEOMETRIC_REPRESENTATION_CONTEXT(2) 
PARAMETRIC_REPRESENTATION_CONTEXT() REPRESENTATION_CONTEXT('2D SPACE',''
  ) );
#3501 = PCURVE('',#3502,#3507);
#3502 = CYLINDRICAL_SURFACE('',#3503,5.5);
#3503 = AXIS2_PLACEMENT_3D('',#3504,#3505,#3506);
#3504 = CARTESIAN_POINT('',(1.530808498934E-15,25.,-6.5));
#3505 = DIRECTION('',(0.,0.,1.));
#3506 = DIRECTION('',(1.,0.,-0.));
#3507 = DEFINITIONAL_REPRESENTATION('',(#3508),#3512);
#3508 = LINE('',#3509,#3510);
#3509 = CARTESIAN_POINT('',(0.,6.5));
#3510 = VECTOR('',#3511,1.);
#3511 = DIRECTION('',(1.,0.));
#3512 = ( GEOMETRIC_REPRESENTATION_CONTEXT(2) 
PARAMETRIC_REPRESENTATION_CONTEXT() REPRESENTATION_CONTEXT('2D SPACE',''
  ) );
#3513 = FACE_BOUND('',#3514,.T.);
#3514 = EDGE_LOOP('',(#3515));
#3515 = ORIENTED_EDGE('',*,*,#3516,.F.);
#3516 = EDGE_CURVE('',#3517,#3517,#3519,.T.);
#3517 = VERTEX_POINT('',#3518);
#3518 = CARTESIAN_POINT('',(20.677669529664,17.677669529664,0.));
#3519 = SURFACE_CURVE('',#3520,(#3525,#3532),.PCURVE_S1.);
#3520 = CIRCLE('',#3521,3.);
#3521 = AXIS2_PLACEMENT_3D('',#3522,#3523,#3524);
#3522 = CARTESIAN_POINT('',(17.677669529664,17.677669529664,0.));
#3523 = DIRECTION('',(0.,0.,1.));
#3524 = DIRECTION('',(1.,0.,-0.));
#3525 = PCURVE('',#1007,#3526);
#3526 = DEFINITIONAL_REPRESENTATION('',(#3527),#3531);
#3527 = CIRCLE('',#3528,3.);
#3528 = AXIS2_PLACEMENT_2D('',#3529,#3530);
#3529 = CARTESIAN_POINT('',(17.677669529664,17.677669529664));
#3530 = DIRECTION('',(1.,0.));
#3531 = ( GEOMETRIC_REPRESENTATION_CONTEXT(2) 
PARAMETRIC_REPRESENTATION_CONTEXT() REPRESENTATION_CONTEXT('2D SPACE',''
  ) );
#3532 = PCURVE('',#3533,#3538);
#3533 = CYLINDRICAL_SURFACE('',#3534,3.);
#3534 = AXIS2_PLACEMENT_3D('',#3535,#3536,#3537);
#3535 = CARTESIAN_POINT('',(17.677669529664,17.677669529664,-8.));
#3536 = DIRECTION('',(0.,0.,1.));
#3537 = DIRECTION('',(1.,0.,-0.));
#3538 = DEFINITIONAL_REPRESENTATION('',(#3539),#3543);
#3539 = LINE('',#3540,#3541);
#3540 = CARTESIAN_POINT('',(0.,8.));
#3541 = VECTOR('',#3542,1.);
#3542 = DIRECTION('',(1.,0.));
#3543 = ( GEOMETRIC_REPRESENTATION_CONTEXT(2) 
PARAMETRIC_REPRESENTATION_CONTEXT() REPRESENTATION_CONTEXT('2D SPACE',''
  ) );
#3544 = ADVANCED_FACE('',(#3545,#3571),#1138,.T.);
#3545 = FACE_BOUND('',#3546,.T.);
#3546 = EDGE_LOOP('',(#3547));
#3547 = ORIENTED_EDGE('',*,*,#3548,.T.);
#3548 = EDGE_CURVE('',#3549,#3549,#3551,.T.);
#3549 = VERTEX_POINT('',#3550);
#3550 = CARTESIAN_POINT('',(5.5,25.,-6.5));
#3551 = SURFACE_CURVE('',#3552,(#3557,#3564),.PCURVE_S1.);
#3552 = CIRCLE('',#3553,5.5);
#3553 = AXIS2_PLACEMENT_3D('',#3554,#3555,#3556);
#3554 = CARTESIAN_POINT('',(1.530808498934E-15,25.,-6.5));
#3555 = DIRECTION('',(0.,0.,1.));
#3556 = DIRECTION('',(1.,0.,-0.));
#3557 = PCURVE('',#1138,#3558);
#3558 = DEFINITIONAL_REPRESENTATION('',(#3559),#3563);
#3559 = CIRCLE('',#3560,5.5);
#3560 = AXIS2_PLACEMENT_2D('',#3561,#3562);
#3561 = CARTESIAN_POINT('',(0.,0.));
#3562 = DIRECTION('',(1.,0.));
#3563 = ( GEOMETRIC_REPRESENTATION_CONTEXT(2) 
PARAMETRIC_REPRESENTATION_CONTEXT() REPRESENTATION_CONTEXT('2D SPACE',''
  ) );
#3564 = PCURVE('',#3502,#3565);
#3565 = DEFINITIONAL_REPRESENTATION('',(#3566),#3570);
#3566 = LINE('',#3567,#3568);
#3567 = CARTESIAN_POINT('',(0.,0.));
#3568 = VECTOR('',#3569,1.);
#3569 = DIRECTION('',(1.,0.));
#3570 = ( GEOMETRIC_REPRESENTATION_CONTEXT(2) 
PARAMETRIC_REPRESENTATION_CONTEXT() REPRESENTATION_CONTEXT('2D SPACE',''
  ) );
#3571 = FACE_BOUND('',#3572,.T.);
#3572 = EDGE_LOOP('',(#3573));
#3573 = ORIENTED_EDGE('',*,*,#1123,.F.);
#3574 = ADVANCED_FACE('',(#3575),#1789,.T.);
#3575 = FACE_BOUND('',#3576,.T.);
#3576 = EDGE_LOOP('',(#3577,#3578));
#3577 = ORIENTED_EDGE('',*,*,#1772,.T.);
#3578 = ORIENTED_EDGE('',*,*,#2389,.F.);
#3579 = ADVANCED_FACE('',(#3580),#1450,.T.);
#3580 = FACE_BOUND('',#3581,.T.);
#3581 = EDGE_LOOP('',(#3582,#3583));
#3582 = ORIENTED_EDGE('',*,*,#2433,.T.);
#3583 = ORIENTED_EDGE('',*,*,#1433,.T.);
#3584 = ADVANCED_FACE('',(#3585),#1997,.T.);
#3585 = FACE_BOUND('',#3586,.F.);
#3586 = EDGE_LOOP('',(#3587));
#3587 = ORIENTED_EDGE('',*,*,#1982,.F.);
#3588 = ADVANCED_FACE('',(#3589),#2079,.F.);
#3589 = FACE_BOUND('',#3590,.F.);
#3590 = EDGE_LOOP('',(#3591,#3592,#3613,#3614,#3615,#3637,#3638,#3639,
    #3661,#3662));
#3591 = ORIENTED_EDGE('',*,*,#2062,.F.);
#3592 = ORIENTED_EDGE('',*,*,#3593,.F.);
#3593 = EDGE_CURVE('',#2620,#2063,#3594,.T.);
#3594 = SEAM_CURVE('',#3595,(#3599,#3606),.PCURVE_S1.);
#3595 = LINE('',#3596,#3597);
#3596 = CARTESIAN_POINT('',(26.,6.,-14.6));
#3597 = VECTOR('',#3598,1.);
#3598 = DIRECTION('',(0.,1.,0.));
#3599 = PCURVE('',#2079,#3600);
#3600 = DEFINITIONAL_REPRESENTATION('',(#3601),#3605);
#3601 = LINE('',#3602,#3603);
#3602 = CARTESIAN_POINT('',(6.28318530718,-0.));
#3603 = VECTOR('',#3604,1.);
#3604 = DIRECTION('',(0.,1.));
#3605 = ( GEOMETRIC_REPRESENTATION_CONTEXT(2) 
PARAMETRIC_REPRESENTATION_CONTEXT() REPRESENTATION_CONTEXT('2D SPACE',''
  ) );
#3606 = PCURVE('',#2079,#3607);
#3607 = DEFINITIONAL_REPRESENTATION('',(#3608),#3612);
#3608 = LINE('',#3609,#3610);
#3609 = CARTESIAN_POINT('',(0.,-0.));
#3610 = VECTOR('',#3611,1.);
#3611 = DIRECTION('',(0.,1.));
#3612 = ( GEOMETRIC_REPRESENTATION_CONTEXT(2) 
PARAMETRIC_REPRESENTATION_CONTEXT() REPRESENTATION_CONTEXT('2D SPACE',''
  ) );
#3613 = ORIENTED_EDGE('',*,*,#2619,.F.);
#3614 = ORIENTED_EDGE('',*,*,#3269,.F.);
#3615 = ORIENTED_EDGE('',*,*,#3616,.T.);
#3616 = EDGE_CURVE('',#3244,#3194,#3617,.T.);
#3617 = SURFACE_CURVE('',#3618,(#3623,#3630),.PCURVE_S1.);
#3618 = CIRCLE('',#3619,4.4);
#3619 = AXIS2_PLACEMENT_3D('',#3620,#3621,#3622);
#3620 = CARTESIAN_POINT('',(26.,6.,-19.));
#3621 = DIRECTION('',(0.,1.,0.));
#3622 = DIRECTION('',(0.,-0.,1.));
#3623 = PCURVE('',#2079,#3624);
#3624 = DEFINITIONAL_REPRESENTATION('',(#3625),#3629);
#3625 = LINE('',#3626,#3627);
#3626 = CARTESIAN_POINT('',(0.,0.));
#3627 = VECTOR('',#3628,1.);
#3628 = DIRECTION('',(1.,0.));
#3629 = ( GEOMETRIC_REPRESENTATION_CONTEXT(2) 
PARAMETRIC_REPRESENTATION_CONTEXT() REPRESENTATION_CONTEXT('2D SPACE',''
  ) );
#3630 = PCURVE('',#3258,#3631);
#3631 = DEFINITIONAL_REPRESENTATION('',(#3632),#3636);
#3632 = CIRCLE('',#3633,4.4);
#3633 = AXIS2_PLACEMENT_2D('',#3634,#3635);
#3634 = CARTESIAN_POINT('',(0.,0.));
#3635 = DIRECTION('',(1.,0.));
#3636 = ( GEOMETRIC_REPRESENTATION_CONTEXT(2) 
PARAMETRIC_REPRESENTATION_CONTEXT() REPRESENTATION_CONTEXT('2D SPACE',''
  ) );
#3637 = ORIENTED_EDGE('',*,*,#3193,.T.);
#3638 = ORIENTED_EDGE('',*,*,#2910,.T.);
#3639 = ORIENTED_EDGE('',*,*,#3640,.T.);
#3640 = EDGE_CURVE('',#2885,#2730,#3641,.T.);
#3641 = SURFACE_CURVE('',#3642,(#3647,#3654),.PCURVE_S1.);
#3642 = CIRCLE('',#3643,4.4);
#3643 = AXIS2_PLACEMENT_3D('',#3644,#3645,#3646);
#3644 = CARTESIAN_POINT('',(26.,6.,-19.));
#3645 = DIRECTION('',(0.,1.,0.));
#3646 = DIRECTION('',(0.,-0.,1.));
#3647 = PCURVE('',#2079,#3648);
#3648 = DEFINITIONAL_REPRESENTATION('',(#3649),#3653);
#3649 = LINE('',#3650,#3651);
#3650 = CARTESIAN_POINT('',(0.,0.));
#3651 = VECTOR('',#3652,1.);
#3652 = DIRECTION('',(1.,0.));
#3653 = ( GEOMETRIC_REPRESENTATION_CONTEXT(2) 
PARAMETRIC_REPRESENTATION_CONTEXT() REPRESENTATION_CONTEXT('2D SPACE',''
  ) );
#3654 = PCURVE('',#2899,#3655);
#3655 = DEFINITIONAL_REPRESENTATION('',(#3656),#3660);
#3656 = CIRCLE('',#3657,4.4);
#3657 = AXIS2_PLACEMENT_2D('',#3658,#3659);
#3658 = CARTESIAN_POINT('',(0.,0.));
#3659 = DIRECTION('',(1.,0.));
#3660 = ( GEOMETRIC_REPRESENTATION_CONTEXT(2) 
PARAMETRIC_REPRESENTATION_CONTEXT() REPRESENTATION_CONTEXT('2D SPACE',''
  ) );
#3661 = ORIENTED_EDGE('',*,*,#2729,.F.);
#3662 = ORIENTED_EDGE('',*,*,#3593,.T.);
#3663 = ADVANCED_FACE('',(#3664),#2188,.F.);
#3664 = FACE_BOUND('',#3665,.F.);
#3665 = EDGE_LOOP('',(#3666));
#3666 = ORIENTED_EDGE('',*,*,#2171,.T.);
#3667 = ADVANCED_FACE('',(#3668),#2243,.F.);
#3668 = FACE_BOUND('',#3669,.F.);
#3669 = EDGE_LOOP('',(#3670));
#3670 = ORIENTED_EDGE('',*,*,#2226,.T.);
#3671 = ADVANCED_FACE('',(#3672,#3698),#2298,.T.);
#3672 = FACE_BOUND('',#3673,.T.);
#3673 = EDGE_LOOP('',(#3674));
#3674 = ORIENTED_EDGE('',*,*,#3675,.T.);
#3675 = EDGE_CURVE('',#3676,#3676,#3678,.T.);
#3676 = VERTEX_POINT('',#3677);
#3677 = CARTESIAN_POINT('',(-19.5,1.714505518806E-15,-6.5));
#3678 = SURFACE_CURVE('',#3679,(#3684,#3691),.PCURVE_S1.);
#3679 = CIRCLE('',#3680,5.5);
#3680 = AXIS2_PLACEMENT_3D('',#3681,#3682,#3683);
#3681 = CARTESIAN_POINT('',(-25.,3.061616997868E-15,-6.5));
#3682 = DIRECTION('',(0.,0.,1.));
#3683 = DIRECTION('',(1.,0.,-0.));
#3684 = PCURVE('',#2298,#3685);
#3685 = DEFINITIONAL_REPRESENTATION('',(#3686),#3690);
#3686 = CIRCLE('',#3687,5.5);
#3687 = AXIS2_PLACEMENT_2D('',#3688,#3689);
#3688 = CARTESIAN_POINT('',(0.,0.));
#3689 = DIRECTION('',(1.,0.));
#3690 = ( GEOMETRIC_REPRESENTATION_CONTEXT(2) 
PARAMETRIC_REPRESENTATION_CONTEXT() REPRESENTATION_CONTEXT('2D SPACE',''
  ) );
#3691 = PCURVE('',#3409,#3692);
#3692 = DEFINITIONAL_REPRESENTATION('',(#3693),#3697);
#3693 = LINE('',#3694,#3695);
#3694 = CARTESIAN_POINT('',(0.,0.));
#3695 = VECTOR('',#3696,1.);
#3696 = DIRECTION('',(1.,0.));
#3697 = ( GEOMETRIC_REPRESENTATION_CONTEXT(2) 
PARAMETRIC_REPRESENTATION_CONTEXT() REPRESENTATION_CONTEXT('2D SPACE',''
  ) );
#3698 = FACE_BOUND('',#3699,.T.);
#3699 = EDGE_LOOP('',(#3700));
#3700 = ORIENTED_EDGE('',*,*,#2281,.F.);
#3701 = ADVANCED_FACE('',(#3702),#2374,.F.);
#3702 = FACE_BOUND('',#3703,.F.);
#3703 = EDGE_LOOP('',(#3704));
#3704 = ORIENTED_EDGE('',*,*,#2359,.T.);
#3705 = ADVANCED_FACE('',(#3706,#3732),#2473,.T.);
#3706 = FACE_BOUND('',#3707,.T.);
#3707 = EDGE_LOOP('',(#3708));
#3708 = ORIENTED_EDGE('',*,*,#3709,.T.);
#3709 = EDGE_CURVE('',#3710,#3710,#3712,.T.);
#3710 = VERTEX_POINT('',#3711);
#3711 = CARTESIAN_POINT('',(15.75,-3.857637417314E-15,3.));
#3712 = SURFACE_CURVE('',#3713,(#3718,#3725),.PCURVE_S1.);
#3713 = CIRCLE('',#3714,15.75);
#3714 = AXIS2_PLACEMENT_3D('',#3715,#3716,#3717);
#3715 = CARTESIAN_POINT('',(0.,0.,3.));
#3716 = DIRECTION('',(0.,0.,1.));
#3717 = DIRECTION('',(1.,0.,-0.));
#3718 = PCURVE('',#2473,#3719);
#3719 = DEFINITIONAL_REPRESENTATION('',(#3720),#3724);
#3720 = CIRCLE('',#3721,15.75);
#3721 = AXIS2_PLACEMENT_2D('',#3722,#3723);
#3722 = CARTESIAN_POINT('',(0.,0.));
#3723 = DIRECTION('',(1.,0.));
#3724 = ( GEOMETRIC_REPRESENTATION_CONTEXT(2) 
PARAMETRIC_REPRESENTATION_CONTEXT() REPRESENTATION_CONTEXT('2D SPACE',''
  ) );
#3725 = PCURVE('',#3440,#3726);
#3726 = DEFINITIONAL_REPRESENTATION('',(#3727),#3731);
#3727 = LINE('',#3728,#3729);
#3728 = CARTESIAN_POINT('',(0.,3.));
#3729 = VECTOR('',#3730,1.);
#3730 = DIRECTION('',(1.,0.));
#3731 = ( GEOMETRIC_REPRESENTATION_CONTEXT(2) 
PARAMETRIC_REPRESENTATION_CONTEXT() REPRESENTATION_CONTEXT('2D SPACE',''
  ) );
#3732 = FACE_BOUND('',#3733,.T.);
#3733 = EDGE_LOOP('',(#3734));
#3734 = ORIENTED_EDGE('',*,*,#2456,.F.);
#3735 = ADVANCED_FACE('',(#3736,#3762),#2528,.T.);
#3736 = FACE_BOUND('',#3737,.T.);
#3737 = EDGE_LOOP('',(#3738));
#3738 = ORIENTED_EDGE('',*,*,#3739,.T.);
#3739 = EDGE_CURVE('',#3740,#3740,#3742,.T.);
#3740 = VERTEX_POINT('',#3741);
#3741 = CARTESIAN_POINT('',(30.5,-1.347111479062E-15,-6.5));
#3742 = SURFACE_CURVE('',#3743,(#3748,#3755),.PCURVE_S1.);
#3743 = CIRCLE('',#3744,5.5);
#3744 = AXIS2_PLACEMENT_3D('',#3745,#3746,#3747);
#3745 = CARTESIAN_POINT('',(25.,0.,-6.5));
#3746 = DIRECTION('',(0.,0.,1.));
#3747 = DIRECTION('',(1.,0.,-0.));
#3748 = PCURVE('',#2528,#3749);
#3749 = DEFINITIONAL_REPRESENTATION('',(#3750),#3754);
#3750 = CIRCLE('',#3751,5.5);
#3751 = AXIS2_PLACEMENT_2D('',#3752,#3753);
#3752 = CARTESIAN_POINT('',(0.,0.));
#3753 = DIRECTION('',(1.,0.));
#3754 = ( GEOMETRIC_REPRESENTATION_CONTEXT(2) 
PARAMETRIC_REPRESENTATION_CONTEXT() REPRESENTATION_CONTEXT('2D SPACE',''
  ) );
#3755 = PCURVE('',#3471,#3756);
#3756 = DEFINITIONAL_REPRESENTATION('',(#3757),#3761);
#3757 = LINE('',#3758,#3759);
#3758 = CARTESIAN_POINT('',(0.,0.));
#3759 = VECTOR('',#3760,1.);
#3760 = DIRECTION('',(1.,0.));
#3761 = ( GEOMETRIC_REPRESENTATION_CONTEXT(2) 
PARAMETRIC_REPRESENTATION_CONTEXT() REPRESENTATION_CONTEXT('2D SPACE',''
  ) );
#3762 = FACE_BOUND('',#3763,.T.);
#3763 = EDGE_LOOP('',(#3764));
#3764 = ORIENTED_EDGE('',*,*,#2511,.F.);
#3765 = ADVANCED_FACE('',(#3766),#3258,.T.);
#3766 = FACE_BOUND('',#3767,.T.);
#3767 = EDGE_LOOP('',(#3768,#3769));
#3768 = ORIENTED_EDGE('',*,*,#3243,.T.);
#3769 = ORIENTED_EDGE('',*,*,#3616,.T.);
#3770 = ADVANCED_FACE('',(#3771),#2899,.T.);
#3771 = FACE_BOUND('',#3772,.T.);
#3772 = EDGE_LOOP('',(#3773,#3774));
#3773 = ORIENTED_EDGE('',*,*,#3640,.T.);
#3774 = ORIENTED_EDGE('',*,*,#2884,.F.);
#3775 = ADVANCED_FACE('',(#3776),#2606,.F.);
#3776 = FACE_BOUND('',#3777,.F.);
#3777 = EDGE_LOOP('',(#3778));
#3778 = ORIENTED_EDGE('',*,*,#2591,.T.);
#3779 = ADVANCED_FACE('',(#3780),#3337,.F.);
#3780 = FACE_BOUND('',#3781,.F.);
#3781 = EDGE_LOOP('',(#3782,#3783,#3804,#3805));
#3782 = ORIENTED_EDGE('',*,*,#3366,.F.);
#3783 = ORIENTED_EDGE('',*,*,#3784,.F.);
#3784 = EDGE_CURVE('',#3321,#3367,#3785,.T.);
#3785 = SEAM_CURVE('',#3786,(#3790,#3797),.PCURVE_S1.);
#3786 = LINE('',#3787,#3788);
#3787 = CARTESIAN_POINT('',(5.5,-25.,-6.5));
#3788 = VECTOR('',#3789,1.);
#3789 = DIRECTION('',(0.,0.,1.));
#3790 = PCURVE('',#3337,#3791);
#3791 = DEFINITIONAL_REPRESENTATION('',(#3792),#3796);
#3792 = LINE('',#3793,#3794);
#3793 = CARTESIAN_POINT('',(6.28318530718,-0.));
#3794 = VECTOR('',#3795,1.);
#3795 = DIRECTION('',(0.,1.));
#3796 = ( GEOMETRIC_REPRESENTATION_CONTEXT(2) 
PARAMETRIC_REPRESENTATION_CONTEXT() REPRESENTATION_CONTEXT('2D SPACE',''
  ) );
#3797 = PCURVE('',#3337,#3798);
#3798 = DEFINITIONAL_REPRESENTATION('',(#3799),#3803);
#3799 = LINE('',#3800,#3801);
#3800 = CARTESIAN_POINT('',(0.,-0.));
#3801 = VECTOR('',#3802,1.);
#3802 = DIRECTION('',(0.,1.));
#3803 = ( GEOMETRIC_REPRESENTATION_CONTEXT(2) 
PARAMETRIC_REPRESENTATION_CONTEXT() REPRESENTATION_CONTEXT('2D SPACE',''
  ) );
#3804 = ORIENTED_EDGE('',*,*,#3320,.T.);
#3805 = ORIENTED_EDGE('',*,*,#3784,.T.);
#3806 = ADVANCED_FACE('',(#3807),#3409,.F.);
#3807 = FACE_BOUND('',#3808,.F.);
#3808 = EDGE_LOOP('',(#3809,#3810,#3831,#3832));
#3809 = ORIENTED_EDGE('',*,*,#3392,.F.);
#3810 = ORIENTED_EDGE('',*,*,#3811,.F.);
#3811 = EDGE_CURVE('',#3676,#3393,#3812,.T.);
#3812 = SEAM_CURVE('',#3813,(#3817,#3824),.PCURVE_S1.);
#3813 = LINE('',#3814,#3815);
#3814 = CARTESIAN_POINT('',(-19.5,1.714505518806E-15,-6.5));
#3815 = VECTOR('',#3816,1.);
#3816 = DIRECTION('',(0.,0.,1.));
#3817 = PCURVE('',#3409,#3818);
#3818 = DEFINITIONAL_REPRESENTATION('',(#3819),#3823);
#3819 = LINE('',#3820,#3821);
#3820 = CARTESIAN_POINT('',(6.28318530718,-0.));
#3821 = VECTOR('',#3822,1.);
#3822 = DIRECTION('',(0.,1.));
#3823 = ( GEOMETRIC_REPRESENTATION_CONTEXT(2) 
PARAMETRIC_REPRESENTATION_CONTEXT() REPRESENTATION_CONTEXT('2D SPACE',''
  ) );
#3824 = PCURVE('',#3409,#3825);
#3825 = DEFINITIONAL_REPRESENTATION('',(#3826),#3830);
#3826 = LINE('',#3827,#3828);
#3827 = CARTESIAN_POINT('',(0.,-0.));
#3828 = VECTOR('',#3829,1.);
#3829 = DIRECTION('',(0.,1.));
#3830 = ( GEOMETRIC_REPRESENTATION_CONTEXT(2) 
PARAMETRIC_REPRESENTATION_CONTEXT() REPRESENTATION_CONTEXT('2D SPACE',''
  ) );
#3831 = ORIENTED_EDGE('',*,*,#3675,.T.);
#3832 = ORIENTED_EDGE('',*,*,#3811,.T.);
#3833 = ADVANCED_FACE('',(#3834),#3440,.T.);
#3834 = FACE_BOUND('',#3835,.T.);
#3835 = EDGE_LOOP('',(#3836,#3837,#3858,#3859));
#3836 = ORIENTED_EDGE('',*,*,#3709,.F.);
#3837 = ORIENTED_EDGE('',*,*,#3838,.F.);
#3838 = EDGE_CURVE('',#3424,#3710,#3839,.T.);
#3839 = SEAM_CURVE('',#3840,(#3844,#3851),.PCURVE_S1.);
#3840 = LINE('',#3841,#3842);
#3841 = CARTESIAN_POINT('',(15.75,-3.857637417314E-15,0.));
#3842 = VECTOR('',#3843,1.);
#3843 = DIRECTION('',(0.,0.,1.));
#3844 = PCURVE('',#3440,#3845);
#3845 = DEFINITIONAL_REPRESENTATION('',(#3846),#3850);
#3846 = LINE('',#3847,#3848);
#3847 = CARTESIAN_POINT('',(6.28318530718,-0.));
#3848 = VECTOR('',#3849,1.);
#3849 = DIRECTION('',(0.,1.));
#3850 = ( GEOMETRIC_REPRESENTATION_CONTEXT(2) 
PARAMETRIC_REPRESENTATION_CONTEXT() REPRESENTATION_CONTEXT('2D SPACE',''
  ) );
#3851 = PCURVE('',#3440,#3852);
#3852 = DEFINITIONAL_REPRESENTATION('',(#3853),#3857);
#3853 = LINE('',#3854,#3855);
#3854 = CARTESIAN_POINT('',(0.,-0.));
#3855 = VECTOR('',#3856,1.);
#3856 = DIRECTION('',(0.,1.));
#3857 = ( GEOMETRIC_REPRESENTATION_CONTEXT(2) 
PARAMETRIC_REPRESENTATION_CONTEXT() REPRESENTATION_CONTEXT('2D SPACE',''
  ) );
#3858 = ORIENTED_EDGE('',*,*,#3423,.T.);
#3859 = ORIENTED_EDGE('',*,*,#3838,.T.);
#3860 = ADVANCED_FACE('',(#3861),#3471,.F.);
#3861 = FACE_BOUND('',#3862,.F.);
#3862 = EDGE_LOOP('',(#3863,#3864,#3885,#3886));
#3863 = ORIENTED_EDGE('',*,*,#3454,.F.);
#3864 = ORIENTED_EDGE('',*,*,#3865,.F.);
#3865 = EDGE_CURVE('',#3740,#3455,#3866,.T.);
#3866 = SEAM_CURVE('',#3867,(#3871,#3878),.PCURVE_S1.);
#3867 = LINE('',#3868,#3869);
#3868 = CARTESIAN_POINT('',(30.5,-1.347111479062E-15,-6.5));
#3869 = VECTOR('',#3870,1.);
#3870 = DIRECTION('',(0.,0.,1.));
#3871 = PCURVE('',#3471,#3872);
#3872 = DEFINITIONAL_REPRESENTATION('',(#3873),#3877);
#3873 = LINE('',#3874,#3875);
#3874 = CARTESIAN_POINT('',(6.28318530718,-0.));
#3875 = VECTOR('',#3876,1.);
#3876 = DIRECTION('',(0.,1.));
#3877 = ( GEOMETRIC_REPRESENTATION_CONTEXT(2) 
PARAMETRIC_REPRESENTATION_CONTEXT() REPRESENTATION_CONTEXT('2D SPACE',''
  ) );
#3878 = PCURVE('',#3471,#3879);
#3879 = DEFINITIONAL_REPRESENTATION('',(#3880),#3884);
#3880 = LINE('',#3881,#3882);
#3881 = CARTESIAN_POINT('',(0.,-0.));
#3882 = VECTOR('',#3883,1.);
#3883 = DIRECTION('',(0.,1.));
#3884 = ( GEOMETRIC_REPRESENTATION_CONTEXT(2) 
PARAMETRIC_REPRESENTATION_CONTEXT() REPRESENTATION_CONTEXT('2D SPACE',''
  ) );
#3885 = ORIENTED_EDGE('',*,*,#3739,.T.);
#3886 = ORIENTED_EDGE('',*,*,#3865,.T.);
#3887 = ADVANCED_FACE('',(#3888),#3502,.F.);
#3888 = FACE_BOUND('',#3889,.F.);
#3889 = EDGE_LOOP('',(#3890,#3891,#3912,#3913));
#3890 = ORIENTED_EDGE('',*,*,#3485,.F.);
#3891 = ORIENTED_EDGE('',*,*,#3892,.F.);
#3892 = EDGE_CURVE('',#3549,#3486,#3893,.T.);
#3893 = SEAM_CURVE('',#3894,(#3898,#3905),.PCURVE_S1.);
#3894 = LINE('',#3895,#3896);
#3895 = CARTESIAN_POINT('',(5.5,25.,-6.5));
#3896 = VECTOR('',#3897,1.);
#3897 = DIRECTION('',(0.,0.,1.));
#3898 = PCURVE('',#3502,#3899);
#3899 = DEFINITIONAL_REPRESENTATION('',(#3900),#3904);
#3900 = LINE('',#3901,#3902);
#3901 = CARTESIAN_POINT('',(6.28318530718,-0.));
#3902 = VECTOR('',#3903,1.);
#3903 = DIRECTION('',(0.,1.));
#3904 = ( GEOMETRIC_REPRESENTATION_CONTEXT(2) 
PARAMETRIC_REPRESENTATION_CONTEXT() REPRESENTATION_CONTEXT('2D SPACE',''
  ) );
#3905 = PCURVE('',#3502,#3906);
#3906 = DEFINITIONAL_REPRESENTATION('',(#3907),#3911);
#3907 = LINE('',#3908,#3909);
#3908 = CARTESIAN_POINT('',(0.,-0.));
#3909 = VECTOR('',#3910,1.);
#3910 = DIRECTION('',(0.,1.));
#3911 = ( GEOMETRIC_REPRESENTATION_CONTEXT(2) 
PARAMETRIC_REPRESENTATION_CONTEXT() REPRESENTATION_CONTEXT('2D SPACE',''
  ) );
#3912 = ORIENTED_EDGE('',*,*,#3548,.T.);
#3913 = ORIENTED_EDGE('',*,*,#3892,.T.);
#3914 = ADVANCED_FACE('',(#3915),#3533,.F.);
#3915 = FACE_BOUND('',#3916,.F.);
#3916 = EDGE_LOOP('',(#3917,#3918,#3941,#3968));
#3917 = ORIENTED_EDGE('',*,*,#3516,.F.);
#3918 = ORIENTED_EDGE('',*,*,#3919,.F.);
#3919 = EDGE_CURVE('',#3920,#3517,#3922,.T.);
#3920 = VERTEX_POINT('',#3921);
#3921 = CARTESIAN_POINT('',(20.677669529664,17.677669529664,-8.));
#3922 = SEAM_CURVE('',#3923,(#3927,#3934),.PCURVE_S1.);
#3923 = LINE('',#3924,#3925);
#3924 = CARTESIAN_POINT('',(20.677669529664,17.677669529664,-8.));
#3925 = VECTOR('',#3926,1.);
#3926 = DIRECTION('',(0.,0.,1.));
#3927 = PCURVE('',#3533,#3928);
#3928 = DEFINITIONAL_REPRESENTATION('',(#3929),#3933);
#3929 = LINE('',#3930,#3931);
#3930 = CARTESIAN_POINT('',(6.28318530718,-0.));
#3931 = VECTOR('',#3932,1.);
#3932 = DIRECTION('',(0.,1.));
#3933 = ( GEOMETRIC_REPRESENTATION_CONTEXT(2) 
PARAMETRIC_REPRESENTATION_CONTEXT() REPRESENTATION_CONTEXT('2D SPACE',''
  ) );
#3934 = PCURVE('',#3533,#3935);
#3935 = DEFINITIONAL_REPRESENTATION('',(#3936),#3940);
#3936 = LINE('',#3937,#3938);
#3937 = CARTESIAN_POINT('',(0.,-0.));
#3938 = VECTOR('',#3939,1.);
#3939 = DIRECTION('',(0.,1.));
#3940 = ( GEOMETRIC_REPRESENTATION_CONTEXT(2) 
PARAMETRIC_REPRESENTATION_CONTEXT() REPRESENTATION_CONTEXT('2D SPACE',''
  ) );
#3941 = ORIENTED_EDGE('',*,*,#3942,.T.);
#3942 = EDGE_CURVE('',#3920,#3920,#3943,.T.);
#3943 = SURFACE_CURVE('',#3944,(#3949,#3956),.PCURVE_S1.);
#3944 = CIRCLE('',#3945,3.);
#3945 = AXIS2_PLACEMENT_3D('',#3946,#3947,#3948);
#3946 = CARTESIAN_POINT('',(17.677669529664,17.677669529664,-8.));
#3947 = DIRECTION('',(0.,0.,1.));
#3948 = DIRECTION('',(1.,0.,-0.));
#3949 = PCURVE('',#3533,#3950);
#3950 = DEFINITIONAL_REPRESENTATION('',(#3951),#3955);
#3951 = LINE('',#3952,#3953);
#3952 = CARTESIAN_POINT('',(0.,0.));
#3953 = VECTOR('',#3954,1.);
#3954 = DIRECTION('',(1.,0.));
#3955 = ( GEOMETRIC_REPRESENTATION_CONTEXT(2) 
PARAMETRIC_REPRESENTATION_CONTEXT() REPRESENTATION_CONTEXT('2D SPACE',''
  ) );
#3956 = PCURVE('',#3957,#3962);
#3957 = PLANE('',#3958);
#3958 = AXIS2_PLACEMENT_3D('',#3959,#3960,#3961);
#3959 = CARTESIAN_POINT('',(17.677669529664,17.677669529664,-8.));
#3960 = DIRECTION('',(0.,0.,1.));
#3961 = DIRECTION('',(1.,0.,-0.));
#3962 = DEFINITIONAL_REPRESENTATION('',(#3963),#3967);
#3963 = CIRCLE('',#3964,3.);
#3964 = AXIS2_PLACEMENT_2D('',#3965,#3966);
#3965 = CARTESIAN_POINT('',(0.,0.));
#3966 = DIRECTION('',(1.,0.));
#3967 = ( GEOMETRIC_REPRESENTATION_CONTEXT(2) 
PARAMETRIC_REPRESENTATION_CONTEXT() REPRESENTATION_CONTEXT('2D SPACE',''
  ) );
#3968 = ORIENTED_EDGE('',*,*,#3919,.T.);
#3969 = ADVANCED_FACE('',(#3970),#3957,.T.);
#3970 = FACE_BOUND('',#3971,.F.);
#3971 = EDGE_LOOP('',(#3972));
#3972 = ORIENTED_EDGE('',*,*,#3942,.F.);
#3973 = ( GEOMETRIC_REPRESENTATION_CONTEXT(3) 
GLOBAL_UNCERTAINTY_ASSIGNED_CONTEXT((#3977)) 
GLOBAL_UNIT_ASSIGNED_CONTEXT((#3974,#3975,#3976)) REPRESENTATION_CONTEXT
('Context #1','3D Context with UNIT and UNCERTAINTY') );
#3974 = ( LENGTH_UNIT() NAMED_UNIT(*) SI_UNIT(.MILLI.,.METRE.) );
#3975 = ( NAMED_UNIT(*) PLANE_ANGLE_UNIT() SI_UNIT($,.RADIAN.) );
#3976 = ( NAMED_UNIT(*) SI_UNIT($,.STERADIAN.) SOLID_ANGLE_UNIT() );
#3977 = UNCERTAINTY_MEASURE_WITH_UNIT(LENGTH_MEASURE(1.E-07),#3974,
  'distance_accuracy_value','confusion accuracy');
#3978 = PRODUCT_RELATED_PRODUCT_CATEGORY('part',$,(#7));
ENDSEC;
END-ISO-10303-21;
